:020000040800F2
:1000000028A7002099030008B9800008E57B0008B4
:10001000B580000845170008959D0008B103000849
:10002000000000000000000000000000CD88000873
:100030004917000800000000BD8000088D8A0008F4
:10004000BB030008BB030008BB030008BB03000898
:10005000BB030008BB030008BB030008BB03000888
:10006000BB030008BB030008BB030008BB03000878
:10007000BB030008BB030008BB030008BB03000868
:10008000BB030008BB030008BB030008BB03000858
:10009000BB030008BB030008BB030008BB03000848
:1000A000BB030008BB030008BB030008BB03000838
:1000B00055170008BB030008BB030008BB0300087A
:1000C000BB030008BB030008BB030008BB03000818
:1000D00000000000BB030008BB030008BB030008CE
:1000E000BB030008BB030008BB030008BB030008F8
:1000F000BB030008BB030008BB030008BB030008E8
:10010000BB030008318C00083D8C0008BB030008CD
:10011000BB030008BB030008BB0300087D87000881
:10012000BB030008BB030008BB030008899D00084F
:10013000BB030008BB030008BB030008BB030008A7
:10014000BB030008BB030008BB030008BB03000897
:10015000BB030008BB030008BB030008BB03000887
:10016000BB030008BB030008BB030008BB03000877
:10017000BB030008BB030008BB030008BB03000867
:10018000BB030008BB030008BB030008BB03000857
:10019000BB030008BB030008BB030008BB03000847
:1001A000BB030008BB0300086D170008BB03000871
:1001B000BB030008BB030008BB030008BB03000827
:1001C000BB030008BB030008BB030008BB03000817
:1001D000BB030008BB03000800000000BB030008CD
:1001E000BB030008BB030008000000000000000083
:1001F000BB0300080000000000000000BB03000873
:10020000BB030008BB030008BB030008000000009C
:1002100000000000BB03000800000000BB03000852
:10022000BB030008BB030008BB030008BB030008B6
:10023000BB030008BB030008BB030008BB030008A6
:10024000BB030008BB030008BB03000800F002F872
:1002500000F092F80AA090E8000C82448344AAF1CE
:100260000107DA4501D100F087F8AFF2090EBAE8CC
:100270000F0013F0010F18BFFB1A43F001031847DA
:100280004036010060360100103A24BF78C878C1BA
:10029000FAD8520724BF30C830C144BF04680C608C
:1002A000704700000023002400250026103A28BFD4
:1002B00078C1FBD8520728BF30C148BF0B607047D8
:1002C0006E2900F0B583702900F0FF8466290CF0D8
:1002D000DC8665290CF0D98667290CF0D686612961
:1002E0000CF0D58603681B0A28BF41F080016929FC
:1002F00000F01881642900F01581752900F0128141
:100300006F2900F08D84782900F0CB84E92900F072
:100310002784E42900F02484F52900F02184EF29C2
:1003200000F08A84F82900F0CA840368DB0928BF3A
:1003300041F08001632901F0AF80732901F0B4809E
:10034000E32901F0BF80F32901F0C4800020704749
:100350001FB50CF08DFE01F0EDF804000020002127
:100360000CF070FE401C6060002000210CF054FE78
:10037000E0601FBD10B510BDDFF80CD0FFF7E8FF3F
:100380000AF096FA01F08CF928A7002003B4FFF7D1
:10039000F1FF03BC01F0CEF9084880F30A88084851
:1003A000804708480047FEE7FEE7FEE7FEE7FEE776
:1003B000FEE7FEE7FEE7FEE7FEE7FEE728A30020F4
:1003C0007D8B00084D02000853EA020C00F06980A2
:1003D0002DE9F04B4FF00006002B1FBFB3FA83F559
:1003E00003FA05F424FA05F65E4012BF1643B2FA8A
:1003F00082F502FA05F4C5F120051EBF22FA05FCBC
:1004000044EA0C04203556EA044C4FEA144418BF61
:10041000641C4FF000084FF00009904271EB030C90
:1004200039D3002919BFB1FA81F701FA07F6B0FAFA
:1004300080F700FA07F6C7F120071EBF20FA07FC75
:1004400046EA0C062037B6FBF4FCA7EB0507103F85
:1004500007F01F0BCBF120062CFA06F60CFA0BFB6B
:1004600044BFB3460026202FA4BF5E464FF0000BCA
:100470005BEA060C08BF4FF0010B19EB0B0948EBC8
:100480000608ABFB027C06FB02CC0BFB03CCC01BBB
:1004900071EB0C01C1E70B46024641464846BDE8F8
:1004A000F08B13B5084318BF4FF0FF300146AFF390
:1004B0000080BDE81C4070477CB51D4616460C0008
:1004C000009001D02044401E074B7B442A466946D9
:1004D0000190304600F0C5FA05461CB1002069467F
:1004E00000F0D2FA28467CBDC50500000FB47CB5EB
:1004F0000C0009AA009001D02044401E084B7B4408
:1005000069460190089800F0ACFA05461CB100203D
:10051000694600F0B9FA28467CBC5DF814FB00007F
:10052000910500002DE9F041064600241068752968
:10053000314616A510D000F0E7F9002802DA404253
:1005400013A507E031688A0701D512A502E0490723
:1005500004D511A5012401E000F0DFF900210A22F1
:1005600006F1240709E0B0FBF2FCB0FBF2F302FB5A
:100570001C00303078541846491C0028F3D123461B
:100580002A463046BDE8F04100F0F9B9000000000D
:100590002D0000002B000000200000002DE9F05F7E
:1005A000894604464FF0000ADFF874B1FB44C0F8F6
:1005B00020A02046E1688847002874D0252806D06E
:1005C000D4E901219047206A401C2062F1E700260F
:1005D0005F462046E16888472028054607DB312D25
:1005E00005D2781910F8200C08B10643F1E7B007DE
:1005F00001D526F00406C4F81CA00027C4F818A0F2
:100600002A2D09D028460CF0FFFC38B304EB8708EC
:10061000303DC8F8185019E059F8041B204604EB87
:1006200087029161E1688847012F054618D1E0698A
:10063000002820DA26F020061DE0D8F8180000EB8C
:10064000800005EB40003038C8F818002046E1680B
:10065000884705460CF0D8FC0028EED1012F0AD0BF
:100660002E2D08D12046E16888477F1C0546022FC1
:1006700046F02006C4DBA069002803DA404246F0B9
:100680000106A061F00701D026F010066C2D0BD0FA
:10069000682D09D04C2D39D06A2D35D0742D35D028
:1006A0007A2D33D016E038E0E1682F46204688479F
:1006B000B842054609D16C2F26D04FF48060E1681E
:1006C000064320468847054604E06C2F1AD04FF4B5
:1006D000807006430DB3A5F14100192802D82035DA
:1006E00046F400664A462946204626604E46FFF7F5
:1006F000E7FD80B101280BD0F61D26F0070000F1C0
:10070000080956E74020E4E78020D8E70020D6E734
:1007100006F104094DE7284652E7206ABDE8F09F3C
:10072000E2CA0000032A40F2308010F0030C00F00F
:10073000158011F8013BBCF1020F624498BF11F81B
:1007400001CB00F8013B38BF11F8013BA2F10402D4
:1007500098BF00F801CB38BF00F8013B11F003034C
:1007600000F02580083AC0F0088051F8043B083AB0
:1007700051F804CBA0E80810F5E7121D5CBF51F852
:10078000043B40F8043BAFF30080D20724BF11F8CC
:10079000013B11F801CB48BF11F8012B24BF00F831
:1007A000013B00F801CB48BF00F8012B704710B5A2
:1007B000203AC0F00B80B1E81850A0E81850B1E81A
:1007C0001850A0E81850203ABFF4F5AF5FEA027C59
:1007D00024BFB1E81850A0E8185044BF18C918C089
:1007E000BDE810405FEA827C24BF51F8043B40F82A
:1007F000043B08BF7047D20728BF31F8023B48BF0F
:1008000011F8012B28BF20F8023B48BF00F8012B4C
:10081000704702F0FF0343EA032242EA024200F07B
:1008200024B84FF000020429C0F0128010F0030C2D
:1008300000F01B80CCF1040CBCF1020F18BF00F8D3
:10084000012BA8BF20F8022BA1EB0C0100F00DB882
:100850005FEAC17C24BF00F8012B00F8012B48BFE0
:1008600000F8012B70474FF0000200B51346944684
:100870009646203922BFA0E80C50A0E80C50B1F1F8
:100880002001BFF4F7AF090728BFA0E80C5048BF0C
:100890000CC05DF804EB890028BF40F8042B08BFAA
:1008A000704748BF20F8022B11F0804F18BF00F8A6
:1008B000012B704770477047704770B504468569D3
:1008C0000068C10601D5302600E02026C00707D009
:1008D00070BDD4E9012130469047206A401C206257
:1008E0006D1EF6D570BD70B5044685690078C007E9
:1008F00007D170BDD4E9012120209047206A401C17
:1009000020626D1EF6D570BD09684A0501D540B25A
:100910007047C905FCD500B2704709684A0501D582
:10092000C0B27047C905FCD580B2704770B50C469F
:100930000546012A05D02878800600D5EA690023FB
:1009400002E0012305E05B1C934202D2E05C002838
:10095000F9D1A869E618C01AA861286A1844286263
:100960002846FFF7AAFF04E0D5E9012114F8010B9E
:100970009047B442F8D32846FFF7B5FF70BD2DE984
:10098000F0470D4699469246044600F12408016856
:10099000880604D5E06921F01001216000E0012003
:1009A000A84201DD471B00E00027A1697A1902EB8C
:1009B0000900081AA0612078C00602D42046FFF77B
:1009C0007CFF002608E0D4E901211AF806009047D0
:1009D000206A401C761C20624E45F4DB2078C0065D
:1009E0000AD52046FFF769FF06E0D4E9012130204F
:1009F0009047206A401C2062381EA7F10107F4DCF2
:100A000007E0D4E9012118F805009047206A401C4E
:100A10002062281EA5F10105F3DC2046FFF763FFE5
:100A20002078000602D50220BDE8F0870120FBE710
:100A300011680268006A530501D508700AE0D30501
:100A400001D5088006E0130603D5C217C1E90002EC
:100A500000E008600120704701694A1C02610878C3
:100A6000704700B58FB0CDE90131002105910549EE
:100A70007944CDE9031011466846FFF78FFD0FB0AA
:100A800000BD0000E5FFFFFF0A6802F8010B0A60E5
:100A90007047D1E900239A4202D2531C0B601070B8
:100AA000704700002DE9FF5F15468A460446DFF8CF
:100AB000AC80F8440027D8E900103E46CDE900108C
:100AC00010E03AF816106A4602A800F007FD411C33
:100AD00007D02178890603D5E269391891420DD8EB
:100AE0000744761C2078800602D5E069B84205DD0F
:100AF000AE42E6DB3AF816000028E2D1A069C01B3E
:100B0000A0612046FFF7D9FED8E90010CDE900101A
:100B1000002017E03AF818106A4602A800F0DEFC40
:100B2000B0F1FF3F81460BD000250DF1080B05E029
:100B3000D4E901211BF8050090476D1C4D45F7D302
:100B400008F10100B0428046E4DB206A38442062AC
:100B50002046FFF7C8FEBDE8FF9F0000EEC500007D
:100B60002DE9F0418046D21D22F007020025D2E98E
:100B70000002F52915A614D0011E72F1000106DA53
:100B80000023D0EB030063EB020211A608E0D8F8C3
:100B900000108B0701D50FA602E0490701D50EA66C
:100BA00001251146002408F1240704E000F098F81C
:100BB00030323A55641C50EA0102F7D12B463246D6
:100BC00021464046BDE8F041FFF7D9BE00000000D5
:100BD0002D0000002B0000002000000030B4002198
:100BE00000F1240408E002F00705D208303542EA9B
:100BF0004372DB086554491C52EA0305F3D10468CB
:100C0000002310A2250708D504F020040C4304D0CB
:100C1000C46901230CA2641EC46130BCFFF7AFBEDF
:100C200010B5044621461068FFF777FE02462046BD
:100C3000BDE810400023D1E7D21D22F00701D1E921
:100C40000023CBE70000000030000000F0B40D46A8
:100C50000188090502D5214C7C4402E01F4C7C44EC
:100C60000E34002100F1240608E002F00F071209FB
:100C7000E75D42EA03721B097754491C52EA0307F5
:100C8000F3D102780023120704D5702D06D009B1E4
:100C9000022311342246F0BCFFF771BE0123103449
:100CA000F8E770B504460D4621461068FFF735FE9B
:100CB000024629462046BDE870400023C6E7D21D03
:100CC00022F00703D3E90023C0E70368126843F06A
:100CD000200303600823C3610023B7E750C400006A
:100CE00030B5B0F10A0271F100034FEA900E4EEAFE
:100CF000817EB0EB0E0061EB91014FEA101E4EEACF
:100D0000017E10EB0E0041EB11114FEA102E4EEA5E
:100D1000016E10EB0E0041EB11214FEA104E4EEA2E
:100D2000014E10EB0E0041EB1141401841F1000162
:100D30004FEAD00040EA41704FEAD1014FEA810406
:100D400044EA907410EB800544EB01046D1944EB08
:100D50000404521BA3414FF0000348BF0A3200D5E0
:100D600030BD401C41F1000130BD2DE9FF4F0C4664
:100D70001E464FF0FF378BB0D2E90001DDF86080EE
:100D80000A908A46C1F30A5505B93D460021084636
:100D90004FF00000BAF1000F00F4400005DA00EB5C
:100DA00080004FF4400101EA50004FEA9059B9F138
:100DB000010F00DDB9460A9850EA4A000ED044F609
:100DC0001050A5F2FF3545432F14B8F1000F1ED087
:100DD0007542291E1EDDC9F100021CE0B8F1010FA9
:100DE0004FF0000001D0302103E0F24305E0215430
:100DF000401CB042FBDB30460022002121540B99FD
:100E0000C1F80880C1E900200FB0BDE8F08FBD1B1C
:100E10006D1CDEE74A4600DA694206A800F0CEFB08
:100E200006AB93E8070003AB83E8070050460A9936
:100E30000BF00AFD8DE80700A0F500501F38009068
:100E40000398002D0ADD42F21F014A4608440023A0
:100E500003A9039068460BF073FF09E0A0F500506A
:100E60004A461F38002303A9039068460BF07DFF14
:100E70008DE807000004000C03D04FF0FF3041085C
:100E800000E01046B8F1000F03D000220092154692
:100E90001EE0751E05D4FFF723FF303262556D1E2C
:100EA000F9D5B3460122084302D000227F1C04E09A
:100EB0002078302801D100227F1E002A099784D093
:100EC0001DE0112D07DAFFF70BFF303262556D1C64
:100ED00050EA0102F5D1084302D00098C8B10EE0F3
:100EE0000021681E05E0235C625C63542254401EAE
:100EF000491C8142F7DBAB46A81B401E099000202D
:100F000004F80B000B98099AC0F80880C0E9002B80
:100F10007AE711264FF0000857E72DE9F04F884691
:100F20000446D21D22F0070191B0D1E90001CDE9BC
:100F30000A010CF051F802460B98C00F01D02D2089
:100F400007E02068810701D52B2002E0202101EA7B
:100F5000C000032A099001D0072A05DB0346414659
:100F6000204600F0EBFA0BE12078800601D5E0691D
:100F700000E00620B8F1650F814606D0B8F1660F93
:100F800018D0B8F1670F70D131E00020B9F1110F1E
:100F9000009001DB112301E009F101030AAA01A974
:100FA0000CA8FFF7E2FEDDE90C70002609F101054F
:100FB000834647E001204B4600904FF000470AAAC5
:100FC00001A90CA8FFF7D1FEDDE90DB00C995D4633
:100FD000002610B909F101000D18B9EB050003D482
:100FE000C0F1FF3609F10105A5EB09002BE0B9F1CD
:100FF000010F01DA4FF001090020B9F1110F009043
:10100000484601DD112300E003460AAA01A90CA805
:10101000FFF7ABFEDDE90C704D46002683462078D5
:1010200000070AD4AB4500DA5D4601A8012D04DDB6
:10103000411911F8011C302907D04F4502DA17F188
:10104000040F04DA012082460FE06D1EEEE7002F48
:1010500002DCED1B3E4403E0781CA84200DD7D1C51
:10106000B81B00F1010A4FF000472078000703D4B5
:10107000AA4501DB4FF0FF3A0021B7F1004F0DF117
:1010800043088DF8431024D002202B23002F01DACF
:101090007F422D230A21021EA0F1010000DC5FB176
:1010A00097FBF1FC97FBF1F201FB1C7C17460CF15E
:1010B000300C08F801CDEEE7A8F10100037021889B
:1010C000090501D5452100E06521A0F1010800F8DE
:1010D000011C09980FA9A1EB0807FF1D00B1012011
:1010E000411901EBEA70A1693844081A401EA06159
:1010F0002078C00602D42046FFF7DFFB099828B10C
:10110000D4E901219047206A401C20622078C00663
:1011100022D52046FFF7D1FB1EE0002E04DBB345AD
:1011200002DD01A8805D00E03020D4E90121904774
:10113000206A401C2062761CAAF101005FEA000AC6
:101140000AD100F0F7F9C0680168405CD4E90121D8
:101150009047206A401C2062281EA5F10105DCDCB6
:1011600007E0D4E9012118F8010B9047206A401CE0
:101170002062381EA7F10107F3DC2046FFF7B3FB1E
:10118000032011B041E600002DE9F04F04460D4662
:10119000D21D22F0070089B0D0E9009748463946B1
:1011A0000BF01AFF0246F80F01D02D2307E020684C
:1011B000810701D52B2302E0202101EAC0038DF82D
:1011C00020300BB1012000E00020032A824601D02C
:1011D000072A04DB2946204600F0B0F93FE12078D9
:1011E000800601D40D2500E0E569C7F30A560D2DF0
:1011F00049DA00214FEA175B08464FF00000002F44
:1012000000F4400007DA00EB80004FF4400100EBEF
:10121000D07001EA60008115012901DD4FF0FF3136
:1012200000224FEA850CBCF1180F06D31346ACF12F
:1012300018004FF08052C24003E04FF4801323FAAD
:101240000CF30CF10C0CBCF1200F04D3ACF1200C0E
:1012500009FA0CF001E007FA0CF000294FF0004801
:1012600001DD18B90FE00ED140450CD319EB02098E
:101270005F4121B9404502D19F4329EA0209BBEBF6
:10128000175F00D0761C2088000502D57B48784483
:1012900002E07A487844193808AA302302F80A3064
:1012A000037C0AF10101002E0AF1020A53546A4636
:1012B00002DC4FF0300101E04FF031014FF0010846
:1012C0008DF8001002D0A6F2FF3603E059EA47017C
:1012D00000D06B4E002D02DC2178090704D54FF0B9
:1012E00002082E218DF80110C44600210BE0C7F33F
:1012F00003433F01C35C491C6D1E02F808300529F9
:1013000008F1010801DA002DF1DC00210CE000EB0E
:101310001973491C1B786D1E082902F808304FEA22
:10132000091908F1010801DA002DF0DC21688B06AB
:1013300002D516E0A8F10108E04505DD02EB08033F
:1013400013F8013C302BF5D0B8F1000F09DD02EBAA
:10135000080313F8013C2E2B03D1090701D4A8F18F
:101360000108002D05DD3E2102F808106D1E08F170
:101370000108407C002E02F8080008F1010804DA98
:101380002D20764202F8080002E02B2002F8080027
:101390000A214FF47A70864208F101080BDB96FBB4
:1013A000F0F3303302F8083096FBF0F308F101084F
:1013B00000FB136601E0642E0CDB642096FBF0F367
:1013C000303302F8083096FBF0F308F1010800FB17
:1013D000136601E00A2E06DB96FBF1F0303002F8CE
:1013E000080008F1010896FBF1F001FB10603030B5
:1013F00002F80800A16908F1010808EB050202EBF8
:101400000A00081AA0612078C00602D42046FFF71F
:1014100054FA216A08AE01EB0A00206204E0D4E924
:10142000012116F8010B9047BAF1010AF7D2207892
:10143000C00602D52046FFF740FA6E4609E016F8CE
:10144000010B3E280FD0D4E901219047206A401CAF
:101450002062B8F10108F2D22046FFF744FA09B041
:101460000320BDE8F08F206A2844206203E0D4E91D
:101470000121302090476D1EEBD3F8E755BE0000E8
:1014800002FCFFFF10B5436913B1AFF3008001E028
:10149000FFF74CFA012010BD127800F124010A7008
:1014A00000224A700122EDE711684FF0FF32E9E7B0
:1014B00010B5436913B1AFF3008001E0FFF7F2FA12
:1014C000012010BD128800F1240182840022C28410
:1014D0000122EDE711684FF0FF32E9E72DE9F04115
:1014E00016460C46054600F01DF8036893F8010106
:1014F000012807D0FF2C12D8185D80B101202C7074
:10150000BDE8F081D3F807013246214603F2071304
:10151000C7182846BC46BDE8F041002360474FF09D
:10152000FF30EDE710B500F005F8001D10BD00BF5D
:1015300015BB000000487047180100202DE9F0415C
:101540001F46044603260168072A01F4006004DBF5
:1015500008B116A505E016A503E008B115A500E041
:1015600015A521F010002060A069C01EA0610FB178
:10157000401EA0612046FFF7A0F94FB1D4E9012138
:1015800038469047206A401C2062C01C206206E05A
:10159000206AFAE7D4E9012115F8010B9047761E7D
:1015A000F8D22046FFF79FF9BDE8F0814E414E008A
:1015B0006E616E00494E4600696E66002DE9F04787
:1015C000814616468AB0354878440DC88DE80D002E
:1015D00032487844801C03AC0DC884E80D0041F605
:1015E0009B300844372190FBF1F290FBF1F5A5F117
:1015F000800501FB12041B3C02D56442012000E07F
:101600000020DFF898A080460027FA44AAF1BE0A1D
:101610000EE0E0070AD03246684607EB4701012397
:101620000AEB81010BF0A1FB8DE8070064107F1C21
:10163000002CEED1194F7F44AE3F19E0E80715D0DA
:1016400007EB04100DF1180A90E80E008AE80E006E
:10165000C068F04201D1981908903246012306A9CA
:1016600003A80BF082FB03AB83E807006D10641C3A
:10167000002DE3D14FF0010332466946B8F1000F67
:1016800003A802D00BF05CFB01E00BF06EFBC9E994
:101690000001C9F808200AB0BDE8F087ACBB000023
:1016A00010B50446AFF300802046BDE81040FEF7B9
:1016B0006DBE00000000000030B44FF0013C50F857
:1016C000042B51F8043BCCFA52F4D51A20D1FCB9C2
:1016D00050F8042B51F8043BCCFA52F4D51A17D128
:1016E000B4B950F8042B51F8043BCCFA52F4D51A93
:1016F0000ED16CB950F8042B51F8043BCCFA52F4DB
:10170000D51A05D1002CDAD030BC4FF0000070475C
:1017100029BAB1FA81F111F01801D1F12000844009
:10172000F2D1CA40CB4012F0FF0213F0FF0330BCED
:10173000D01A704701491820ABBEFEE72600020010
:1017400070470000FEE700007047000072B600BF5F
:10175000FEE7000080B540F27830C2F2000000F0F1
:1017600009F9BDE8804006F02DBE000040F2F030DF
:10177000C2F2000000F0FEB880B500285AD0436FD6
:10178000002B57D0016D002954D090F85410D0F898
:1017900000E00129DEF814C004D002294CD11CF469
:1017A000803149D090F8541001293AD190F84C106A
:1017B00001294FF0020145D0012280F84C2080F829
:1017C00054101973002181651961DEF8141041F479
:1017D000BA41CEF81410416E29B1DEF8141041F46C
:1017E0000071CEF81410006F28B1DEF8140040F438
:1017F0000050CEF8140018680022016ACFF60102EA
:10180000490861F3596261F39A624FF6FF7120EA69
:101810000101CEF800104FF6FC7108401044CEF8DC
:101820007C00DEF8140040F00100CEF81400002027
:1018300080BD00BF012080BD40218165002180F86E
:101840004C100121084680BDB0B5044600F080FD73
:10185000002C04BF0120B0BD054694F854000228B6
:101860002ED12168486940F004004861052084F8C1
:1018700054000869800408D400F06AFD401B052864
:1018800026D8216808698004F6D54869012240F00D
:1018900002004861042084F854004FF4FE40C86000
:1018A00084F8542094F8500000064FF0000002D550
:1018B000636F1A738864002184F84C10B0BD00BFB8
:1018C0002020A0650120002184F84C10B0BD00BF8D
:1018D000A06D40F01000A065032084F8540094F837
:1018E000500000064FF0010044BF616F08730021F3
:1018F00084F84C10B0BD0000002804BF01207047E0
:1019000090F8541002290BD1042180F8541000687B
:1019100042F204024169114341610020704700BF57
:101920002021816501207047024600284FF0010008
:1019300008BF7047CB065CBF00207047136840F6B5
:10194000FF7223EA020203F57B63C3F3C41301F0C1
:101950001101112900FA03F004D1516808435060C5
:1019600000207047516821EA000050600020704755
:10197000806D704710B5044600680C22034600F5E0
:101980007B6162F30B03C1F3C4111A6822FA01F1FF
:10199000C90700F0CB800169490544BF41695FEA8E
:1019A000415143D40169090544BF41695FEA0151CE
:1019B00044D40169C90444BF41695FEAC14145D4C7
:1019C0000169490444BF41695FEA414146D4016964
:1019D000890544BF41695FEA815147D4016989049F
:1019E00044BF41695FEA81414AD40169C90544BFE6
:1019F00041695FEAC15169D4A06D002800F096806A
:101A00002068416941F002014161012084F85400DD
:101A100094F85010090644BF616F0873A16E00204E
:101A2000002984F84C004CD180E000BF4FF4806165
:101A3000C160A16D41F00101A165B3E74FF4006100
:101A4000C160A16D41F00201A165B2E74FF4805180
:101A5000C160A16D41F00401A165B1E74FF480417F
:101A6000C160A16D41F00801A165B0E74FF40071BC
:101A7000C160616E0029B1D0204688472068ADE77B
:101A80004FF40051C16094F8541004292AD14169DF
:101A900021F400514161416941F00201416101219C
:101AA00084F8541094F85020120603D5626F117315
:101AB00000218164E16E0020002984F84C0008BFF9
:101AC00010BD2046BDE81040084700BF94F85010F4
:101AD000090613D4816C002904BF012184F8541035
:101AE00015E000BF052184F85410216F00293FF450
:101AF0007CAF20468847206877E700BFC16F31B9C7
:101B0000816C21B9012184F85410626F11734FF474
:101B10004071C160216E0020002984F84C001CBF78
:101B200020468847A06D00287FF46AAF10BD0000F2
:101B300070B5044600F00CFC002C04BF012070BD01
:101B4000002184F84C100546206894F8542022B9EE
:101B5000C4E91811C4E91A112167022184F854104C
:101B6000416941F0060141614169C90709D000BFDF
:101B700000F0EEFB401B052854D820684169C907D6
:101B8000F6D1216A426904F1100522F4430211439F
:101B90004161E36926CD1A4340F24F0E1143C5F26D
:101BA000020E40F24F3C704541EA0503C5F2020CBB
:101BB0001CDC41F24F05C4F20205A8423ADC40F2B7
:101BC0004F25C4F20205A84262DC40F24F15C4F270
:101BD0000205A84200F39C805025C4F20205A842E9
:101BE00000F0F080D025C4F20205E9E041F24F0593
:101BF000C5F20205A84235DC40F24F25C5F20205C8
:101C0000A84257DC40F24F15C5F20205A84200F386
:101C10008B805025C5F20205A84200F0D380D02564
:101C2000CCE000BF012003221021A16584F85420DC
:101C300070BD00BF41F24F25C4F20205A84245DC49
:101C400041F24F15C4F20205A84277DC41F250057B
:101C5000C4F20205A84200F0B58041F2D005C4F2FA
:101C60000205ADE041F24F25C5F20205A8423FDC76
:101C700041F24F15C5F20205A8426BDC41F2500556
:101C8000C5F20205A84200F09D8041F2D00595E022
:101C900040F24F35C4F20205A84265DC40F25025FF
:101CA000C4F20205A84200F08D8040F2D025C4F2B3
:101CB000020585E0604563DC40F25025C5F202056F
:101CC000A84200F07F8040F2D02577E041F24F3506
:101CD000C4F20205A8425DDC41F25025C4F20205BF
:101CE000A8426FD041F2D025C4F2020568E000BFDF
:101CF00041F24F35C5F20205A84257DC41F25025AA
:101D0000C5F20205A8425DD041F2D02556E000BFE1
:101D100040F25015C4F20205A84253D040F2D0154B
:101D2000C4F202054CE000BF40F25015C5F20205B6
:101D3000A84247D040F2D01540E000BF41F2501514
:101D4000C4F20205A8423DD041F2D015C4F202050A
:101D500036E000BF41F25015C5F20205A84231D06D
:101D600041F2D0152AE000BF40F25035C4F202051E
:101D7000A84227D040F2D035C4F2020520E000BFCF
:101D800040F25035C5F20205A8421BD040F2D035D2
:101D900014E000BF41F25035C4F20205A84211D050
:101DA00041F2D035C4F202050AE000BF41F2D0355D
:101DB000C5F20205A84205D041F25035C5F2020530
:101DC000A84212D1D4E909514FF07C76E26A06EBC1
:101DD00001514FF47C7606EB051501F07C711A4336
:101DE00005F47C75114341EA0503016C01F0802183
:101DF00019430164A1682279E5681143226BB5F5A6
:101E0000007F41EA020323D0B5F5806F40F00E81D8
:101E1000704521DC41F24F01C4F20201884237DCF7
:101E200040F24F21C4F2020188425FDC40F24F11C0
:101E3000C4F20201884200F399805021C4F20201E9
:101E4000884200F0F180D021C4F20201E6E000BF38
:101E500043F40073EAE000BF41F24F01C5F2020112
:101E600088422DDC40F24F21C5F2020188424FDC4E
:101E700040F24F11C5F20201884200F383805021E5
:101E8000C5F20201884200F0CF80D021C4E000BF3B
:101E900041F24F21C4F20201884245DC41F24F1168
:101EA000C4F20201884277DC41F25001C4F202011F
:101EB000884200F0B98041F2D001C4F20201ADE0E5
:101EC00041F24F21C5F2020188423FDC41F24F113D
:101ED000C5F2020188426BDC41F25001C5F20201F9
:101EE000884200F0A18041F2D00195E040F24F31EC
:101EF000C4F20201884265DC40F25021C4F20201C2
:101F0000884200F0918040F2D021C4F2020185E0C5
:101F1000604563DC40F25021C5F20201884200F0C6
:101F2000838040F2D02177E041F24F31C4F20201C8
:101F300088425DDC41F25021C4F20201884273D034
:101F400041F2D021C4F2020168E000BF41F24F31FA
:101F5000C5F20201884257DC41F25021C5F202016C
:101F6000884261D041F2D02156E000BF40F25011CA
:101F7000C4F20201884257D040F2D011C4F20201EB
:101F80004CE000BF40F25011C5F2020188424BD034
:101F900040F2D01140E000BF41F25011C4F2020102
:101FA000884241D041F2D011C4F2020136E000BFB4
:101FB00041F25011C5F20201884235D041F2D011F0
:101FC0002AE000BF40F25031C4F2020188422BD017
:101FD00040F2D031C4F2020120E000BF40F25031A3
:101FE000C5F2020188421FD040F2D03114E000BF98
:101FF00041F25031C4F20201884215D041F2D03191
:10200000C4F202010AE000BF41F2D031C5F2020180
:10201000884209D041F25031C5F20201884208BF1E
:1020200043F4806302E000BF43F48063626B416C61
:1020300042F20016C3F6C0461343314019434164CF
:1020400000216045816411DC41F24F31C4F202018C
:1020500088421BDC40F25031C4F2020188422DD08C
:1020600040F2D031C4F2020126E000BF41F24F310C
:10207000C5F20201884215DC40F25031C5F202017E
:1020800088421BD040F2D03114E000BF41F2503101
:10209000C4F20201884211D041F2D031C4F20201EF
:1020A0000AE000BF41F2D031C5F20201884205D0FA
:1020B00041F25031C5F20201884202D1002141654E
:1020C00081650021C167226501220020A16584F895
:1020D000542070BD10B520B1D0F850C0BCF1000F35
:1020E00002D0012010BD00BF90F84CC0BCF1010F20
:1020F00004BF022010BD4FF0010C80F84CC090F8D6
:1021000054C0BCF1010F39D14FF0020C80F854C01B
:102110004FF0000CC0F858C0D0F800C0D0F864E010
:10212000DCF84840BEF1000FC3EA0403CCF84830A5
:102130004FF4FE43CCF80C30CCF84C10CCF85020C7
:10214000DCF8141041F4BA41CCF8141005D0DCF8D6
:10215000141041F40071CCF81410006F28B1DCF8B1
:10216000140040F40050CCF81400DCF8140040F0E7
:102170000100CCF81400002010BD00BF4021816593
:10218000002180F84C10012010BD0000B0B50446BD
:1021900000F0DEF8054640F20000C2F200000078D0
:1021A000611C18BF044400BF00F0D2F8401BA042DD
:1021B000FAD3B0BD2DE9F04F81B00B68002B00F0D1
:1021C000BD8047F67F72C0F22F0202EA90224FF0E4
:1021D000000B00260027012400920BE00B68083753
:1021E00033FA04F504F1010406F102060BF1040BC5
:1021F00000F0A480A4F10108012202FA08FC13EA0D
:102200000C02EBD0D1F804E04EF01003122B18D1E1
:102210006FF0030303EA58030BF01C0500EB030AFD
:10222000DAF820E00F23D1F81090AB402EEA030E2D
:1022300009F00F03AB4043EA0E03CAF82030D1F88F
:1022400004E003680325B5400EF003096FEA050AB0
:10225000AB4309FA06F52B43BEF1120F036065D8B4
:10226000012303FA0EF313F0061F5FD08368CD68D5
:1022700003EA0A03B5402B43836043684FEA1E1507
:1022800023EA0C0305FA08F52B434360C3688D6805
:1022900003EA0A03B5402B43C3605FEACE039DD532
:1022A00028F0030342F20008C4F2024808EB030ED0
:1022B000DEF860C007F018050F23AB402CEA030CD2
:1022C000009B03FA05F54CEA0503CEF86030D8F818
:1022D00000C0D1F804E04CEA02055FEACE2358BF03
:1022E0002CEA0205C8F80050D8F804C05FEA8E2333
:1022F0004CEA020558BF2CEA0205C8F80450D8F889
:1023000084C05FEA8E334CEA020558BF2CEA02050E
:10231000C8F88450D8F880C05FEACE334CEA020592
:1023200058BF2CEA0205C8F8805057E7B9F1030FEF
:10233000ACD18B68012BA9D1AFE700BF01B0BDE8DC
:10234000F08F00001823002A08BF2823C1507047CF
:1023500049F62C60C2F200000068704740F200416C
:10236000C4F203010A68D2071CBF012070470A6843
:1023700022F00402104308600020704740F2004140
:10238000C4F20301086840F0010200200A607047AF
:1023900040F2000049F62C61C2F20000C2F20001D6
:1023A00000780A68104408607047000080B5032078
:1023B00000F0BCF802F07AFD40F62041C4F2024180
:1023C00009684DF2901201F00F01C0F60002515C55
:1023D000C84040F20801C2F200010860042004F085
:1023E000F1F90F2000F008F800281CBF012080BD83
:1023F00000F05AF8002080BDB0B588B040F69C418E
:10240000C4F202410A68044642F020020A600968E8
:1024100002A801F020010291029901A902F0A0FC9A
:10242000059D002D18BF012502F0D4FCA84045F6FB
:10243000C5214009C0F67C21A0FB01014FF0FF300F
:1024400000EBD11140F2745041F20043C2F200009F
:102450006322C4F200030025C0E90031C0E9025242
:10246000056104F0CDFA0546B8B940F27450C2F2E5
:10247000000004F01BFB054678B90F2C0CD8322065
:1024800021460022002500F025F840F20400C2F2A7
:102490000000046001E000BF0125322000F00AF8CE
:1024A000284608B0B0BD00006FF001000F210022E7
:1024B00000F010B8002848BF704700F01F0101224B
:1024C00002FA01F14EF200124009CEF2000242F887
:1024D0002010704710B54EF60C5CCEF2000CDCF804
:1024E0000030C3F3022E8EF00704042C28BF04240E
:1024F000BEF103034FF0FF3E38BF00230EFA04F491
:10250000A14399400EFA03F39A4300F00F03043BF2
:102510001143634409010C3300F16042B0F1FF3F05
:10252000C8BF02F56443197010BD00004EF60C518F
:10253000CEF200010A684FF6FF031A4060F30A2248
:1025400042F0806040F0FD700860704710B540F6C2
:10255000284CC4F2024CDCF80CE0DCF80010DCF88B
:102560000020C2F30523DCF80020DCF81040DBB3C8
:10257000C2F30012C4F3CC0401F0030104FB02F225
:10258000032900EE102A6FF35F2EB8EE400A31D017
:10259000022935D001295CF8281C49F20002C1F358
:1025A000C101C0F2D03222FA01F101EE101A02EE9E
:1025B000103AB8EE411AB8EE422A9FED4F3A81EE3A
:1025C000021A02EE10EA20EE030AB8EE422A30EEBA
:1025D000020AB7EE002A30EE022A5CF8281C22EE2E
:1025E000010A89012CD527E00021C0E90011816092
:1025F00010BD00BF01EE103A9FED3E2A04E000BF7F
:1026000001EE103A9FED3D2AB8EE411A82EE012A02
:1026100001EE10EA9FED383AB8EE411A20EE030AB7
:1026200030EE010AB7EE001A30EE011A5CF8281CF1
:1026300022EE010A890103D5DCF80010C90307D492
:10264000002101605CF8281C890118D41BE000BF40
:10265000DCF80C10B7EE002AC1F3462101EE101A87
:10266000B8EE411A31EE021A80EE011ABCEEC11A20
:1026700011EE101A01605CF8281C890103D5DCF802
:102680000010890302D4002112E000BFDCF80C1016
:10269000B7EE002AC1F3064101EE101AB8EE411A56
:1026A00031EE021A80EE011ABCEEC11A11EE101AB8
:1026B00041605CF8281C890144BFDCF800105FEA27
:1026C000413103D40021816010BD00BFDCF80C1043
:1026D000B7EE002AC1F3066101EE101AB8EE411AF6
:1026E00031EE021A80EE010ABCEEC00A10EE101A9A
:1026F000816010BD0024F44A000000390024744AAF
:1027000010B540F62C4CC4F2024CDCF810E0DCF8BA
:102710000010DCF80020C2F30523DCF80020DCF810
:102720001440DBB3C2F30012C4F3CC0401F0030184
:1027300004FB02F2032900EE102A6FF35F2EB8EEBD
:10274000400A31D0022935D001295CF82C1C49F20D
:102750000002C1F3C101C0F2D03222FA01F101EE50
:10276000101A02EE103AB8EE411AB8EE422A9FED66
:102770004F3A81EE021A02EE10EA20EE030AB8EE9A
:10278000422A30EE020AB7EE002A30EE022A5CF846
:102790002C1C22EE010A09012CD527E00021C0E9FA
:1027A0000011816010BD00BF01EE103A9FED3E2A7E
:1027B00004E000BF01EE103A9FED3D2AB8EE411A49
:1027C00082EE012A01EE10EA9FED383AB8EE411A86
:1027D00020EE030A30EE010AB7EE001A30EE011ABD
:1027E0005CF82C1C22EE010A090103D5DCF800106C
:1027F000C90307D4002101605CF82C1C090118D41E
:102800001BE000BFDCF81010B7EE002AC1F3462130
:1028100001EE101AB8EE411A31EE021A80EE011ADA
:10282000BCEEC11A11EE101A01605CF82C1C0901F3
:1028300003D5DCF80010890302D4002112E000BFA8
:10284000DCF81010B7EE002AC1F3064101EE101AB1
:10285000B8EE411A31EE021A80EE011ABCEEC11A2E
:1028600011EE101A41605CF82C1C090144BFDCF821
:1028700000105FEA413103D40021816010BD00BF28
:10288000DCF81010B7EE002AC1F3066101EE101A51
:10289000B8EE411A31EE021A80EE010ABCEEC00A0F
:1028A00010EE101A816010BD0024F44A00000039B7
:1028B0000024744A10B540F6304CC4F2024CDCF8E7
:1028C00014E0DCF80010DCF80020C2F30523DCF88B
:1028D0000020DCF81840DBB3C2F30012C4F3CC04D0
:1028E00001F0030104FB02F2032900EE102A6FF34A
:1028F0005F2EB8EE400A31D0022935D001295CF8AC
:10290000301C49F20002C1F3C101C0F2D03222FAF8
:1029100001F101EE101A02EE103AB8EE411AB8EECB
:10292000422A9FED4F3A81EE021A02EE10EA20EEA3
:10293000030AB8EE422A30EE020AB7EE002A30EE61
:10294000022A5CF8301C22EE010A89002CD527E00F
:102950000021C0E90011816010BD00BF01EE103AF6
:102960009FED3E2A04E000BF01EE103A9FED3D2AA4
:10297000B8EE411A82EE012A01EE10EA9FED383AD4
:10298000B8EE411A20EE030A30EE010AB7EE001A43
:1029900030EE011A5CF8301C22EE010A890003D5E2
:1029A000DCF80010C90307D4002101605CF8301C7A
:1029B000890018D41BE000BFDCF81410B7EE002A21
:1029C000C1F3462101EE101AB8EE411A31EE021A97
:1029D00080EE011ABCEEC11A11EE101A01605CF80B
:1029E000301C890003D5DCF80010890302D40021D3
:1029F00012E000BFDCF81410B7EE002AC1F3064164
:102A000001EE101AB8EE411A31EE021A80EE011AE8
:102A1000BCEEC11A11EE101A41605CF8301C89003E
:102A200044BFDCF800105FEA413103D4002181602B
:102A300010BD00BFDCF81410B7EE002AC1F3066128
:102A400001EE101AB8EE411A31EE021A80EE010AB8
:102A5000BCEEC00A10EE101A816010BD0024F44ACA
:102A6000000000390024744A80B584B04FF6FF732B
:102A70000246C0F20F0300209B1A70EB01032BDA11
:102A8000002940F39F801F2940F31681FF2900F39E
:102A9000178281F02003134300F01E8481F040036D
:102AA000134300F02D8481F08001114340F0B08683
:102AB00040F60040C4F20240D0F8DC10C1F30261DD
:102AC000052900F20987DFE811F0B3069D06B70675
:102AD000F105BD06CD0600BF40F2FF339B1A70EB37
:102AE0000103C0F2A580D2F17F034FF0000C7CEB14
:102AF0000103C0F2A581013A61F10001D2F13F0367
:102B00007CEB0101C0F08486DFE812F04000D002C7
:102B10008206F80282068206820626038206820662
:102B20008206820682068206820656038206820694
:102B30008206820682068206820682068206820655
:102B40008206820682068206820686038206820644
:102B50008206820682068206820682068206820635
:102B60008206820682068206820682068206820625
:102B70008206820682068206820682068206820615
:102B800082068206820682068206B60340F600406E
:102B9000C4F20240D0F8D81011F0070100F01A86F4
:102BA0000268012903D112F0006240F08F860268AA
:102BB000022940F0DF8512F0005240F0058600F057
:102BC000D9BD00BF6FF078439B1A4FF0000C7CEB2F
:102BD0000103C0F2A3804FF6FF73C0F23F039B1ABC
:102BE0007CEB010380F2A08182F480030B4300F0B0
:102BF0009B8382F000730B4300F0A68382F0806217
:102C0000114340F0058640F60040C4F20240D0F87F
:102C1000E810026811F0300140F0328612F40052E0
:102C200000F02E8646F60040C0F2DC2004B080BDE5
:102C300047F6FF739B1A4FF0000C7CEB0103C0F2C8
:102C4000BB8040F6FF739B1A7CEB010380F29481FA
:102C500082F480530B4300F0B38382F400530B43A0
:102C600000F0C28382F48042114340F0D18540F6E7
:102C70000040C4F20240D0F8E41001F44021B1F564
:102C8000802F00F0D985002900F080850268006857
:102C9000B1F5002F03D112F0020240F0B08610F41B
:102CA00000701CBF40F60010C0F23D00B1F5402F8F
:102CB00018BF002004B080BD032940F3938181F048
:102CC0000403134300F0B68381F00803134300F0BC
:102CD000C78381F01001114340F09A8540F600400F
:102CE000C4F20240D0F8E41001F03001102900F0E5
:102CF000E7850268202903D112F0005240F0648574
:102D0000006810F400501CBF46F60040C0F2DC2002
:102D1000302918BF002000F07BBD00BF6FF060437A
:102D20009B1A7CEB010380F2798182F000530B4304
:102D300000F0AA8382F080430B4300F0BB8382F053
:102D40000042114340F0648540F60040C4F2024066
:102D5000D0F8E01011F4E04100F06A850268B1F5A6
:102D6000805F03D112F0006240F0B0850268B1F5D7
:102D7000005F03D112F0005240F02685036802681C
:102D8000B1F5405F03D113F0020340F07585B1F552
:102D9000804F03D112F4007240F02386006810F4D3
:102DA00000301CBF41F20020C0F27A00B1F5A04F04
:102DB00018BF002004B080BD4FF6FF73C0F20103BE
:102DC0009B1A7CEB010380F2498182F400330B43B0
:102DD00000F0A88382F480230B4300F0CB8382F4BD
:102DE0000022114340F0148540F60041C4F2024134
:102DF000D1F8E800C0F30242042A00F26D8548F2DF
:102E00000000C0F2BB00DFE812F05B05FD042705FF
:102E100003050500D1F8E8000B6810F0404208688F
:102E200003D113F0020340F0EA85B2F1804F40F085
:102E3000AF8510F4007040F0BE8500F0A9BD00BF62
:102E400082F080030B4300F0BD8382F480730B4358
:102E500000F0E88382F40072114340F0D98440F618
:102E60000040C4F20240D0F8D81011F0605100F0D8
:102E70008D840268B1F1006F03D112F0006240F05E
:102E800025850268B1F1805F03D112F0005240F055
:102E90009B8403680268B1F1C05F03D113F00203A1
:102EA00040F07184B1F1005F03D112F4007240F080
:102EB0008285D0F8F000B1F1205F00F0AEBD00BF18
:102EC00081F48073134300F0DD8381F400731343B6
:102ED00000F0F48381F48061114340F0998440F65E
:102EE0000040C4F20240D0F8E41001F44001B1F512
:102EF000800F00F0A184002900F09A840268006825
:102F0000B1F5000F03D112F0020240F0788510F401
:102F100000701CBF40F60010C0F23D00B1F5400F3C
:102F200018BF002004B080BD82F480130B4300F072
:102F3000E38382F40012114340F06A8440F60040BB
:102F4000C4F20240D0F8E81001F00701022900F0B5
:102F5000F481012900F0128500295BD00268032961
:102F600040F0468512F4003200F0428541F2002024
:102F7000C0F27A0004B080BD82F480630B4300F09D
:102F8000E38382F40062114340F0428440F6004043
:102F9000C4F20240D0F8DC1011F0700100F0F683AA
:102FA0000268102903D112F0006240F08F84026899
:102FB000202903D112F0005240F006840368026811
:102FC000302903D113F0020340F0DD83402903D1FF
:102FD00012F4007240F0EF84D0F8F000502900F0B5
:102FE0001CBD00BF81F00103134300F0D38381F0C7
:102FF0000201114340F00C8440F60040C4F202404C
:10300000D0F8E41001F00301DFE811F004005A04E5
:1030100097012C0401F0C6FE04B080BD82F000636D
:103020000B4300F0DB8382F08052114340F0F083C9
:1030300040F60041C4F20241D1F8E000C0F3C20200
:10304000042A00F2498448F20000C0F2BB00DFE825
:1030500012F03704D9030304DF035D0482F4004354
:103060000B4300F0D78382F48032114340F0D083C9
:1030700040F60041C4F20241D1F8E40000F0407093
:10308000B0F1807F00F0D883002800F07F830A68C9
:10309000B0F1007F4FF0000040F0BA8312F002025E
:1030A00000F0B683086800F0AABC00BF40F60040FC
:1030B000C4F20240D0F8D81011F0380100F0668355
:1030C0000268082903D112F0006240F0FF83102942
:1030D00000F07A8303680268182903D113F0020311
:1030E00040F05183202903D112F4007240F0638430
:1030F000D0F8F000282900F090BC00BF40F6004056
:10310000C4F20240D0F8D81011F4E07100F03E8310
:103110000268402903D112F0006240F0D7830268B0
:10312000802903D112F0005240F04E8303680268F8
:10313000C02903D113F0020340F02583B1F5807F4D
:1031400003D112F4007240F03684D0F8F000B1F5EB
:10315000A07F00F062BC00BF40F60040C4F2024015
:10316000D0F8D81011F4606100F010830268B1F556
:10317000007F03D112F0006240F0A8830268B1F52D
:10318000806F03D112F0005240F01E830368026882
:10319000B1F5C06F03D113F0020340F0F482B1F532
:1031A000006F03D112F4007240F00584D0F8F000F3
:1031B000B1F5206F00F031BC40F60040C4F202408F
:1031C000D0F8D81011F4E04100F0E0820268B1F5C7
:1031D000805F03D112F0006240F078830268B1F59D
:1031E000005F03D112F0005240F0EE8203680268E3
:1031F000B1F5405F03D113F0020340F0C482B1F592
:10320000804F03D112F4007240F0D583D0F8F00063
:10321000B1F5A04F00F001BC40F60040C4F20240FE
:10322000D0F8D81011F4603100F0B0820268B1F526
:10323000004F03D112F0006240F048830268B1F5FC
:10324000803F03D112F0005240F0BE820368026852
:10325000B1F5C03F03D113F0020340F09482B1F501
:10326000003F03D112F4007240F0A583D0F8F000C3
:10327000B1F5203F00F0D1BB40F60040C4F202405F
:10328000D0F8D81011F4E01100F080820268B1F596
:10329000802F03D112F0006240F018830268B1F56C
:1032A000002F03D112F0005240F08E8203680268B2
:1032B000B1F5402F03D113F0020340F06482B1F561
:1032C000801F03D112F4007240F07583D0F8F00033
:1032D000B1F5A01F00F0A1BB40F60040C4F20240CF
:1032E000D0F8DC10C1F30241052900F2F582DFE8D5
:1032F00011F09F028902A302DD01A902B90200BFF9
:1033000040F60040C4F20240D0F8DC10C1F3025194
:10331000052900F2E182DFE811F08B0275028F02CD
:10332000C9019502A50200BF40F60040C4F2024068
:10333000D0F8E400400640F1C38201A8FFF7E0F9AD
:10334000039804B080BD00BF40F60041C4F20241C2
:10335000D1F8F000D1F8F02000F44070B0F5807F93
:1033600006D112F002021EBF4FF4004004B080BD2F
:10337000D1F8F020B0F5007F06D112F000621EBF38
:103380004FF4FA4004B080BD0A68B0F5407F4FF0BA
:10339000000040F03D8212F4003200F03982C8692A
:1033A00010F4785F00F09882C86941F20021C0F300
:1033B0000520C0F27A01B1FBF0F004B080BD00BF7F
:1033C00040F60040C4F20240D0F8E01001F0E061A5
:1033D000B1F1007F00F0F881B1F1807F00F07682DA
:1033E000002900F0258237E140F60040C4F2024097
:1033F000D0F8E41001F44031B1F5803F00F01C82B8
:10340000002900F0C38102680068B1F5003F03D1D4
:1034100012F0020240F0F38210F400701CBF40F67C
:103420000010C0F23D00B1F5403F18BF002004B0CD
:1034300080BD00BF40F60041C4F20241D1F8E8006F
:10344000096810F4407040F0358211F4003100F04A
:10345000318241F20020C0F27A0004B080BD00BF8A
:1034600040F60040C4F20240D0F8E810D0F8F02056
:1034700011F0C00140F0348212F0020200F03082FC
:103480004FF4004004B080BD40F60041C4F2024158
:10349000D1F8E000C0F38212042A00F21D8248F243
:1034A0000000C0F2BB00DFE812F00B02AD01D70153
:1034B000B301310240F60040C4F20240D0F8E010FF
:1034C00011F4606100F086810268B1F5007F03D1DC
:1034D00012F0006240F0FA810268B1F5806F03D10A
:1034E00012F0005240F0708103680268B1F5C06FBD
:1034F00003D113F0020340F0BF81B1F5006F03D197
:1035000012F4007240F06D82006810F400301CBFAD
:1035100041F20020C0F27A00B1F5206F18BF002000
:1035200004B080BD40F60040C4F20240D0F8DC1088
:10353000C1F30221052900F2CF81DFE811F0790102
:1035400063017D01B7008301070000BFD0F8E810D8
:103550000368026811F0404103D113F0020340F008
:103560001281B1F1804F40F0E58112F4007240F019
:103570002282DFE140F60040C4F20240D0F8DC10C5
:10358000C1F30231052900F2A781DFE811F0FF0045
:103590003B0155018F005B01070000BFD0F8E81028
:1035A0000368026811F0404103D113F0020340F0B8
:1035B000EA80B1F1804F40F0BD8112F4007240F01A
:1035C000FA81B7E140F60040C4F20240D0F8D810CA
:1035D00011F4600100F0DA800268B1F5001F03D138
:1035E00012F0006240F072810268B1F5800F03D1E1
:1035F00012F0005240F0E88003680268B1F5C00F95
:1036000003D113F0020340F0BE80B1F5000F03D1E7
:1036100012F4007240F0CF81D0F8F000B1F5200F25
:10362000FBE100BF40F60040C4F20240D0F8D810E1
:1036300011F0E06100F0AA800268B1F1807F03D14F
:1036400012F0006240F042810268B1F1007F03D1C4
:1036500012F0005240F0B88003680268B1F1407F78
:1036600003D113F0020340F08E80B1F1806F03D1DB
:1036700012F4007240F09F81D0F8F000B1F1A06F19
:10368000CBE100BF40F60040C4F20240D0F8DC10AD
:10369000C1F30271052900F21F81DFE811F0C900B2
:1036A000B300CD000700D300E30000BFD0F8F00066
:1036B0004FF4004101EA803004B080BD40F6004084
:1036C000C4F20240D0F8E810D0F8F02011F0080160
:1036D00006D112F002021EBF4FF4004004B080BDBC
:1036E000D0F8F00010F0006018BF4FF4FA40002945
:1036F00008BF084604B080BD40F60041C4F2024154
:10370000D1F8E800C0F3C242042A00F2E58048F292
:103710000000C0F2BB00DFE802F0D3759F7B03001E
:10372000D1F8E8000B6810F04042086803D113F0AC
:10373000020340F06481B2F1804F40F0298110F41F
:10374000007040F0388123E140F60040C4F20240AE
:10375000D0F8DC1011F0070118D00268012903D15C
:1037600012F0006240F0B2800268022902D112F029
:10377000005229D103680268032940F0178113F031
:10378000020300F01381C2F3C1003AE101F022FB11
:1037900004B080BD40F60040C4F20240D0F8E01012
:1037A00011F4603116D00268B1F5004F03D112F068
:1037B000006240F08B800268B1F5803F40F00281EA
:1037C00012F0005200F0FE8001A8FFF773F8029893
:1037D00004B080BD01F022FB04B080BD40F6004182
:1037E000C4F20241D1F8E00000F00702042A00F21E
:1037F000738048F20000C0F2BB00DFE802F0610312
:103800002D09870001A8FEF77BFF019804B080BD59
:1038100004B080BD40F60040C4F20240D0F8E4108D
:1038200001F44011B1F5801F06D0002940F09080CE
:1038300001F018FB04B080BD01A8FFF73BF8039826
:1038400004B080BDD0F8F0004FF4FA41000101EA65
:10385000E07004B080BD00BF01A8FFF72BF801980D
:1038600004B080BDD0F8E8100368026811F0404150
:103870005AD113F0020357D0C2F3C100C1E000BF18
:103880000268102902D112F0007219D1D0F8F0208C
:10389000202903D112F002027FF4F2ADD0F8F0003B
:1038A00010F0006018BF4FF4FA40302918BF002014
:1038B00004B080BDB0F5007F08D0B0F5807F0BD19B
:1038C00001A8FEF743FE029804B080BD01A8FEF7F0
:1038D00017FF029804B080BD002004B080BD00BF77
:1038E000D0F8F020402906D112F000621EBF4FF43C
:1038F000FA4004B080BD006810F4007018BF48F2B0
:103900001200802918BF002004B080BDD1F8E80063
:103910000B6810F04042086834D113F0020331D034
:10392000C0F3C1006DE000BFB1F1804F02D112F4CD
:10393000007256D1006810F400301CBF41F2002024
:10394000C0F27A00B1F1004F18BF002004B080BD72
:1039500002680068B1F5001F02D112F002024ED1D8
:1039600010F400701CBF40F60010C0F23D00B1F52D
:10397000401F18BF002004B080BD00BF01F096FAC0
:1039800004B080BDB2F1804F02D110F4007028D194
:10399000086810F400301CBF41F20020C0F27A0029
:1039A000B2F1004F18BF002004B080BD042931D10E
:1039B00012F400722ED040F60010C0F23D0004B0A8
:1039C00080BD00BF03680268B1F5C03F03D113F0AA
:1039D00002037FF451AFB1F5003F33D112F400720E
:1039E00030D040F60010C0F23D0004B080BD00BFF2
:1039F00002680068042919D112F0020216D0C0F33F
:103A0000C10049F20001C0F2D03121FA00F004B047
:103A100080BD00BFD0F8F000052900F002024FF091
:103A2000000008BF900304B080BD00BF10F4007018
:103A30001CBF40F60010C0F23D00052918BF002051
:103A400004B080BD006810F400301CBF41F20020BB
:103A5000C0F27A00B1F5203F18BF002004B080BD4D
:103A60002DE9F0470446006840F62848C101C4F239
:103A7000024807D5D8F8C010A26D21F0404111438B
:103A8000C8F8C010C0070ED0E06D052822D8DFE8C6
:103A900000F003232B030303D8F8B01021F0070133
:103AA0000843C8F8B00000262078800702D43546C5
:103AB00045E000BF206E4FEAF00005281ED83546CD
:103AC000DFE800F004222804040400BF2F4645BBB1
:103AD0002CE000BF0126E7E704F1080004F01EFB1C
:103AE00006460028E0D106E004F1300004F08EFB29
:103AF00006460028D8D1E06DCEE700BF012501279A
:103B0000207840071FD44EE004F1080004F006FBC3
:103B100004E000BF04F1300004F078FB05462F46B6
:103B200025B1207840070ED43DE000BFD8F8B000A2
:103B3000216E20F0380008430025C8F8B000374651
:103B4000207840072FD5606E4FEAB010052809D8BD
:103B5000DFE800F0040E1404040400BF2E46A5B9EB
:103B600018E000BF01250126207800071FD450E08F
:103B700004F1080004F0D2FA04E000BF04F13000C0
:103B800004F044FB05462E4625B1207800070ED4EC
:103B90003FE000BFD8F8B000616E20F4E070084349
:103BA0000025C8F8B0003E462078000731D5A06E49
:103BB0004FEA7020052809D8DFE800F00410160449
:103BC000040400BFA946B5B91AE000BF4FF00109CF
:103BD00001252078C00620D44FE000BF04F1080082
:103BE00004F09CFA04E000BF04F1300004F00EFB86
:103BF0000546A94625B12078C0060ED43DE000BF99
:103C0000D8F8B000A16E20F4606008430025C8F821
:103C1000B000B1462078C0062FD5E06E4FEA3030B4
:103C2000052809D8DFE800F0040E1404040400BFDE
:103C30002F46A5B918E000BF01270125207880068E
:103C40001FD44EE004F1080004F068FA04E000BF5D
:103C500004F1300004F0DAFA05462F4625B1207849
:103C600080060ED43DE000BFD8F8B000E16E20F42D
:103C7000E04008430025C8F8B0004F462078800691
:103C80002FD5206F4FEAF030052809D8DFE800F083
:103C9000040E1404040400BF2E46A5B918E000BFAA
:103CA00001260125207840061FD44EE004F10800CB
:103CB00004F034FA04E000BF04F1300004F0A6FA86
:103CC00005462E4625B1207840060ED43DE000BFC3
:103CD000D8F8B000216F20F4603008430025C8F800
:103CE000B0003E46207840062FD5606F4FEAB040C6
:103CF000052809D8DFE800F0040E1404040400BF0E
:103D00002F46A5B918E000BF01270125207800063D
:103D10001FD44EE004F1080004F000FA04E000BFF4
:103D200004F1300004F072FA05462F4625B12078E0
:103D300000060ED43DE000BFD8F8B000616F20F45B
:103D4000E01008430025C8F8B00037462078000688
:103D50002FD5A06F4FEA7050052809D8DFE800F092
:103D6000040E1404040400BF2E46A5B918E000BFD9
:103D7000012601256078C0071FD150E004F108003A
:103D800004F0CCF904E000BF04F1300004F03EFA86
:103D900005462E4625B16078C0070ED13FE000BF32
:103DA000D8F8B000A16F20F4600008430025C8F8DF
:103DB000B0003E466078C00731D0E06F4FEA306017
:103DC000052809D8DFE800F004101604040400BF39
:103DD000A946B5B91AE000BF4FF001090125607886
:103DE000800720D450E000BF04F1080004F096F9E9
:103DF00004E000BF04F1300004F008FA0546A946CB
:103E000025B1607880070ED43EE000BFD8F8B0003E
:103E1000E16F20F0E06008430025C8F8B000B1462B
:103E20006078800730D5D4F880004FEAF06005282C
:103E300008D8DFE800F0030D130303032F46A5B9EC
:103E400018E000BF012701256078400720D44FE02B
:103E500004F1080004F062F904E000BF04F130004E
:103E600004F0D4F905462F4625B1607840070FD4F9
:103E70003EE000BFD8F8B000D4F8801020F06050C9
:103E800008430025C8F8B0004F46607840072FD59A
:103E9000D4F88400052809D8DFE800F0040E1404E3
:103EA000040400BF2E46A5B918E000BF0126012575
:103EB0006078000720D451E004F1080004F02EF9E6
:103EC00004E000BF04F1300004F0A0F905462E46DE
:103ED00025B1607800070FD440E000BFD8F8B400E7
:103EE000D4F8841020F0070008430025C8F8B40077
:103EF0003E466078000731D5D4F888004FEA30108C
:103F0000052809D8DFE800F0040E1404040400BFFB
:103F10002F46A5B918E000BF012701256078C0062B
:103F200020D451E004F1080004F0F8F804E000BFE8
:103F300004F1300004F06AF905462F4625B1607897
:103F4000C0060FD440E000BFD8F8B400D4F8881001
:103F500020F0700008430025C8F8B40037466078A8
:103F6000C00631D5D4F88C004FEA3060052809D856
:103F7000DFE800F0040E1404040400BF2E46A5B9C7
:103F800018E000BF012601256078800620D43DE0BE
:103F900004F1080004F0C2F804E000BF04F13000AE
:103FA00004F034F905462E4625B1607880060FD41A
:103FB0002CE000BFD8F8B800D4F88C1020F0E060F6
:103FC00008430025C8F8B8003E46607880061DD535
:103FD000D4F890006FF0010101EB3041022909D3C0
:103FE0004FEA304030B1012834D104F1300004F000
:103FF0000DF905462F4655B9D8F8BC00D4F89010F5
:1040000020F4403008430025C8F8BC0037466078EB
:10401000400624D5D4F894006FF0010101EBB041C3
:10402000022909D34FEAB04030B101283AD104F156
:10403000300004F0EBF805462E468DB9D8F8BC00E8
:10404000D4F8941020F4402008430025C8F8BC00A0
:1040500005E000BF0127012560784006DAD43E461E
:104060006078000623D5D4F898006FF0010101EBC9
:104070003051022909D34FEA305030B1012839D1EB
:1040800004F1300004F0C2F80546A94685B9D8F815
:10409000BC00D4F8981020F4401008430025C8F85C
:1040A000BC0004E00126012560780006DBD4B1469F
:1040B0006079400724D5D4F89C006FF0010101EB32
:1040C000B051022909D34FEAB05030B101283BD199
:1040D00004F1300004F09AF805462F468DB9D8F85F
:1040E000BC00D4F89C1020F4400008430025C8F818
:1040F000BC0005E04FF00109012560794007DAD4E2
:104100004F46A078C00724D0D4F8A000002818BFDC
:10411000B0F1007F0CD12E46E5B9D8F8BC00D4F838
:10412000A01020F0407008430025C8F8BC0010E043
:10413000B0F1807F34D104F1300004F067F8054617
:104140002E463DB9E9E700BF01270125A078C00749
:10415000DAD13E46D4E9000140F61C49C4F20249D6
:1041600009050CD5D9F8001021F40041C9F8001058
:10417000D4F80011D9F800201143C9F800108003C9
:1041800034D5D4F8A4004FEA302005280CD8DFE855
:1041900000F00311170303032F46C5B91CE000BF4D
:1041A00001260125D6E700BF01270125A078400799
:1041B00020D451E004F1080003F0B0FF04E000BF98
:1041C00004F1300004F022F805462F4625B1A0780E
:1041D00040070FD440E000BFD8F8B400D4F8A410D2
:1041E00020F4E06008430025C8F8B4003746A07802
:1041F000400731D5D4F8A8004FEA3030052809D857
:10420000DFE800F0040E1404040400BF2E46A5B934
:1042100018E000BF012601252079800620D451E056
:1042200004F1080003F07AFF04E000BF04F130005D
:1042300003F0ECFF05462E4625B1207980060FD409
:1042400040E000BFD8F8B400D4F8A81020F4E04053
:1042500008430025C8F8B4003E462079800631D5D1
:10426000D4F8AC004FEA3040052809D8DFE800F068
:10427000040E1404040400BF2F46A5B918E000BFC3
:10428000012701252079400620D451E004F10800DF
:1042900003F044FF04E000BF04F1300003F0B6FF78
:1042A00005462F4625B1207940060FD440E000BFD7
:1042B000D8F8B400D4F8AC1020F4E020084300256E
:1042C000C8F8B40037462079400631D5D4F8B0009C
:1042D0004FEA3050052809D8DFE800F0040E140436
:1042E000040400BF2E46A5B918E000BF0126012531
:1042F0002079000620D451E004F1080003F00EFFFD
:1043000004E000BF04F1300003F080FF05462E46B4
:1043100025B1207900060FD440E000BFD8F8B400E2
:10432000D4F8B01020F4E00008430025C8F8B40029
:104330003E462079000631D5D4F8B4004FEA30600B
:10434000052809D8DFE800F0040E1404040400BFB7
:104350002F46A5B918E000BF012701256079C007E5
:1043600020D151E004F1080003F0D8FE04E000BFC2
:1043700004F1300003F04AFF05462F4625B160796D
:10438000C0070FD140E000BFD8F8B400D4F8B41093
:1043900020F0E06008430025C8F8B4003746607993
:1043A000C00731D0D4F8B8004FEA3070052809D8DA
:1043B000DFE800F0040E1404040400BF2E46A5B983
:1043C00018E000BF01260125A078000720D457E09F
:1043D00004F1080003F0A2FE04E000BF04F1300085
:1043E00003F014FF05462E4625B1A07800070FD430
:1043F00046E000BFD8F8B400D4F8B81020F0E04090
:1044000008430025C8F8B4003E46A078000737D519
:10441000D4F8C0004FEA304004280FD8DFE800F09D
:1044200004141A0A0A0000BFD8F8000040F4003053
:10443000C8F800002F46A5B918E000BF01270125E4
:10444000A078C00620D457E004F1080003F066FE0F
:1044500004E000BF04F1300003F0D8FE05462F460B
:1044600025B1A078C0060FD446E000BFD8F8C00040
:10447000D4F8C01020F4E02008430025C8F8C0009C
:104480003746A078C00637D5D4F8C4004FEAF040CC
:1044900004280FD8DFE800F004141A0A0A0000BF4D
:1044A000D8F8000040F40030C8F800002E46A5B946
:1044B00018E000BF01260125A078800620D447E03F
:1044C00004F1080003F02AFE04E000BF04F130000C
:1044D00003F09CFE05462E4625B1A07880060FD439
:1044E00036E000BFD8F8C000D4F8C41020F4601043
:1044F00008430025C8F8C0003E46A078800627D5AE
:10450000D4F8D000052809D802280FD02846ADB12C
:10451000D4E90012920520D42FE000BF012001252C
:10452000D4E90012920518D427E000BF04F1080076
:1045300003F0F4FD0546002D2846E9D1D8F8C00067
:10454000D4F8D01020F0070008430025C8F8C000B8
:104550003046D4E9001292050FD5D4F8D42042F0A9
:104560000803082B0ED1AA4645B9D8F8C03000255B
:1045700023F008031A43C8F8C0208246880106D4F5
:10458000504620E04FF0010A01258801F8D54FF68A
:104590000847CFF6FF7759F8070040F0010049F8C7
:1045A0000700FDF7D5FE064659F80700C00707D1FA
:1045B000FDF7CEFE801B0228F6D90320032502E07A
:1045C000002D284664D021684A011CD5D4F8C820A3
:1045D0006FF0010303EB3213022B0AD34FEA3213BD
:1045E0003BB1012B38D1D8F8003043F40033C8F880
:1045F00000302E4645B9D8F8C030002523F03003EE
:104600001A43C8F8C0200646480229D5D4F8CC0081
:10461000402809D0D0B9D8F8000040F40030C8F8DC
:1046200000002F46A5B906E004F1080003F076FD6E
:1046300005462F4665B9D8F8BC00D4F8CC1020F058
:10464000400008430025C8F8BC0009E00127012507
:10465000E078000709D481E0012601254802D5D47D
:104660003746E078000740F17980D4F8DC00042870
:1046700052D8DFE800F003575D090900D8F80000C0
:1046800040F40030C8F80000002D2E4657D15BE002
:10469000D8F8C80010F440701AD0D4F8F41001F41F
:1046A0004071884211D0D8F8C800D8F8C81020F45A
:1046B000407041F48031C8F8C810D8F8C81021F40F
:1046C0008031C8F8C810C8F8C800C00740F0FC81A5
:1046D000D4F8F400D9F800104FF6CF7300F440720C
:1046E00021F47C51C0F2FF0303EA1013B2F5407FBE
:1046F00008BF1943C9F80010D8F8C8106FF31F306D
:1047000021F44071C8F8C810D8F8C8100025084333
:10471000C8F8C80034E700BF01260125E078C006CC
:1047200020D457E004F1080003F0F8FC04E000BFD7
:1047300004F1300003F06AFD05462E4625B1E0780D
:10474000C0060FD446E000BFD8F8B800D4F8DC109B
:1047500020F0070008430025C8F8B8003E46E0787E
:10476000C00637D5D4F8E0004FEAF00004280FD88F
:10477000DFE800F004141A0A0A0000BFD8F80000AD
:1047800040F40030C8F800002F46A5B918E000BF7B
:1047900001270125E078800620D457E004F10800C5
:1047A00003F0BCFC04E000BF04F1300003F02EFD78
:1047B00005462F4625B1E07880060FD446E000BFBD
:1047C000D8F8B800D4F8E01020F0380008430025ED
:1047D000C8F8B8003746E078800637D5D4F8E4004A
:1047E0004FEAB01004280FD8DFE800F004141A0ACA
:1047F0000A0000BFD8F8000040F40030C8F80000FC
:104800002E46A5B918E000BF01260125E078400634
:1048100020D44AE004F1080003F080FC04E000BF6B
:1048200004F1300003F0F2FC05462E4625B1E07895
:1048300040060FD439E000BFD8F8B800D4F8E4102F
:1048400020F4E07008430025C8F8B8003E46E07840
:1048500040062AD5D4F8E8004FEA7020052809D888
:10486000DFE800F0040C1204040400BF2F46EDB989
:1048700011E000BF0127012518E000BF04F1080086
:1048800003F04CFC04E000BF04F1300003F0BEFC78
:1048900005462F4655B9D8F8B800D4F8E81020F4EA
:1048A000606008430025C8F8B80037462068B0F1BA
:1048B000FF3F05DD3E462079C00718D148E000BF24
:1048C000D4F8EC004FEA3030052800F2DB80DFE856
:1048D00010F00700E100E70007000700070000BF35
:1048E000002D2E4600F0E5802079C00730D0D4F8A6
:1048F000F0004FEAF030052808D8DFE800F0030D9B
:10490000130303032F46A5B918E000BF01270125B3
:104910002079800720D43BE004F1080003F0FEFB7F
:1049200004E000BF04F1300003F070FC05462F46A0
:1049300025B1207980070FD42AE000BFD8F8B8004D
:10494000D4F8F01020F4603008430025C8F8B8000F
:104950003746207980071BD5D4F8D800032800F209
:104960008380DFE800F00903850900BFD8F8000064
:1049700040F40030C8F800002E4655B9D8F8BC0005
:10498000D4F8D81020F0030008430025C8F8BC0074
:104990003E462079400722D5D4F8BC0058B1B0F586
:1049A000007F0BD0B0F5807F32D1D8F8000040F402
:1049B0000030C8F800002F4695B906E004F1080061
:1049C00003F0ACFB05462F4655B9D8F8C000D4F823
:1049D000BC1020F4407008430025C8F8C0003746DA
:1049E0002079C0062AD5D4F8FC00302809D0202828
:1049F00014D0102832D1D8F8000040F40030C8F8A4
:104A0000000095B1207900071CD42846BDE8F08746
:104A1000012701252079C006E5D40FE004F130001C
:104A200003F0F4FB0546002DECD1D8F8BC00D4F817
:104A3000FC1020F030000843C8F8BC003D46207947
:104A40000007E2D5D8F8C000D4F8F81020F0C00074
:104A50000843C8F8C0002846BDE8F0870125207942
:104A60000007D2D5EEE700BF0126012591E700BF80
:104A700004F1080003F052FB0546002D2E467FF49A
:104A800088AF7BE7012601252079C0077FF42FAF8F
:104A90005EE700BF04F1080003F040FB04E000BF44
:104AA00004F1300003F0B2FB0546002D2E467FF4E2
:104AB0001BAFD8F8B800D4F8EC1020F4E04008435D
:104AC0000025C8F8B800F5E6FDF742FC064641F2BD
:104AD00088370325D8F8C80080073FF5F9ADFDF702
:104AE00037FC801BB8424FF00300F3D96BE50000A0
:104AF0002DE9F04381B0002800F0CD8042F200089B
:104B0000C4F202080446D8F800000D4600F00F0079
:104B100088420DD2D8F8000020F00F002843C8F8D2
:104B20000000D8F8000000F00F00A84240F0B38069
:104B3000206840F62047C106C4F202470CD56169DF
:104B40003A68702303EA1222914205D93A6822F4A6
:104B5000E04242EA0121396001070CD521693A6837
:104B6000702303EA1212914205D93A6822F4E062F6
:104B700042EA0111396041070AD5E1683A6802F05A
:104B80007002914204D93A6822F0700211433960F0
:104B900081070AD5A1683A6802F00F02914204D950
:104BA0003A6822F00F0211433960C00768D12068CB
:104BB00081070AD5A1683A6802F00F02914204D237
:104BC0003A6822F00F0211433960D8F8001001F062
:104BD0000F01A9420CD9D8F8001021F00F01294388
:104BE000C8F80010D8F8001001F00F01A94252D106
:104BF00041070AD5E1683A6802F07002914204D296
:104C00003A6822F070021143396001070CD521691E
:104C10003A68702303EA1212914205D23A6822F4EC
:104C2000E06242EA01113960C0060CD5606939685A
:104C3000702202EA1121884205D2396821F4E0414C
:104C400041EA0020386000F031F939684DF29012E5
:104C500001F00F01C0F60002525C40F20401C2F202
:104C60000001096840F2080320FA02F2C2F20003D0
:104C700008461A6001B0BDE8F043FDF7BDBB00BFB8
:104C8000606801280CD002285ED0032862D157F852
:104C9000201C890108D4012001B0BDE8F08300BFC9
:104CA00057F8201C8905F6D557F8041C21F003019C
:104CB000084347F8040CFDF74BFB616806460329DF
:104CC00041F288392BD0022937D0012910D100BFF9
:104CD00057F8040C00F0180008283FF468AFFDF7FF
:104CE00037FB801B48454FF00300F1D90DE000BFB2
:104CF00057F8040C10F0180F3FF459AFFDF728FBDC
:104D0000801B48454FF00300F2D901B0BDE8F083A5
:104D1000FDF71EFB801B48454FF00300F5D857F800
:104D2000040C00F018001828F2D140E7FDF710FB42
:104D3000801B48454FF00300E7D857F8040C00F0FB
:104D400018001028F2D132E757F8201C8903A2D5A9
:104D5000AAE700BF57F8201C89079CD5A4E70000EC
:104D60001F22026040F61C42C4F2024213684FF058
:104D7000700C03F003034360526802F00F0383607A
:104D800002F07003C3600CEA12130CEA1222C0E9AD
:104D9000043242F20000C4F20200006800F00F008A
:104DA0000860704780B500F081F840F62041C4F2F9
:104DB000024109684DF2901201F00F01C0F60002A5
:104DC000515C01F01F01C84040F20801C2F200012D
:104DD000086080BD80B500F069F840F62041C4F25B
:104DE00002410A684DF2901302F00F02C0F6000370
:104DF0009A5C02F01F02D04040F20802C2F20002A8
:104E0000106009684DF2A012C1F30211C0F6000251
:104E1000515C01F01F01C84080BD000080B500F06A
:104E200045F840F62041C4F202410A684DF2901361
:104E300002F00F02C0F600039A5C02F01F02D0409D
:104E400040F20802C2F20002106009684DF2A0129E
:104E5000C1F30221C0F60002515C01F01F01C840FD
:104E600080BD000080B500F021F840F62041C4F27A
:104E700002410A684DF2901302F00F02C0F60003DF
:104E80009A5C02F01F02D04040F20802C2F2000217
:104E9000106009684DF2A012C1F30231C0F60002A1
:104EA000515C01F01F01C84080BD000080B540F694
:104EB0000041C4F20241C86900F01800082802BF8E
:104EC00040F60010C0F23D0080BDC86910F0180F18
:104ED00034D0C86900F01800102802BF41F2002049
:104EE000C0F27A0080BDC86900F01800182849F2A5
:104EF0000000C0F2D03066D1D1F828E08A6AC2F34F
:104F0000052C8A6A8B6BBCF1000F04BF002080BDAA
:104F1000C2F30012C3F3CC0303FB02F200EE102A2B
:104F20000EF00302B8EE400A032A15D0012A17D169
:104F30000A68920618D49FED251A1DE008688006BD
:104F400049F20000C0F2D03058BF80BD0968C1F3FB
:104F5000C101C84080BD00BF9FED1B1A0CE000BF1F
:104F60009FED1B1A08E000BF0A68C2F3C102D040DF
:104F700001EE100AB8EE411A02EE10CA486BB8EE04
:104F8000422A6FF35F2081EE021A02EE100A9FEDB3
:104F9000113AB8EE422A20EE030A486B30EE020ABC
:104FA000B7EE002AC0F3462030EE020A013021EEAF
:104FB000000A01EE100AB8EE411A80EE010ABCEEBA
:104FC000C00A10EE100A80BD0024F44A0024744C7C
:104FD0000024744A000000392DE9F04381B0002814
:104FE00000F0328140F6004740F6F0490446C4F232
:104FF0000247C4F20249F86959F8C81C227800F047
:105000001808D00601F0030629D5B8F1080F1BD007
:10501000B8F1180F08BF022E16D0E16938680029D0
:1050200000F0828140F480703860FDF791F9054608
:10503000386880050CD4FDF78BF9401B02284FF02F
:105040000300F5D97AE200BFE069002800F0FC8097
:10505000B869216A20F47C1040EA0140B8612078E8
:10506000C00717D0B8F1100F10D0B8F1180F08BF53
:10507000032E0BD06068B0F5A02F61DA002800F095
:10508000BD81B0F5803F00F0DD81DFE16068002880
:1050900000F0DA802078800777D5B8F1000F21D0B2
:1050A000E068B8F1180F08BF012E57D03968002802
:1050B00000F08081206921F01801084338603868C9
:1050C00040F001003860FDF743F905463868800775
:1050D00054D4FDF73DF9401B02284FF00300F5D9E9
:1050E0002CE200BFE068002800F0AE80396820693B
:1050F00001F01801814233D0396821F018010843CA
:105100003860FFF7D3FE396A4DF2901201F00F01BB
:10511000C0F60002515C40F2080201F01F0120FAC3
:1051200001F140F20400C2F200000068C2F2000285
:105130001160FDF761F9002840F0868010E000BFA3
:1051400000F07881B0F5A81F40F08081386840F405
:1051500080203860386840F4801072E1002873D0F5
:10516000FDF7F6F8054600BF3868800706D4FDF75E
:10517000EFF8401B0228F7D97FE000BF386961696A
:1051800020F4FE0040EA01403861207800075FD437
:105190002078400776D42078800600F19780A56AB1
:1051A000002D00F03A82B8F1180F40F0E18059F874
:1051B000C81C59F8BC0C012D46D0E26A01F003036B
:1051C000934241D1C1F30521226B91423CD1626BE4
:1051D00001466FF35F21013A914235D1A16BC0F3D3
:1051E000462201398A422FD1E16BC0F306420139D0
:1051F0008A4229D1216CC0F306600139884223D14B
:1052000059F8B80CE16CC0F3CC00884200F005827C
:1052100059F8C80C20F0100049F8C80CFDF798F8B0
:105220000546FDF795F8A842FBD0E06CC00049F8B0
:10523000B80C59F8C80C40F0100049F8C80C002010
:1052400001B0BDE8F08300BF012001B0BDE8F083EC
:10525000A169D9F80000002950D040F08060C9F859
:105260000000FDF775F80546D9F8000000018FD45D
:10527000FDF76EF8401B0228F6D9032001B0BDE807
:10528000F08300BF4FF62446CFF6FF76B859C0072B
:1052900012D1B85940F00100B851FDF759F8054650
:1052A000B859C00708D1FDF753F8401B02284FF04A
:1052B0000300F5D942E100BFA068042846DC0028BD
:1052C00000F0E080012800F00F8113E1616A386886
:1052D000002900F0818040F480503860FDF738F8F4
:1052E000054600BF386880043FF559AFFDF730F838
:1052F000401B02284FF00300F4D91FE120F080602A
:10530000C9F80000FDF724F8054600BFD9F80000F1
:1053100000017FF53DAFFDF71BF8401B02284FF061
:105320000300F3D90AE100BF20F480703860FDF774
:105330000FF80546386880057FF591AEFDF708F84F
:10534000401B02284FF00300F4D9F7E0052800F0D5
:10535000BF80852840F0CE80D9F8000040F00400DE
:10536000C9F80000D9F8000040F08000BAE000BFA2
:10537000386820F080703860FCF7EAFF022D05469F
:105380000CD100BF3868800140F1DC80FCF7E0FF01
:10539000401B02284FF00300F4D9CFE038688001A9
:1053A00040F13281FCF7D4FF401B02284FF003008C
:1053B000F4D9C3E021F001003860FCF7C9FF0546CD
:1053C000386880077FF5E1AEFCF7C2FF401B02287A
:1053D0004FF00300F4D9B1E020F480503860FCF7BE
:1053E000B7FF0546386880047FF5D9AEFCF7B0FFFB
:1053F000401B02284FF00300F4D99FE0386820F4E6
:1054000080303860386820F480103860386820F4C4
:1054100080203860FCF79CFF054600BF3868800399
:105420007FF538AEFCF794FF401B64284FF0030073
:10543000F4D983E0386840F480203860386820F47C
:1054400080103860386840F480300AE0386820F412
:1054500080303860386820F480203860386820F464
:1054600080103860FCF774FF054600BF3868800381
:105470003FF510AEFCF76CFF401B64284FF00300B3
:10548000F4D95BE0D9F8000020F00100C9F8000071
:10549000D9F8000020F08000C9F80000D9F8000019
:1054A00020F00400C9F80000FCF752FF054641F265
:1054B000883600BFD9F8000080077FF56CAEFCF796
:1054C00047FF401BB0424FF00300F3D936E000BF66
:1054D000D9F8000040F00400C9F80000D9F8000035
:1054E00020F08000C9F80000D9F8000040F0010069
:1054F00010E000BFD9F8000020F00100C9F800005A
:10550000D9F8000020F00400C9F80000D9F8000024
:1055100020F08000C9F80000FCF71AFF054641F2B0
:10552000883600BFD9F8000080073FF534AEFCF79D
:105530000FFF401BB0424FF00300F3D901B0BDE8AC
:10554000F08300BF59F8C80C43F6037104F12C0333
:1055500088430ECB084340EA0220A16B49F8C80CEF
:105560004FF47E4202EB4121E26B581E4FF4FE03E2
:1055700089B203EB02426FF35F20084402F4FE019C
:10558000226C4FF0FE4303EB0262084402F0FE413E
:10559000084449F8BC0C59F8C80C20F0100049F830
:1055A000C80CE06CC00049F8B80C59F8C80C40F0C1
:1055B000100049F8C80C59F8C80C616C20F00C00B8
:1055C000084349F8C80C59F8C80CA16C20F0200019
:1055D000084349F8C80C59F8C80C40F4803049F821
:1055E000C80C386840F080703860FCF7B1FE0446A3
:1055F0003868800111D4FCF7ABFE001B02284FF085
:105600000300F5D99AE700BF59F8C80C4FF6FC71B2
:10561000CFF6F871084049F8C80C002001B0BDE889
:10562000F083000091E80510CB68104347F61C0298
:10563000C4F200421060886943EA0C02104347F646
:105640002042C4F2004250601068D1E9043120F0D9
:10565000FF10184340EA014100201160704700002C
:1056600010B547F60400C4F200400068C0F3042EF1
:10567000C0F342344FEA104300F03F0CCB7081F886
:1056800001E081F802C00C7012B1002010BD00BF13
:10569000C0F3035203F00F0302EB820203EB42025A
:1056A000030ACA704FEA1E1242EA820203F00F0395
:1056B00003EB42024FEA1C1343EA830300F00F009E
:1056C00000EB43004A708870002010BD10B547F60B
:1056D0000000C4F2004083684B60C36803F4407369
:1056E000B3F5807F13D003696FF3DF338B600068FD
:1056F000C0F30543C0F3062EC0F3805400F07F0CC6
:105700000B7081F801E081F802C0CC7012B100206A
:1057100010BD00BF1B09020C43EA830302F00F0215
:1057200002EB4302030A0A704FEA1E1202EB8202E6
:1057300003F00F0303EB42024FEA1C1303EB830356
:1057400000F00F0000EB43004A708870002010BD8D
:1057500070B5002804BF012070BD044690F82D00EC
:1057600028B9002084F82C00204600F067F80220B9
:1057700047F60C06C4F2004684F82D003068C006D7
:1057800056D4306800F44070B0F5807F50D0CA2005
:10579000B0615320B061306840061BD4306840F0DF
:1057A00080003060FCF7D4FD3168490612D405460C
:1057B000FCF7CEFD3168401BB0F57A7F01F0400068
:1057C00002D80028F4D005E020B9032084F82D0089
:1057D00031681EE0F0684FF6BF71CFF68F31084098
:1057E000F060231D22690BCB43EA01411043A269FB
:1057F000F56810432843F06071603068D4E90912FD
:1058000020F4F850084310433060204602F03CFF7B
:1058100010B1FF21B16170BDF068D4E9073220F00A
:1058200060406169104318430843F060FF20B06195
:10583000012084F82D00002070BD000010B5C4B018
:10584000044602A808304FF48071FBF70CF820687A
:1058500047F60001C4F20041884201D044B010BDB7
:10586000002003904FF0007002904FF400703F90C2
:1058700002A8FEF7F5F8002818BFFBF767FF40F60F
:10588000A840C4F20240816C41F400418164016887
:1058900041F400110160006800F4001001900198CB
:1058A00044B010BDF0B581B0044690F82C0001283A
:1058B0004FF0020000F09580012384F82C3084F82A
:1058C0002D005AB14878CB7800028A7840EA03402C
:1058D0000978104440EA413749E000BF48784CF667
:1058E000CD4EC20642BF00F0EF000A304870CB78C0
:1058F000CCF6CC4EA3F10A07FAB2A2FB0E25EA08B9
:1059000002EB820291F800C0A7EB4202012707EBED
:10591000D505092B88BF42EA0513DAB2A0F10A03C4
:10592000DDB2A5FB0E56F50805EB85058978A3EBDE
:10593000450307EBD605092888BF43EA0510A1F106
:105940000A03DDB2A5FB0E651204EE0806EB86061F
:1059500042EA4C32C0B2A3EB460307EBD507092954
:1059600088BF43EA071142EA0020C9B2471847F648
:105970000C06C4F20046CA20B0615320B061306802
:1059800040061DD4306840F080003060FCF7E0FC39
:105990003168490614D40546FCF7DAFC3168401B2F
:1059A000B0F57A7F01F0400002D80028F4D007E07B
:1059B00030B9032084F82D003168FF21B1610DE07A
:1059C00027F0C00046F8080C204602F05DFEFF21DB
:1059D000B16118B9012084F82D000020002184F85D
:1059E0002C1001B0F0BD00002DE9F041044690F804
:1059F0002C0001284FF0020008BFBDE8F0810D46E1
:105A0000012147F60C0684F82C1084F82D00C4F20E
:105A10000046CA20B0615320B0613068904640060D
:105A200022D4306840F080003060FCF791FC31688F
:105A3000490619D4074600BFFCF78AFC3168C01B31
:105A4000B0F57A7F01F0400002D80028F4D00BE0D6
:105A500050B9032084F82D003168FF21B161002185
:105A600084F82C10BDE8F081306800F44070B0F587
:105A7000807F68D0F068B8F1000F00F0400003D0DC
:105A800040B90020E87007E070B94FF0000C85F8CD
:105A900003C00CE0E87880056A7829781202AB78B8
:105AA00042EA0141CA1842E0E8784FEA805C2B786C
:105AB0004CF6CD4EA3F10A07F9B2CCF6CC4EA1FBC1
:105AC0000E10C10801EB81086A78A978A7EB480598
:105AD0004FF0010808EBD000092B88BF45EA0013FE
:105AE000A2F10A00C5B2A5FB0E57FD0805EB85051E
:105AF000092AA0EB450008EBD70588BF40EA05124C
:105B0000A1F10A00C5B2A5FB0E75EF08DBB207EBE9
:105B100087074CEA0343D2B2A0EB470008EBD50756
:105B2000092988BF40EA071143EA0222C8B247F6B2
:105B30007F711043C0F27F01084046F80C0CF068FA
:105B400020F48020F060204602F09EFDFF21002816
:105B5000B1617FF484AF012084F82D000020002182
:105B600084F82C10BDE8F08178B1006843F20001A0
:105B7000C4F20101884218BF704740F29810C2F287
:105B80000000012101700021417070472DE9F043B0
:105B900081B00668044630697169D6F8089094F8B7
:105BA000898002070CD511F4006209D0B06940F475
:105BB00000612046B16101B0BDE8F04300F0BEBA1B
:105BC00001EA000505F06407042F05D1E16F2046C6
:105BD0008847A16F2046884705F04500012807D176
:105BE000A16F2046884705F02600022804D00BE06C
:105BF00005F02600022805D1E16F204601B0BDE87E
:105C0000F0430847042F03D101B0BDE8F08300BF83
:105C1000280715D415F4587FF6D015F0400065D14B
:105C2000A80570D4E80505F020007CD4002840F0D9
:105C30008880D4F88C00002840F09380E4E700BF0F
:105C40002068816941F008018161816941F010019A
:105C50008161816941F400618161016921F008017C
:105C60000161806810F4404F15D0204602F08CFD91
:105C7000012084F88900D4F88C0028B32046ADE0D8
:105C80002068E16E006B41F8040BE166B4F8720025
:105C90000138A4F87200B4F872000028E5D0E0687A
:105CA0001028EDD2082805D3308EE16E21F8020BC2
:105CB000EBE700BF206890F83000E16E0870E06EFE
:105CC0000130E066E2E700BFB8F1030F00F08C801E
:105CD000B8F1040F00F08E80B8F1050F94D1204682
:105CE00001B0BDE8F04300F06BBD00BF2068D4F800
:105CF0008C1041F00401C4F88C10816941F040011E
:105D00008161A8058ED52068D4F88C1041F001017E
:105D1000C4F88C10816941F400718161E80505F0D7
:105D200020007FF583AF2168D4F88C2042F0080270
:105D3000C4F88C208A6942F480728A6100283FF49A
:105D400078AF2068D4F88C1041F08001C4F88C1032
:105D5000816941F020018161D4F88C0000283FF472
:105D600053AF206840F26B32016821F001010160FD
:105D70000169914309F44042B2F5404F016129D1D4
:105D8000816848F6550521F440418160D4F88400CB
:105D9000C0F6000548B1C566FBF7AEFD28B1D4F8E2
:105DA0008C0040F04000C4F88C00D4F8800000283B
:105DB0003FF42AAFC566FBF79FFD00283FF424AFF0
:105DC000D4F88C0040F04000C4F88C0001B0BDE86D
:105DD000F08300BF0121204684F8891001B0BDE89E
:105DE000F043FFF7C1BE00BF204601B0BDE8F0435D
:105DF00000F0AABC204601B0BDE8F04300F09CB919
:105E0000F0B581B0002800F097800446006844F6A1
:105E1000FF32C5F2010200219042A16212DC44F679
:105E20000041C4F2010188421ED045F20001C4F2D3
:105E30000101884218D042F20001C4F200418842B8
:105E400012D015E044F60041C5F2010188420BD0A2
:105E500045F20001C5F20101884205D042F200017D
:105E6000C5F20041884203D1E1680F2964D800E0FF
:105E7000E168E36B012505EB53130831C90803FB07
:105E800001F143F2FF73C5F20003984216DC44F6B9
:105E9000FF32C4F20102904228DC43F60002C4F251
:105EA000000290421ED043F60042C4F2000290422B
:105EB00018D043F20002C4F2010211E0904227DC44
:105EC00043F60002C5F2000290420BD043F60042B6
:105ED000C5F20002904205D043F20002C5F2010271
:105EE00090422DD1102927D82AE000BF44F6004265
:105EF000C4F2010290421DD045F20002C4F2010238
:105F0000904217D042F20002C4F2004210E000BFFB
:105F100044F60042C5F2010290420BD042F2000268
:105F2000C5F20042904205D045F20002C5F20102DE
:105F3000904205D1082903D9012001B0F0BD00BF6E
:105F400094F8891031B9002084F88800204600F0C8
:105F50006FF82068022184F88910016821F001019E
:105F600001608368A7696268B7F1806F03F4F81C69
:105F70000ED12AB1B2F5800F0AD1A36B73B903E039
:105F8000A36BB3F1805F05D1036843F480530360D2
:105F9000530203D4E3684FF0010E0DE0E368072BD2
:105FA00008D3D0F800E0266D2EF4807535434FF00D
:105FB000000E04E04FF0000E056825F480750560C2
:105FC000E569A66A45EA0C05E16B2E4331431943A6
:105FD000A568266963698160616B3A43676A11430A
:105FE000A26B394311433143226A1943E36C1143D5
:105FF0001943A26C2943A36D1143E26D1943236E2B
:1060000011431943C160016DBEF1000F21F0010180
:10601000016505D1C168626D21F000411143C16085
:1060200000200121C4F88C0084F8891001B0F0BD73
:1060300070B5CAB0044602A8002508304FF480713C
:106040004995CDE94755CDE94555FAF70CFC20684F
:1060500043F20001C4F20101884201D04AB070BD90
:106060004FF0006002900420399002A80395FDF7DC
:10607000F7FC002818BFFBF769FB40F68C40C4F220
:1060800002408169012641F480518161816901F4F6
:10609000805101910199016841F00101016000689E
:1060A00045A900F0010001900198A0204590022030
:1060B0004690052049900020C4F20220CDE94766B1
:1060C000FCF778F840F2F03541F250030720C2F2B5
:1060D0000005C4F202030021C5E9003005F1080003
:1060E0004FF480624FF0080C80E806102846C5E99E
:1060F0000511C5E90711C5E90966C5E90B11696311
:10610000FBF716FD002818BFFBF720FB28461021DF
:10611000C4F88050EC65FBF707FC002818BFFBF7BC
:1061200015FB37200A210022FCF7D4F93720FCF7B1
:10613000C1F94AB070BD0000704700007047000010
:106140002DE9F04381B0D0F800901D461746044673
:106150000E46FCF7FDF894F8891001290ED180460F
:10616000002E4FF0010018BF002F03D101B0BDE891
:10617000F08300BF94F88800012803D1022001B009
:10618000BDE8F08301210320002284F8881084F800
:106190008900C4F88C206666A4F86870A4F86A7058
:1061A000E266A4F87020A4F87220A068A267B0F597
:1061B000C02F2068E26705D10168034641F4006200
:1061C00005E000BF034653F80C2F61F352421A60FA
:1061D00041684FF6FF72914339444160016841F0D4
:1061E000010101606168B1F5800F03D1016841F4DC
:1061F00000710160E168102918D343F2FF71C5F204
:106200000001884278DC43F60001C4F200018842B4
:1062100000F0858043F60041C4F20001884200F09E
:106220007E8043F20001C4F2010175E0072940F2CB
:10623000B380B4F86A10002900F03081691C37D0AF
:106240004FF6FE714E1C4169890707D4FCF780F8B0
:10625000A0EB0800A8421BD34CE100BFB4F86A10C1
:10626000022909D3E16B39B1616E51F8042B026246
:106270004FF6FE70616606E0606E30F8021BA9F80A
:10628000201060663046B4F86A100844A4F86A002A
:10629000B4F86A00002800F001812068416989078C
:1062A000DCD4D3E7FCF754F8B4F86A0010BBF5E08F
:1062B00041698907F6D5B4F86A1002290AD3E16B5F
:1062C00041B1616E51F8042B02626166B4F86A0054
:1062D000023808E0606E30F8021BA9F820106066F2
:1062E000B4F86A000138A4F86A00B4F86A0000281B
:1062F00000F0D4802068DBE743F60001C5F200011E
:1063000088420CD043F20001C5F20101884206D058
:1063100043F60041C5F2000188427FF48AAFB4F829
:106320006A10002900F0BA80691C1ED041698907F3
:1063300006D4FCF70DF8A0EB0800A8420AD3D9E078
:10634000616E51F8042B02626166B4F86A0001388C
:10635000A4F86A00B4F86A00002800F09F80206862
:1063600041698907E5D5EBE720684169890703D4CE
:10637000FBF7EEFF0AE000BF616E51F8042B0262EA
:106380006166B4F86A000138A4F86A00B4F86A00DB
:106390000028E9D182E000BFB4F86A10002900F0BB
:1063A0007D80691C43D04FF6FE718E1E4F1C4169E3
:1063B000890707D4FBF7CCFFA0EB0800A8422CD339
:1063C00098E000BFB4F86A10042909D3E16B4029B2
:1063D00006D9616E51F8042B02623046616617E0FF
:1063E000B4F86A1002290BD3E16B49B1606E30F842
:1063F000021BA9F8201060664FF6FE7008E000BF8F
:10640000616E097880F82010606E01306066384651
:10641000B4F86A100844A4F86A00B4F86A000028C6
:106420003CD0206841698907CCD4C3E72068416922
:10643000890703D4FBF78CFF2CE000BFB4F86A1087
:1064400004290BD3E16B412908D3616E51F8042B69
:1064500002626166B4F86A00043819E0B4F86A10A0
:1064600002290BD3E16B49B1606E30F8021BA9F829
:1064700020106066B4F86A00023809E0616E09789D
:1064800080F82010606E01306066B4F86A00013850
:10649000A4F86A00B4F86A000028C7D1681C13D0B9
:1064A00020684069000713D4FBF752FFA0EB0800F7
:1064B000A842F5D3D4F88C0040F02000C4F88C003A
:1064C00006E000BFFBF744FF206840690007F9D5EC
:1064D000204602F059F9012084F88900002084F850
:1064E0008800D4F88C00002818BF012001B0BDE856
:1064F000F08300BF204602F047F9D4F88C0040F446
:106500008070C4F88C00012084F88900002084F891
:106510008800032001B0BDE8F0830000F0B581B031
:10652000044690F8890001280CD100294FF00100A1
:106530001CBF1546002A01D101B0F0BD94F88800B7
:10654000012803D1022001B0F0BD00BF01200322C9
:1065500084F8880084F889200022C4F88C206166C1
:10656000A4F86850A4F86A50E266C4E91E22A4F8B0
:106570007020A4F87220A2682668B2F5C02F1FD13F
:106580003068324640F400631360D4F80CC0BCF1AC
:10659000100F20D2D4F88000BCF1080F836923D3F8
:1065A000002B55D0BCF10F0F4FF0000E5ED8022B20
:1065B0005CD1B4F86A2001325208A4F86A200FE0D6
:1065C000324652F80C3F60F352431360D4F80CC0CB
:1065D000BCF1100FDED3D4F880008369022B0DD1FB
:1065E0004FF0000E42E000BF022B37D0012B3BD111
:1065F000B4F86A200132520834E000BF43F2FF725F
:10660000C5F20002964211DC43F60002C4F2000219
:1066100096421DD043F60042C4F20002964217D0C3
:1066200043F20002C4F2010210E000BF43F6000290
:10663000C5F2000296420BD043F60042C5F20002BA
:10664000964205D043F20002C5F201029642A7D15C
:10665000002084F88800012001B0F0BDB4F86A2061
:1066600003329208A4F86A204FF0010E48F6A50202
:10667000C0F6000248F69D07026648F66D02002348
:10668000C0F60007C0F60002C0E91972C366B2681E
:10669000BEF1000F22F40042B2602A4604D1BCF1E0
:1066A0000F0F8CBFAA006A00A4F86A2090F850204F
:1066B000120607D4B4F86A3006F12002FBF70AFD8F
:1066C00068B91BE0426F52B1B4F86A30126806F143
:1066D0002007C2E902311761FBF74EF870B1D4F818
:1066E0008C00002140F01000C4F88C00012084F8D8
:1066F000890084F8881001B0F0BD00BFD4F8801084
:10670000D4E90002096D43684FF6FF77BB43812946
:1067100018BF2B4443608168B2F5800F41F40041FB
:106720008160016941F448710161016841F0010132
:10673000016003D1016841F400710160002084F818
:10674000880001B0F0BD0000B0B530B1006843F280
:106750000001C4F20101884200D0B0BD40F298159A
:10676000C2F200050020687068780028F5D1A8788A
:10677000002808BFB0BD287900EB400005EB800081
:10678000D0E90241028A2879013000F0070028711F
:10679000A8780138A870012068702046FFF7BEFE77
:1067A00020B1002169702870B0BD00BFD4F880000E
:1067B0000068416921F400714161B0BD704700007B
:1067C00070470000042888BF7047DFE800F0031519
:1067D000273839004EF21000CEF20000016821F097
:1067E0000401016040F6E440C4F20240016821F077
:1067F0000C010160704700BF4EF21000CEF20000A5
:106800000168012221F00401016040F6E440C4F275
:106810000240016862F38301016070474EF210008C
:10682000CEF200000168022221F00401016040F66E
:10683000E440C4F20240016862F3830101607047E2
:106840004EF21000CEF20000016841F00401016038
:10685000704700007047000070470000704700005C
:1068600070470000704700007047000010B590F8B6
:106870003C20012A4FF0020200F0BD8080F83D204C
:10688000026842F6FF33D2F804E0D2F808C0C5F23D
:1068900001039A420CDC42F60043C4F201039A421F
:1068A00012D043F20043C4F201039A420CD010E02C
:1068B00043F20043C5F201039A4205D042F6004379
:1068C000C5F201039A4204D14C682EF4700344EAE5
:1068D000030E4FF68F73CFF6FF530C6803EA0E03D7
:1068E0002343B2F1A04F536014DA41F2FF73C4F2B4
:1068F00000039A4222DC40F2FF73C4F200039A4282
:106900003EDCB2F1804F6BD040F20043C4F2000392
:1069100064E000BF41F2FF73C5F200039A421FDC3E
:1069200040F2FF73C5F200039A4235DCB2F1A04F8A
:1069300056D040F20043C5F200034FE043F2FF336C
:10694000C4F201039A4233DC41F60003C4F20003AF
:106950009A4245D042F60043C4F201033EE000BF34
:1069600043F2FF33C5F201039A422DDC41F60003E6
:10697000C5F200039A4233D042F600432CE000BF38
:1069800040F60003C4F200039A4229D040F60043C7
:10699000C4F2000322E000BF40F60003C5F200038A
:1069A0009A421DD040F60043C5F2000316E000BF36
:1069B00043F20043C4F201039A4211D044F20003AF
:1069C000C4F201030AE000BF44F20003C5F2010370
:1069D0009A4205D043F20043C5F201039A4204D122
:1069E00089682CF08003194391600121002280F80E
:1069F0003D1080F83C20104610BD0000704700009C
:106A0000002804BF0120704710B5044690F83D00EF
:106A100028B9002084F83C00204600F023F802202A
:106A200084F83D002068211D02F00EF9012084F851
:106A3000480084F83E0084F83F0084F8400084F861
:106A4000410084F8420084F8430084F8440084F84C
:106A5000450084F8460084F8470084F83D00002093
:106A600010BD000080B582B0006841F20001C4F2A0
:106A7000000188421CBF02B080BD40F69C40C4F2B9
:106A800002400168002241F0100101600068072106
:106A900000F01000019001983120FBF71BFD312020
:106AA00002B0BDE88040FBF705BD000090F83D1046
:106AB00001291CBF01207047022180F83D100168A8
:106AC000C868B1F1A04F40F00100C86014DA41F28B
:106AD000FF70C4F20000814222DC40F2FF70C4F279
:106AE000000081423EDCB1F1804F6BD040F20040AB
:106AF000C4F2000064E000BF41F2FF70C5F2000084
:106B000081421FDC40F2FF70C5F20000814235DC9B
:106B1000B1F1A04F56D040F20040C5F200004FE066
:106B200043F2FF30C4F20100814233DC41F6000041
:106B3000C4F20000814245D042F60040C4F2010098
:106B40003EE000BF43F2FF30C5F2010081422DDC80
:106B500041F60000C5F20000814233D042F6004009
:106B60002CE000BF40F60000C4F20000814229D0B2
:106B700040F60040C4F2000022E000BF40F60000F2
:106B8000C5F2000081421DD040F60040C5F2000071
:106B900016E000BF43F20040C4F20100814211D070
:106BA00044F20000C4F201000AE000BF44F2000019
:106BB000C5F20100814205D043F20040C5F2010058
:106BC00081420DD188680722C0F201020240062AE4
:106BD0004FF0000018BFB2F5803F01D1704700BFF1
:106BE000086840F00100086000207047704700000E
:106BF000F0B581B004460068C768066906EA070573
:106C0000A90739D468074DD4280763D4E8067AD495
:106C1000E80740F0928017F0800718BF16F4025082
:106C200040F09980002F18BF16F4807040F0A080CB
:106C3000680600F1A780A80600F1AE80E80200F126
:106C4000B580A80200F1BC80680206D520686FF408
:106C5000800101612046FFF707FE28025CBF01B0FA
:106C6000F0BD21686FF4000220460A6101B0BDE862
:106C7000F040FFF7C3BE00BF6FF0020101610121C8
:106C800021778069800703D02046FFF7AFFF05E03A
:106C9000204600F0A1F8204600F0A0F80020207760
:106CA0006807B1D520686FF00401016102212177E6
:106CB000806910F4407F03D02046FFF797FF05E07E
:106CC000204600F089F8204600F088F80020207760
:106CD00028079BD520686FF0080101610421217706
:106CE000C069800704D02046FFF780FF06E000BFA0
:106CF000204600F071F8204600F070F80020207760
:106D0000E8067FF585AF20686FF01001016108216A
:106D10002177C06910F4407F04D02046FFF766FF5A
:106D200006E000BF204600F057F8204600F056F875
:106D300000202077E8073FF46EAF20686FF0010174
:106D40000161204600F04CF817F0800718BF16F4D8
:106D500002503FF467AF20686FF402510161204692
:106D6000FFF77AFD002F18BF16F480703FF460AF74
:106D700020686FF4807101612046FFF76BFD6806A3
:106D80007FF559AF20686FF040010161204600F0A7
:106D900037F8A8067FF552AF20686FF02001016137
:106DA0002046FFF75BFDE8027FF54BAF20686FF4EC
:106DB000801101612046FFF755FDA8027FF544AF21
:106DC00020686FF4001101612046FFF749FD680259
:106DD0007FF543AF3AE700007047000070470000BE
:106DE00010B50446006841F20041C4F20001884237
:106DF00008BFFBF7CDFA2046BDE8104002F0A0B86E
:106E00007047000090F88410012904BF02207047E9
:106E10002421C0F8881002681168136823F0010368
:106E2000136021F000530021416613602022C0F856
:106E3000882080F8841008467047000010B504468A
:106E4000D0F88C0020281CBF022010BD00294FF074
:106E5000010018BF002A01D110BD00BF0120E0666B
:106E600000202067204602F021FD0028F4D1E06ECA
:106E700001281CBF012010BD20681021016250E8CC
:106E8000000F216840F0100041E80002002A04BF12
:106E9000002010BD24E000BF206850E8000F2168EA
:106EA00040F0100041E80002002A04BF002010BD9D
:106EB000206850E8000F216840F0100041E800020F
:106EC000002A04BF002010BD206850E8000F216890
:106ED00040F0100041E800020020002A08BF10BD69
:106EE000206850E8000F216840F0100041E80002DF
:106EF000002AD1D1002010BDB0B5006844F2004294
:106F0000C4F20002904201D0B0BD00BF0C46B1F502
:106F1000806F28BF4FF4806440F26415C2F2000510
:106F2000C4B1687810B1E86A0130E86241F22C60BF
:106F300041F22C21C2F20000C2F200012246F9F710
:106F400036FC01206C806870686A01306862A86A4B
:106F50002044A86228780028D6D140F60000C4F268
:106F6000022010210022FBF7EDF940F2C054C2F2DA
:106F7000000441F22C21C2F2000120464FF480624D
:106F8000FFF75CFF002818BFB0BD6868013068607B
:106F9000D4F880000068416921F400714161B0BDFE
:106FA00070470000B0B590F88420012A04BF022089
:106FB000B0BD2422C0F888200268D0F864E0D2F87E
:106FC00000C01368BEF1000F23F001031360936843
:106FD00023F0606341EA0301916019D093689168DE
:106FE00040F2B45E490FC0F6010E40F2BC551EF8E7
:106FF0000140C0F60105C3F34263695CE400B4FBE1
:10700000F1F11EF80340EB5CE500B5FBF3F301E0A2
:1070100001210123A0F86A102021A0F86830C2F8ED
:1070200000C0C0F88810002180F884100846B0BD68
:10703000B0B590F88420012A04BF0220B0BD2422FC
:10704000C0F888200268D0F864E0D2F800C0136865
:10705000BEF1000F23F001031360936823F0604337
:1070600041EA0301916019D09368916840F2B45EDF
:10707000490FC0F6010E40F2BC551EF80140C0F6A3
:107080000105C3F34263695CE400B4FBF1F11EF84F
:107090000340EB5CE500B5FBF3F301E001210123C4
:1070A000A0F86A102021A0F86830C2F800C0C0F82B
:1070B0008810002180F884100846B0BD7047000099
:1070C0007047000010B50446206850E8000F2168A2
:1070D00020F4907041E80002DAB1206850E8000F17
:1070E000216820F4907041E8000292B1206850E8D5
:1070F000000F216820F4907041E800024AB1206836
:1071000050E8000F216820F4907041E80002002A46
:10711000DAD14FF6FE70CEF6FF7000BF216851E85D
:10712000021F2268014042E80213C3B1216851E8FE
:10713000021F2268014042E8021383B1216851E82E
:10714000021F2268014042E8021343B1216851E85E
:10715000021F2268014042E80213002BDED1E06EDC
:10716000012824D1206850E8000F216820F0100089
:1071700041E80002DAB1206850E8000F216820F0F1
:10718000100041E8000292B1206850E8000F216829
:1071900020F0100041E800024AB1206850E8000FDA
:1071A000216820F0100041E80002002ADAD12068AE
:1071B0008068400612D5D4F8800078B10021C166FD
:1071C000FAF742FB50B1D4F88000FAF7D1FB10284F
:1071D00004D11020C4F89000032010BD20680F21B6
:1071E0000162816941F0080181612020C4F88C00AE
:1071F0000020E06610BD0000B0B5006844F2004118
:10720000C4F20001884201D0B0BD00BF40F2641555
:10721000C2F20005686940F6000401306861002090
:10722000C4F202242870204610210022FBF78AF8BD
:10723000204610210022FBF785F840F2C054C2F22C
:10724000000441F22C21C2F2000120464FF480627A
:10725000FFF7F4FD002818BFB0BD68680130686012
:10726000D4F880000068416921F400714161B0BD2B
:1072700070B502680446D16940F62F001668D2F84E
:1072800008E0084020280BD106F020000EF08053C3
:10729000C01823D0616FD1B32046BDE870400847C5
:1072A00040F60F00014219D00120C1F200000EEAA1
:1072B000000C40F22010C0F20040304010EB0C00F7
:1072C0000CD0C80718BF16F4807040F0EB80880718
:1072D0000EF0010300F1F280F9E000BFE06E06EA73
:1072E0000103DD0614D5012812D110201062906828
:1072F00040061DD4B4F85C00B4F85E10B4F85E30FB
:10730000002B1CBF401A5FEA004140F0CD8170BDE8
:10731000C80240F1A9801EF4800000F0A5804FF45F
:10732000801120461162BDE87040FFF7C9BE00BF62
:10733000D4F880301868806CB4F85CC081B2002941
:1073400000F09A81614580F09781A4F85E00186D85
:1073500081287CD052E8000F216820F4807041E839
:107360000002D2B3206850E8000F216820F480703A
:1073700041E800028AB3206850E8000F216820F439
:10738000807041E8000242B3206850E8000F216895
:1073900020F4807041E80002FAB1206850E8000F44
:1073A000DAE700BF206850E8020F216820F00100F2
:1073B00041E80202DAB1206850E8020F216820F0AB
:1073C000010041E8020292B1206850E8020F2168F2
:1073D00020F0010041E802024AB1206850E8020FA3
:1073E000216820F0010041E80202002ADAD12020C1
:1073F000C4F88C000020E066206850E8000F216887
:1074000020F0100041E80002DAB1206850E8000FD7
:10741000216820F0100041E8000292B1206850E895
:10742000000F216820F0100041E800024AB12068F6
:1074300050E8000F216820F0100041E80002002A07
:10744000DAD1D4F88000FAF7FFF9B4F85CC0022072
:107450002067B4F85E00ACEB000081B22046BDE8C6
:107460007040FFF749BD00BF08060BD506F080004D
:107470000EF40005401905D0A16F00297FF40CAF70
:1074800045E700BF580600F13981080240F1CE817E
:1074900016F0804000F0CA812046BDE87040FFF73A
:1074A0000DBE00BF01201062D4F8900040F0010032
:1074B000C4F8900088070EF0010308D53BB1022004
:1074C0001062D4F8900040F00400C4F8900048071F
:1074D00008D53BB104201062D4F8900040F00200BF
:1074E000C4F8900008070CD506F0200050EA0C0004
:1074F00007D008201062D4F8900040F00800C4F8CB
:10750000900008050BD516F0806008D04FF400609D
:107510001062D4F8900040F02000C4F89000D4F835
:10752000900000283FF4F3AE11F020001EBF06F0DB
:1075300020000EF0805110EB010040F06F81D4F874
:107540009000916800F0280001F04001401800F020
:10755000A38052E8000F00BF216820F4907041E83A
:107560000002FAB1206850E8000F216820F4907002
:1075700041E80002B2B1206850E8000F216820F411
:10758000907041E800026AB1206850E8000F21685D
:1075900020F4907041E8000222B1206850E8000F0A
:1075A000DAE700BF4FF6FE70CEF6FF70216851E8B3
:1075B000021F2268014042E80213C3B1216851E86A
:1075C000021F2268014042E8021383B1216851E89A
:1075D000021F2268014042E8021343B1216851E8CA
:1075E000021F2268014042E80213002BDED1E06E48
:1075F000012824D1206850E8000F216820F01000F5
:1076000041E80002DAB1206850E8000F216820F05C
:10761000100041E8000292B1206850E8000F216894
:1076200020F0100041E800024AB1206850E8000F45
:10763000216820F0100041E80002002ADAD1202061
:10764000C4F88C000020E066216860678868400606
:107650001CD5D4F88000C8B149F2CD11C0F60001A4
:10766000C166FAF749F900283FF451AED4F880001A
:10767000C16EBDE8704008478C457FF448AE186D78
:1076800081287FF444AE0222B7E000BF2046BDE867
:107690007040FFF7B1BD00BF2046FFF7ADFD0020F1
:1076A000C4F8900070BD00BF52E8001F226821F4AA
:1076B000907142E80013002B4CD0216851E8001F64
:1076C000226821F4907142E80013002B42D0216817
:1076D00051E8001F226821F4907142E80013CBB3F7
:1076E000216851E8001F226821F4907142E80013DC
:1076F00083B3216851E8001FD8E700BF52E8000FAC
:10770000216820F0400041E80002002A7CD0206877
:1077100050E8000F216820F0400041E80002002AF4
:1077200072D0206850E8000F216820F0400041E846
:107730000002002A68D0206850E8000F216820F07D
:10774000400041E80002002A5ED0206850E8000FA7
:10775000D6E700BF4FF6FE71CEF6FF71226852E801
:10776000022F23680A4043E80226C6B1226852E885
:10777000022F23680A4043E8022686B1226852E8B5
:10778000022F23680A4043E8022646B1226852E8E5
:10779000022F23680A4043E80226002EDED1202172
:1077A000C4F88C100021E166616700BF216851E8D0
:1077B000001F226821F0100142E80013DBB12168AC
:1077C00051E8001F226821F0100142E8001393B134
:1077D000216851E8001F226821F0100142E80013DF
:1077E0004BB1216851E8001F226821F0100142E8E6
:1077F0000013002BDAD1022281B220462267BDE8B5
:107800007040FFF779BB00BF20200021C4F888003A
:107810002046A167BDE8704000F080B9616F002983
:107820003FF48DAE20468847226888E6C8017FF580
:107830006EADB6F1FF3FC8BF70BD2046BDE87040D9
:10784000FFF7AEBB10B5E0B10446D0F8880028B908
:10785000002084F88400204600F028F82420C4F892
:1078600088002068A16A0268002922F001020260F3
:107870001CBF204601F07EFB204601F083FE01285C
:1078800002D1012010BD00BF2168486820F490405B
:107890004860886820F02A008860086840F001028B
:1078A00020460A60BDE8104001F0D8BBF0B5C9B071
:1078B000044602A8002608304FF480714896CDE9AE
:1078C0004666CDE94466F8F7CEFF206844F20041F1
:1078D000C4F20001884201D049B0F0BD022502A8DF
:1078E000039602951A96FCF7BBF8002818BFF9F723
:1078F0002DFF40F68C40C4F202400169002741F49C
:10790000003101610169502601F4003101910199B2
:107910000168C4F2020641F001010160006844A957
:1079200000F00100019001980C20CDE944050720EA
:1079300048900020C4F20220CDE94677FAF73AFCDD
:1079400040F2783506F18000C2F2000518214FF4AC
:10795000806285E8830005F10C0008238CC04FF499
:1079600080000121C5E908012846C5E90677C5E977
:107970000A17C5E90C77FAF7DBF8002818BFF9F702
:10798000E5FE28461021E567EC65F9F7CDFF0028F4
:1079900018BFF9F7DBFE40F2003517200021C2F2D4
:1079A00000054FF40022C5E90060C5E904124FF458
:1079B00000000122C5E908022846C5E90211C5E90F
:1079C0000611C5E90A21C5E90C11FAF7B1F800283A
:1079D00018BFF9F7BBFE28461021C4F88050EC65AB
:1079E000F9F7A2FF002818BFF9F7B0FE3B200521E8
:1079F0000022FAF76FFD3B20FAF75CFD49B0F0BDBD
:107A00007047000070470000B0B50446D0F8880009
:107A100020281CBF0220B0BD00294FF0010018BF74
:107A2000002A01D1B0BD00BF4FF0000E212021651A
:107A3000A4F85420A4F85620C4F890E0C4F88800B4
:107A4000E06FD4F800C040230028CCF8203059D093
:107A500049F2195349F27D55C0F60003C0F60005FE
:107A6000C0E91835A56849F2D513C0F60003B5F58D
:107A7000805F8366C0F86CE004D12369B3FA83F3B6
:107A80005B099A4090F850301B0607D493B20CF172
:107A90002802FAF71FFB70B934E000BF436F53B1FF
:107AA0001B6843B192B20CF12805C3E902211D61A4
:107AB000F9F762FE30B31020C4F890002020C4F81B
:107AC00088000120B0BD00BF206850E8020F216887
:107AD00040F0800041E80202F2B1206850E8020F55
:107AE000216840F0800041E80202AAB1206850E815
:107AF000020F216840F0800041E80202002A04BF22
:107B00000020B0BD206850E8020F216840F08000DE
:107B100041E80202002AD7D10020B0BD70B582B082
:107B2000006844F20041C4F20001884202D002B071
:107B300070BD00BF40F26415C2F20005286A00263D
:107B4000013028622E70286B40F600040130C4F228
:107B500002242863204610210022FAF7F3FB019645
:107B60000198C7281CD800BF00BF019801300190C0
:107B70000198C82814D200BF0198013001900198E3
:107B8000C7280DD800BF0198013001900198C7287F
:107B900006D800BF0198013001900198C828E3D3AE
:107BA000204610210022FAF7CDFB40F2C054C2F269
:107BB000000441F22C21C2F2000120464FF4806201
:107BC000FFF73CF90028B2D1686801306860D4F84A
:107BD00080000068416921F40071416102B070BD0C
:107BE00070470000FEE700002DE9F04F81B08046AD
:107BF00000284FF001001CBF0D46002902D101B042
:107C0000BDE8F08F1446002AF9D040F29816C2F26F
:107C1000000600204FF6FF7906F1080A307005E0F3
:107C200030785D440028A4EB0B04E8D1002C67D029
:107C30004C454FF6FF7B38BFA346002D00F07C80FB
:107C4000B078082816D330780028E9D1B078082811
:107C500010D330780028E3D1B07808280AD33078E0
:107C60000028DDD1B078082804D330780028E7D088
:107C7000D6E700BF72B6F07800EB40004AF82080EB
:107C8000F07800EB40000AEB80004560F07800EBF4
:107C900040000AEB8000A0F808B0F078013000F056
:107CA0000700F070B0780130B07062B67078F0B94B
:107CB000B078E0B1307900EB400006EB8000D0E90D
:107CC0000271028A3079013000F007003071B0781B
:107CD0000138B070012070703846FEF71FFC78BB89
:107CE000D7F880000068416921F4007141610020EB
:107CF0005D440028A4EB0B0498D080E73078B8B935
:107D0000707808B9B07898B1307888B9707808B9C7
:107D1000B07868B1307858B9707808B9B07838B1AF
:107D2000307828B970780028E8D1B0780028E5D1FB
:107D3000307801B0BDE8F08F012001B0BDE8F08FD0
:107D400000217170307001B0BDE8F08F10B548F6B9
:107D5000E50040F2C452C0F60000C0F60102002166
:107D600002F032FF40F25814C2F20004206048F6DC
:107D7000812043F64C02C0F60000C0F6010200214B
:107D800002F022FF606048F6ED0040F2E852C0F6D3
:107D90000000C0F60102002102F016FFA06010BD35
:107DA00080B582B040F68840C4F2024001680022EB
:107DB00041F0010101600068062100F0010001901E
:107DC00001981C20FAF786FB1C2002B0BDE8804019
:107DD000FAF770BB80B582B040F68840C4F202402A
:107DE0000168002241F00201016000680A2100F0F0
:107DF0000200019001985A20FAF76CFB5A2002B059
:107E0000BDE88040FAF756BB2DE9F04F87B04FF040
:107E1000000840F68C40CDF81880C4F2024001689A
:107E2000002641F0040101600168C4F2022601F05D
:107E30000401019101990168002241F08001016073
:107E40000168502701F0800101910199016841F01A
:107E500001010160016801F00101019101990168CE
:107E600041F0020101600068502100F00200019021
:107E700001983046FAF766FA06F5006528461021A3
:107E800000224FF01009FAF75DFA06F580642046EB
:107E9000302100224FF0300AFAF754FA029702AF6D
:107EA0004FF0010B30463946CDE903B8CDF81480C8
:107EB000FAF780F928463946CDE9029BCDE90488D6
:107EC000FAF778F920463946CDE902ABCDE90488C6
:107ED000FAF770F907B0BDE8F08F000080B5002018
:107EE000FAF73CFA002818BFF9F730FCFAF746FA1F
:107EF000002808BF80BDBDE88040F9F727BC00001E
:107F000010B588B040F2684047F600030024C2F282
:107F10000000C4F200437F214FF0804CC0E90034E0
:107F200000F10803CDE90644CDE90444CDE902445B
:107F3000FF2216C3C0E90544C0E907C44462FDF747
:107F400007FC002818BFF9F701FC40F26840C2F2B4
:107F5000000001A90194CDE904440694FDF762FBF9
:107F6000002818BFF9F7F2FB08B010BD70B540F259
:107F7000984043F200054FF48001C2F20000C4F2C1
:107F800001054FF4C022C0E9005100F108010723A8
:107F90004FF0007C4FF0807E4FF080644FF04056F1
:107FA00081E80C500021C0E90646C0E90811C0E98B
:107FB0000A13C0E90D11C163C0E91211C0E914111F
:107FC000C0E916110166FDF71BFF002808BF70BD50
:107FD000BDE87040F9F7BABB10B584B040F2285044
:107FE00041F200020024C2F2000042F28401C4F215
:107FF000000242F205730294C0E90021C0E9024385
:108000008461FEF7FDFC002818BFF9F79FFB40F2E2
:108010002850C2F2000001A901940394FEF726FC47
:10802000002818BFF9F792FB04B010BD80B540F2EC
:10803000C05044F2004248F28043C2F200000021E6
:10804000C4F200024FF00C0CC0F21E03C0E9002382
:10805000C0E90211C0E9041CC0E90611C0E9081119
:108060008162FFF7EFFB002818BFF9F76FFB40F2C2
:10807000C050C2F200000021FEF7DAFF002818BF4E
:10808000F9F764FB40F2C050C2F200000021FEF795
:1080900089FF002818BFF9F759FB40F2C050C2F21F
:1080A0000000FEF7AFFE002808BF80BDBDE880409D
:1080B000F9F74CBBFEE70000FEE70000EFF3098094
:1080C0001EF0100F08BF20ED108AEFF30B827346ED
:1080D00020E9FC0F0F4A116808604FF0500080F350
:1080E0001188BFF34F8FBFF36F8F03F095FE4FF0F2
:1080F000000080F31188084A11680868B0E8FC0F96
:1081000013F0100F08BFB0EC108A82F30B8880F3D5
:1081100009881847C8090020C809002070B540F632
:108120002C46C4F2024656F82C1C044621F080600E
:1081300046F82C0CFAF70CF9054600BF56F82C0C43
:10814000000107D5FAF704F9401B022884BF032079
:1081500070BDF3E7306843F60371884394E80E007E
:10816000084340EA0220E16830604FF47E4202EBAF
:1081700041212269581E4FF4FE0389B203EB0242EB
:108180006FF35F20084402F4FE0162694FF0FE4382
:1081900003EB0262084402F0FE410844306130689B
:1081A000A16920F00C00084330603068E16920F0DC
:1081B000200008433060606A3168084330603068EE
:1081C0004FF6F87120F0100030607069226A884321
:1081D00040EAC2007061306840F01000306056F82C
:1081E0002C0C40F0806046F82C0CFAF7B1F80446ED
:1081F00056F82C0C000144BF002070BDFAF7A8F817
:10820000001B032824BF032070BDF1E770B540F6C2
:108210003046C4F2024656F8301C044621F0805025
:1082200046F8300CFAF794F8054600BF56F8300CC3
:10823000800007D5FAF78CF8401B022884BF032082
:1082400070BDF3E7306843F60371884394E80E008D
:10825000084340EA0220E16830604FF47E4202EBBE
:1082600041212269581E4FF4FE0389B203EB0242FA
:108270006FF35F20084402F4FE0162694FF0FE4391
:1082800003EB0262084402F0FE410844706130686A
:10829000A16920F00C00084330603068E16920F0EB
:1082A000200008433060606A3168084330603068FD
:1082B0004FF6F87120F010003060B069226A8843F0
:1082C00040EAC200B061306840F01000306056F8FB
:1082D000300C40F0805046F8300CFAF739F804467C
:1082E00056F8300C800044BF002070BDFAF730F81B
:1082F000001B032824BF032070BDF1E7002808BF3E
:10830000704740F2641172B6C2F200018A680260DE
:108310004A6842600A698260CA68C260CA690261CA
:108320008A6942610A6A82614A6AC2618A6A026231
:10833000CA6A42620A6B82624A69C262097880F83C
:10834000301062B670470000B0B540F26415C2F25A
:108350000005A8680B210130A860E8680130E860DA
:1083600015A000F0F7F8002804BF0020B0BD40F6CB
:108370000000C4F2022010210022F9F7E3FF40F2CE
:10838000C054C2F2000441F22C21C2F20001204686
:108390004FF48062FEF752FD002818BFB0BD686838
:1083A00001306860D4F880000068416921F40071F0
:1083B00041610020B0BD00BF5253343835205255C2
:1083C0004E0D0A0040F26410C2F2000081690131D2
:1083D000816170472DE9F04184B040F26416C2F229
:1083E00000063078002848D040F2C050C2F20000A9
:1083F0000068C069400640D500253570306B40F6F6
:1084000000040130C4F2022430632046102100220F
:10841000F9F798FF03950398C7281BD800BF039866
:10842000013003900398C82814D200BF039801308C
:1084300003900398C7280DD800BF0398013003901C
:108440000398C72806D800BF03980130039003980B
:10845000C828E3D3204610210022F9F773FF40F229
:10846000C054C2F2000441F22C21C2F200012046A5
:108470004FF48062FEF7E2FC20B1307878B104B0AE
:10848000BDE8F081706801307060D4F88000006849
:10849000416921F40071416130780028EFD172B652
:1084A0007078002840D0748840F62C684FF48060C3
:1084B000C2F2000841F22C61B4F5806F28BF044677
:1084C000C2F2000140462246F8F771F900277770A2
:1084D000778062B616A272B6B06870683069F068CC
:1084E000F069B069306A736AB06AF56A316B7169B4
:1084F000317862B6CDE9004040464FF48061029584
:10850000F7F7F4FF0128BADBB7EB902FB7D1F16989
:108510004A1C81B240F62C60C2F20000F26104B045
:10852000BDE8F04100F016B862B604B0BDE8F081D5
:108530004652414D453A2575204C454E3A25752009
:10854000544F54414C3A2575204F563A25750D0A23
:10855000000000002DE9F04182B04FF0010698B113
:108560000C460146601E80B20022B2EB902F0BD168
:1085700040F26415C2F2000528690130286172B624
:10858000287828B162B60226304602B0BDE8F081F4
:108590000120287062B641F62C2040F60008C2F295
:1085A00000002246C4F20228F8F7BCF840F2C05698
:1085B000C2F200063046FEF785FD306840210162B8
:1085C000404610210122F9F7BDFE002001900198DC
:1085D000C7281BD800BF0198013001900198C82816
:1085E00014D200BF0198013001900198C7280DD81E
:1085F00000BF0198013001900198C72806D800BF3C
:108600000198013001900198C828E3D340F2C05787
:10861000C2F2000741F62C21C2F200013846224680
:10862000FFF7F2F920B3064668691021013068614E
:10863000404600220024F9F785FE40461021002222
:108640002C70F9F77FFE40F2C054C2F2000441F2F0
:108650002C21C2F2000120464FF48062FEF7EEFBAF
:10866000002891D1686801306860D4F8800001E08A
:10867000F86F00260068416921F4007141613046BD
:1086800002B0BDE8F081000070B547F60C06C4F2F8
:1086900000463168044621F080013160F1688906A6
:1086A00018D4306820F020003060F9F751FE0546FC
:1086B0003068800630D4F9F74BFE401BB0F57A7F66
:1086C000F6D93068800627D4032084F82D0084F87A
:1086D0002D0070BDF06820F02000F060306820F0C0
:1086E00020003060F9F734FE054600BF3068800690
:1086F00014D4F9F72DFE401BB0F57A7FF6D9306817
:1087000080060BD4032084F82D0084F82D00F16836
:1087100041F02001F16070BD002070BD0020F168C3
:1087200041F02001F16070BD80B586B040F201617A
:10873000C1F608210020009142F212210390CDE9F8
:108740000100ADF804103521CDE9040040F2684085
:108750008DF80610C2F2000001A90022FDF744F9CD
:1087600010B106B080BD00BF40F26840C2F2000008
:1087700069460022FDF796F806B080BD40F29840A9
:10878000C2F20000FDF702BA016840F26F32D1F880
:1087900014C08B6943F008038B618B6943F01003AD
:1087A0008B610B6823F001030B600B6923EA020263
:1087B0000A618A6822F440428A6090F889305FEA50
:1087C0008C620BD5042B09D0D0F88C2042F08002AB
:1087D000C0F88C208A6942F020028A6190F88930C2
:1087E0005FEA4C620BD5032B09D0D0F88C2042F005
:1087F0000402C0F88C208A6942F040028A615FEA74
:108800008C5209D45FEACC5213D40021A0F86A102C
:10881000A0F87210704700BFD0F88C2042F001021F
:10882000C0F88C208A6942F400728A615FEACC52F7
:10883000EBD5D0F88C2042F00802C0F88C208A6971
:1088400042F480728A610021A0F86A10A0F87210C8
:1088500070470000C06D0021A0F87210A0F86A10E7
:10886000012180F88910FDF77FB9000010B5C46DB3
:10887000F9F77EF8002808BF10BD2046FFF784FFF7
:10888000D4F88C00012140F01000C4F88C00204680
:1088900084F88910BDE81040FDF766B9C06DFDF79A
:1088A0008DBF0000C06D90F88910072908BF704780
:1088B000D0F88010096D812908BFFDF745BF006819
:1088C000016941F008010161704700001EF0040FCA
:1088D0000CBFEFF30880EFF309800149084700BFA0
:1088E00039B90008012002F0E1F8FBE79AB040F244
:1088F0005C04AB20C2F200044FF0000A0090204656
:108900000021762240F23F13CDF804A001F0E0FCF4
:1089100040F268450FF2201BC2F200050FF23C182E
:1089200000F01EFB38B900BF0A2002F0BFF800F0CB
:1089300017FB0028F8D0284615A900220AF1010AE1
:10894000FCF7C4FE284614A90022FCF789FE07A8FC
:10895000FFF7D4FC02F0CAF89DF84C1081460029BC
:10896000DDE90C1622A021A208BF1046CDE90001C6
:108970002046082178221FA3029601F0A9FD09983C
:108980000E99DDE910628DE8070020460821872254
:1089900020A3039601F09CFD9DF851009DF8532003
:1089A0009DF852109DF854309DF85670CDE9002086
:1089B00002A89DF855604AC02046082196225B46D1
:1089C000059701F085FDDDE90A01A5224346CDF8B2
:1089D0000090CDE9020120460821CDF804A001F065
:1089E00077FD00F0BDFA00289ED0A4E752580000A1
:1089F0005458000053544154453A2573204952516C
:108A00003A256C752043423A256C752020202020A1
:108A1000200000005245513A256C752052583A25E5
:108A20006C752054583A256C75204F563A256C7554
:108A300020202020202000005254433A323025309C
:108A400032642D253032642D2530326420253032B9
:108A5000643A253032643A253032640052554E3A39
:108A6000256C756D73204C43443A256C7520493A4A
:108A7000256C7520543A256C75202020202020007C
:108A8000FFF7A8FC012002F011F8F9E780B54EF2DB
:108A90001000CEF20000006803F0A0FC012808BF1F
:108AA00080BDBDE8804003F0C3BA0000B0B59CB003
:108AB000002140F61400CDE91011CDE90E11CDE9E9
:108AC0000C11CDE90A110791CDE90511CDE903118A
:108AD000C4F20240029150F8041C41F0300140F809
:108AE000041C50F8041C01F030010191019900BFF1
:108AF000016809075FBF01685FEA017101685FEA09
:108B0000017102D401680907F2D5092008904FF4D9
:108B1000803009904FF080600E90022003242821BD
:108B20001290CDE91340CDE91510CDE917000C20C6
:108B30001990002508A8CDE91A55FCF74DFA18B18F
:108B400072B600BFFEE700BF1F2002A931C102A814
:108B50000521CDE905550795FBF7CAFF10B172B69F
:108B6000FEE700BF42F20000C4F2020001680222E8
:108B700062F3051101601CB0B0BD00004EF6885CC8
:108B8000CEF2000CDCF800104EF6FB2041F4700130
:108B9000CCF8001040F60041C4F202410A68CEF65B
:108BA000E22002F0180201320A600022CA610A6261
:108BB0000B681840086040F28020C0F201108A6201
:108BC000CA620A6348638A63C8630A6448648A6441
:108BD000086820F4802008600A654FF0006042F2C7
:108BE0001C01C4F202014CF8800C51F8040C420F35
:108BF000062A05D800F06040B0F1404F18BF70471A
:108C00000868C0070BD042F63B20C0F6190041F8B7
:108C1000100C46F67F60C4F65D4041F8100C086801
:108C200040F002000860086840F0010008607047EA
:108C300040F22850C2F20000FDF7DABF40F2745053
:108C4000C2F20000FDF7D4BF80B5D0F800C0B0F18B
:108C5000A04F13DA40F6FF33C4F20003984221DC40
:108C6000B0F1804F42D040F20043C4F2000398427A
:108C70003CD040F60003C4F2000335E040F6FF3379
:108C8000C5F2000398421FDCB0F1A04F2ED040F295
:108C90000043C5F20003984228D040F60003C5F215
:108CA000000321E040F60043C4F2000398421DD0C7
:108CB00042F60043C4F20103984217D043F2004346
:108CC000C4F2010310E000BF40F60043C5F2000308
:108CD00098420BD043F20043C5F20103984205D0FD
:108CE00042F60043C5F20103984204D14B682CF0D0
:108CF000700243EA020CB0F1A04F1BDA41F6FF7399
:108D0000C4F20003984231DC40F6FF33C4F20003A2
:108D1000984259DCB0F1804F00F09E8040F2004351
:108D2000C4F20003984200F0978040F60003C4F2BA
:108D300000038FE041F6FF73C5F2000398422DDC7B
:108D400040F6FF33C5F2000398424FDCB0F1A04F6C
:108D500000F0828040F20043C5F2000398427BD0CD
:108D600040F60003C5F2000374E000BF43F6FF7352
:108D7000C4F2010398424BDC42F20003C4F2000348
:108D8000984269D042F60043C4F20103984263D08E
:108D900043F20043C4F201035CE000BF43F6FF73FB
:108DA000C5F20103984245DC42F20003C5F200031C
:108DB000984251D042F60043C5F2010398424BD08D
:108DC00043F2004344E000BF40F60043C4F2000316
:108DD000984241D041F60003C4F2000398423BD0D0
:108DE00041F60043C4F2000334E000BF40F6004304
:108DF000C5F2000398422FD041F60003C5F20003EC
:108E0000984229D041F60043C5F2000322E000BF9A
:108E100044F20003C4F2010398421DD044F200431F
:108E2000C4F20103984217D044F60003C4F20103D0
:108E300010E000BF44F20003C5F2010398420BD0DA
:108E400044F60003C5F20103984205D044F2004302
:108E5000C5F20103984204D1CB682CF4407243EA76
:108E6000020C8B680A68D1F814E0C36242F6FF3343
:108E7000C5F201039842826216DC43F6FF72C4F227
:108E80000102904226DD44F20002C4F20102904247
:108E900038D044F20042C4F20102904232D044F68B
:108EA0000002C4F201022BE043F6FF72C5F2010298
:108EB00090421BDD44F20002C5F20102904221D033
:108EC00044F60002C5F2010290421BD044F2004277
:108ED00014E000BF42F60042C4F20102904211D0F9
:108EE00043F20042C4F201020AE000BF42F600422F
:108EF000C5F20102904205D043F20042C5F20102E0
:108F0000904201D10969016302682CF0800142F0AE
:108F1000040202600122426141EA0E01BFF34F8F59
:108F2000016080BD80B540F22850C2F20000FDF71C
:108F3000BDFD002808BF80BDBDE88040F8F706BC35
:108F4000006841F20001C4F20001884218BF704776
:108F500040F25460C2F2000001210170704700002D
:108F600040F2546172B6C2F20001002208780A7021
:108F700062B6704780B5816A0A070DD4CA0716D158
:108F80008A071FD44A0728D4CA0631D48A063AD49D
:108F90004A0658D542E000BF0268D0F838C053688E
:108FA00023F4004343EA0C035360CA07E8D0026885
:108FB000D0F82CC0536823F4003343EA0C03536009
:108FC0008A07DFD50268D0F830C0536823F48033B5
:108FD00043EA0C0353604A07D6D50268D0F834C080
:108FE000536823F4802343EA0C035360CA06CDD5AB
:108FF0000268D0F83CC0936823F4805343EA0C0322
:1090000093608A06C4D50268D0F840C0936823F400
:10901000005343EA0C0393604A0614D50268D0F863
:1090200044C05368BCF5801F23F4801343EA0C034B
:10903000536008D1D2F804C0D0F848E02CF4C00343
:1090400043EA0E035360090658BF80BD0168C06C37
:109050004A6822F400221043486080BDB0B582B057
:1090600004460020C4F89000F9F772F9216805461B
:109070000A68120737D56FF07E4C20464FF4001176
:1090800000222B46CDF800C000F0D4FC50B300BF46
:10909000206850E8000F216820F0800041E80002BD
:1090A000DAB1206850E8000F216820F0800041E824
:1090B000000292B1206850E8000F216820F0800083
:1090C00041E800024AB1206850E8000F216820F012
:1090D000800041E80002002ADAD12020C4F888008C
:1090E00060E000BF21680868400761D56FF07E4CE2
:1090F00020464FF4800100222B46CDF800C000F03E
:1091000099FC002854D000BF206850E8000F216867
:1091100020F4907041E80002BAB3206850E8000FD4
:10912000216820F4907041E8000272B3206850E892
:10913000000F216820F4907041E800022AB32068F3
:1091400050E8000F216820F4907041E80002002AE6
:10915000DAD11AE0206850E8020F216820F00100FF
:1091600041E80202DAB1206850E8020F216820F0DD
:10917000010041E8020292B1206850E8020F216824
:1091800020F0010041E802024AB1206850E8020FD5
:10919000216820F0010041E80202002ADAD12020F3
:1091A000C4F88C000320002184F8841002B0B0BD04
:1091B0002020C4F88800C4F88C000020E0662067F6
:1091C000002184F8841002B0B0BD0000C06DFEF72D
:1091D00013B80000C06D0268D0F88810D0F88CC0B9
:1091E0009368212953D113F0800150D052E8001F19
:1091F000026821F0C00142E80013D3B3016851E8CE
:10920000001F026821F0C00142E800138BB301681F
:1092100051E8001F026821F0C00142E8001343B387
:10922000016851E8001F026821F0C00142E8001304
:10923000FBB1016851E8001FDAE700BF016851E89F
:10924000021F026821F4000142E80213DBB1016849
:1092500051E8021F026821F4000142E8021393B1B1
:10926000016851E8021F026821F4000142E802137C
:109270004BB1016851E8021F026821F4000142E885
:109280000213002BDAD12021C0F8881002689368FD
:10929000BCF1220F40F0838013F0400100F07F808A
:1092A00052E8001F026821F4907142E80013FBB1FC
:1092B000016851E8001F026821F4907142E8001330
:1092C000B3B1016851E8001F026821F4907142E8CF
:1092D00000136BB1016851E8001F026821F490711E
:1092E00042E8001323B1016851E8001FDAE700BF2C
:1092F0004FF6FE7CCEF6FF7C026852E8022F036830
:1093000002EA0C0243E80221D9B1016851E8021FC8
:10931000026801EA0C0142E8021393B1016851E8C6
:10932000021F026801EA0C0142E802134BB1016816
:1093300051E8021F026801EA0C0142E80213002B07
:10934000DAD1C16E012924D1016851E8001F0268F9
:1093500021F0100142E80013DBB1016851E8001F61
:10936000026821F0100142E8001393B1016851E84E
:10937000001F026821F0100142E800134BB10168A0
:1093800051E8001F026821F0100142E80013002B91
:10939000DAD12021C0F88C100021C1664167D0F8D5
:1093A000901041F01001C0F89010FDF725BF0000AB
:1093B000026D8446C06D812A79D00022A0F85E201B
:1093C000026852E8002F036822F4807243E800210B
:1093D000B9B3016851E8001F026821F4807142E8C6
:1093E000001373B3016851E8001F026821F4807113
:1093F00042E800132BB3016851E8001F026821F412
:10940000807142E80013002BDAD11AE0016851E8BC
:10941000021F026821F0010142E80213DBB101687A
:1094200051E8021F026821F0010142E8021393B1E2
:10943000016851E8021F026821F0010142E80213AD
:109440004BB1016851E8021F026821F0010142E8B6
:109450000213002BDAD12021C0F88C10C16E012933
:1094600025D100BF016851E8001F026821F01001FA
:1094700042E80013DBB1016851E8001F026821F0E7
:10948000100142E8001393B1016851E8001F02681F
:1094900021F0100142E800134BB1016851E8001FB0
:1094A000026821F0100142E80013002BDAD10022FB
:1094B0000267C16E012918BFFEF7A2BAA0F85E20AC
:1094C000DCF800108A6CB0F85C1093B28B4238BFA5
:1094D000A0F85E20B0F85E20891A89B2FDF70CBDB5
:1094E0000146C06D01220267C26E012A18BFFEF755
:1094F00089BAB0F85C205308A0F85E300968896C1E
:109500008BB2934298BFA0F85E10B0F85E10511A6B
:1095100089B2FDF7F1BC0000016DC06D812908BF63
:10952000FEF7FCBA0021A0F8561013E0016851E8DC
:10953000001F026841F0400142E80013002B08BF01
:109540007047016851E8001F026841F0400142E89D
:10955000001393B1016851E8001F026841F0400117
:1095600042E800134BB1016851E8001F026841F066
:10957000400142E80013002BD8D17047C06DFEF7C0
:109580002FBB000070B5044604F108052ECD00681D
:1095900019432943E669036846F6F315CCF6FF75CF
:1095A00031432B4019430160416840F0805321F45E
:1095B00040511143416042F20041A269C5F20041AD
:1095C0008B421CBF236A1A4383684FF2FF45C1F2E6
:1095D000FF152B401A438260C26A636A22F00F02B1
:1095E0001A4347F2FF73C4F200039842C26223DCBD
:1095F00044F6FF71C4F2000188423FDD46F2FF717C
:10960000C4F20001884271DC45F20001C4F200019D
:10961000884200F08D8046F20041C4F20001884289
:1096200040F00E8120200021F9F71EFAB6F5004F18
:1096300040F0B8800BE100BF48F2FF32C4F20002F4
:10964000904237DD42F2FF32C4F20042904263DCC6
:1096500048F20041C4F20001884271D043F6000193
:10966000C4F20101884240F0EB8001200021F9F7AB
:10967000FBF9B6F5004F40F09580E8E044F2004178
:10968000C4F20001884265D044F60001C4F2000132
:10969000884267D044F60041C4F20001884240F09D
:1096A000CF8008200021F9F7DFF9B6F5004F40F030
:1096B0007980CCE047F60001C4F20001884259D01D
:1096C00047F60041C4F2000188425BD048F2000135
:1096D000C4F20001884240F0B3804FF48070002152
:1096E000F9F7C2F9B6F5004F5CD1B0E046F60001DB
:1096F000C4F2000188424DD046F60041C4F2000198
:10970000884240F09D804FF480600021F9F7ACF969
:10971000B6F5004F46D19AE042F20042C4F2004250
:1097200090425DD0884240F08B8000205AE000BF1C
:1097300010200021F9F798F9B6F5004F32D186E0F4
:109740004FF400600021F9F78FF9B6F5004F29D1E9
:109750007DE000BF02200021F9F786F9B6F5004F41
:1097600020D174E004200021F9F77EF9B6F5004F0E
:1097700018D16CE040200021F9F776F9B6F5004FDA
:1097800010D164E080200021F9F76EF9B6F5004FA2
:1097900008D15CE04FF400700021F9F765F9B6F5E7
:1097A000004F54D0C0B1616A4DF2A812C0F6000259
:1097B00032F811106268B0FBF1F000EB5200B0FB20
:1097C000F2F04FF6EF72A0F11001914206D8216835
:1097D0000025C8605FE000BF00255CE001255AE07D
:1097E0004FF4805000210025F9F73EF9002852D0AF
:1097F000616A4DF2A812C0F6000232F811106268D8
:10980000B0FBF1F002EB42010125884243D3110382
:10981000884240D8010E000210EB520041F10001D5
:109820000023F6F7D1FD4FF6FF42A0F54071C0F2DC
:109830000F02914238D821680025C8602BE000BF94
:1098400000200021F9F710F9B6F5004FAAD1F8B1C0
:10985000616A4DF2A812C0F6000232F81110626877
:10986000B0FBF1F0510801EB4000B0FBF2F04FF615
:10987000EF72A0F1100191420CD84FF6F071014047
:10988000C0F3420022680844D060002503E000BF16
:10989000002500E001254FF00110A06600212846B8
:1098A0006167A16770BD00BF0125F4E710B58C4664
:1098B000816500210446A0F85C20C0F890102220A9
:1098C000C4F88C00D4F88000E0B349F2B13349F217
:1098D000E14EC0F60003C0F6000EC0E9183EA368D2
:1098E00049F2D51EC0F6000EB3F5805FC0F868E0FF
:1098F000C16604D12169B1FA81F149098A4090F821
:109900005010090608D4216893B224316246F8F752
:10991000E1FB78B916E000BF416F59B1096849B160
:1099200092B223688A6003F12402C1E9032CF7F79D
:1099300023FF38B11020C4F890002020C4F88C0018
:10994000012010BD206928B3206850E8000F21686D
:1099500040F4807041E80002E2B1206850E8000F56
:10996000216840F4807041E800029AB1206850E814
:10997000000F216840F4807041E8000252B1206875
:1099800050E8000F216840F4807041E80002002A8E
:10999000DAD100BF206850E8020F216840F00100D2
:1099A00041E80202D2B3206850E8020F216840F07B
:1099B000010041E802028AB3206850E8020F2168E2
:1099C00040F0010041E8020242B3206850E8020F73
:1099D000216840F0010041E80202002ADAD11DE0CE
:1099E000206850E8020F216840F0400041E8020280
:1099F000F2B1206850E8020F216840F0400041E8D1
:109A00000202AAB1206850E8020F216840F040002D
:109A100041E80202002A04BF002010BD206850E87F
:109A2000020F216840F0400041E80202002AD7D12D
:109A3000002010BD2DE9F041804600681546C2693E
:109A40000E461140891BB1FA81F14909A94226D17C
:109A5000069C3CB3611C2BD1C1693140891BB1FA12
:109A600081F14909A9421CBF0020BDE8F081C1690C
:109A70003140891BB1FA81F14909A9420FD1C1696D
:109A80003140891BB1FA81F14909A94207D1C16965
:109A90003140891BB1FA81F14909A942DCD000208B
:109AA000BDE8F081F8F754FC0320BDE8F08100BF69
:109AB0001F460AE0C0693040801BB0FA80F04009C0
:109AC000A8421CBF0020BDE8F081F8F741FCC01B94
:109AD000A04284BF0320BDE8F081D8F800000168EF
:109AE0004907E7D5402E18BF802EE3D0C16909078A
:109AF0003CD4C1690905DDD54FF40061016200BFA6
:109B000050E8000FD8F8001020F4907041E80002EF
:109B1000002A00F0CB80D8F8000050E8000FD8F8F9
:109B2000001020F4907041E80002002A00F0BE808E
:109B3000D8F8000050E8000FD8F8001020F490701A
:109B400041E80002002A00F0B180D8F8000050E897
:109B5000000FD8F8001020F4907041E80002002AAD
:109B600000F0A480D8F80000CAE700BF0821016215
:109B700050E8000FD8F8001020F4907041E800027F
:109B800022B3D8F8000050E8000FD8F8001020F4F5
:109B9000907041E80002CAB1D8F8000050E8000F08
:109BA000D8F8001020F4907041E8000272B1D8F8A3
:109BB000000050E8000FD8F8001020F4907041E841
:109BC00000021AB1D8F80000D2E700BF4FF6FE70CD
:109BD000CEF6FF70D8F8001051E8021FD8F8002028
:109BE000014042E80213F3B1D8F8001051E8021F17
:109BF000D8F80020014042E80213A3B1D8F80010C1
:109C000051E8021FD8F80020014042E8021353B186
:109C1000D8F8001051E8021FD8F80020014042E8AF
:109C20000213002BD6D1D8F86C0001282DD100BF2B
:109C3000D8F8000050E8000FD8F8001020F010000D
:109C400041E800020AB3D8F8000050E8000FD8F845
:109C5000001020F0100041E80002B2B1D8F8000076
:109C600050E8000FD8F8001020F0100041E8000282
:109C70005AB1D8F8000050E8000FD8F8001020F0D2
:109C8000100041E80002002AD2D12020C8F88C0040
:109C900000200821C8F86C00C8F87400C8F89010BB
:109CA00088F884000120BDE8F08100BF4FF6FE7007
:109CB000CEF6FF70D8F8001051E8021FD8F8002047
:109CC000014042E80213F3B1D8F8001051E8021F36
:109CD000D8F80020014042E80213A3B1D8F80010E0
:109CE00051E8021FD8F80020014042E8021353B1A6
:109CF000D8F8001051E8021FD8F80020014042E8CF
:109D00000213002BD6D1D8F86C0001282DD100BF4A
:109D1000D8F8000050E8000FD8F8001020F010002C
:109D200041E800020AB3D8F8000050E8000FD8F864
:109D3000001020F0100041E80002B2B1D8F8000095
:109D400050E8000FD8F8001020F0100041E80002A1
:109D50005AB1D8F8000050E8000FD8F8001020F0F1
:109D6000100041E80002002AD2D120200021C8F8CA
:109D70008C00C8F86C10C8F87410C8F89000032064
:109D800088F88410BDE8F08140F2C050C2F20000B3
:109D9000FDF76EBAFEE700002DE9F04F8DB00446E6
:109DA00000680121112200F061FD052000F0F8F9A2
:109DB00060680179427940F24C00C2F2000000EB89
:109DC000810120688B5C0221362200F04FFD206863
:109DD00002213A22052300F049FD206833210022A8
:109DE0000C27CDE9012103910621B2220C23009713
:109DF00000F03CFD20680221B722352300F036FD3B
:109E000020680221BB22192300F030FD20680221C6
:109E1000C0222C2300F02AFD20680221C222012347
:109E200000F024FD20680221C322122300F01EFD51
:109E300020680221C422202300F018FD206802219E
:109E4000C6220F2300F012FD2068A1270321D02293
:109E5000A423009700F00AFD0D22182320680B218F
:109E6000CDE908320AAB4FF023091F2683E84202EE
:109E70004C2154234FF0040A3F252B274FF01308A1
:109E8000CDE900A24FF0110BCDE906310F21E02200
:109E9000D023CDE902B80497059500F0E7FC2F2107
:109EA0002068CDE9081620210C22CDE90B194421A8
:109EB000CDE9012B2C225127CDE9042506910F2154
:109EC000E122D0230A96CDF800A0CDF80C800797A8
:109ED00000F0CCFC20680121212200F0C7FC2068A2
:109EE000012129220DB0BDE8F04F00F0BFBC0000F9
:109EF0002DE9F04F8DB0044600680121112200F0D9
:109F0000B5FC05204FF0050900F04AF960684FF0F4
:109F100036080179427940F24C00C2F2000000EBB1
:109F2000810120688B5C0221362200F09FFC2068B2
:109F300002213A22052300F099FC20680C214FF001
:109F4000330B4FF0000A8DE8020C0621B2220C23DD
:109F5000CDF80CB000F08AFC20680221B72235232E
:109F600000F084FC20680221BB22352300F07EFC37
:109F700020680221C0222C2300F078FC20680221F6
:109F8000C222012300F072FC20680221C3221323A5
:109F900000F06CFC20680221C422202300F066FC43
:109FA00020680221C6220F2300F060FC2068A12750
:109FB0000321D022A423009700F058FC206802213E
:109FC000D622A12300F052FC30212068282712223B
:109FD00038230C910421CDE90832CDE90A273E2629
:109FE0002925CDE900A1CDE902110F21E022F023BE
:109FF000CDE90495CDF818B0079600F037FC14228F
:10A0000020683221CDE90882CDE90A250B220D23F3
:10A010000C9107210A25CDE9023204AACDE90015E9
:10A0200082E882080F21E122F023079600F01EFC4F
:10A0300020680121212200F019FC20680121112251
:10A0400000F014FC782000F0ABF8206801212922F0
:10A050000DB0BDE8F04F00F009BC00002DE9F04F55
:10A060008DB0044600680121112200F0FFFB05209D
:10A0700000F096F860680179427940F24C00C2F233
:10A08000000000EB810120688B5C0221362200F089
:10A09000EDFB206802213A22052300F0E7FB20684F
:10A0A00000210C223327CDE900210621B2220C2306
:10A0B0000297039700F0DAFB20680221B7223523CC
:10A0C00000F0D4FB20680221BB22322300F0CEFB3B
:10A0D00020680221C222012300F0C8FB206802216F
:10A0E000C32215234FF0150800F0C0FB20680221A1
:10A0F000C422202300F0BAFB20680221C6220F23CD
:10A1000000F0B4FB2068A1270321D022A4230097EC
:10A1100000F0ACFB3421206831250C910521142678
:10A120004FF01709CDE90A854FF0480C4FF00908A8
:10A130004FF00E0A4FF0080BCDE9041533270F211D
:10A14000E022D023CDE90896CDE900BACDE9028816
:10A150000697CDF81CC000F089FB34222068152139
:10A160000C9204AACDE90A15A2C20F21E122D02344
:10A170004827CDE90896CDE900BACDE902880797CE
:10A1800000F074FB20680121212200F06FFB2068A1
:10A19000012129220DB0BDE8F04F00F067BB00009F
:10A1A000F7F7F4BF2DE9F04F87B08246581A1546ED
:10A1B00081460246039318BF4FF0FF3948BF424221
:10A1C00022EAE2738B4603F10208002746465C460A
:10A1D00006920028C8BF4FF001090593A1B250466E
:10A1E0002A460B46009500F0A7F9DAF8000011990D
:10A1F00000F008FBDDE905303844C71AD4BF074634
:10A200004C44013EEAD11098CDF80890401B01461D
:10A2100018BF4FF0FF3106464FF0000748BF4642D7
:10A220006FF001092C460028C8BF0121049100BF2E
:10A23000A2B2504659465B46009200F07DF9DAF82A
:10A240000000119900F0DEFA002F08BF374409F131
:10A250000109049818BF04444E45E9D10196DDE98F
:10A260000596029C002700BF1FFA8BF1109A5046FA
:10A270000B46009200F060F9DAF80000119900F046
:10A28000C1FAB819B0EB0907D4BF0746A344B8F127
:10A290000108E9D1DDE90398019EDDF844B000240E
:10A2A0006FF00107AAB2504649464B46009200F0B3
:10A2B00043F9DAF80000594600F0A4FA002C0CBF6C
:10A2C000344445440137BE42ECD107B0BDE8F08FBD
:10A2D0002DE9F04F83B00446DDE90CC08B46591AD6
:10A2E0004E1C216AACEB020707F1010840BA02924A
:10A2F00051B1B7B2002F4CD07A1E032A07F0030EDB
:10A300002AD2002536E000BF1FFA88F8B8F1000F06
:10A3100051D0B5B2002D4ED087B24FF0000A00BF29
:10A3200002984FF000090AEB000600BF09EB0B0092
:10A3300081B2B2B220460B46009200F0FDF82068D0
:10A34000394600F05FFA09F101094D45EED10AF1F5
:10A35000010AC245E4D12EE027F00306A1F108026C
:10A36000002500BF22F8080F0435AE4250809080CF
:10A37000D080F7D1BEF1000F0BD0BEF1010F21F854
:10A38000150006D001EB4501BEF1020F488018BF51
:10A390008880029A20465946CDF800C000F0CCF8DB
:10A3A0001FFA88F63EB17D002068216A2A4600F037
:10A3B000F3F9013EF8D103B0BDE8F08FB0B582B03B
:10A3C00040F2B803C2F2000353F821100446416082
:10A3D0000620022A38BF08204FF0080338BF0623A2
:10A3E000085ACB5AC88040F20C60C0F601000B81BD
:10A3F00000F11003C0694A710ECB606104F10800DE
:10A400000EC040F2FF70E08100252046258200F05A
:10A4100011F860680022C18800890139013880B2D2
:10A420008BB20090204600210195FFF751FF02B04A
:10A43000B0BD000010B504460068002100F03AF8F5
:10A440006420FFF7ADFE2068012100F033F864209E
:10A45000FFF7A6FE2068012100F01EF86420FFF738
:10A460009FFE6068007903280AD002280ED00128D8
:10A4700018BF10BD2046BDE81040FFF78DBC00BFDF
:10A480002046BDE81040FFF7E9BD00BF2046BDE80B
:10A490001040FFF72DBD00000246C068002808BF2D
:10A4A0007047937CB2F810C083EA01026146F7F767
:10A4B00049BF000002464068002808BF7047937AF1
:10A4C000B2F808C083EA01026146F7F73BBF00001B
:10A4D0002DE9F041A2B00DF108080E4605464046B0
:10A4E00080211F461446F6F7BEF928AB404680216E
:10A4F0003A460193F5F7E0FF9DF80800C0B12989BD
:10A5000008F101076A6889B2D288B3B2511A994238
:10A51000BEBF69890C440026B1B2A2B2C3B22846BC
:10A5200000F072F817F8010B298900280E44E9D1D0
:10A5300022B0BDE8F08100002DE9F04381B004466F
:10A5400000689146DDF820800F4601212A221E4630
:10A5500000F08CF9606840F20C050179C2F2000548
:10A56000407905EB011111F820102068394489B2B7
:10A5700000F048F960680179407905EB011101EBC1
:10A58000800041782068314489B200F03BF92068AE
:10A5900001212B2200F06AF960680179407905EB0E
:10A5A000011101EB800081782068494489B200F0F4
:10A5B00029F960680179407905EB011101EB800010
:10A5C000C1782068414489B200F01CF9206801215B
:10A5D0002C2201B0BDE8F04300F048B970B540F25C
:10A5E0000C6CC0F6010C0CEB011E0E01DEE90145FE
:10A5F000DEF80C105CF806604161C0E90345866036
:10A60000C281038270BD00002DE9F04182B047682D
:10A6100004461D46FB8800891B1A8B42C0F29D80B0
:10A620003F896389FF1A9742C0F297800844134418
:10A63000013B01389FB283B220460097FFF77CFFB1
:10A64000A089002800F08980A5F120011FFA81F877
:10A6500000260027616908FB0010855D2068E90776
:10A660004FF00E0108BF1021615A00F0CBF8781CA2
:10A670002189C0B2814253D0A9074FF00E01206852
:10A6800058BF1021615A00F0BDF8B81C2189C0B232
:10A69000814245D069074FF00E01206858BF102154
:10A6A000615A00F0AFF8F81C2189C0B2814237D05E
:10A6B00029074FF00E01206858BF1021615A00F0A1
:10A6C000A1F8381D2189C0B2814229D0E9064FF096
:10A6D0000E01206858BF1021615A00F093F8781DD0
:10A6E0002189C0B281421BD0A9064FF00E0120681B
:10A6F00058BF1021615A00F085F8B81D2189C0B2F9
:10A7000081420DD069064FF00E01206858BF10211C
:10A71000615A00F077F8F81D2189C0B2814205D155
:10A720000027A0890136864294D316E069B22068DA
:10A73000B1F1FF3F4FF00E01C8BF102107F108052E
:10A74000615A00F05FF82089E9B2471A18BF2F4616
:10A75000A08901368642FFF47DAF02B0BDE8F081EA
:10A760002DE9F04182B0DDE908781C460546C8189D
:10A77000D319013B01389EB283B228460096FFF7F9
:10A78000DBFE04FB07F128684A00414602B0BDE841
:10A79000F04100F001B8000070B50646C0691446EB
:10A7A0000D4630B196F82220318C82F00102F7F785
:10A7B000C9FD002C18BF002D00D170BD30680028E5
:10A7C00008BF70BD29462246BDE87040FDF70CBAAF
:10A7D00010B582B00446C0698DF8071030B194F806
:10A7E0002220218C82F00102F7F7ACFD206830B105
:10A7F0000DF1070101224FF6FF73FBF7A1FC02B038
:10A8000010BD0000B0B582B00446C0690D4630B13D
:10A8100094F82220218C82F00102F7F793FD206842
:10A8200069BAADF8061030B10DF1060102224FF6FB
:10A83000FF73FBF785FC02B0B0BD000010B582B01D
:10A840000446C0698DF8071020B1218C94F82220AD
:10A85000F7F778FD206830B10DF1070101224FF6BE
:10A86000FF73FBF76DFC02B010BD000082B0B0B505
:10A8700082B00D4606A90431CDE9062301919DF869
:10A8800018100446FFF7DAFF022D0BDB6D4200BF04
:10A890000198011D019101782046FFF799FF0135CC
:10A8A000681CF5D102B0BDE8B04002B070470000AE
:10A8B000C4B0F7F77BFDFEF7F9F802AC04F108002D
:10A8C0004FF48071F5F7CFFF002003904FF08071B7
:10A8D000189020460291F9F7C3F818B172B600BF7C
:10A8E000FEE700BFFDF790FAFDF75AFAFDF772FA9E
:10A8F000FDF7F4FAFDF704FBFDF716FF10B172B691
:10A90000FEE700BFFDF732FBFDF790FBFDF764FBB0
:10A9100040F25C04C2F20004204602210222FFF74A
:10A920004DFD41A3204664210022FFF7D1FD44A341
:10A93000204664211422FFF7CBFD47A32046642163
:10A940002822FFF7C5FD4AA3204664213C22FFF7D9
:10A95000BFFD502040F24C650090204600210022AF
:10A96000C0F6010550230195FFF7FAFE4FF4FC6095
:10A970006925019020461E21552232230095FFF7BC
:10A98000A7FC47F6FF7C20465A2155226E230095EE
:10A99000CDF804C0FFF706FC47F67C5C2046962104
:10A9A0005522AA230095CDF804C0FFF7FBFB4FF614
:10A9B0001F0C2046D2215522E6230095CDF804C075
:10A9C000FFF7F0FB42F6123C20464FF48771552208
:10A9D0004FF491730095CDF804C0FFF779FC2AA3DA
:10A9E000204608217822FFF773FD2AA3204608217C
:10A9F0008722FFF76DFD204601214FF6E07200230C
:10AA0000FFF7ECFDFDF7A0FC10B172B6FEE700BF4A
:10AA1000FEF788FA00F086F8FDF798F900F0AAF83A
:10AA2000012000F043F8FBE72D2D2D2D2D2D2D209D
:10AA3000582050756C7365202D2D2D2D2D2D2D003A
:10AA40007C2020202053544D3332204C434420643A
:10AA5000656D6F2020207C007C2020312E34372033
:10AA6000696E6368203332307831373220207C00C1
:10AA70002D2D2D2D2D2D2D2D2D2D2D2D2D2D2D2D06
:10AA80002D2D2D2D2D2D2D0053544154453A494E39
:10AA90004954000054585F53544152543A302044B2
:10AAA0004D413A30204F563A3000000010B5EFF3D8
:10AAB000058119B16FF0050010BD00BF044601F01B
:10AAC0008DFC012808D1002C04BF002010BD2046B9
:10AAD00001F07EF8002010BDEFF310800028E9D1CE
:10AAE000EFF311800028E5D1EDE70000EFF30580DA
:10AAF000002818BF01F088BC80B501F06FFC012868
:10AB0000BDE8804002D101F079BC00BFEFF31080B6
:10AB100028B9EFF31180002808BF01F06FBC01F0E5
:10AB200073BC000080B5EFF3058018B16FF005002D
:10AB300080BD00BF01F052FC012811D101F04EFC94
:10AB400001284FF0FF3018BF80BD40F2FC21C2F257
:10AB500000010A68002A02BF01200860002080BDB1
:10AB6000EFF310800028E1D1EFF311800028DDD150
:10AB7000E4E7000080B5EFF3058018B16FF0050041
:10AB800080BD00BF01F02AFC012813D101F026FC92
:10AB900001284FF0FF300CD140F2FC21C2F200013D
:10ABA0000A68012A18BF80BD0220086001F0CEF8B3
:10ABB000002080BDEFF310800028DFD1EFF311807B
:10ABC0000028DBD1E2E70000F0B585B01646002290
:10ABD0000C460492EFF3058111B1104605B0F0BDAB
:10ABE000054601F0FBFB012802D16DB950E000BF22
:10ABF000EFF3108000284BD1002DEFF311804FF0C0
:10AC00000002EAD00028E8D166B3B069002808BF86
:10AC1000182038283CD83179C90739D17369D6E969
:10AC200002C74FEA930E3168002B724608BF80229C
:10AC3000BCF1000F28D05C2F2AD3002B4FF000026C
:10AC4000CBD03369002BC8D00138CDE900032846AA
:10AC500072462346CDF808C001F086FB0246104636
:10AC600005B0F0BD002180221820013804AF00900B
:10AC700028462346019701F045FB01280CBF049AA2
:10AC80000022104605B0F0BD17B93369002BECD097
:10AC90000022104605B0F0BD2DE9F04740F2002437
:10ACA00040F6C815C2F20004C2F200050E46D4F800
:10ACB00014A0D4F81880D4F81C902968002281F8D8
:10ACC0005A2029680746081D00F02AFD781C15D176
:10ACD000A6B154F8600F013061682A6891608A68F3
:10ACE0002B68DA602A688B6804325A602A6804325A
:10ACF0008A60296820604C61BDE8F08728681AEBFB
:10AD000007064660286800F1040105D34846BDE8FF
:10AD1000F04700F03DBD00BF404600F039FDA06A9D
:10AD2000864238BFA662BDE8F08700002DE9F043F7
:10AD300081B0044600F05EFD40F20026C2F200063B
:10AD4000F06840F6C8180130F060C2F20008D8F888
:10AD5000000040F6CC15C2F2000568B1706800280A
:10AD600040F00A81D8F80000E16AC06A884298BFC2
:10AD7000C8F8004000E100BFC8F80040F0680128B2
:10AD800040F0FA80284600F0F3FC05F1140000F0D2
:10AD9000EFFC05F1280000F0EBFC05F13C0000F0B1
:10ADA000E7FC05F1500000F0E3FC05F1640000F061
:10ADB000DFFC05F1780000F0DBFC05F18C0000F011
:10ADC000D7FC05F1A00000F0D3FC05F1B40000F0C1
:10ADD000CFFC05F1C80000F0CBFC05F1DC0000F071
:10ADE000C7FC05F1F00000F0C3FC05F5827000F02F
:10ADF000BFFC05F58C7000F0BBFC05F5967000F00B
:10AE0000B7FC05F5A07000F0B3FC05F5AA7000F0E2
:10AE1000AFFC05F5B47000F0ABFC05F5BE7000F0BA
:10AE2000A7FC05F5C87000F0A3FC05F5D27000F092
:10AE30009FFC05F5DC7000F09BFC05F5E67000F06A
:10AE400097FC05F5F07000F093FC05F5FA7000F042
:10AE50008FFC05F5027000F08BFC05F5077000F023
:10AE600087FC05F50C7000F083FC05F5117000F00F
:10AE70007FFC05F5167000F07BFC05F51B7000F0FB
:10AE800077FC05F5207000F073FC05F5257000F0E7
:10AE90006FFC05F52A7000F06BFC05F52F7000F0D3
:10AEA00067FC05F5347000F063FC05F5397000F0BF
:10AEB0005FFC05F53E7000F05BFC05F5437000F0AB
:10AEC00057FC05F5487000F053FC05F54D7000F097
:10AED0004FFC05F5527000F04BFC05F5577000F083
:10AEE00047FC05F55C7000F043FC05F5617000F06F
:10AEF0003FFC05F5667000F03BFC05F56B7000F05B
:10AF000037FC05F5707000F033FC05F5757000F046
:10AF10002FFC05F57A7000F02BFC05F57F7000F032
:10AF200027FC05F5826000F023FC05F2244000F0C8
:10AF30001FFC05F5876000F01BFC05F24C4000F09B
:10AF400017FC40F2D429C2F20009484600F010FC78
:10AF500009F11407384600F00BFC06F14C0000F034
:10AF600007FC06F1380000F003FC06F1600000F079
:10AF7000FFFBC6F81890F7613068316A421CE06A3E
:10AF800032608842626488BF306200EB8000271D17
:10AF900005EB80014A6861619368A260E360936891
:10AFA000976055F820205F60511C45F8201000F094
:10AFB00031FC706850B1D8F80000E16AC06A88427C
:10AFC00004D201B0BDE8F04300F014BD01B0BDE80B
:10AFD000F0830000B0B540F20025C2F2000502E0A7
:10AFE000204600F02FFCA868002808BFB0BD00F084
:10AFF00001FC686CC468201D00F092FBE868013811
:10B00000E860A8680138A86000F004FC94F85900D2
:10B010000228E8D00128E3D020B9206B00F012FC10
:10B02000DEE700BF00F070FBFEE7000040F6CC1446
:10B03000C2F20004FFF7CEFF20680228FAD300F026
:10B04000D9FCF7E72DE9F04381B00A9C8146206BDB
:10B0500016460F46089D9100A5229846F5F7D9FBA4
:10B06000206B002F53D0397884F8341039780029B8
:10B070004AD0797884F835107978002944D0B978A5
:10B0800084F83610B97800293ED0F97884F8371062
:10B09000F978C9B3397984F838103979A1B3797955
:10B0A00084F83910797979B3B97984F83A10B97993
:10B0B00051B3F97984F83B10F97929B3397A84F8D6
:10B0C0003C10397A01B3797A84F83D10797AD9B194
:10B0D000B97A84F83E10B97AB1B1F97A84F83F10A0
:10B0E000F97A89B1397B84F84010397B61B1797B79
:10B0F00084F84110797B39B1B97B84F84210B97B6F
:10B1000011B1F97B84F84310002184F84310382DE5
:10B1100004D300F0F9FA00BFFEE700BF00EB8600A1
:10B12000099F043820F00706201DE562E56400F061
:10B130002BFB04F1180000F027FBC5F13800216B50
:10B14000A06130464A4643462461646200F0A4FA96
:10B15000002F206018BF3C6001B0BDE8F083000004
:10B160002DE9F047804601F049F940F2742AC2F215
:10B17000000ADAF81010814688420ED30020C8F881
:10B1800000004846CAF81090BDE8F08700F0FE00C5
:10B1900086F82800316A30468847DAF808000168E6
:10B1A00001B3C068C6680468371D384600F0B8FAB5
:10B1B00096F828004107E9D5B069051900197560AE
:10B1C000366108D2316A30468847B069291805448B
:10B1D00075603661F6D3DAF80C00394600F0D8FA1B
:10B1E000D8E700BFDAF80C10CAE902100120C8F84D
:10B1F00000004846CAF81090BDE8F08710B582B04C
:10B200000020019040F2F400C2F20000046800F057
:10B210007BFA601C08D000BFFEE700BF019830B980
:10B22000019820B9019810B901980028F6D002B011
:10B2300010BD000086B040F274290DF1080A4FF0ED
:10B24000000BC2F200090DF1040800BFD9F8080094
:10B250000668002E1ABFC0680768002700F0D4FDFA
:10B260005046FFF77DFF029911B101F001FA4BE062
:10B2700005464EB3AF4227D801F0FAF9D9F80800D5
:10B28000C068C66806F1040B584600F049FA96F803
:10B29000280041070BD400F0FE0086F828002EE0BD
:10B2A000E91B814226D3316A304688472746B06978
:10B2B0003661C419AC427460F2D9BD4201D2BC42BD
:10B2C000F1D2D9F8080017E016B1002206E000BF5D
:10B2D000D9F80C000068B0FA80F04209D9F80000F3
:10B2E000791B00F023FC01F0C3F968B900F082FB80
:10B2F0000AE000BFD9F80C00594600F049FA316A5B
:10B3000030464FF0000B8847D9F80000CDF814B054
:10B31000CDE903BBCDF808B00AE000BF01F0FE00A4
:10B3200086F82800316A3046884700BFD9F8000007
:10B330005146002200F0E0FE00283FF487AF02985B
:10B34000B0F1FF3F06DCDDE9032005999047029844
:10B350000028EBD4049E002EE8D0706900281CBFA2
:10B36000301D00F0DDF94046FFF7FAFE0299013981
:10B370000829DBD80746DFE801F005051B1F5B0540
:10B38000051B1F0096F82810039AB06941F00103CD
:10B3900086F828308318354645F8043FBB423661AD
:10B3A00022D9974201D2934228D2D9F8080020E04E
:10B3B00096F8280044E000BF96F8280040F001010C
:10B3C000039886F828100028B06145D038443146EB
:10B3D00041F8040F3661B8428CBFD9F80800D9F89B
:10B3E0000C0000F0D5F9A1E7BA1A824206D2D9F8CA
:10B3F0000C00294600F0CCF998E700BF4A077FF51A
:10B400008DAF0399014407E0791A81421ED3316A56
:10B4100030468847B06921460C18BC4274603661DA
:10B42000F2D98F4201D28C42F1D2D9F808000FE054
:10B4300096F82800810703D4304600F003FA75E738
:10B4400000F0FE0086F8280070E700BFD9F80C0075
:10B45000294600F09DF965E700F056F9FEE7000087
:10B46000F0B581B0044600F0C5F994F94560012EAD
:10B470000FDB04F1240500BF286850B1284601F015
:10B4800089F8002818BF00F0F1FB70B2013E0128D6
:10B49000F2DCFF2684F8456000F0BCF900F0AAF960
:10B4A00094F94470012F0EDB04F11005286850B1A7
:10B4B000284601F06FF8002818BF00F0D7FB78B2DB
:10B4C000013F0128F2DC84F8446001B0BDE8F0409F
:10B4D00000F0A0B92DE9F04100F10805092D01D2D5
:10B4E00000250AE010F0070007D0A0F109018D4205
:10B4F0009ABF281A00F10805002500F085FC40F2EB
:10B50000B828C2F20008D8F8000038B1D8F80420F2
:10B51000012D4FF000042BDAB3E000BF41F62C60A0
:10B52000C2F20000C21D22F0070210F00701A0EBDA
:10B53000020318BF104600224FF40047C8E9050275
:10B54000002918BF03F50047C119083921F0070188
:10B55000C8F80010C1E900220A1AD8F80010C0E9A2
:10B560000012C8E90122012D4FF00004C0F28980C9
:10B57000954200F28680D8F8143041F62C6EC2F263
:10B58000000E734528D347F6FF707044834223D8DA
:10B590009C465CF8046F08F11400AE4220D2196892
:10B5A000D1B347F6FF700EEB000400BF714545D3E1
:10B5B00018460B46A14241D85E680027AE4238BF0C
:10B5C000012702D219680029F0D103F1040CD8F840
:10B5D00000108B4209D124E000F096F8FEE700BF8E
:10B5E0000027D8F800108B421BD0016801F1080435
:10B5F00074450DD347F6FF7171448C4208D8D3F8D7
:10B6000000E0C0F800E07FB100F07EF8FEE700BF88
:10B6100000F07AF8FEE700BF0127D8F800108B424F
:10B62000E3D100242DE000BF711B112913D35A1957
:10B63000560707D000F068F8FEE700BF00F064F896
:10B64000FEE700BF5160CCF80050C2F800E0026095
:10B65000D8F804202E46D8F80810901B8842C8F865
:10B66000040038BFC8F80800DCF8000040F00040D3
:10B67000CCF80000D8F80C1000201860481CC8F85E
:10B680000C0000F0F5FF600704BF2046BDE8F08124
:10B6900000F03AF8FEE7000070B540F8481D4FF0A2
:10B6A000807141644FF002314FF00134C0E90B4129
:10B6B0004BF2FD114FF0123C4FF0033E4FF01135AD
:10B6C000C0F6000102644FF004326FF04306C0E997
:10B6D0000953C0F834E0C0E90EC14FF0103C4FF000
:10B6E000093E4FF008334FF00531C0E9016200F127
:10B6F0000C024FF007354FF0063432C2C0E9063E67
:10B70000C0F820C070BD0000EFF311804FF0500171
:10B7100081F31188BFF34F8FBFF36F8F7047000025
:10B72000D0E901320169D1F804C09A608268844589
:10B73000536008BF4A600B6800220261581E08600F
:10B74000704700004AF28C23C2F2000303604AF201
:10B750008C00C2F20000086080201060704700007A
:10B7600080F31188BFF34F8FBFF36F8F70470000D6
:10B770004FF0FF31024642F8081F0021C0E90322C2
:10B78000C0E900127047000000210161704700000D
:10B7900010B5D1F800C01CF1010213D000F108046B
:10B7A00062681368634511D853681C68644511D8F2
:10B7B0005A68146864450FD854682368A6466345E0
:10B7C000EED90BE00269D2F804E007E09646224683
:10B7D00004E000BF9E4601E096461A46C1F804E028
:10B7E000CEF808108A60516002680861511C01603F
:10B7F00010BD000080B5FFF787FF40F2F400C2F2F1
:10B800000000016801310160BFF34F8FBFF36F8FFC
:10B8100080BD000080B540F2F400C2F20000016873
:10B8200061B10168013901600068002818BF80BD5E
:10B830000020BDE88040FFF793BF00BFFFF764FF23
:10B84000FEE7000070B5002808BF70BD41F62C6609
:10B85000A0F10805C2F200060446B5420CD347F633
:10B86000FF703044854207D854F8040C002807D4F0
:10B87000FFF74AFFFEE700BFFFF746FFFEE700BF06
:10B88000296819B1FFF740FFFEE700BF20F0004034
:10B8900044F8040C00F0B8FA40F2B82CC2F2000CE4
:10B8A00054F8041CDCF804000844CCF804000CF143
:10B8B000140004462268AA420AD21468AC420DD28F
:10B8C0002268AA4204D214681346AC42F2D301E0C3
:10B8D00023461446834204D10AE000BF1346834244
:10B8E00006D0B34224D347F6FF70304483421FD8BA
:10B8F00058681A18AA4202D101441D4659606818B6
:10B90000A04207D1DCF80000844203D0D4E9004013
:10B9100008446860AB422C6018BF1D60DCF8100062
:10B920000130CCF81000BDE8704000F0A1BE00BFAF
:10B93000FFF7EAFEFEE7000080B5806910F8020C10
:10B94000662811D14EF68850CEF20000016841F40D
:10B9500070010160D0F8AC1141F04041C0F8AC1169
:10B96000BDE8804000F00CB9FFF7CEFEFEE7000016
:10B970004EF21000CEF2000004210160002181602F
:10B9800040F20801C2F20001096844F6D352C1F244
:10B990006202A1FB02124FF0FF3101EB92114160F4
:10B9A000072101607047000080B540F2B020EFF33E
:10B9B00005811029C2F200000CD34EF2F032CEF213
:10B9C0000002895C0278914204D2FFF79DFE00BF1D
:10B9D000FEE700BF4EF60C51CEF200010968406848
:10B9E00001F4E061814298BF80BDFFF78DFE00BF8A
:10B9F000FEE700004EF60450CEF200004FF08051FA
:10BA00000160BFF34F8FBFF36F8F704710B50028F1
:10BA100070D0002908BF10BD4AF2E823C2F200032B
:10BA20005A6882426AD0DA68824269D01A4652F86D
:10BA3000084F4FF0000C002C18BF62461C68D3F86A
:10BA400014E0002C08BF1A46864561D09E465EF879
:10BA5000104F002C08BFF446002ADEF80C4018BF37
:10BA60009446844250D09E465EF8182F002A4FF02C
:10BA7000000208BF7246DEF80C40BCF1000F18BF90
:10BA8000624684424FF0000C3ED09E465EF8204F46
:10BA9000002C08BFF446002ADEF80C4018BF94467C
:10BAA000844231D01C4654F8282F4FF0000E002A53
:10BAB00008BFA646BCF1000FE26818BFE646824206
:10BAC0004FF000022AD09C465CF8304F002C08BF93
:10BAD0006246BEF1000FDCF80C4018BF724684428B
:10BAE00020D0BAB953F8382F002A1A4608BFC2E945
:10BAF000001011E0FFF708FEFEE700BF1A4609E05C
:10BB000003F1080206E000BF0EF1080202E000BFE8
:10BB100003F11002C2E9001010BD00BF04F10802D9
:10BB2000F8E700BF0CF10802F4E7000070B5154615
:10BB30000E460446FFF75EFE94F84400FF2804BF5B
:10BB4000002084F8440094F84500FF2804BF00203A
:10BB500084F84500FFF75EFEA06B28B12046BDE8E3
:10BB60007040FFF77DBC00BF04F1240031462A4637
:10BB700000F09AF82046BDE87040FFF771BC000065
:10BB80000A4A1168086806C881F30B88EFF314812C
:10BB900051F0020181F31488203080F30988BFF34B
:10BBA0006F8F4FF0000080F311881047C809002004
:10BBB00006480068006880F3088862B661B6BFF383
:10BBC0004F8FBFF36F8F66DF00BF00BF08ED00E04F
:10BBD0002DE9F04381B0C8B340F20027C2F200075C
:10BBE0000446386901303861386901281CD140F6B3
:10BBF000C816C2F200067D69D7F81880D7F81C90E5
:10BC00003068002180F85A1030680430FFF788FD52
:10BC1000306864194460306800F1040108D3484674
:10BC2000FFF7B6FD0BE000BFFFF76EFDFEE700BFBC
:10BC30004046FFF7ADFDB86A844238BFBC6200F0F1
:10BC400017FD00281CBF01B0BDE8F08301B0BDE8BE
:10BC5000F043FFF7CFBE000040F20021C2F2000126
:10BC60000A6B0260496941607047000040F20020A1
:10BC7000C2F20000012141627047000010B578B1A6
:10BC80000C4640F6C811C2F2000109681831FFF7EE
:10BC90007FFD20460121BDE81040FEF7FDBF00BF3B
:10BCA000FFF732FDFEE700002DE9F04381B008B355
:10BCB0000C46D0E9001340F6C817C2F200073E68F0
:10BCC0000131F3619E683D682E623E689D6806F111
:10BCD00018066E603E6806F118069E603B680160BB
:10BCE00098625AB14FF0FF30114601B0BDE8F04301
:10BCF000FEF7D2BFFFF708FDFEE700BF40F20025C8
:10BD0000C2F200056E69D5F81880D5F81C90386825
:10BD1000002180F85A1038680430FFF701FD3868B8
:10BD2000A4194460386800F1040105D3484601B005
:10BD3000BDE8F043FFF72CBD4046FFF729FDA86A98
:10BD4000844238BFAC6201B0BDE8F083B0B58AB0C0
:10BD500044F24940C4F24C50002504905C20079501
:10BD6000CDF81950CDF815508DF81450089509905C
:10BD700009985C2840D14AF230040998C2F20004C4
:10BD800020465C21F4F76FFD49F63060C2F20000F6
:10BD90002063022084F8590008A8CDE900504BF236
:10BDA0002D00C0F6000004A9802200230294FFF7B2
:10BDB00049F92046FEF7BAFF089840F20024C2F283
:10BDC0000004606380B100F0E9FC411C18D0012838
:10BDD0000AD1FFF799FC4FF0FF30A06201206060AC
:10BDE0000020606100F070F843F6BC00C0F601006E
:10BDF00000680AB0B0BD00BFFFF786FCFEE700BFD9
:10BE0000FFF782FCFEE7000040F20020C2F20000D3
:10BE1000016901310161704780B540F2002CC2F226
:10BE2000000CDCF8100018B10120CCF8240080BD13
:10BE30000020CCF82400DCF8201040F6CC1201EBF6
:10BE40008100C2F2000252F82030CBB101EB810038
:10BE500002EB800E734653F8042F5268181D82427D
:10BE60001A6002D1DEF80C201A60D06840F6C812C1
:10BE7000C2F200021060CCF82010106880BD00BF34
:10BE800002EB8000A0F12803A1B15869B0B90129E3
:10BE900010D01868A0B902290CD053F8140C88B936
:10BEA000032907D053F8280C04390028A3F15003C4
:10BEB000EAD0CBE7FFF728FCFEE700BF0139C5E772
:10BEC0000239C3E70339C1E7B0B584B04EF620505C
:10BED000CEF2000050F8181C48F6CD03CA6AC0F62E
:10BEE00000039A4204D0FFF70FFC00BFFEE700BF3B
:10BEF000896B48F2BD02C0F60002914204D0FFF700
:10BF000003FC00BFFEE700BF002102914FF07F411C
:10BF100040F8041C50F8041C090E8DF807109DF819
:10BF2000071011F0500240F2B021C2F200010A7075
:10BF300076D09DF8072002F05002502A74D19DF966
:10BF40000720B2F1FF3F51DD029A0024082A4FF08A
:10BF5000000206D0029A4FF4E063A3EB022202F43F
:10BF6000E0624A60016841F47F010160016841F0CC
:10BF70007F41016040F8044CFFF7FAFC40F2F40501
:10BF8000C2F200052C60FFF713FEFFF745FF039494
:10BF90002C68FFF7B9FB601C3CD000BFFEE700BF78
:10BFA000029A013202929DF8072052008DF8072074
:10BFB0009DF90720B2F1FF3FC6DC029A01320292DE
:10BFC0009DF8072052008DF807209DF90720B2F157
:10BFD000FF3FB9DC029A013202929DF8072052001D
:10BFE0008DF807209DF90720002AADD5029A01326D
:10BFF00002929DF8072052008DF807209DF9072036
:10C00000002ACDD4A0E700BF039830B9039820B927
:10C01000039810B903980028F6D0002004B0B0BDF2
:10C02000FFF772FBFEE700BFFFF76EFBFEE70000C5
:10C0300010B5FFF769FB044600F0F0F930B14EF699
:10C040000450CEF200004FF0805101602046BDE860
:10C050001040FFF785BB000070B582B053B120B12E
:10C060001C4601B90AB949B142B9FFF74DFB00BFFF
:10C07000FEE700BFFFF748FBFEE700BF5023019338
:10C08000019B502B10D1019B0123002984F84630DD
:10C0900014BF22602460E063A0FB010221643AB176
:10C0A000FFF732FBFEE700BFFFF72EFBFEE700BF06
:10C0B000069EFFF79FFBD4E90F1220680025A563B9
:10C0C00002FB0103013901FB0201C4E90103FF2066
:10C0D000E16084F8440084F8450004F11000FFF7A3
:10C0E00047FB04F12400FFF743FBFFF793FB2046D7
:10C0F00084F84C6002B070BD2DE9F04784B0039223
:10C1000060B116460D46044691B300F067F948B990
:10C1100046B1FFF7F9FA00BFFEE700BFFFF7F4FAF8
:10C12000FEE700BFFFF766FBA76B4FB3226C52B16F
:10C13000D4E902308118E160994224BF2168E160AE
:10C140002846F4F7EFFA54F8100F791E0028A16280
:10C1500072D0204600F01EFA002818BFFFF74AFCF4
:10C160000126FFF757FB304604B0BDE8F08700BF5B
:10C17000206C0028C9D0FFF7C7FA00BFFEE700BF58
:10C18000002E4FF0000658D00DF1040A504604F17D
:10C190002408FFF761FD0DF10C0900BFFFF73AFB22
:10C1A000FFF732FEFFF726FB94F84400FF2808BF94
:10C1B00084F8446094F84500FF2808BF84F845607F
:10C1C000FFF728FB5046494600F044F860B120468E
:10C1D000FFF746F900F04CFAFFF70CFBA76BFFF7EF
:10C1E00019FBCFB930E000BFFFF704FBA76BFFF7E7
:10C1F00011FB2FB12046FFF733F900F039FA0BE0BD
:10C2000003994046FFF73AFD2046FFF729F900F071
:10C210002FFA08B9FFF7EEFBFFF7ECFAA76B002F38
:10C220007FF484AF03980028B8D10026FFF7F2FA14
:10C23000304604B0BDE8F0870126FFF7EBFA304640
:10C2400004B0BDE8F08700BF0026304604B0BDE86A
:10C25000F0870000B0B5E8B10D46F9B10446FFF72C
:10C26000C9FA40F2002E40F6C813C2F2000EC2F224
:10C270000003DEF814106268186890F85A0088B15C
:10C280001868002180F85A100124FFF7C3FA2046ED
:10C29000B0BD00BFFFF738FAFEE700BFFFF734FA82
:10C2A000FEE700BF2B68581C0ED0DEF830C091426C
:10C2B00010D3206884450DD0002028600124FFF7AA
:10C2C000A9FA2046B0BD00BF0024FFF7A3FA20461C
:10C2D000B0BD00BF891A8B420CD9581A2860DEF80D
:10C2E00030002060DEF8140060600024FFF792FA4E
:10C2F0002046B0BD002001242860FFF78BFA2046BD
:10C30000B0BD00002DE9F04F83B00746900098467D
:10C3100015468946FFF7DEF808B306465C20FFF7AE
:10C32000D9F8C8B1DDE90CBA5C210446F4F779FA12
:10C33000002084F85900384649462A464346266379
:10C34000CDE900BA0294FEF77DFE2046FEF7EEFC32
:10C35000012003B0BDE8F08F3046FFF773FA4FF0CD
:10C36000FF3003B0BDE8F08F2DE9F04786B00F9D98
:10C370000746002004902DB3109C3CB35C20059030
:10C3800005985C2826D105980E46DDF838A0204691
:10C390005C2198469146F4F744FA022084F859004B
:10C3A00004A82563CDE900A0384631464A464346F5
:10C3B0000294FEF747FE2046FEF7B8FC049806B04C
:10C3C000BDE8F087FFF7A0F9FEE700BFFFF79CF993
:10C3D000FEE700BFFFF798F9FEE7000040F20020FB
:10C3E000C2F20000416800290FBF01200069B0FAC5
:10C3F00080F0400918BF40007047000040F2002064
:10C40000C2F200004069704780B5FFF7CDFA40F2F4
:10C410000020C2F20000406980BD00002DE9F04715
:10C4200040F2002AC2F2000ADAF8100040B1DAF84D
:10C430002C000130CAF82C000020BDE8F08700BFB6
:10C44000DAF8140010F10109CAF8149022D3DAF8CE
:10C450001800006820B1FFF757F900BFFEE700BFE2
:10C46000DAF81800DAF81C30CAF81830CAF81C00DC
:10C47000DAF830000130CAF83000DAF81800006845
:10C4800020B1DAF81800C068006801E04FF0FF3012
:10C49000CAF82800DAF8280040F6C81C40F6CC1884
:10C4A0008145C2F2000CC2F2000801D200205FE018
:10C4B000DAF818004FF0000E0068002850D0002075
:10C4C00022E000BFE66ADAF820108E4288BFCAF880
:10C4D000206006EB860108EB8102536862619F6869
:10C4E000A360E7609F689D6058F821307D605A1C0A
:10C4F00048F82120DCF80010C96ADAF818208E42CA
:10C5000088BF0120116879B3DAF81840E468E4685C
:10C51000254655F8046FB14528D3D4E9023667693A
:10C520007A689E60E668AA42736008BF7E603A68D7
:10C53000A66A013A002EC4F814E03A60C2D0D4E9E9
:10C54000072304F1180193607368276A8B427A60AD
:10C5500008BF77603168C4F828E001393160B1E77D
:10C560004FF0FF36002001E04FF0FF36CAF8286098
:10C57000DCF80010C96A01EB810158F8211001298B
:10C5800088BF0120DAF82410002918BF0120BDE877
:10C59000F087000070B5C068C06848B3D0E90723D1
:10C5A000816A00F1180ED1F804C09360036AF44563
:10C5B0005A6008BF4B600B68002282625A1E40F22C
:10C5C000002C0A60C2F2000CDCF81010A1B1614628
:10C5D00051F84C2F01324B6881629C68C361046240
:10C5E0009C68C3F808E0C36AC4F804E00A6032E05B
:10C5F000FFF78AF8FEE700BFD0E90221436900F1A6
:10C60000040E5C689160C16874454A6008BF596057
:10C610001A6800214161511E1960C36ADCF82010BC
:10C6200040F6CC128B4288BFCCF8203003EB83015C
:10C63000C2F2000202EB810465684461AE68856065
:10C64000C660AE68C5F808E0C6F804E052F821609C
:10C65000701C42F8210040F6C810C2F200000068C9
:10C66000C06A834292BF00200120CCF8240070BD34
:10C670002DE9F04381B0FFF7BDF840F20024C2F28B
:10C680000004206960B1206901382061206958B137
:10C690000024FFF7BFF8204601B0BDE8F08300BFDB
:10C6A000FFF732F8FEE700BFE0680028F0D0E06C4A
:10C6B00040F6C8180028C2F2000854D040F6CC1941
:10C6C0004FF0000EC2F200094FF0010CA26DD368CA
:10C6D000D3E907679A6A03F118055068B7601F6AC3
:10C6E000A8427E6008BF57601068C3F828E0013890
:10C6F00010601A1DD3E902055F697E688560DD68F8
:10C700009642686008BF7D603868C3F814E001385D
:10C710003860DD6A206A854288BF256205EB8500A6
:10C7200009EB800677685E61B9689F60D960B96877
:10C73000BA604A6059F82010013149F82010D8F841
:10C740000000C06A854288BFC4F824C0E06C00289D
:10C75000BCD1A069006818B1A069C068006801E098
:10C760004FF0FF30A062E56A4DB10127FFF756FE9A
:10C77000002818BF6762013DF8D10020E062606ABE
:10C7800000283FF485AFD8F80000FFF733F9012403
:10C79000FFF740F8204601B0BDE8F08370B586B0E1
:10C7A000FFF728F840F27426C2F20006306808BB92
:10C7B00006F114042046FEF7DBFF06F128052846A3
:10C7C000FEF7D6FF40F6D60240F67813C6E90245DA
:10C7D00000250A20C2F200021021C2F200030095D7
:10C7E000FFF73AFC306028B143F6B601C0F601010C
:10C7F000FFF70CF9FFF70EF83068E0B10020CDE943
:10C80000040005A804A903AAFEF79CFFDDE90320A4
:10C810000221059D0023CDE900104BF23520C0F622
:10C82000000007A10295FFF79FFD002870601EBF62
:10C83000012006B070BDFEF767FF00BFFEE700BF36
:10C84000546D7220537663005FEA400C08BF91F08C
:10C85000000F4FEA8C234FEAC12243EA51514FEABD
:10C860001C5018BF00F5F0404FEA300018BF41F0EF
:10C8700000415FEA6C5C00F02980BCF1FF3F08BF1B
:10C8800040F080407047130C06BF12044FF0100CAC
:10C890004FF0000C130E04BF12020CF1080C130F22
:10C8A00004BF12010CF1040C930F04BF92000CF1B1
:10C8B000020CD30F04BF52000CF1010C11464FF0D3
:10C8C0000002A0F11F00A0EB0C00704711F0004F18
:10C8D00008BF704731F000413FF4D5AF0B0C06BFE5
:10C8E00009044FF0100C4FF0000C0B0E04BF0902AE
:10C8F0000CF1080C0B0F04BF09010CF1040C8B0F99
:10C9000004BF89000CF1020CCB0F04BF49000CF1ED
:10C91000010CCCF1200322FA03F341EA030102FAED
:10C920000CF2A0EB0C0000F10100704723F07F47F0
:10C9300020F07F4C80EA030000F00040ACEB0703DE
:10C9400003F57C5303F1FF032DE9804909B44FEA55
:10C95000144324EA03484FEA154B25EA0B4E0FF225
:10C96000042606EB13273E7803FB0667C7F500078E
:10C9700007FB06F64FEAD64606F102064FEA5437A1
:10C9800007FB066CCCF1005C4FEA1C472CEA074C15
:10C990000CFB06F507FB06F404EB15464FEA96166A
:10C9A00049085FEA320234BF00204FF000404FEAEE
:10C9B000D13706FB07FC4FEA1C4C0CFB0BF7D21BD4
:10C9C00003FB0CF761EB07010CFB0EF7B0EB074024
:10C9D00072EB17420CFB08F734BFA2EB0742B2EB35
:10C9E000074261EB17414FEA0C444FEA910706FBFF
:10C9F00007FC4FEA1C4C0CFB0BF7B0EBC74072EB8B
:10CA0000573203FB0CF734BFA2EBC742B2EBC7426D
:10CA100061EB57310CFB0EF7B0EBC70072EB5772AE
:10CA20000CFB08F734BFA2EBC702B2EBC70261EB05
:10CA300057714FEA816141EA92114FEA826242EAFC
:10CA400090124FEA806004EBCC04039F4FEAD13789
:10CA500006FB07FC4FEA1C4C0CFB0BF7D21B03FB3D
:10CA60000CF761EB07010CFB0EF7B0EB074072EB24
:10CA700017420CFB08F734BFA2EB0742B2EB0742A8
:10CA800061EB17414FEA8C5504EB9C244FEA910768
:10CA900006FB07FC4FEA1C4C0CFB0BF7B0EBC74046
:10CAA00072EB573203FB0CF734BFA2EBC742B2EB79
:10CAB000C74261EB57310CFB0EF7B0EBC70072EBCE
:10CAC00057720CFB08F734BFA2EBC702B2EBC702E8
:10CAD00061EB57714FEA816141EA92114FEA82623C
:10CAE00042EA90124FEA806015EB4C2544F10004B5
:10CAF0004FEAD13706FB07FC4FEA1C4C0CFB0BF747
:10CB0000D21B03FB0CF761EB07010CFB0EF7B0EB3C
:10CB1000074072EB17420CFB08F734BFA2EB074249
:10CB2000B2EB074261EB17414FEA813141EA924192
:10CB30004FEA823242EA90424FEA80304FEA0C7666
:10CB400015EB1C1544F1000448EA03434EEA0B4878
:10CB50004FF0000EB2EB080C71EB030724BF6246E6
:10CB600039464EEB0E0E4FF0000B00185241494172
:10CB70004BEB0B0BB2EB080C71EB03077BF1000BDB
:10CB800024BF624639464EEB0E0E4FF0000B0018E4
:10CB9000524149414BEB0B0BB2EB080C71EB030715
:10CBA0007BF1000B24BF624639464EEB0E0E51EA74
:10CBB000020718BF46F0010616EB0E7655F100028B
:10CBC00054F1000103D5BDE88901BDE80088BDE846
:10CBD0008901BDE80048B619524141EB0101A3F1BA
:10CBE0000103704780807F7E7D7C7B7A79787776C1
:10CBF00076757473727171706F6E6E6D6C6C6B6A3A
:10CC00006A696868676666656464636362616160D7
:10CC1000605F5F5E5E5D5D5C5C5B5B5A5A59595854
:10CC200058575756565555555454535352525251BE
:10CC3000515050504F4F4F4E4E4D4D4D4C4C4C4B14
:10CC40004B4B4A4A4A49494948484847474747465B
:10CC50004646454545444444444343434342424297
:10CC6000424141419C46002B30D477002BD04FEA03
:10CC700037071CB503B44FF010004FF01001BAF1A4
:10CC8000000F06D0BCF1000FDCBF40F0080040F000
:10CC900008014FF000000FBCBDE810400BF1010B84
:10CCA000BBF1010F08BF5FEA170722BF12F10102B3
:10CCB00011F101014FF0004143F1000300F0004089
:10CCC00043EA00007047F9D35708D0E746EA064622
:10CCD0004FEA164613F1400F1FDD13F1200FDFBF9F
:10CCE00016430A46002120335B42BED0C3F1200721
:10CCF00046EA06464FEA164602FA07F746EA0706EC
:10CD000022FA03F2C3F1200701FA07F742EA070209
:10CD100021FA03F14FF00003A7E746EA020646EACC
:10CD200006464FEA164646EA0106BCBF46EA0646F4
:10CD3000360C4FF000034FF000024FF0000194E773
:10CD40002DE9804C70B49A46934691E8380007C8A4
:10CD500031EA400C48BF34EA430C03D5FFF7E6FD47
:10CD6000FFF780FFF0BCBDE8008C2DE9804C70B46B
:10CD70009A46934691E8380007C810F0804F08BFE4
:10CD800013F0804F03D100F005F8FFF76BFFF0BC04
:10CD9000BDE8008C20F07F4723F07F4C80EA030041
:10CDA00000F0004007EB0C03A3F57C53A3F1FE0356
:10CDB00092F0000F00F0B38095F0000F00F0778044
:10CDC0002DE901494FEA114021EA00484FEA144693
:10CDD00024EA064700FB06FC08FB06F607FB08F8FA
:10CDE00018EB06484CEB164C00FB07F718EB07480E
:10CDF0004CEB17404FEA124B22EA0B4E4FEA154616
:10CE000025EA06470BFB06FC0EFB06F607FB0EFEAB
:10CE10001EEB064E4CEB164C0BFB07F71EEB074EBA
:10CE20004CEB174B18EB0B0840F1000018EB0E0B06
:10CE300058EB000840F100008F1A4FF000014FF04E
:10CE400000063CBFC943661B14BFB5EB040C0021B0
:10CE50003CBFC943F61B4FEA174427EA04454FEA93
:10CE60001C472CEA074C04FB076205FB07F70CFB89
:10CE700005F616EB074642EB174204FB0CFC16EBDB
:10CE80000C4642EB1C421BEB060658EB02024141EA
:10CE90004EEA8E0E46EA9E0601D5BDE80189B61916
:10CEA000524141EB0101A3F10103BDE801894FEAC1
:10CEB000144524EA05464FEA114721EA074C05FBD1
:10CEC00007F406FB07F70CFB06F111EB074144EBF7
:10CED000174405FB0CFC11EB0C4144EB1C444FEADE
:10CEE000124722EA074C05FB07F206FB07F70CFB8B
:10CEF00006F616EB074642EB174205FB0CFC16EB59
:10CF00000C4642EB1C456A1854F1000148BF7047BB
:10CF1000B619524141EB0101A3F10103704795F0AD
:10CF2000000F37D04FEA114221EA02464FEA144778
:10CF300024EA074C02FB07F106FB07F70CFB06F49B
:10CF400014EB074441EB174102FB0CFC14EB0C44BF
:10CF500041EB1C414FEA154725EA074C02FB07F558
:10CF600006FB07F70CFB06F616EB074645EB1745E5
:10CF700002FB0CFC16EB0C4645EB1C42121951F15E
:10CF8000000148BF7047B619524141EB0101A3F1BE
:10CF9000010370474FEA144524EA05464FEA11475A
:10CFA00021EA074C05FB07F106FB07F70CFB06F22D
:10CFB00012EB074241EB174105FB0CFC12EB0C4254
:10CFC00051EB1C414FF0000648BF7047921841EBEF
:10CFD0000101A3F10103704703B4019841000098D7
:10CFE00050EAC12018BF04204A0D18BF40F00100CC
:10CFF00040F2FF72B2EB515F08BF40F0020001281F
:10D0000008BF052002B0704730380A2801D201203D
:10D01000704700207047000010B500290AD008783A
:10D02000002807D005487844F4F746FB002801D0D3
:10D03000002010BD0248784410BD0000BA6800000E
:10D04000B268000010B500290AD00878002807D07F
:10D0500005487844F4F730FB002801D0002010BDCB
:10D060000248784410BD0000AA680000A2680000D1
:10D07000F1EE100A4FF6FF71C0F2C03120EA010054
:10D0800040F04070E1EE100A7047F3F746BFF4F746
:10D090007BB804000008000000000000000200014E
:10D0A00000001000000000000000000030313233AA
:10D0B00034353637383941424344454640305800CC
:10D0C00030313233343536373839616263646566FE
:10D0D0004030780030313233343536373839616298
:10D0E00063646566787000303132333435363738F2
:10D0F0003941424344454658500000000240000078
:10D10000000000A00000000005400000000000C872
:10D11000000000000C4000000000409C00000000E7
:10D12000194000000020BCBE000000003440000098
:10D13000BFC91B8E00000004B5400000504BCFD08B
:10D140006607E2CF010000006C4100003E8251AA58
:10D15000DFEEA73401000000D9420000DCB5A0E2F8
:10D160003A301F97FFFFFFFFB4450000FD25A0C820
:10D17000E9A3C14FFFFFFFFFFF3F00000000008059
:10D1800000000000FF3F00000000008000000000E1
:10D190000000000000000000010203040607080967
:10D1A0000000000001020304010002000400060068
:10D1B00008000A000C001000200040008000000160
:10D1C0000000000000000000000000000000040457
:10D1D000040404000004000014140A00000000000D
:10D1E0000000000000000A0A1F0A0A1F0A0A0000C5
:10D1F00000040E1505060C14150E0400000012158F
:10D200000D152E2C2A1200000000040A0A361515EE
:10D2100029160000020201000000000000000000CA
:10D220001008080404040404080810000204040898
:10D23000080808080404020000000004150E0E157A
:10D240000400000000000008083E0808000000007C
:10D2500000000000000000000202010000000000C9
:10D26000003F00000000000000000000000000007F
:10D27000000200000020101008080404020201004F
:10D2800000000E1111111111110E00000000040612
:10D2900004040404040E000000000E11110804022E
:10D2A000011F000000000E11100C1010110E0000E4
:10D2B0000000080C0C0A091F081C000000001F01D8
:10D2C000010F1110110E000000000C12010D1311BE
:10D2D000110E000000001E100808040404040000E1
:10D2E00000000E11110E1111110E000000000E11A0
:10D2F00011191610090600000000000004000000CB
:10D30000000400000000000000040000000404000D
:10D3100000001008040202040810000000000000D1
:10D320003F003F0000000000000002040810100849
:10D330000402000000000E111108040400040000A3
:10D3400000001C22292D2D1D221C000000000404B9
:10D350000C0A0A1E1233000000000F12120E1212E5
:10D36000120F000000001E1101010101110E00004A
:10D3700000000F1212121212120F000000001F12F2
:10D380000A0E0A02121F000000001F120A0E0A02F3
:10D390000207000000001C1201013911120C0000EC
:10D3A00000003312121E12121233000000001F047C
:10D3B00004040404041F000000003E0808080808D4
:10D3C00008080907000037120A060A12123700007F
:10D3D0000000070202020202223F000000003B1B85
:10D3E0001B1B15151535000000003B1216161A1AE6
:10D3F0001217000000000E1111111111110E000082
:10D4000000000F12120E02020207000000000E11AF
:10D4100011111117190E180000000F12120E0A1226
:10D420001237000000001E1101060810110F000045
:10D4300000001F1504040404040E00000000331251
:10D4400012121212120C000000003312120A0A0CFF
:10D45000040400000000151515150E0A0A0A000044
:10D4600000001B0A0A04040A0A1B000000001B0A31
:10D470000A0A0404040E000000001F090804040244
:10D48000121F00001C0404040404040404041C000F
:10D490000002020404040808081010000E0808081E
:10D4A0000808080808080E00040A00000000000030
:10D4B0000000000000000000000000000000003F2D
:10D4C0000204000000000000000000000000000056
:10D4D000000C121C123C000000030202020E121289
:10D4E000120E000000000000001C1202120C0000CE
:10D4F00000181010101C1212123C00000000000056
:10D50000000C121E021C000000182404041E040457
:10D51000041E000000000000003C120C021C221C33
:10D5200000030202020E121212370000000404006F
:10D5300000060404040E000000080800000C08089F
:10D540000808080700030202021A0A060A1300006C
:10D550000007040404040404041F00000000000089
:10D56000000F15151515000000000000000F121225
:10D570001237000000000000000C1212120C000014
:10D5800000000000000F1212120E0207000000003F
:10D59000001C1212121C103800000000001B0602B2
:10D5A0000207000000000000001E020C101E000018
:10D5B00000000004041E0404041C0000000000001D
:10D5C000001B1212123C000000000000001B0A0A9F
:10D5D00004040000000000000015150E0A0A0000F7
:10D5E00000000000001B0A040A1B000000000000ED
:10D5F000003312120C08040300000000001E08048F
:10D60000041E000018080808080C0808080818007C
:10D610000808080808080808080808080604040498
:10D6200004080404040406001609000000000000B9
:10D6300000000000000000000000000000000000EA
:10D6400000000000000000080808080808080000A2
:10D650001818000000486C241200000000000000B0
:10D66000000000000000002424247F1212127F1208
:10D67000121200000000081C2A2A0A0C1828282A66
:10D680002A1C080800000022251515152A58545494
:10D69000542200000000000C1212120A76252911F3
:10D6A000916E000000060604030000000000000068
:10D6B00000000000004020101008080808080810AA
:10D6C000102040000002040808101010101010086C
:10D6D000080402000000000008086B1C1C6B08080E
:10D6E0000000000000000000080808087F08080883
:10D6F0000800000000000000000000000000000022
:10D70000060604030000000000000000FE00000008
:10D710000000000000000000000000000000000009
:10D720000606000000008040402020101008080479
:10D7300004020200000000182442424242424242D7
:10D7400024180000000000080E080808080808084F
:10D75000083E00000000003C424242202010080425
:10D76000427E00000000003C42422018204040421F
:10D77000221C0000000000203028242422227E20C9
:10D78000207800000000007E0202021A264040427B
:10D79000221C0000000000382402021A26424242E5
:10D7A000241800000000007E22221010080808083B
:10D7B000080800000000003C424242241824424273
:10D7C000423C00000000001824424242645840409D
:10D7D000241C0000000000000000181800000000D9
:10D7E0001818000000000000000000080000000001
:10D7F000000808040000004020100804020408107B
:10D80000204000000000000000007F0000007F00BA
:10D810000000000000000002040810204020100852
:10D82000040200000000003C42424640201010006C
:10D83000181800000000001C225A555555552D425D
:10D84000221C00000000000808181414243C224286
:10D8500042E700000000001F2222221E2242424214
:10D86000221F00000000007C424201010101014230
:10D87000221C00000000001F22424242424242425B
:10D88000221F00000000003F4212121E121202422C
:10D89000423F00000000003F4212121E121202021C
:10D8A000020700000000003C222201010171212238
:10D8B000221C0000000000E7424242427E424242F7
:10D8C00042E700000000003E0808080808080808B1
:10D8D000083E00000000007C101010101010101006
:10D8E0001010110F0000007722120A0E0A121222E5
:10D8F0002277000000000007020202020202020278
:10D90000427F000000000077363636362A2A2A2A5F
:10D910002A6B0000000000E346464A4A5252526217
:10D92000624700000000001C224141414141414149
:10D93000221C00000000003F424242423E0202021E
:10D94000020700000000001C2241414141414D53AB
:10D95000321C60000000003F4242423E121222226E
:10D9600042C700000000007C4242020418204042EE
:10D97000423E00000000007F490808080808080827
:10D98000081C0000000000E742424242424242427C
:10D99000423C0000000000E74242222424141418F4
:10D9A000080800000000006B4949494955553622D6
:10D9B00022220000000000E7422424181818242422
:10D9C00042E700000000007722221414080808082B
:10D9D000081C00000000007E2120101008040442F2
:10D9E000423F0000007808080808080808080808EE
:10D9F000080878000000020204040808081010203B
:10DA000020204040001E1010101010101010101098
:10DA100010101E000038440000000000000000004C
:10DA200000000000000000000000000000000000F6
:10DA3000000000FF000608000000000000000000D9
:10DA400000000000000000000000003C427844425A
:10DA500042FC0000000000030202021A2642424279
:10DA6000261A0000000000000000003844020202F4
:10DA70004438000000000060404040784442424288
:10DA800064D80000000000000000003C427E02025A
:10DA9000423C0000000000F08808087E08080808E2
:10DAA000083E0000000000000000007C22221C0252
:10DAB0003C42423C000000030202023A464242421B
:10DAC00042E700000000000C0C00000E08080808E7
:10DAD000083E0000000000303000003820202020E8
:10DAE0002020221E0000000302020272120A1612F7
:10DAF000227700000000000E08080808080808083F
:10DB0000083E0000000000000000007F9292929208
:10DB100092B70000000000000000003B4642424275
:10DB200042E70000000000000000003C4242424288
:10DB3000423C0000000000000000001B2642424260
:10DB4000221E02070000000000000078444242420A
:10DB5000447840E000000000000000774C0404041A
:10DB6000041F0000000000000000007C42023C4056
:10DB7000423E0000000000000008083E08080808B7
:10DB800008300000000000000000006342424242F2
:10DB900062DC000000000000000000E742242414C2
:10DBA0000808000000000000000000EB494955553E
:10DBB000222200000000000000000076241818183F
:10DBC000246E000000000000000000E7422424143E
:10DBD00018080807000000000000007E2210080856
:10DBE000447E000000C02020202020102020202083
:10DBF0002020C00010101010101010101010101065
:10DC00001010101000060808080808100808080876
:10DC1000080806000C32C2000000000000000000EE
:10DC200000000000000000000000000000000000F4
:10DC300000000000000000000000000000000000E4
:10DC400000000000000000000000000000000000D4
:10DC50000000000000000000000000006000600004
:10DC60006000600060006000600040002000200054
:10DC70002000000000000000600060006000000064
:10DC800000000000000000006006600630039801FC
:10DC900088004400000000000000000000000000B8
:10DCA0000000000000000000000000000000000074
:10DCB0000000000000000000000000001002100240
:10DCC00010021002FE07FE07080208010801080101
:10DCD0000801FE07FE07040104010401040100001D
:10DCE0000000000000000000000040004000F001C3
:10DCF00058034C03CC034C0058007000E000C001F6
:10DD0000C00140034C035C034C034801F000400099
:10DD10004000000000000000000000000E010A01A9
:10DD2000910091009100510051003A00AE03A00211
:10DD3000500450044804480448048402840300004A
:10DD400000000000000000000000000038006C002F
:10DD50006C006C006C006C002C0098071C011A0110
:10DD6000330133016301E300C308C6093C07000027
:10DD700000000000000000000C001C00100010005B
:10DD80000800040000000000000000000000000087
:10DD90000000000000000000000000000000000083
:10DDA00000000000000000000004000200018000EC
:10DDB00080004000400020002000200020002000C3
:10DDC0002000200040004000800080000001000290
:10DDD0000004000000000000020004000800100021
:10DDE00010002000200040004000400040004000A3
:10DDF0004000400020002000100010000800040037
:10DE00000200000000000000000000000000000010
:10DE10004000C0004000460C4E0FD001F0015E0FE4
:10DE2000460C4000400040000000000000000000E0
:10DE300000000000000000000000000000000000E2
:10DE4000000040004000400040004000FE0F400045
:10DE500040004000400040000000000000000000C2
:10DE600000000000000000000000000000000000B2
:10DE700000000000000000000000000000000000A2
:10DE800000000000000000000C001C00100010004A
:10DE90000800040000000000000000000000000076
:10DEA000000000000000000000000000FE0700006D
:10DEB0000000000000000000000000000000000062
:10DEC0000000000000000000000000000000000052
:10DED0000000000000000000000000000000000042
:10DEE00000000000000000001C001C001C000000DE
:10DEF0000000000000000000000400060002000313
:10DF0000000100018000800040004000600020000F
:10DF1000200010001000080008000C00040006009B
:10DF20000200000000000000000000000000F000FF
:10DF300098010C030C0306060606060606060606EE
:10DF40000606060606060C030C039801F000000006
:10DF50000000000000000000000000000000400081
:10DF60007C00600060006000600060006000600095
:10DF7000600060006000600060006000FC03000062
:10DF80000000000000000000000000000000F80099
:10DF90008401020306030603000300018001C000A0
:10DFA000600020001000080204020602FE030000C8
:10DFB00000000000000000000000000000007800E9
:10DFC000C6008601860180018001C00070008001CA
:10DFD000000100030003060306038601F8000000A9
:10DFE00000000000000000000000000000008001B0
:10DFF0008001C001A001A001900188018801840175
:10E000008201FE0F8001800180018001E007000095
:10E010000000000000000000000000000000FC0301
:10E0200004000400040004000400F4008C01040354
:10E03000000300030603060382018401F8000000C8
:10E040000000000000000000000000000000E001EF
:10E0500018030C030C0004000600E60116030E066C
:10E0600006060606060604060C021803F000000069
:10E070000000000000000000000000000000F807A1
:10E080000C06040204010001000180008000400031
:10E090004000400060006000600060006000000020
:10E0A0000000000000000000000000000000F80177
:10E0B0000C030606060606060C021C03F000C80147
:10E0C0000C0306060606060606060C03F001000011
:10E0D0000000000000000000000000000000F00050
:10E0E0000C010C03060206060606060606078C0649
:10E0F00078060006000300030C018C017800000084
:10E10000000000000000000000000000000000000F
:10E110000000000000000000E000E000E00000005F
:10E120000000000000000000E000E000E00000004F
:10E1300000000000000000000000000000000000DF
:10E14000000000000000000060006000000000000F
:10E1500000000000000000000000600060004000BF
:10E160002000200000000000000000000004000269
:10E17000000180004000200010000800040008009A
:10E180001000200040008000000100020004000098
:10E19000000000000000000000000000000000007F
:10E1A0000000000000000000FE070000000000006A
:10E1B000FE0700000000000000000000000000005A
:10E1C0000000000000000000000000000400080043
:10E1D0001000200040008000000100020004000246
:10E1E0000001800040002000100008000400000032
:10E1F0000000000000000000000000000000E0033C
:10E200001806040C040C0C0C0C0C000780014000D8
:10E210004000400000000000E000E000E0000000DE
:10E22000000000000000000000000000E0001803F3
:10E230000C02CC0564056605A605B604B604B60452
:10E24000B604B602E4010C040C021803F00000004E
:10E25000000000000000000000000000000060005E
:10E2600060005000D00090009000880088010801F4
:10E27000F801040304030402020202060F0F000067
:10E280000000000000000000000000000000FE0090
:10E290008C030C030C030C030C038C01FC000C031B
:10E2A0000C020C060C060C060C060C03FE0100000A
:10E2B0000000000000000000000000000000E0037B
:10E2C00018030C060C0404040600060006000600F1
:10E2D0000600060006040C040C021803F0000000FF
:10E2E00000000000000000000000000000007F00AF
:10E2F0008C010C030C030C060C060C060C060C0619
:10E300000C060C060C060C030C038C017F000000AD
:10E310000000000000000000000000000000FF03FB
:10E32000060306040604060086008600FE0086003A
:10E33000860086000600060406040602FF030000AD
:10E340000000000000000000000000000000FF03CB
:10E35000060306040604060086008600FE0086000A
:10E360008600860006000600060006001F0000006A
:10E370000000000000000000000000000000F000AD
:10E3800018010C020C02040206000600060006003A
:10E39000C60F060306030C030C031803F00000006D
:10E3A00000000000000000000000000000000F0F4F
:10E3B000060606060606060606060606FE07060604
:10E3C0000606060606060606060606060F0F0000E7
:10E3D0000000000000000000000000000000FC033E
:10E3E000600060006000600060006000600060002D
:10E3F000600060006000600060006000FC030000DE
:10E400000000000000000000000000000000F8070D
:10E41000C000C000C000C000C000C000C000C000FC
:10E42000C000C000C000C000C000C000C000C600E6
:10E4300066003C0000000000000000000000CF0368
:10E440008601C60046002600160036002E006E002B
:10E450004600C60086008601060106038F070000FD
:10E4600000000000000000000000000000001F008D
:10E47000060006000600060006000600060006006C
:10E48000060006000600060406040602FF0300005C
:10E49000000000000000000000000000000007076E
:10E4A000860386038E038E034E034E034A035A03EC
:10E4B0005A033A0332033203320312038707000080
:10E4C00000000000000000000000000000008E0FAF
:10E4D0000C021C021C023402340264026402440274
:10E4E000C402840284038403040304031F020000A3
:10E4F0000000000000000000000000000000F0002C
:10E5000098010C030C020606060606060606060619
:10E510000606060606060C020C039801F000000031
:10E520000000000000000000000000000000FF00EC
:10E530000603060606060606060606068603FE000F
:10E540000600060006000600060006001F00000088
:10E550000000000000000000000000000000F000CB
:10E5600098010C030C0206060606060606060606B9
:10E570000606060676064C02CC039801F0008007DA
:10E580000003000000000000000000000000FF0188
:10E59000060306060606060606060603FE004600F5
:10E5A000C600860086010603060306060F0E00005D
:10E5B0000000000000000000000000000000F80261
:10E5C0000C030602060206000E003C00F800E00301
:10E5D000800300070206020606060C03F001000095
:10E5E0000000000000000000000000000000FE0726
:10E5F0006204610861086000600060006000600003
:10E60000600060006000600060006000F8010000D1
:10E6100000000000000000000000000000001E07D5
:10E620000C020C020C020C020C020C020C020C027A
:10E630000C020C020C020C020C021801F00000008B
:10E6400000000000000000000000000000000F07B4
:10E650000602040104010C010C01880088009800E6
:10E660009800500050007000300020002000000092
:10E670000000000000000000000000000000F70E95
:10E68000620442044604460464026402E402E402B2
:10E690009C029C0198019801880188008800000074
:10E6A00000000000000000000000000000009E07C5
:10E6B0000C01080118019000B0006000200060000B
:10E6C0006000D00090008801080104038E0700005C
:10E6D00000000000000000000000000000000F0F1C
:10E6E000060404020C0208011801B800B000700012
:10E6F000600060006000600060006000F8010000E1
:10E700000000000000000000000000000000FC0706
:10E710000C0206030201800180004000400020003E
:10E7200020001000180008040C040402FE0300007E
:10E730000000000000000000E00320002000200096
:10E7400020002000200020002000200020002000C9
:10E7500020002000200020002000200020002000B9
:10E76000E0030000000000000000000004000400BE
:10E7700008000800100010001000200020004000D9
:10E780004000C00080008000000100010002000283
:10E7900000020004000000007C0040004000400037
:10E7A0004000400040004000400040004000400069
:10E7B0004000400040004000400040004000400059
:10E7C0007C000000000060009000080100000000D4
:10E7D0000000000000000000000000000000000039
:10E7E0000000000000000000000000000000000029
:10E7F0000000000000000000000000000000000019
:10E800000000000000000000000000000000000008
:10E8100000000000000000000000000000000000F8
:10E820000000FF0F00000000180060000000000062
:10E8300000000000000000000000000000000000D8
:10E8400000000000000000000000000000000000C8
:10E8500000000000000000000000000000000000B8
:10E860000000000000000000F0010C030C03000396
:10E87000E0031C030E03060306038E0B7C0E000050
:10E8800000000000000000000000000008000E0072
:10E890000C000C000C000C00CC013C031C060C0608
:10E8A0000C060C060C060C060C021C03E40100000E
:10E8B0000000000000000000000000000000000058
:10E8C0000000000000000000F0008C018C018601B7
:10E8D00006000600060006020C020C01F000000013
:10E8E0000000000000000000000000000002C00363
:10E8F000000300030003000378038C030C030603EA
:10E90000060306030603060304038C0778010000D0
:10E9100000000000000000000000000000000000F7
:10E920000000000000000000E001180308020C06CF
:10E930000C06FC070C000C0018041802E001000093
:10E940000000000000000000000000000000C00304
:10E950006006300630003000FE013000300030002C
:10E96000300030003000300030003000FC0100008A
:10E970000000000000000000000000000000000097
:10E980000000000000000000F007D8068C018C0198
:10E990008C019801F8000C00FC00CC030603060370
:10E9A0008E03F800000000000000000008000E00C8
:10E9B0000C000C000C000C00EC011C030C030C03FD
:10E9C0000C030C030C030C030C030C039E07000048
:10E9D00000000000000000000000000000006000D7
:10E9E00060000000000040007C00600060006000EB
:10E9F000600060006000600060006000FC030000D8
:10EA00000000000000000000000000000000C00145
:10EA1000C001000000000001F001800180018001C0
:10EA200080018001800180018001800180018001DE
:10EA3000CC007C00000000000000000008000E0078
:10EA40000C000C000C000C008C038C008C004C00A3
:10EA50006C005C008C008C010C010C039E07000014
:10EA600000000000000000000000000040007C00EA
:10EA70006000600060006000600060006000600096
:10EA8000600060006000600060006000FC03000047
:10EA90000000000000000000000000000000000076
:10EAA00000000000000000003707EE06660666065C
:10EAB000660666066606660666066606FF0F0000C0
:10EAC0000000000000000000000000000000000046
:10EAD0000000000000000000EE011C030C030C030A
:10EAE0000C030C030C030C030C030C039E07000027
:10EAF0000000000000000000000000000000000016
:10EB00000000000000000000F00098010C03060661
:10EB100006060606060606060C030C03F0000000B7
:10EB200000000000000000000000000000000000E5
:10EB30000000000000000000EE011C030C060C06A3
:10EB40000C060C060C060C060C031C03EC010C0056
:10EB50000C003E000000000000000000000000006B
:10EB6000000000000000000078028C030C03060384
:10EB7000060306030603060304038C03780300035D
:10EB80000003C007000000000000000000000000BB
:10EB900000000000000000009F035806380618001F
:10EBA000180018001800180018001800FF000000D6
:10EBB0000000000000000000000000000000000055
:10EBC0000000000000000000F0031C030C020C0217
:10EBD0003800F000C003040304038C03FC010000B0
:10EBE0000000000000000000000000000000000025
:10EBF0002000200030003000FE01300030003000E6
:10EC0000300030003000300030023002E0010000FF
:10EC100000000000000000000000000000000000F4
:10EC200000000000000008028E030C030C030C031C
:10EC30000C030C030C030C030C039C07780100006D
:10EC400000000000000000000000000000000000C4
:10EC500000000000000000001E070C02080108016F
:10EC600018019000B000B0006000600020000000BB
:10EC70000000000000000000000000000000000094
:10EC80000000000000000000F70E62044604640269
:10EC90006402EC029C0198019801980108000000B0
:10ECA0000000000000000000000000000000000064
:10ECB0000000000000000000BC0718011001B000B7
:10ECC00060006000E0009000080108039E0700005B
:10ECD0000000000000000000000000000000000034
:10ECE00000000000000000009E0708010801080164
:10ECF00090009000B00060006000600020002000E4
:10ED000024001C00000000000000000000000000C3
:10ED10000000000000000000FC018401C400440069
:10ED2000600020003000180208020C03FC01000003
:10ED30000000000000000000000380008000800050
:10ED400080008000800080008000400020004000A3
:10ED500080008000800080008000800080008000B3
:10ED60000003000040004000400040004000400020
:10ED70004000400040004000400040004000400093
:10ED80004000400040004000400040004000400083
:10ED900040004000000000000C00100010001000B7
:10EDA0001000100010001000100020004000200093
:10EDB00010001000100010001000100010001000D3
:10EDC0000C00000000001C002204C20480030000AC
:10EDD0000000000000000000000000000000000033
:10EDE0000000000000000000000000000000000023
:10EDF0000000000000000000000000000000000013
:10EE00000000000000000000000000000000000002
:10EE100000000000000000000000000000000000F2
:10EE200000000000000000000000000000000000E2
:10EE30000000000000000000000000000000C00111
:10EE4000C001C001C001C001C001C001800080003C
:10EE50008000800080008000800000000000000032
:10EE600000008001C003C00380010000000000001A
:10EE700000000000000000000000E01CE01CF01E8C
:10EE8000700E38071803080184000000000000001D
:10EE90000000000000000000000000000000000072
:10EEA0000000000000000000000000000000000062
:10EEB0000000000000000000000000000000000052
:10EEC00020102010201020102010FE7FFE7F100840
:10EED000100810081008100810081008FE7FFE7FA8
:10EEE00008040804080408040804000000000000E6
:10EEF0000000000000000000000000000001000110
:10EF0000C0076019103118311839183938017001EB
:10EF1000E001C0038007000F001D003900311C31E3
:10EF20001C310C310C11180DE0070001000100012B
:10EF300000000000000000000000000000000000D1
:10EF40001C1036186308630C6304630463026302D5
:10EF50006301361D9C3780228063406340632063D9
:10EF60002063306310221836081C000000000000E7
:10EF70000000000000000000000000000000000091
:10EF8000F00098018C018C018C018C018C00CC006C
:10EF90007800183E1C083608320863046304C30472
:10EFA000C303834306438E26781C00000000000044
:10EFB000000000000000000000001C003C003C00BD
:10EFC0003000300010000C000600000000000000BF
:10EFD0000000000000000000000000000000000031
:10EFE0000000000000000000000000000000000021
:10EFF00000000000000000000000004000200010A1
:10F000000008000C00040006000300030003800158
:10F010008001800180018001800180018001000366
:10F020000003000300060006000C0008001000208A
:10F030000040000000000000000002000400080082
:10F040001000300020006000C000C000C00080013F
:10F050008001800180018001800180018001C00069
:10F06000C000C00060006000300010000800040014
:10F07000020000000000000000000000000000008E
:10F080000000000000018003800300011C713C7936
:10F09000783DC0070001C007783D3C791C71000134
:10F0A00080038003800100000000000000000000D9
:10F0B0000000000000000000000000000000000050
:10F0C000000000000000000100010001000100013B
:10F0D00000010001FC7F00010001000100010001AE
:10F0E000000100010000000000000000000000001E
:10F0F0000000000000000000000000000000000010
:10F1000000000000000000000000000000000000FF
:10F1100000000000000000000000000000000000EF
:10F12000000000001C003C003C00300030001000DB
:10F130000C000600000000000000000000000000BD
:10F1400000000000000000000000000000000000BF
:10F1500000000000FE7F0000000000000000000032
:10F16000000000000000000000000000000000009F
:10F17000000000000000000000000000000000008F
:10F18000000000000000000000000000000000007F
:10F19000000000000000000000000000000000006F
:10F1A000000018003C003C001800000000000000B7
:10F1B000000000000000000000000040006000208F
:10F1C0000030001000180008000C000400060002C7
:10F1D0000003000180018000C000400060002000AA
:10F1E00030001000180008000C00040006000200A7
:10F1F000000000000000000000000000000000000F
:10F20000C007600C30181830183018200C600C60E3
:10F210000C600C600C600C600C600C600C601820C2
:10F22000183018303018600CC007000000000000D3
:10F2300000000000000000000000000000000000CE
:10F2400000018001F80180018001800180018001BE
:10F2500080018001800180018001800180018001A6
:10F26000800180018001C003F81F00000000000041
:10F27000000000000000000000000000000000008E
:10F28000E007101C0818043004300C300C3000303B
:10F290000018000800040002000180004000202047
:10F2A000102008200430FC1FFC1F0000000000009C
:10F2B000000000000000000000000000000000004E
:10F2C000E003180E0C0C0C180C180C180018000C8D
:10F2D0000006C003000E00180010003000300C3093
:10F2E0000C300C100C18180CE0030000000000009B
:10F2F000000000000000000000000000000000000E
:10F30000000C000E000E000F800E800E400E600EEE
:10F31000200E100E100E080E040E040EFE7F000EBE
:10F32000000E000E000E000E000EC07F0000000058
:10F3300000000000000000000000000000000000CD
:10F34000F03FF03F10001000100008000800C80750
:10F35000280C1818081000300030003000300C3035
:10F360000C3004180418080CF00300000000000022
:10F37000000000000000000000000000000000008D
:10F38000800FC010203010301800180008000C004A
:10F390008C0F6C183C301C600C600C600C600C60B6
:10F3A0001860182030306018C0070000000000000E
:10F3B000000000000000000000000000000000004D
:10F3C000F83FF83F1C100C08040804040004000275
:10F3D0000002000100010001800080008000C000E8
:10F3E000C000C000C000C000C0000000000000005D
:10F3F000000000000000000000000000000000000D
:10F40000E007300C18180C300C300C301C30381859
:10F410007008E007B007180E0C1C063806300630DE
:10F42000063006300C18180CE00300000000000045
:10F4300000000000000000000000000000000000CC
:10F44000E00318040C080C180610063006300630CD
:10F45000063006380C3C1836F03100300018001821
:10F4600000180C0C0C060C03F0010000000000005A
:10F47000000000000000000000000000000000008C
:10F4800000000000000000000000000000008001FB
:10F49000C003C00380010000000000000000000065
:10F4A00000008001C003C0038001000000000000D4
:10F4B000000000000000000000000000000000004C
:10F4C0000000000000000000000000000000C0007C
:10F4D000C00000000000000000000000000000006C
:10F4E000000000000000C000C0008000800040005C
:10F4F00040000000000000000000000000000020AC
:10F50000001000080004000600038001C000600035
:10F51000300018000C00180030006000C0008001AE
:10F520000003000600040008001000200000000096
:10F5300000000000000000000000000000000000CB
:10F540000000000000000000000000000000FE7F3E
:10F5500000000000000000000000FE7F000000002E
:10F56000000000000000000000000000000000009B
:10F570000000000000000000000000000000040087
:10F580000800100020006000C00080010003000699
:10F59000000C001800300018000C00060003800169
:10F5A000C0006000200010000800040000000000FF
:10F5B0000000000000000000000000000000C00784
:10F5C0003018083008600C601C601C601C60003043
:10F5D000001C000600018000800080008000000008
:10F5E00000008001C003C003800100000000000093
:10F5F000000000000000000000000000000000000B
:10F60000C0076018103018200C2F8C4D864CC64C4B
:10F61000C64C664C66446644662666266615CC1C57
:10F620000C40082018303018C0070000000000000F
:10F6300000000000000000000000000000000001C9
:10F64000C001C001C001400160032003200320036A
:10F650003006100610061006F80F080C080C080CEF
:10F660000C0C0418041806181F7C00000000000091
:10F67000000000000000000000000000000000008A
:10F68000FE07181C183818301830183018301818A1
:10F69000180CF8071818183018201860186018602F
:10F6A0001860186018301818FE0F000000000000E5
:10F6B000000000000000000000000000000000004A
:10F6C000C0276038103018200C400C4004000600A1
:10F6D00006000600060006000600060006000C40B4
:10F6E0000C400C2018303018C0070000000000004B
:10F6F000000000000000000000000000000000000A
:10F70000FE03180E181818301830183018601860DA
:10F710001860186018601860186018601860183059
:10F72000183018101818180EFE0300000000000012
:10F7300000000000000000000000000000000000C9
:10F74000FE3F1830182018601840180018081808D4
:10F75000180CF80F180C18081808180018001800D2
:10F760001840184018201830FE3F0000000000002C
:10F770000000000000000000000000000000000089
:10F78000FE7F1870184018C0188018001810181044
:10F790001818F81F1818181018101800180018005A
:10F7A00018001800180018007E000000000000007B
:10F7B0000000000000000000000000000000000049
:10F7C000C013701C101018100C200C200400060030
:10F7D000060006000600060006FC063006300C3067
:10F7E0000C30183018303008C0070000000000004E
:10F7F0000000000000000000000000000000000009
:10F800003F7E0C180C180C180C180C180C180C183F
:10F810000C180C18FC1F0C180C180C180C180C18D1
:10F820000C180C180C180C183F7E0000000000008B
:10F8300000000000000000000000000000000000C8
:10F84000F81F80018001800180018001800180011A
:10F8500080018001800180018001800180018001A0
:10F860008001800180018001F81F0000000000007D
:10F870000000000000000000000000000000000088
:10F88000E07F0006000600060006000600060006EF
:10F890000006000600060006000600060006000638
:10F8A0000006000600060006000600060E060E030F
:10F8B0008E01FC00000000000000000000000000BD
:10F8C0007E7C1818180818041806180218019801E8
:10F8D0009801D801B803380318071806180E180C39
:10F8E000181C1818183018307EFC000000000000AA
:10F8F0000000000000000000000000000000000008
:10F900007E001800180018001800180018001800D1
:10F910001800180018001800180018001800180027
:10F920001840184018201830FE3F0000000000006A
:10F9300000000000000000000000000000000000C7
:10F940001FF81C381C381C381C3C34343434343414
:10F95000343674326432643264326431C431C43156
:10F96000C431C430C43084309FFC0000000000006B
:10F970000000000000000000000000000000000087
:10F980001F7C1C103C103410341074106410E410F0
:10F99000C410C41184118413041304170416041E24
:10F9A000041C041C041C04181F18000000000000A4
:10F9B0000000000000000000000000000000000047
:10F9C000C003300C181808100C300C3006600660AC
:10F9D00006600660066006600660066006600C2031
:10F9E0000C3008101818300CC00300000000000094
:10F9F0000000000000000000000000000000000007
:10FA0000FE0F181818301860186018601860186019
:10FA100018301818F80F18001800180018001800EF
:10FA200018001800180018007E00000000000000F8
:10FA300000000000000000000000000000000000C6
:10FA4000C003300C18180C100C300C200660066037
:10FA50000660066006600660066006600660E46197
:10FA60002C331C321816300EC007004C007C0038B6
:10FA70000000000000000000000000000000000086
:10FA8000FE07181C1838183018301830183018189D
:10FA9000180CF80798031803180718061806180E0C
:10FAA000180C180C181C18187E78000000000000B4
:10FAB0000000000000000000000000000000000046
:10FAC000E027303818300C200C200C000C001800F7
:10FAD0007800E003800F001E0038007000600460B2
:10FAE0000460086018303818C80F000000000000DB
:10FAF0000000000000000000000000000000000006
:10FB0000FC3F8C218461824182418001800180011F
:10FB100080018001800180018001800180018001DD
:10FB20008001800180018001E007000000000000EA
:10FB300000000000000000000000000000000000C5
:10FB40003F7C0C100C100C100C100C100C100C1036
:10FB50000C100C100C100C100C100C100C100C10C5
:10FB60000C100C1008083804E0030000000000002E
:10FB70000000000000000000000000000000000085
:10FB80003EF8182018201820301030103010301097
:10FB9000600860086008E00CC004C004C004800372
:10FBA00080038003800300010001000000000000CA
:10FBB0000000000000000000000000000000000045
:10FBC000DFF38661862186218C210C218C238C1306
:10FBD0008C138C134C1358125816580E380E380EBE
:10FBE000380E300C10041004100400000000000057
:10FBF0000000000000000000000000000000000005
:10FC00007E3E180838083004300470026002E001BB
:10FC1000C001C00180018003400340072006200688
:10FC2000100C100C081808183E7C000000000000A2
:10FC300000000000000000000000000000000000C4
:10FC40007E7C1C10181018083008300C70046004FA
:10FC50006002C002C002C0018001800180018001F9
:10FC60008001800180018001E007000000000000A9
:10FC70000000000000000000000000000000000084
:10FC8000F83F18180818040C040E000600070003BB
:10FC900080038001C001C000E000600070003000FF
:10FCA000382018201C100C18FE1F00000000000057
:10FCB00000000000000000000000C03F40004000C5
:10FCC0004000400040004000400040004000400034
:10FCD0004000400040004000400040004000400024
:10FCE0004000400040004000400040004000C03F55
:10FCF00000000000000000000000000000000800FC
:10FD00001800180010003000200060006000400063
:10FD1000C000800080018001000100030002000695
:10FD200000060004000C0008001800180010003045
:10FD300000200000000000000000FC0300020002A0
:10FD400000020002000200020002000200020002A3
:10FD50000002000200020002000200020002000293
:10FD60000002000200020002000200020002FC0386
:10FD7000000000000000000000008007C00620080E
:10FD80001010000000000000000000000000000053
:10FD90000000000000000000000000000000000063
:10FDA0000000000000000000000000000000000053
:10FDB0000000000000000000000000000000000043
:10FDC0000000000000000000000000000000000033
:10FDD0000000000000000000000000000000000023
:10FDE0000000000000000000000000000000000013
:10FDF0000000FFFF0000000000007800C0000001CC
:10FE000000000000000000000000000000000000F2
:10FE100000000000000000000000000000000000E2
:10FE200000000000000000000000000000000000D2
:10FE300000000000000000000000000000000000C2
:10FE40000000000000000000000000000000F003BF
:10FE500018060C0C0C0C000C800F700C1C0C0C0CFD
:10FE6000060C060C064C0C4FF83800000000000091
:10FE70000000000000000000000000000000100072
:10FE80001E00180018001800180018001800180F9D
:10FE9000D81838303860186018601860186018601A
:10FEA0001860182038307818C807000000000000DB
:10FEB0000000000000000000000000000000000042
:10FEC0000000000000000000000000000000C0076B
:10FED000700C181818180C180C000C000C000C00F2
:10FEE0000C20182018103008C00700000000000087
:10FEF00000000000000000000000000000000010F2
:10FF0000001E001800180018001800180018E01B48
:10FF1000301C181818180C180C180C180C180C1881
:10FF20000C180818181C307AE009000000000000C6
:10FF300000000000000000000000000000000000C1
:10FF40000000000000000000000000000000C007EA
:10FF5000300C181808100C300C30FC3F0C000C0052
:10FF60000C00182018107018C007000000000000D6
:10FF70000000000000000000000000000000000081
:10FF8000003E80C380C0C0C0C000C000C000FC1FD5
:10FF9000C000C000C000C000C000C000C000C00061
:10FFA000C000C000C000C000F80F0000000000004A
:10FFB0000000000000000000000000000000000041
:10FFC0000000000000000000000000000000C077FA
:10FFD000306C10181818181818181018300CF00772
:10FFE00018001800F00FF03F08700C600C600C60F7
:10FFF0003838E00F00000000000000000000100092
:020000040801F1
:100000001E00180018001800180018001800980F9B
:10001000D8183830183018301830183018301830D8
:1000200018301830183018307EFC00000000000036
:1000300000000000000000000000000000000000C0
:100040008003800380030000000000000001F8012D
:100050008001800180018001800180018001800198
:100060008001800180018001F81F00000000000075
:100070000000000000000000000000000000000080
:100080000038003800380000000000000010801F19
:1000900000180018001800180018001800180018A0
:1000A0000018001800180018001800180018180C84
:1000B0001806F0030000000000000000000010001F
:1000C0001E00180018001800180018001800183E2C
:1000D000180C1806180318019801D80138031807DE
:1000E0001806180C181C18187E7C00000000000070
:1000F00000000000000000000000000000000001FF
:10010000F80180018001800180018001800180016F
:1001100080018001800180018001800180018001D7
:100120008001800180018001F81F000000000000B4
:1001300000000000000000000000000000000000BF
:100140000000000000000000000000000800EE1C9D
:100150009C338C318C318C318C318C318C318C31A5
:100160008C318C318C318C31DE7B00000000000042
:10017000000000000000000000000000000000007F
:1001800000000000000000000000000010001E0F32
:10019000D818383018301830183018301830183057
:1001A00018301830183018307EFC000000000000B5
:1001B000000000000000000000000000000000003F
:1001C0000000000000000000000000000000C00768
:1001D000701C103018300C600C600C600C600C60EF
:1001E0000C60183018303018C00700000000000004
:1001F00000000000000000000000000000000000FF
:1002000000000000000000000000000010009E0F31
:100210005818383018201860186018601860186076
:10022000186018303830781898071800180018002F
:1002300018007E0000000000000000000000000028
:100240000000000000000000000000000000C023CB
:10025000303C183818300C300C300C300C300C306E
:100260000C3008301838303CE033003000300030BB
:10027000003000FC00000000000000000000000052
:1002800000000000000000000000000060007E3C54
:1002900060666061E000E000600060006000600097
:1002A0006000600060006000FE07000000000000C9
:1002B000000000000000000000000000000000003E
:1002C0000000000000000000000000000000E02727
:1002D00030381830182018007000E003800F001C20
:1002E000043004300C301C18EC0F0000000000003B
:1002F00000000000000000000000000000000000FE
:1003000000000000800080008000C000E000FC1FB2
:10031000C000C000C000C000C000C000C000C000DD
:10032000C000C020C0208011000F000000000000AD
:1003300000000000000000000000000000000000BD
:1003400000000000000000000000000010201E3C23
:10035000183018301830183018301830183018305D
:1003600018301830183830F4E01300000000000096
:10037000000000000000000000000000000000007D
:1003800000000000000000000000000000007E3CB3
:10039000181818083808300430047002600260022F
:1003A000E001C001C001C0008000000000000000AA
:1003B000000000000000000000000000000000003D
:1003C0000000000000000000000000000000DFF757
:1003D0008E630C238C238C2398139813581658166D
:1003E000700E700E700E200420040000000000004B
:1003F00000000000000000000000000000000000FD
:100400000000000000000000000000000000FC3EB2
:1004100070087004E004C002C0018003800340073C
:100420006006200C100C18183E7E00000000000032
:1004300000000000000000000000000000000000BC
:1004400000000000000000000000000000007E7CB2
:100450001818180830083008300460046004C0021E
:10046000C002C00280018001800180008000800005
:100470004C003C00000000000000000000000000F4
:100480000000000000000000000000000000FC1F51
:100490000C0C040E0406000380038001C000E00081
:1004A0007020302038301C18FC1F000000000000B5
:1004B0000000000000000000000000300008000400
:1004C000000400040004000400040004000400040C
:1004D0000004000280010002000400040004000483
:1004E00000040004000400040004000400040008E8
:1004F00000300000000100010001000100010001C6
:1005000000010001000100010001000100010001E3
:1005100000010001000100010001000100010001D3
:1005200000010001000100010001000100010001C3
:10053000000100010000000000000C00100020007D
:1005400020002000200020002000200020002000AB
:1005500020004000800140002000200020002000FA
:10056000200020002000200020002000200010009B
:100570000C00000000003800C40086400261002228
:10058000001C00000000000000000000000000004F
:10059000000000000000000000000000000000005B
:1005A000000000000000000000000000000000004B
:1005B000000000000101010307010000080402041B
:1005C000080101018238010800000000000000005D
:1005D0000000000000000000000200001800000001
:1005E00000000000000000007A3801080000000050
:1005F00000000000000000000000000000080000F3
:1006000008000000000000000000000006000C00D0
:100610000C00000000000000C0D10008080010001D
:10062000100000000000010034D600080C00180083
:10063000300000000000020024DC00081000200050
:100640004000000000000300F4ED0008002000203E
:10065000002000200020002000200020002000209A
:10066000002000200020002000200020002000208A
:10067000002000200020002000200020002000207A
:10068000002000200020002000200020002000206A
:10069000002000200020002000200020002000205A
:1006A000002000200020002000200020002000204A
:1006B000002000200020002000200020002000203A
:1006C000002000200020002000200020002000202A
:1006D000002000200020002000200020002000201A
:1006E000002000200020002000200020002000200A
:1006F00000200020002000200020002000200020FA
:1007000000200020002000200020002000200020E9
:1007100000200020002000200020002000200020D9
:1007200000200020002000200020002000200020C9
:1007300000200020002000200020002000200020B9
:1007400000200020002000200020002000200020A9
:100750000020002000200020002000200020002099
:100760000020002000200020002000200020002089
:100770000020002000200020002000200020002079
:100780000020002000200020002000200020002069
:100790000020002000200020002000200020002059
:1007A0000020002000200020002000200020002049
:1007B0000020002000200020002000200020002039
:1007C0000020002000200020002000200020002029
:1007D0000020002000200020002000200020002019
:1007E0000020002000200020002000200020002009
:1007F00000200020002000200020002000200020F9
:1008000000200020002000200020002000200020E8
:1008100000200020002000200020002000200020D8
:1008200000200020002000200020002000200020C8
:1008300000200020002000200020002000200020B8
:1008400000200020002000200020002000200020A8
:100850000020002000200020002000200020002098
:100860000020002000200020002000200020002088
:100870000020002000200020002000200020002078
:100880000020002000200020002000200020002068
:100890000020002000200020002000200020002058
:1008A0000020002000200020002000200020002048
:1008B0000020002000200020002000200020002038
:1008C0000020002000200020002000200020002028
:1008D0000020002000200020002000200020002018
:1008E0000020002000200020002000200020002008
:1008F00000200020002000200020002000200020F8
:1009000000200020002000200020002000200020E7
:1009100000200020002000200020002000200020D7
:1009200000200020002000200020002000200020C7
:1009300000200020002000200020002000200020B7
:1009400000200020002000200020002000200020A7
:100950000020002000200020002000200020002097
:100960000020002000200020002000200020002087
:100970000020002000200020002000200020002077
:100980000020002000200020002000200020002067
:100990000020002000200020002000200020002057
:1009A0000020002000200020002000200020002047
:1009B0000020002000200020002000200020002037
:1009C0000020002000200020002000200020002027
:1009D0000020002000200020002000200020002017
:1009E0000020002000200020002000200020002007
:1009F00000200020002000200020002000200020F7
:100A000000200020002000200020002000200020E6
:100A100000200020002000200020002000200020D6
:100A200000200020002000200020002000200020C6
:100A300000200020002000200020002000200020B6
:100A400000200020002000200020002000200020A6
:100A50000020002000200020002000200020002096
:100A60000020002000200020002000200020002086
:100A70000020002000200020002000200020002076
:100A80000020002000200020002000200020002066
:100A90000020002000200020002000200020002056
:100AA0000020002000200020002000200020002046
:100AB0000020002000200020002000200020002036
:100AC0000020002000200020002000200020002026
:100AD0000020002000200020002000200020002016
:100AE0000020002000200020002000200020002006
:100AF00000200020002000200020002000200020F6
:100B000000200020002000200020002000200020E5
:100B100000200020002000200020002000200020D5
:100B200000200020002000200020002000200020C5
:100B300000200020002000200020002000200020B5
:100B400000200020002000200020002000200020A5
:100B50000020002000200020002000200020002095
:100B60000020002000200020002000200020002085
:100B70000020002000200020002000200020002075
:100B80000020002000200020002000200020002065
:100B90000020002000200020002000200020002055
:100BA0000020002000200020002000200020002045
:100BB0000020002000200020002000200020002035
:100BC0000020002000200020002000200020002025
:100BD0000020002000200020002000200020002015
:100BE0000020002000200020002000200020002005
:100BF00000200020002000200020002000200020F5
:100C000000200020002000200020002000200020E4
:100C100000200820002000200820002000200020C4
:100C200000200020002000200020002000200020C4
:100C300000200020002000200020002000200020B4
:100C400000200020002000200020002000200020A4
:100C5000002000200020002000200020002008208C
:100C6000002000200820002000200020002000207C
:100C70000020002000200020002000200020002074
:100C80000020002000200020002000200020002064
:100C90000020002000200020002000200020002054
:100CA0000020002000200020002000200020002044
:100CB0000020002000200020002000200020002034
:100CC0000020002000200020002000200020002024
:100CD0000020002000200020002000200020002014
:100CE0000020002000200020002000200020002004
:100CF00000200020002000200020002000200020F4
:100D000000200020002000200020002000200020E3
:100D100000200020002000200020002000200020D3
:100D200000200020002000200020002000200020C3
:100D300000200020002000200020002000200020B3
:100D400000200020002000200020002000200020A3
:100D5000002000200020002008200020002000208B
:100D60000020002000200020002000200020002083
:100D70000020002000200020002000200020002073
:100D80000020002000200020002000200020002063
:100D9000002000200020002000200020002008204B
:100DA0000020002000200020002000200020002043
:100DB0000020002000200020002000200020002033
:100DC0000020002000200020002000200020002023
:100DD0000020002000200020002000200020002013
:100DE0000020002000200020002000200020002003
:100DF00000200020002000200820002000200020EB
:100E000000200020002000200020002000200020E2
:100E100000200020002000200020002000200020D2
:100E200000200020002000200020002000200020C2
:100E300000200020002000200020002000200820AA
:100E400000200020002000200020002000200020A2
:100E50000020002000200020002000200020002092
:100E60000020002000200020002000200020002082
:100E70000020002000200020002000200020002072
:100E80000020002000200020002000200020002062
:100E9000002000200020082000200020002000204A
:100EA0000020002000200020002000200020002042
:100EB0000020002000200020002000200020002032
:100EC0000020002000200020002000200020002022
:100ED0000020002000200020002000200020002012
:100EE00008200020002000200020002000200020FA
:100EF00000200020002000200020002000200020F2
:100F000000200020002000200020002000200020E1
:100F100000200020002000200020002000200020D1
:100F200000200020002000200020002000200020C1
:100F300000200020002000200020002000200020B1
:100F400000200020002000200020002000200020A1
:100F50000020002000200020002000200020002091
:100F60000020002000200020002000200020002081
:100F70000020002000200020002000200020002071
:100F80000020002000200020002000200020002061
:100F90000020002000200020002000200020002051
:100FA0000020002000200020002000200020002041
:100FB0000020002000200020002000200020002031
:100FC00000200020002000200020002000204140C0
:100FD0006A007A407A407A407A607A607A407A4051
:100FE0007A407A407A407A407A407A407A407A4031
:100FF0007A407A407A407A407A407A407A407A4021
:101000007A407A407A407A407A407A407A407A4010
:101010007A407A407A407A407A407A407A607A60C0
:101020007A407A407A406A00414000200020002047
:1010300000200020002000200020002000200020B0
:1010400000200020002000200020002000200020A0
:101050000020002000200020002000200020002090
:10106000002000200020002000206A00E440F480DE
:10107000F480F480F480F480F480F480F480F480D0
:10108000F480F480F480F480F480F480F480F480C0
:10109000F480F480F480F480F480F480F480F480B0
:1010A000F480F480F480F480F480F480F480F480A0
:1010B000F480F480F480F480F480F480F480F48090
:1010C000F480F480F480F480F480E4406A2000200E
:1010D0000020002000200020082000200020002008
:1010E0000020002000200020002000200020002000
:1010F00000200020002000200020002000200020F0
:101100000820002000201080BB60F480F480F48070
:10111000F480F480F480F480F480F480F480F4802F
:10112000F480F480F480F480F480F480F480F4801F
:10113000F480F480F480F480F480F480F480F4800F
:10114000F480F480F480F480F480F480F480F480FF
:10115000F480F480F480F480F480F480F480F480EF
:10116000F480F480F480F480F480F480F480B36040
:10117000106000200020002000200020002000201F
:10118000002000200020002000200020002000205F
:10119000002000200020002000200020002000204F
:1011A0000020002000208AA0F480F480F480F480E5
:1011B000F480F480F480F480F480F480F480F4808F
:1011C000F480F480F480F480F480F480F480F4807F
:1011D000F480F480F480F480F480F480F480F4806F
:1011E000F480F480F480F480F480F480F480F4805F
:1011F000F480F480F480F480F480F480F480F4804F
:10120000F480F480F480F480F480F480F480F4803E
:101210008AA00020002000200020002000200020C4
:1012200000200020002000200020002000200020BE
:1012300000200020002000200020002000200020AE
:10124000002000204140F480F480F480BB60518095
:10125000108000200020002000200020002000201E
:10126000002000200020002000200020002000207E
:10127000002000200020002000200020002000206E
:10128000002000200020002000200020002000205E
:10129000002000200020002000200020002000204E
:1012A00000200020002000205180C3A0F480F480A2
:1012B000F480412000200020002000200020002099
:1012C000002000200020002000200020002000201E
:1012D000002000200020002000200020002000200E
:1012E000082000209AE0F480F480E44010600020A0
:1012F00008200020002000200020002000200020E6
:1013000000200020002000200020002000200020DD
:1013100000200020002000200020002000200020CD
:1013200000200020002000200020002000200020BD
:1013300000200020002000200020002000200020AD
:10134000082000200020002000201060E440F480ED
:10135000F4809AE0002000200020002000200020DF
:10136000002000200020002000200020002000207D
:10137000002000200020002000200020002000206D
:1013800000200020C3A0F480F4809AE00020002018
:101390000020002000200020082000200020002045
:1013A000002000200020002000200020002000203D
:1013B000002000200020002000200020002000202D
:1013C000002000200020002000200020002000201D
:1013D000002000200020002000200020002000200D
:1013E000002000200020002000200020AB20F480FE
:1013F000F480C3A000200020002000200020002056
:1014000000200020002000200020002000200020DC
:1014100000200020002000200020002000200020CC
:1014200000200020F480F480F4807A600020002006
:1014300000200020002000200020002000200020AC
:10144000002000200020002000200020002000209C
:10145000002000200020002000200020002000208C
:10146000002000200020002000200020002000207C
:101470000020002000200020002000200020082064
:101480000020002000200020002000207A60F4804E
:10149000F480F480002000200020002000200020A4
:1014A000002000200020002000200020002000203C
:1014B000002000200020002000200020002000202C
:1014C00000200020F480F480F4807A600020002066
:1014D0000020002000200020002008200020002004
:1014E00000200020002000200020002000200020FC
:1014F00000200020002000200020002000200020EC
:1015000000200020002000200020002000200020DB
:1015100000200020002000200020002000200020CB
:101520000020002008200020002000207A60F480A5
:10153000F480F48000200020002000200020002003
:10154000002000200020002000200020002000209B
:10155000002000200020002000200020002000208B
:1015600000200020F480F480F4807A6008200020BD
:10157000002000200020002000200020002000206B
:10158000002000200020002000200020002000205B
:10159000002000200020002000200020002000204B
:1015A000002000200020002000200020002000203B
:1015B000002000200020002000200020002000202B
:1015C0000020002000200020002000207A60F4800D
:1015D000F480F48000200020002000200020002063
:1015E00000200020002000200020002000200020FB
:1015F00000200020002000200020002000200020EB
:1016000000200020F480F480F4807A60082000201C
:1016100008200020002000200020002000200020C2
:1016200000200020002000200020002000200020BA
:1016300000200020002000200020002000200020AA
:10164000002000200020002000200020002000209A
:10165000002000200020002000200020002000208A
:101660000020002000200020002000207A60F4806C
:10167000F480F480002000200020002000200020C2
:10168000002000200020002000200020002000205A
:10169000002000200020002000200020002000204A
:1016A00000200020F480F480F4807A600020002084
:1016B00000200020002000201060C3A0F48059C04A
:1016C0000020002008200020002000200020002012
:1016D000002000200020002000200020002000200A
:1016E00000200020002000200020002000200020FA
:1016F00000200020002000200020002000200020EA
:101700000020002000200020002000207A60F480CB
:10171000F480F48000200020002000200020002021
:1017200000200020002000200020002000200020B9
:1017300000200020002000200020002000200020A9
:1017400000200020F480F480F4807A6008200020DB
:1017500000200820082000206A00F480F480F48033
:1017600059C0002000200020002000200020002080
:101770000020002000200020002000200020002069
:101780000020002000200020002000200020002059
:101790000020002000200020002000200020002049
:1017A0000020002000200020002000207A60F4802B
:1017B000F480F48000200020002000200020002081
:1017C0000020002000200020002000200020002019
:1017D0000020002000200020002000200020002009
:1017E00000200020F480F480F4807A600020002043
:1017F00000200020002000204140F480F480F4808C
:10180000F48059C008200020002000200020002083
:1018100000200020002000200020002000200020C8
:1018200000200020002000200020002000200020B8
:1018300000200020002000200020002000200020A8
:101840000020002000200020002000207A60F4808A
:10185000F480F480002000200020002000200020E0
:101860000020002000200020002000200020002078
:101870000020002000200020002000200020002068
:1018800000200020F480F480F4807A6000200020A2
:101890000020002000200820002059C0F480F4809F
:1018A000F480F48059C0002008200020002000208F
:1018B0000020002000200020002000200020002028
:1018C0000020002000200020002000200020002018
:1018D0000020002000200020002000200020002008
:1018E0000020002000200020002000207A60F480EA
:1018F000F480F48000200020002000200020002040
:1019000000200020002000200020002000200020D7
:1019100000200020002000200020002000200020C7
:1019200000200020F480F480F4807A600020002001
:1019300000200020002000200020002059C0F4805A
:10194000F480F480F48059C00020002000200020A2
:101950000020002000200020002000200020002087
:101960000020002000200020002000200020002077
:101970000020002000200020002000200020002067
:101980000020002000200020002000207A60F48049
:10199000F480F4800020002000200020002000209F
:1019A0000020002000200020002000200020002037
:1019B0000020002000200020002000200020002027
:1019C00000200020F480F480F4807A600020002061
:1019D000002000200020002000200020002059C00E
:1019E000F480F480F480F48059C0082000200020A6
:1019F00000200020002000200020002000200020E7
:101A000000200020002000200020002000200020D6
:101A100000200020002000200020002000200020C6
:101A20000020002000200020002000207A60F480A8
:101A3000F480F480002000200020002000200020FE
:101A40000020002000200020002000200020002096
:101A50000020002000200020002000200020002086
:101A600000200020F480F480F4807A6000200020C0
:101A7000002000200020002000200020082000205E
:101A800059C0F480F480F480F48059C00020002014
:101A90000020002000200020002000200020002046
:101AA0000020002000200020002000200020002036
:101AB0000020002000200020002000200020002026
:101AC0000020002000200020002000207A60F48008
:101AD000F480F4800020002000200020002000205E
:101AE00000200020002000200020002000200020F6
:101AF00000200020002000200020002000200020E6
:101B000000200020F480F480F4807A60002000201F
:101B100000200020002000200020002000200020C5
:101B2000002059C0F480F480F480F48059C0002073
:101B300000200020002000200020002000200020A5
:101B40000020002000200020002000200020002095
:101B50000020002000200020002000200020002085
:101B60000020002000200020002000207A60F48067
:101B7000F480F480002000200020002000200020BD
:101B80000020002000200020002000200020002055
:101B90000020002000200020002000200020002045
:101BA00000200020F480F480F4807A60002000207F
:101BB0000020002008200020002008200020002015
:101BC000002000206A00F480F480F480E4400020CB
:101BD0000020002000200020002000200020002005
:101BE00000200020002000200020002000200020F5
:101BF00000200020002000200020002000200020E5
:101C00000020002000200020002000207A60F480C6
:101C1000F480F4800020002000200020002000201C
:101C200000200020002000200020002000200020B4
:101C300000200020002000200020002000200020A4
:101C400000200020F480F480F4807A6000200020DE
:101C5000002000200020002008200020002000207C
:101C600000201060C3A0F480F480F480BB600020EA
:101C70000020002000200020002000200020002064
:101C80000020002000200020002000200020002054
:101C90000020002000200020002000200020002044
:101CA0000020002000200020002000207A60F48026
:101CB000F480F4800020002000200020002000207C
:101CC0000020002000200020002000200020002014
:101CD0000020002000200020002000200020002004
:101CE00000200020F480F480F4807A60002000203E
:101CF00008200020002000200020002000200020DC
:101D00001060C3A0F480F480F480C3A010600020B1
:101D100000200020082000200020002000200020BB
:101D200000200020002000200020002000200020B3
:101D300000200020002000200020002000200020A3
:101D40000020002000200020002000207A60F48085
:101D5000F480F480002000200020002000200020DB
:101D60000020002000200020002000200020002073
:101D70000020002000200020002000200020002063
:101D800000200020F480F480F4807A60002000209D
:101D900000200020002000200020002000201060F3
:101DA000C3A0F480F480F480C3A010600020002061
:101DB0000020002000200020002000200020002023
:101DC0000020002000200020002000200020002013
:101DD0000020002000200020002000200020002003
:101DE0000020002000200020002000207A60F480E5
:101DF000F480F4800020002000200020002000203B
:101E000000200020002000200020002000200020D2
:101E100000200020002000200020002000200020C2
:101E200000200020F480F480F4807A6000200020FC
:101E30000020082000200020002008201080C3A0DF
:101E4000F480F480F480C3A0106000200020002003
:101E5000002008200020002000200020002000207A
:101E60000020002000200020002000200020002072
:101E70000020002000200020002000200020002062
:101E80000020002000200020002000207A60F48044
:101E9000F480F4800020002000200020002000209A
:101EA0000020002000200020002000200020002032
:101EB0000020002000200020002000200020002022
:101EC00000200020F480F480F4807A60002000205C
:101ED000082000200020002008201060C3A0F4800B
:101EE000F480F480C3A010600020002000200020B7
:101EF00000200820002000200020002000200020DA
:101F000000200020002000200020002000200020D1
:101F100000200020002000200020002000200020C1
:101F20000020002000200020002000207A60F480A3
:101F3000F480F480002000200020002000200020F9
:101F40000020002000200020002000200020002091
:101F50000020002000200020002000200020002081
:101F600000200020F480F480F4807A6008200020B3
:101F700000200020002000201060C3A0F480F48026
:101F8000F480C3A010600020002000200020082062
:101F90000020002000200020002000200020002041
:101FA0000020082000200020002000200020002029
:101FB0000020002000200020002000200020002021
:101FC0000020002000200020002000207A60F48003
:101FD000F480F48000200020002000200020002059
:101FE00000200020002000200020002000200020F1
:101FF00000200020002000200020002000200020E1
:1020000000200020F480F480F4807A60002000201A
:1020100000200020002000206A00F480F480F4807A
:10202000C3A010600020002000200020002000201D
:1020300020A0414041404140414041404140414059
:10204000414041404140310000200020002000205C
:102050000020002000200020002000200020002080
:102060000020002000200020002000207A60F48062
:10207000F480F480002000200020002000200020B8
:102080000020002000200020002000200020002050
:102090000020002000200020002000200020002040
:1020A00000200020F480F480F4807A60002000207A
:1020B00000200020002000204140F480F480C3A0D4
:1020C00010600020002000200020002000208AA0B6
:1020D000F480F480F480F480F480F480F480F48060
:1020E000F480F480F480F4809AE000200020002046
:1020F00000200020002000200020002000200020E0
:102100000020002000200020002000207A60F480C1
:10211000F480F48000200020002000200020002017
:1021200000200020002000200020002000200020AF
:10213000002000200020002000200020002000209F
:1021400000200020F480F480F4807A6000200020D9
:102150000020002000200020002049807A601060CC
:102160000020002000200020002000200020E4406B
:10217000F480F480F480F480F480F480F480F480BF
:10218000F480F480F480F480D4000020002000204B
:10219000002000200020002000200020002000203F
:1021A0000020002000200020002000207A60F48021
:1021B000F480F48000200020002000200020002077
:1021C000002000200020002000200020002000200F
:1021D00000200020002000200020002000200020FF
:1021E00000200020F480F480F4807A600020002039
:1021F00000200020002000200020002000200020DF
:1022000000200020002008200020002000209AE06C
:10221000F480F480F480F480F480F480F480F4801E
:10222000F480F480F480F4809AE000200020002004
:10223000002000200020002000200020002000209E
:102240000020002000200020002000207A60F48080
:10225000F480F480002000200020002000200020D6
:10226000002000200020002000200020002000206E
:10227000002000200020002000200020002000205E
:1022800000200020F480F480F4807A600020082090
:102290000020002008200020002000200020002036
:1022A000082000200020082000200020002000201E
:1022B00020C04120414041404140414041404140D7
:1022C00041404140414031000020002000200020DA
:1022D00000200020002000200020002000200020FE
:1022E0000020002000200020002000207A60F480E0
:1022F000F480F48000200020002000200020002036
:1023000000200020002000200020002000200020CD
:1023100000200020002000200020002000200020BD
:1023200000200020F480F480F4807A6000200020F7
:102330000020002008200020002000200820082085
:10234000082000200020082000200020002000207D
:10235000002000200020002000200020002000207D
:102360000020002000200820002000200020002065
:10237000002000200020002000200020002000205D
:102380000020002000200020002000207A60F4803F
:10239000F480F48000200020002000200020002095
:1023A000002000200020002000200020002000202D
:1023B000002000200020002000200020002000201D
:1023C00000200020F480F480F4807A600020002057
:1023D00000200020002000200020002000200020FD
:1023E00000200020002000200020002000200020ED
:1023F00000200020002008200020002000200020D5
:1024000000200020002000200020082000200020C4
:1024100000200020002000200020002000200020BC
:102420000020002000200020002000207A60F4809E
:10243000F480F480002000200020002000200020F4
:10244000002000200020002000200020002000208C
:10245000002000200020002000200020002000207C
:1024600000200020F480F480F4807A6000200020B6
:10247000002000200020002000200020002000205C
:10248000002000200020002000200020002000204C
:10249000002000200020002000200020002000203C
:1024A000002000200020002000200020002000202C
:1024B000002000200020002000200020002000201C
:1024C0000020002000200020002000207A60F480FE
:1024D000F480F48000200020002000200020002054
:1024E00000200020002000200020002000200020EC
:1024F00000200020002000200020002000200020DC
:1025000000200020F480F480F4807A600020002015
:1025100000200020002000200020002000200020BB
:1025200000200020002000200020002000200020AB
:10253000002000200020002000200020002000209B
:10254000002000200020002000200020002000208B
:10255000002000200020002000200020002000207B
:102560000020002000200020002000207A60F4805D
:10257000F480F480002000200020002000200020B3
:10258000002000200020002000200020002000204B
:10259000002000200020002000200020002000203B
:1025A00000200020F480F480F4807A600020002075
:1025B000002000200020002000200020002000201B
:1025C000002000200020002000200020002000200B
:1025D00000200020002000200020002000200020FB
:1025E00000200020002000200020002000200020EB
:1025F00000200020002000200020002000200020DB
:102600000020002000200020002000207A60F480BC
:10261000F480F48000200020002000200020002012
:1026200000200020002000200020002000200020AA
:10263000002000200020002000200020002000209A
:1026400000200020F480F480F4807A6000200020D4
:10265000002000200020002000200020002000207A
:10266000002000200020002000200020002000206A
:10267000002000200020002000200020002000205A
:10268000002000200020002000200020002000204A
:10269000002000200020002000200020002000203A
:1026A0000020002000200020002000207A60F4801C
:1026B000F480F48000200020002000200020002072
:1026C000002000200020002000200020002000200A
:1026D00000200020002000200020002000200020FA
:1026E00000200020F480F480F4807A600020002034
:1026F00000200020002000200020002000200020DA
:1027000000200020002000200020002000200020C9
:1027100000200020002000200020002000200020B9
:1027200000200020002000200020002000200020A9
:102730000020002000200020002000200020002099
:102740000020002000200020002000207A60F4807B
:10275000F480F480002000200020002000200020D1
:102760000020002000200020002000200020002069
:102770000020002000200020002000200020002059
:1027800000200020F480F480F4807A600020002093
:102790000020002000200020002000200020002039
:1027A0000020002000200020002000200020002029
:1027B0000020002000200020002000200020002019
:1027C0000020002000200020002000200020002009
:1027D00000200020002000200020002000200020F9
:1027E0000020002000200020002000207A60F480DB
:1027F000F480F48000200020002000200020002031
:1028000000200020002000200020002000200020C8
:1028100000200020002000200020002000200020B8
:1028200000200020F480F480F4807A6000200020F2
:102830000020002000200020002000200020002098
:102840000020002000200020002000200020002088
:102850000020002000200020002000200020002078
:102860000020002000200020002000200020002068
:102870000020002000200020002000200020002058
:102880000020002000200020002000207A60F4803A
:10289000F480F48000200020002000200020002090
:1028A0000020002000200020002000200020002028
:1028B0000020002000200020002000200020002018
:1028C00000200020F480F480F4807A600020002052
:1028D00000200020002000200020002000200020F8
:1028E00000200020002000200020002000200020E8
:1028F00000200020002000200020002000200020D8
:1029000000200020002000200020002000200020C7
:1029100000200020002000200020002000200020B7
:102920000020002000200020002000207A60F48099
:10293000F480F480002000200020002000200020EF
:102940000020002000200020002000200020002087
:102950000020002000200020002000200020002077
:1029600000200020F480F480F4807A6000200020B1
:102970000020002000200020002000200020002057
:102980000020002000200020002000200020002047
:102990000020002000200020002000200020002037
:1029A0000020002000200020002000200020002027
:1029B000002000200020002000200020082000200F
:1029C0000020082000200020002000207A60F480F1
:1029D000F480F4800020002000200020002000204F
:1029E00000200020002000200020002000200020E7
:1029F00000200020002000200020002000200020D7
:102A000000200020F480F480F4807A600020002010
:102A100000200020002000200020002000200020B6
:102A200000200020002000200020002000200020A6
:102A30000020002000200020002000200020002096
:102A40000020002000200020002000200020002086
:102A50000020002000200020002000200020002076
:102A60000020002000200020082000207A60F48050
:102A7000F480F480002000200820002000200020A6
:102A80000020002000200020002000200020002046
:102A90000020002000200020002000200020002036
:102AA00000200020C3A0F480F4809AE000200020E1
:102AB000002000200020002008200020002000200E
:102AC0000020002000200020002000200020002006
:102AD00000200020002000200020002000200020F6
:102AE00000200020002000200020002000200020E6
:102AF00000200020002000200020002008200020CE
:102B0000002000200020002000200020AB20F480C6
:102B1000F480C3A00020002000200020002000201E
:102B200000200020002000200020002000200020A5
:102B3000002000200020002000200020002008208D
:102B4000082000209AE0F480F480E4401080002007
:102B5000002000200020002008200020002000206D
:102B60000020002000200020002000200020002065
:102B70000020002000200020002000200020002055
:102B80000020002000200020002000200020002045
:102B90000020002000200020002000200020002035
:102BA000002000200020002000201060E440F4807D
:102BB000F4809AE000200020002000200020002067
:102BC0000020002000200020002000200020002005
:102BD00000200020002000200020002000200820ED
:102BE000002000204140F480F480F480B3604980EC
:102BF000106000200020002000200820002000207D
:102C000000200020002000200020002000200020C4
:102C100000200020002000200020002000200020B4
:102C200000200020002000200020002000200020A4
:102C30000020002000200020002000200020002094
:102C400000200020002000204980C3A0F480F480F0
:102C5000F4804140002000200020002000200020BF
:102C60000020002000200020002000200020002064
:102C70000020002000200020002000200020002054
:102C80000020002000208AA0F480F480F480F480EA
:102C9000F480F480F480F480F480F480F480F48094
:102CA000F480F480F480F480F480F480F480F48084
:102CB000F480F480F480F480F480F480F480F48074
:102CC000F480F480F480F480F480F480F480F48064
:102CD000F480F480F480F480F480F480F480F48054
:102CE000F480F480F480F480F480F480F480F48044
:102CF0008AA00020002000200020002000200020CA
:102D000000200020002000200020002000200020C3
:102D100000200020002000200020002000200020B3
:102D20000020002000201060BB60F480F480F4805C
:102D3000F480F480F480F480F480F480F480F480F3
:102D4000F480F480F480F480F480F480F480F480E3
:102D5000F480F480F480F480F480F480F480F480D3
:102D6000F480F480F480F480F480F480F480F480C3
:102D7000F480F480F480F480F480F480F480F480B3
:102D8000F480F480F480F480F480F480F480BB60FC
:102D900010600020002000200020002000200020E3
:102DA0000020002000200020002000200020002023
:102DB0000020002000200020002000200020002013
:102DC000002000200020002000206A00E440F48061
:102DD000F480F480F480F480F480F480F480F48053
:102DE000F480F480F480F480F480F480F480F48043
:102DF000F480F480F480F480F480F480F480F48033
:102E0000F480F480F480F480F480F480F480F48022
:102E1000F480F480F480F480F480F480F480F48012
:102E2000F480F480F480F480F480E4406A20002090
:102E30000020002000200020002000200020002092
:102E40000020002000200020002000200020002082
:102E50000020002000200020002000200020002072
:102E60000020002000200020002000200020414001
:102E70006A007A607A607A607A607A607A607A60F2
:102E80007A607A607A607A607A607A607A607A6072
:102E90007A607A607A607A607A607A607A607A6062
:102EA0007A607A607A607A607A607A607A607A6052
:102EB0007A607A607A607A607A607A607A607A6042
:102EC0007A607A607A606A00414000200020002029
:102ED00000200020002000200020002000200020F2
:102EE00000200020002000200020002000200020E2
:102EF00000200020002000200020002000200020D2
:102F000000200020002000200020002000200020C1
:102F100000200020002000200020002000200020B1
:102F200000200020002000200020002000200020A1
:102F30000020002000200020002000200020002091
:102F40000020002000200020002000200020002081
:102F50000020002000200020002000200020002071
:102F60000020002000200020002000200020002061
:102F70000020002000200020002000200020002051
:102F80000020002000200020002000200020002041
:102F90000020002000200020002000200020002031
:102FA0000020002000200020002000200020002021
:102FB0000020082000200020002000200020002009
:102FC0000020002000200020002000200020002001
:102FD00000200020002000200020002000200020F1
:102FE00000200020002000200020002000200020E1
:102FF00000200020002000200020002000200020D1
:1030000000200020082000200020002000200020B8
:1030100000200020002000200020002000200020B0
:1030200000200020002000200020002000200020A0
:103030000020002000200020002000200020002090
:103040000020002000200020002000200020002080
:103050000020002000200820002008200020002060
:103060000020002000200020002000200020002060
:103070000020002000200020002000200020002050
:103080000020002000200020002000200020002040
:103090000020002000200020002000200820002028
:1030A0000820002000200020002000200020002018
:1030B0000020002000200020002000200020002010
:1030C0000020002000200020002000200020002000
:1030D00000200020002000200020002000200020F0
:1030E00000200020002000200020002008200020D8
:1030F00000200020002000200020002000200020D0
:1031000000200020002000200020002000200020BF
:1031100000200020002000200020002000200020AF
:10312000002000200020002000200020002000209F
:10313000002000200020002000200020002000208F
:103140000020002000200020002008200020002077
:10315000002000200020002000200020002000206F
:10316000002000200020002000200020002000205F
:10317000002000200020002000200020002000204F
:10318000002000200020002000200020002000203F
:10319000002000200020002000200020002000202F
:1031A000002000200020002000200020002000201F
:1031B000002000200020002000200020002000200F
:1031C00000200020002000200020002000200020FF
:1031D00000200020002000200020002000200020EF
:1031E00000200020002000200020002000200020DF
:1031F00000200020002000200020002000200020CF
:1032000000200020002000200020002000200020BE
:1032100000200020002000200020002000200020AE
:10322000002000200020002000200020002000209E
:10323000002000200020002000200020002000208E
:10324000002000200020002000200020002000207E
:10325000002000200020002000200020002000206E
:10326000002000200020002000200020002000205E
:10327000002000200020002000200020002000204E
:10328000002000200020002000200020002000203E
:10329000002000200020002000200020002000202E
:1032A000002000200020002000200020002000201E
:1032B000002000200020002000200020002000200E
:1032C00000200020002000200020002000200020FE
:1032D00000200020002008200020002000200020E6
:1032E00000200020002000200020002000200020DE
:1032F00000200020002000200020002000200020CE
:1033000000200020002000200020002000200020BD
:1033100000200020002000200020002000200020AD
:103320000820002000200020002000200020002095
:10333000002000200020002000200020002000208D
:10334000002000200020002000200020002000207D
:10335000002000200020002000200020002000206D
:10336000002000200020002000200020002000205D
:10337000002000200020002000200020002000204D
:10338000002000200020002000200020002000203D
:10339000002000200020002000200020002000202D
:1033A000002000200020002000200020002000201D
:1033B000002000200020002000200020002000200D
:1033C00000200020002000200020002000200020FD
:1033D00000200020002000200020002000200020ED
:1033E00000200020002000200020002000200020DD
:1033F00000200020002000200020002000200020CD
:1034000000200020002000200020002000200020BC
:1034100000200020002000200020002000200020AC
:10342000002000200020002000200020002000209C
:10343000002000200020002000200020002000208C
:10344000002000200020002000200020002000207C
:10345000002000200020002000200020002000206C
:10346000002000200020002000200020002000205C
:10347000002000200020002000200020002000204C
:10348000002000200020002000200020002000203C
:10349000002000200020002000200020002000202C
:1034A000002000200020002000200020002000201C
:1034B000002000200020002000200020002000200C
:1034C00000200020002000200020002000200020FC
:1034D00000200020002000200020002000200020EC
:1034E00000200020002000200020002000200020DC
:1034F00000200020002000200020002000200020CC
:1035000000200020002000200020002000200020BB
:1035100000200020002000200020002000200020AB
:10352000002000200020002000200020002000209B
:10353000002000200020002000200020002000208B
:10354000002000200020002000200020002000207B
:10355000002000200020002000200020002000206B
:10356000002000200020002000200020002000205B
:10357000002000200020002000200020002000204B
:10358000002000200020002000200020002000203B
:10359000002000200020002000200020002000202B
:1035A000002000200020002000200020002000201B
:1035B000002000200020002000200020002000200B
:1035C00000200020002000200020002000200020FB
:1035D00000200020002000200020002000200020EB
:1035E00000200020002000200020002000200020DB
:1035F00000200020002000200020002000200020CB
:1036000000200020002000200020002000200020BA
:1036100000200020002000200020002000200020AA
:10362000002000200020002000200020002000209A
:10363000002000200020002000200020002000208A
:10364000002000200020002000200020002000207A
:10365000002000200020002000200020002000206A
:10366000002000200020002000200020002000205A
:10367000002000200020002000200020002000204A
:10368000002000200020002000200020002000203A
:10369000002000200020002000200020002000202A
:1036A000002000200020002000200020002000201A
:1036B000002000200020002000200020002000200A
:1036C00000200020002000200020002000200020FA
:1036D00000200020002000200020002000200020EA
:1036E00000200020002000200020002000200020DA
:1036F00000200020002000200020002000200020CA
:1037000000200020002000200020002000200020B9
:1037100000200020002000200020002000200020A9
:103720000020002000200020002000200020002099
:103730000020002000200020002000200020002089
:103740000020002000200020002000200020002079
:103750000020002000200020002000200020002069
:103760000020002000200020002000200020002059
:103770000020002000200020002000200020002049
:103780000020002000200020002000200020002039
:103790000020002000200020002000200020002029
:1037A0000020002000200020002000200020002019
:1037B0000020002000200020002000200020002009
:1037C00000200020002000200020002000200020F9
:1037D00000200020002000200020002000200020E9
:1037E00000200020002000200020002000200020D9
:1037F00000200020002000200020002000200020C9
:1038000000200020002000200020002000200020B8
:1038100000200020002000200020002000200020A8
:103820000020002000200020002000200020002098
:103830000020002000200020002000200020002088
:103840000020002000200020002000207038010807
:103850000000000000000000000000000000000068
:103860000008000010000000000000000000000040
:1038700072733438355461736B006C6364546173D4
:103880006B0064656661756C745461736B00322EF5
:10389000303020696E636800312E313420696E63E8
:1038A0006800302E393620696E636800312E343757
:1038B00020696E636800546D72510000370000008B
:1038C000103A010800000020F800000088020008FB
:1038D000083B0108F800002030A60000A402000800
:1038E0001C00000043000000F8FFFFFF0C00000078
:1038F0000E0000000F0000002E000000100100006C
:1039000043000000F8FFFFFF0040404040404040BF
:1039100040404141414141404040404040404040A2
:103920004040404040404040400502020202020246
:103930000202020202020202022020202020202095
:1039400020202002020202020202909090909090A9
:103950001010101010101010101010101010101067
:1039600010101010020202020202888888888888DB
:1039700008080808080808080808080808080808C7
:1039800008080808020202024000000000000000CF
:103990000000000000000000000000000000000027
:1039A0000000000000000000000000000000000017
:1039B0000000000000000000000000000000000007
:1039C00000000000000000000000000000000000F7
:1039D00000000000000000000000000000000000E7
:1039E00000000000000000000000000000000000D7
:1039F00000000000000000000000000000000000C7
:103A000000000000000000000000000000000000B6
:103A100001000000100000000090D0031A1A0101FC
:103A20001A1A010101011A1A01011A1A343428283C
:103A30003535282828283535282834342222000016
:103A400022220000000022220000222200000000AA
:103A500000000000000000000000000008C878A876
:103A600000C070A000C070A000C070A0C8000020FE
:103A70000000000000000000000000000000000046
:103A800000000000000000000000000056060020BA
:103A90000000000000000000A23801080003A000A0
:103AA00050000000983801080103F0008700000072
:103AB000AC38010802034001AC0000008E38010858
:103AC00003034001F0000000880000209400002063
:103AD000A0000020AC000020980400200004024256
:103AE0002000000000040242100001000000024219
:103AF0001000000000000242400000000000000032
:083B000000000000AAAAAAAA15
:040000050800024DA0
:00000001FF
