:020000040800F2
:10000000A894002061020008A9690008D3460008EE
:10001000F96700084D150008498B00080000000032
:10002000000000000000000000000000A101000826
:100030006917000800000000FD0100083D8200086B
:100040007B0200087B0200087B0200087B0200089C
:100050007B0200087B0200087B0200087B0200088C
:100060007B0200087B0200087B0200087B0200087C
:100070007D1600088916000895160008A1160008CC
:100080007B0200087B0200087B0200087B0200085C
:10009000511500087B0200087B0200087B02000863
:1000A0007B0200087B0200087B0200087B0200083C
:1000B0007B0200087B0200087B0200087B0200082C
:1000C0007B0200087B0200087B0200087B0200081C
:1000D0007B020008258B0008318B00083D8B00084F
:1000E0007B0200087B0200087B0200087B020008FC
:1000F0007B0200087B0200087B0200087B020008EC
:100100007B0200087B020008018300087B020008D4
:100110003D860008498600084D8300087B020008E0
:100120007B0200087B020008AD1600087B02000875
:100130007B0200087B0200087B0200087B020008AB
:100140005D1500087B0200087B0200087B020008A6
:100150007B0200087B020008B91600087B02000839
:100160007B0200087B0200087B0200087B0200087B
:100170007B0200087B0200087B02000800000000F0
:100180007B0200087B020008DFF810D000F0EAFED6
:10019000004800470DCB0008AFF30080A894002072
:1001A0002C4B19680868B0E8F04F80F30988BFF35A
:1001B0006F8F4FF0000080F311887047000000003F
:1001C00008480068006880F308884FF0000080F35A
:1001D000148862B661B6BFF34F8FBFF36F8F00DF35
:1001E00000BF00BF08ED00E0DFF80C00016841F43B
:1001F00070010160704700BF88ED00E0EFF30980F7
:10020000BFF36F8F134B1A681EF0100F08BF20ED5D
:10021000108A20E9F04F106009B44FF0500080F3CD
:100220001188BFF34F8FBFF36F8F10F0C7FF4FF0F0
:10023000000080F3118809BC19680868B0E8F04F25
:100240001EF0100F08BFB0EC108A80F30988BFF3CE
:100250006F8F704704010020EFF3058070470000A6
:100260000648804706480047FEE7FEE7FEE7FEE750
:10027000FEE7FEE7FEE7FEE7FEE7FEE7F1820008A5
:10028000890100082DE9F05F0546002092469B4653
:1002900088460646814640241BE02846414647469C
:1002A000224600F0A0FC53465A46C01A914110D392
:1002B00011461846224600F087FC2D1A67EB01080C
:1002C0004F4622460120002100F07EFC17EB00097A
:1002D0004E41201EA4F10104DFDC484631462A4687
:1002E0004346BDE8F09FA0F14101192900D8203014
:1002F000704740EA01039B0703D009E008C9121FB9
:1003000008C0042AFAD203E011F8013B00F8013BCF
:10031000521EF9D27047D2B201E000F8012B491EFB
:10032000FBD270470022F6E710B513460A46044692
:100330001946FFF7F0FF204610BD421C10F8011BC4
:100340000029FBD1801A704710B5002200E0521C32
:10035000835C8C5CA34201D1002BF8D1D8B2E1B20E
:10036000401A10BD30B504460020034600E05B1C77
:10037000934203D2E05CCD5C401BF8D030BD30B579
:1003800005460020034600E05B1C934205D2EC5C6E
:10039000C85C201A01D1002CF6D130BD0FB400B5D5
:1003A0008DB010A909900B9000914FF0FF300A908A
:1003B00000200C9005480690054807906A4609A859
:1003C0000F9900F047FC0DB05DF814FB710C0008AC
:1003D0008F0C00082DE9FF5F1D464FF0FF3BD5E96C
:1003E000014691465F464FF00008A9697F1C0198BD
:1003F0008847296A824688470028F6D1BAF1FF3F2C
:100400000CD024F4C064002E19DD600614D5BAF1B6
:100410002B0F09D0BAF12D0F0ED103E0584604B0CE
:10042000BDE8F09F44F48064A9697F1C0198884767
:10043000761E8246002E02DDBAF1300F03D0B9F1EC
:10044000000F26D032E0A969761E44F400747F1CA8
:10045000019888478246002E05DDBAF1780F06D054
:10046000BAF1580F03D0B9F1000F10D01EE0B9F166
:10047000000F02D0B9F1100F18D1A969761E24F42B
:1004800000747F1C019888478246102002E00820F3
:1004900000E00A20814609E008FB0908A969761EE8
:1004A00044F400747F1C019888478246002E05DDC5
:1004B0004946504600F0B9FB0028EDDAE969019899
:1004C0008847A00502D46FF00100A8E7E00725D116
:1004D000600613D5600502D5C8F1000000E0404673
:1004E00029680A1D2A600968220501D5087015E0EF
:1004F000220701D5088011E008600FE02868011D7F
:1005000029600068210502D580F8008006E02107F7
:1005100002D5A0F8008001E0C0F8008038467EE7F0
:100520002DE9FF4F087883B09946FF2805D0491C74
:100530002D2804D00024002008E000200BE0012436
:10054000F9E700EB800003EB4000491C0B78FF2B20
:10055000F7D104B1404200230293147819461D4696
:100560002D2C01D02B2C04D1521C2D2C13D0002467
:100570000294AA461478FF2C0FD00A25A3FB057815
:1005800001FB05814FF0000C03FB0C11521CE31919
:100590004AEB0101EEE70124EAE7814453EA010056
:1005A00002D019F5C87F06DA03980021C0E90011CE
:1005B00007B0BDE8F08F0025AE4E2F46DFF8B882B9
:1005C000184600F08FFCCDE90001B9F1000002DA15
:1005D000C9F1000400E004460023A74A1AEB030B0C
:1005E00042EB045A12E0E00707D02A463346384669
:1005F000414600F0ECF9074688462A463346104645
:10060000194600F0E4F905460E466410002CEAD1C4
:10061000DDE90001B9F1000F5A46534606DA00F051
:10062000F2FB3A46434600F0EEFB05E000F0CFF95E
:100630003A46434600F0CBF9029A0AB181F00041F4
:10064000039AC2E90001B3E72DE9FF4F1F468DB0C1
:10065000D7E901464FF0FF382E2045464FF00009FC
:100660000B90B9696D1C0E988847396A8246884795
:100670000028F6D1BAF1FF3F0AD024F4D064002E4E
:1006800011DDBAF12B0F08D0BAF12D0F0BD102E01A
:10069000404611B08DE744F48064B9696D1C0E9832
:1006A00088478246761E6946600501D52D2000E008
:1006B0002B208DF8000001F1010B0DF1200809E05D
:1006C000B9696D1C0E98884782460F9844F40074EF
:1006D000761E0560002E02DDBAF1300FF0D00B99C6
:1006E0008A453ED144F0800406E00F99681CA9F1C8
:1006F000010944F400740860B9696D1C761E0E98F7
:10070000884782463028F0D02BE00B998A4505D1E6
:10071000200603D444F08004761E18E0504609F009
:100720002BFF08B30DF11301761E44F400748B45C2
:1007300008D2AAF130000BF8010B200607D5A9F169
:10074000010003E0200602D409F101008146A00562
:1007500002D50F99681C0860B9696D1C0E9888470E
:100760008246002ED1DC53E0002E51DDBAF1650F38
:1007700002D0BAF1450F4BD1A00549D5B9696D1C1E
:1007800024F44074761E0E9888478246002E0CDDB5
:100790002B2804D0BAF12D0F07D144F48074B96925
:1007A0006D1C0E9888478246761EE00501D52D21E6
:1007B00000E02B2108F8011BCDF82C8021E00DF181
:1007C0002901761E44F4007488450CD2AAF1300049
:1007D00010F0FF0088F8000002D10B99884509D974
:1007E00008F1010806E0E00501D5244801E042F2E5
:1007F0000F708146B9696D1C0E98884782460F9824
:100800000560002E04DD504609F0B6FE0028D6D162
:10081000F9690E988847FF208BF8000088F80000DF
:100820000020069007904B466A4608A906A8FFF7E5
:1008300077FEA00502D46FF001002AE714F0240F20
:100840000AD0E00714D1DDE906123868031D3B60C9
:100850000068C0E900120BE0DDE9060100F066FB6C
:100860000146E00704D13868021D3A600068016063
:1008700028460EE7000014400000F03FF1D8FFFFCB
:100880002DE9FE4F804681EA0300C00F0C46009020
:1008900021F0004123F00045B8EB0200A94105D248
:1008A0004046214690461C460B46024623F0004037
:1008B000104347D0270DC7F30A00C3F30A51029033
:1008C000401A019040286BDAC3F3130040F4801BF8
:1008D0000098924620B10023D2EB030A63EB0B0B86
:1008E00001985946C0F14002504600F06DF90646A5
:1008F0000D4650465946019A00F085F910EB080064
:100900006141002487EA115284EAE7731A4340D018
:10091000009A62B3019A012A4FEA075215DC001BC4
:1009200061EB02014FF0004202EA0752CDE90042BA
:10093000001C41F5801132462B4600F016FA03B038
:10094000BDE8F08F40462146F9E7001B61EB02014C
:10095000001C41F5801300185B412018A2F5001718
:1009600047EB030140EAD570B6196D4111E06D08FF
:100970004FEA360645EAC0754FEA0752001B61EBA5
:100980000201001C41F5801149084FEA30000019AE
:10099000514132462B4603B0BDE8F04F00F0D6B9C6
:1009A0000098012240000023D0EB020263EBE073C9
:1009B000009821464FEAE074B8EB000061EB0401B7
:1009C000E9E783F000435BE781F0004158E72DE958
:1009D000FE4F81EA030404F0004421F0004100943A
:1009E0004FF0000B23F0004350EA01045ED052EABE
:1009F00003045BD0C3F30A54C1F30A552C44A4F298
:100A0000F3340194A0FB0254C1F3130141F48011AB
:100A1000C3F3130343F4801301FB024400FB034EB2
:100A2000840A970A44EA815447EA8357A4FB07687B
:100A300002958D0A05FB07854FEA932C04FB0C54A5
:100A40002705029D4FEA065847EA1637B5EB080519
:100A50006EEB070C870E920E47EA811742EA83126B
:100A6000A7FB0201B6EB0B0164EB00042B0D43EA7C
:100A70000C335E1844EB1C50DA465146E7FB02018A
:100A8000C5F313044FEA0B3343EA14534FEA04321D
:100A9000019C43EA0603A4F10C040294009CCDE9F6
:100AA00000B400F062F903B0BDE8F08F0020014609
:100AB000F9E70EB540F2334102910021CDE9001172
:100AC0000A460B4600F051F903B000BD70B5C1F302
:100AD0000A5201F000450024C1F3130140F2FF3334
:100AE00041F480119A4201DA002070BD40F2334394
:100AF0009A42A2F2334203DC524200F074F800E062
:100B000090402C43F1D0404270BDC1F30A5210B561
:100B1000C1F3130140F2FF3341F480119A4201DA2C
:100B2000002010BD40F233439A42A2F2334203DC6C
:100B3000524200F058F810BD904010BD30B5041E70
:100B400071F1000404DB4FF00044404264EB01010A
:100B5000141E73F1000405DB1C464FF000435242A3
:100B600063EB04038B4208BF824230BD30B5041EE4
:100B700071F1000404DB4FF00044404264EB0101DA
:100B8000141E73F1000405DB1C464FF00043524273
:100B900063EB0403994208BF904230BD30B50B4669
:100BA000014600202022012409E021FA02F59D429D
:100BB00005D303FA02F5491B04FA02F52844151E71
:100BC000A2F10102F1DC30BD202A04DB203A00FA58
:100BD00002F1002070479140C2F1200320FA03F394
:100BE000194390407047202A04DB203A21FA02F092
:100BF0000021704721FA02F3D040C2F12002914057
:100C0000084319467047202A06DBCB17203A41FAE1
:100C100002F043EAE07306E041FA02F3D040C2F189
:100C2000200291400843194670473A2800D23038D4
:100C300020F02002412A01D3A2F13700884201D3DB
:100C40004FF0FF30704700000268114413780160D4
:100C500018467047D160044951610449116200216E
:100C60001161114600F096B9490C0008890F00087F
:100C7000426842B1016811F8013B23B1521EC0E93C
:100C80000012184670470121C160881E70474268F3
:100C90005AB1C368016843B983688B4205D0491EC5
:100CA000521CC0E90012002070474FF0FF3070471F
:100CB0000FB4002300B589B00CA900910B996FF017
:100CC0000042CB601E4B06931E4B07930423CDE9D5
:100CD00001321D4A089202466B460020FFF7B4FC21
:100CE00009B05DF814FB70B586B006464FF0FF30D2
:100CF0000091CDE90101002015460C4604903246D2
:100D0000694604A8FFF7D4FF02460498211825B1CC
:100D100008B1084600E020462860049800280DD05D
:100D2000002A02DD0098884208D0081B0094CDE913
:100D300001043246694604A8FFF7BAFF06B070BD49
:100D4000710C00088F0C0008890F000810B5141EE4
:100D500073F1000408DA401C41F1000192185B4174
:100D60001A4301D120F0010010BD2DE9F04D92464B
:100D70009B4611B1B1FA81F202E0B0FA80F2203262
:100D80009046FFF721FF04460F4640EA0A0041EA79
:100D90000B0153465A46084313D0114653EA01004B
:100DA00019D0C8F140025046FFF71DFF05460E4618
:100DB000504659464246FFF707FF084305D0012039
:100DC00004E020463946BDE8F08D0020054346EAA0
:100DD000E0762C4337430A986305E40AA0EB080049
:100DE0000022FD0A44EA47540A3002D50020014699
:100DF000E9E7010510196941DDE908450019694174
:100E0000BDE8F04DA2E72DE9F04D81EA030404F0BE
:100E1000004B21F0004514464FF0000A23F000413A
:100E200050EA050220D054EA01021DD0C5F30A574A
:100E30000246C5F31303C1F31300C1F30A5640F48D
:100E4000801543F48013A7EB0608101BD64608F262
:100E5000FD3873EB050002D308F1010801E0921898
:100E60005B41B8F1000F03DA00200146BDE8F08DC8
:100E700000204FF48011064684460EE0171B73EBEA
:100E8000050705D3121B63EB050306434CEA010C6F
:100E900049084FEA300092185B4150EA0107EDD152
:100EA00052EA030012D082EA040083EA05010843F3
:100EB00005D0101BAB4106D20122002306E0002220
:100EC0004FF0004302E06FF0010253101AEB0600EE
:100ED0004CEB085110EB0A0041EB0B01BDE8F04D63
:100EE000FFF734BF0EB540F2334202920022CDE943
:100EF00000221346FFF739FF03B000BDC1F30A52C9
:100F0000C1F3130140F2FF3341F480119A4202DA37
:100F100000200146704740F233439A42A2F2334226
:100F200002DC5242FFF75FBEFFF74EBE01F0004306
:100F300030B421F0004150EA010206D00A0DA2F5BA
:100F40006072C1F31301002A02DC30BC002070473C
:100F5000440F44EAC104C100E01830BC00EBC250A9
:100F600000F0B0B9064C074D06E0E06840F0010320
:100F700094E8070098471034AC42F6D3FFF708F91D
:100F8000D8320108F8320108C0B24FF4F05100F035
:100F9000D1B900002DE9F34F8BB04FF0000801F1FB
:100FA0000C000C464FF0010B46460DF1080A01906B
:100FB0006269012101989047051E2DD0252D2CD066
:100FC000216A8847C0B16269012101989047216A6E
:100FD00088470028F7D1411E62690198904700E0D8
:100FE000761CA1690B988847216A88470028F7D1A9
:100FF000E1690B988847DBE7A1690B9888470746AA
:10100000A84201D1761CD3E7E1690B9888477F1C81
:1010100002D1B8F1000F6FD047E1002762693D4669
:101020003946019890472A2804D162690121019824
:1010300090470125DFF88892626901210198904765
:10104000A0F130010A290AD24F45E5DC07EB870100
:1010500000EB4107303FDFD445F01005ECE7E9062F
:1010600001D46FF000476C280AD04C2814D06828AF
:1010700015D06A280DD074281CD07A281AD01DE00B
:1010800062690121019890476C2802D045F004055F
:1010900014E045F002050DE045F020050AE0626924
:1010A000012101989047682802D045F0080505E025
:1010B00045F400656269012101989047C4E9015730
:1010C00065283DD019DC58287AD00CDC452837D06B
:1010D00004DC252826D0412831D131E046282FD004
:1010E00047282CD12CE05B2877D0612828D06328B2
:1010F0007CD0642823D15AE0D1E06F2848D008DCA6
:1011000066281DD067281BD0692821D06E2816D1EB
:1011100027E0702845D0732868D0752847D07828F4
:101120000DD14DE0A1690B988847054625283FF46D
:1011300069AFE1690B9888476D1C3FF46AAFB4E072
:1011400023466A466FF001000B99FFF77DFA9FE096
:1011500045F040006060A80723464FF0000236D4F7
:101160003EE0E8077FF447AF2068011D216000687A
:10117000290501D506701BE7290701D5068017E769
:10118000A90703D5F117C0E9006111E706600FE771
:1011900045F040006060A80723464FF0080216D4CF
:1011A0001EE040F60E0125EA0100606016E045F001
:1011B00040006060A80723464FF00A0207D40FE002
:1011C00045F040006060A80708D5234610226FF064
:1011D00001000B99AFF300805AE007E0234610228C
:1011E0006FF001000B99FFF7F5F851E04FF000099F
:1011F0004F464B46632802D05B2807D041E0207958
:10120000C00601D40120A06001273AE062690121F3
:10121000019890475E2805D14FF00109626949465F
:1012200001989047216939B900210A46534643F88D
:101230002120491C0829FADBB0B3216969B9C1171B
:1012400000EBD16253110AEB830122F01F02821AD4
:1012500001200B68904003430B60626901210198F3
:1012600090475D28E8D1B9F1000F09D00020514620
:1012700051F82020D24341F82020401C0828F7DBF9
:1012800002AB224600976FF001000B99AFF300808C
:1012900000280CDA401C08D1BBF1000F05D04FF03C
:1012A000FF300DB0BDE8F08FFFE74046F9E7E907F2
:1012B00001D108F1010806444FF0000B78E6000068
:1012C000CCCCCC0C0029A8BF7047401C490008BFFB
:1012D00020F00100704710B4B0FA80FC00FA0CF066
:1012E00050EA010404BF10BC704749B1CCF120049E
:1012F00021FA04F411FA0CF118BF0121214308432B
:10130000A3EB0C01CB1D4FEA00614FEA102042BF56
:10131000002010BC704700EBC35010440029A4BF4C
:1013200010BC7047401C490008BF20F0010010BCF1
:10133000704700007F2801D9002208E0064A02EB2E
:101340005002C007127800D1120902F00F020120EA
:1013500090400840704700006E2F010870B58C184F
:1013600010F8015B15F0070301D110F8013B2A11B9
:1013700006D110F8012B03E010F8016B01F8016BA6
:101380005B1EF9D12B0705D40023521E0DD401F8A2
:10139000013BFAE710F8013BCB1A921C03E013F86B
:1013A000015B01F8015B521EF9D5A142D8D30020A0
:1013B00070BD0000464910B54A6822F440324A60C8
:1013C0004A6843681A434A6001684A6822F4807296
:1013D0004A6001684A68036942EA03224A60016878
:1013E0004A6822F040724A6001684A6883681A437A
:1013F0004A6001688A6822F400628A6001688A682B
:10140000C3681A438A60816A6FF07062D1420168D2
:101410008A6822F070628A6001688A680CD0836AE8
:101420001A438A6001688A6822F040528A60016823
:101430008A68C36A1A4301E022F040528A60016858
:101440008A6822F002028A6001688A68037E42EAA2
:1014500043028A6090F82010002901684A680FD082
:1014600042F400624A6001684A6822F460424A60BD
:1014700001684A68174C436A04EB43331A4301E09E
:1014800022F400624A600168CA6A22F47002CA62E9
:101490000168CA6A838B104C04EB03531A43CA6277
:1014A00001688A6822F400728A6001688A6890F88C
:1014B000303042EA43228A6001688A6822F48062FE
:1014C0008A6001688A68406942EA8020886010BDAD
:1014D0000023014000E0FFFF0000F0FF0122910225
:1014E000014801F092BB00000010024001225102AD
:1014F000014801F08ABB00000010024001221102E5
:10150000014801F082BB00000010024001220421CA
:10151000014801F07ABB0000001002400122D10214
:10152000014801F072BB00000010024010B5FFF747
:10153000E5FFFFF7DBFFFFF7D1FFFFF7EFFFFFF757
:10154000E5FFBDE81040C82001F050BAFEE70000FA
:10155000014800F0B4BD0000F41A0020014800F07A
:10156000AEBD00001C1B002010B54FF48071034875
:1015700001F046FB012800D0002010BD0000024011
:1015800010B54021034801F03BFB012800D00020AA
:1015900010BD00000008024010B54FF48051034810
:1015A00001F02EFB012800D0002010BD00000240F9
:1015B00030B4D0F8A020D0F8A4404FF0FF3352F858
:1015C000212024F81130C2F307420121831883F847
:1015D000B410D0F8B03030BC114618472DE9F04FA8
:1015E0009946DDE90A5A4FF0FF3BDDF824C041E09F
:1015F000AB1A5BB20C78002B03DD00BF04FA03F4D6
:1016000003E0C3F1000324FA03F4E6B202DDC5F1FE
:10161000080301E0C2F10803DCB2844200D90446A9
:1016200005EB0408FF2707FA08F3C5F10805EF40AA
:101630003B439CF800509E431D4035432244D2B2A8
:101640008CF80050072A07D90022B9F1000F01D009
:101650005B4600E00123194408F0FF05072D07D978
:101660000025BAF1000F01D05B4600E001239C4445
:10167000001BC0B20028BBD1BDE8F08F014801F0CB
:1016800043B80000B81E0020014801F03DB800003A
:10169000381D0020014801F037B80000181F002055
:1016A000014801F031B80000981D0020014801F008
:1016B0002BB80000F81D0020014801F025B80000FB
:1016C000581E002001681823CAB2103AB2FBF3F288
:1016D000054B6FF30901032A9B5CC36500D9091D03
:1016E0008165084670470000542C010810B501467A
:1016F00000208B698A6A4FF0C07453B1B3F5005F64
:1017000015D072B1012A0CD0022A0AD0032A09D1BD
:1017100004E01AB1012A06D0022A03D1C96AC9011C
:1017200000D5012010BDC96AA142FAD010BD002A1F
:10173000F7D0012AF2D0022AF3D0032AF3D010BD49
:1017400030B50468256825F4802525600468636049
:101750008368402B036803D099600068C26030BD85
:101760009A600068C16030BD70470000411C0CD019
:101770000749B1F90020904201D1521E0A80054A62
:1017800000EB4000002102F830104FF0FF307047AE
:10179000E0010020E48D002072B6FEE770B504463B
:1017A0004FF4027000EB44101F2107F079FC4FF456
:1017B000847000EB4410102107F072FC4FF442706B
:1017C000002500EB44160A200BF09DFC304607F084
:1017D00001FC020008D06D1C322DF4DB2146BDE86F
:1017E000704004A008F0F8BC2146BDE870400DA090
:1017F00008F0F2BC536F636B657420256420636C42
:101800006F73652074696D656F75742C206C6173DE
:10181000742073746174653D3078253032580D0A38
:1018200000000000536F636B657420256420434CF7
:101830004F5345440D0A0000F0B503464069428805
:101840009869448842B10020042611E05D6806EBE7
:10185000C207EF5D032F01D8FF20F0BD55F83250CD
:10186000AD6B2D788D42F8D0521C401C92B2C0B2A4
:10187000A242EBD9FE20F0BD024908B1487870477A
:1018800008787047140000202DE9F05F0127384CDC
:10189000022603254FF004084FF005094FF0060A11
:1018A0004FF0070B00B333480EF0F9FD01200BF0A9
:1018B0002AFC3148008810F04F0F47D000F04F014C
:1018C000402945D000F06F00212843D0232843D081
:1018D000272844D0072845D00F2946D0082901D110
:1018E00008206070BDE8F09F24480EF0D8FD01206C
:1018F0000BF009FC2248008810F04F0F14D000F0C4
:101900004F01402912D000F06F00212810D0232869
:1019100010D0272811D0072812D00F2913D008295A
:10192000E0D108202070DDE72770DBE72670D9E7DB
:101930002570D7E784F80080D4E784F80090D1E7D9
:1019400084F800A0CEE784F800B0CBE76770C9E761
:101950006670C7E76570C5E784F80180C2E784F860
:101960000190BFE784F801A0BCE784F801B0B9E7B3
:1019700014000020F40D002048090020000700207A
:10198000F60100201CB52E4D2E4C4FF47A76002324
:101990001A466946E86D0BF0F9FB30B9009979B148
:1019A00001292CD028A008F017FCFFF7DDFD84F8F2
:1019B0004000FFF7F1FD84F84100002833D034E007
:1019C00028A0019908F008FC019860B1012810D006
:1019D0000228EAD12AA008F0FFFB03F031FE3046CE
:1019E0000BF091FBE1E72CA008F0F6FB03F03AFEC8
:1019F000DBE72FA008F0F0FB03F048FEEFE732A092
:101A0000019908F0E9FB019838B10128CDD135A042
:101A100008F0E2FB07F0B3FBC7E738A008F0DCFBF7
:101A200007F0A6FBC1E703F01DFEFFF7A9FD84F850
:101A3000420008B903F016FE64200BF064FBA6E731
:101A400018000020441800205B4750494F5D205586
:101A50006E6B6E6F776E20747970653D25640D0A2C
:101A6000000000005B4750494F2D4C494654494EF9
:101A7000475D2073746174653D25640D0A000000A4
:101A80004C696674696E67205455524E5F444F57D7
:101A90004E207365740D0A004C696674696E672088
:101AA000484F4C445F4F4E207365740D0A00000090
:101AB0004C696674696E67205455524E5F555020CC
:101AC0007365740D0A0000005B4750494F2D574164
:101AD000524E494E475D2073746174653D25640D17
:101AE0000A000000576172696E67204C49474854EC
:101AF0005F4F4E207365740D0A00000057617269D4
:101B00006E67204C494748545F4F464620736574C2
:101B10000D0A000070B50546D0F83C01008818B3E6
:101B200000242E1996F8B4000F2818D028680078E1
:101B3000A04214D096F8440140B9D5F8382112B12A
:101B4000214628469047012086F8B40096F84401C3
:101B50002146401E86F8440128460BF0B7F8641C65
:101B6000E4B2802CDDD370BDB5F93401FFF7FEFD82
:101B7000A5F8340170BD000078B50024009490F8F9
:101B80003C20012A19D0012280F83C200A68072352
:101B90000568092A13D9EE680A3A02EB420293401B
:101BA0009E43EE600B788A680A3B03EB43039A403E
:101BB0000368DD682A43DA6010E0022078BD2E69F0
:101BC00002EB420293409E432E610B788A6803EB3E
:101BD00043039A4003681D692A431A614A681F2318
:101BE000072A13D205686E6B521E02EB82029340E5
:101BF0009E436E630B790A885B1E92B203EB8303EC
:101C00009A4003685D6B2A435A6327E005680D2AF2
:101C100012D22E6BD21F02EB820293409E432E63A0
:101C20000B790A88DB1F92B203EB83039A400368A7
:101C30001D6B2A431A6311E0EE6A0D3A02EB820231
:101C400093409E43EE620B790A880D3B92B203EB00
:101C500083039A400368DD6A2A43DA62164B0568FB
:101C6000144A9D4206D10D68122D03D1556845F4E2
:101C70008005556005689D4218D10B68102B01D076
:101C8000112B13D1536843F40003536009681029E2
:101C90000CD10A490A4A0968B1FBF2F101EB810152
:101CA000490000E0491E00910029FBD180F83C402A
:101CB000002078BD002301400020014000010020E9
:101CC00040420F0070B504004FF0000503D0206CB7
:101CD000002610B107E0012070BD204600F01CF87E
:101CE000666484F83C60206CC00610D4206C20F43C
:101CF000885040F0020020642046FFF75BFB6664DA
:101D0000206C20F0020040F00100206400E001257A
:101D100084F83C60284670BD30B587B00446142175
:101D20006846FEF7FFFA1849206888422AD117480A
:101D30000025016841F480710160006800F4807042
:101D4000059012481438016841F0040101600168EF
:101D500001F004010591016841F002010160006891
:101D6000032400F00200059008208DE83100694648
:101D7000074800F04DFE009469460648CDE901454C
:101D800000F046FE07B030BD00200140443802405C
:101D9000000802400004024090F82020012A07D0E9
:101DA000022A05D0416A41F4802141620120704736
:101DB000006842690A43426100207047F0B590F81C
:101DC00020500468A468012D05D0022D03D0416A7B
:101DD00041F480215DE014F0406F01D1E50055D55C
:101DE000C4F30164022C03D9416A41F4000150E0BC
:101DF0000125A5401D608D684FF4C0739DB1CE686C
:101E000035434E6845EAC605066803EB0417F551ED
:101E10004FF4C275076805EB04150E697E51097D04
:101E2000012905D009E00E88CD6845EA4655EBE763
:101E300001684E5946F480764E511179D57956791C
:101E400041EA056195792D0445EA062529434FF4B9
:101E5000C676056806EB0416A9511178D57841EAD3
:101E60000561957852782D0445EA022211434FF41A
:101E7000C475026805EB04155151006803EB0411A9
:101E8000425842F0010242500020F0BD416A41F444
:101E9000001141620120F0BD10B590F82020012A08
:101EA00007D0022A05D0416A41F480214162012015
:101EB00010BD3B48D0F8002242F00102C0F80022D9
:101EC000D0F8002222F47C52C0F80022D0F8002280
:101ED0004B6A42EA0322C0F800220A7D02F01F0387
:101EE00001229A40D0F81C329343C0F81C32CB69CF
:101EF000B3B9D0F80C329343C0F80C328C894B68DC
:101F000064F31F434C6900EBC404C4F840320C89ED
:101F10000B6864F31F434C6900EBC404C4F84432FB
:101F2000CB69012B16D1D0F80C321343C0F80C3218
:101F30000C884B6864F31F434C6900EBC404C4F87D
:101F400040320C89CB6864F31F434C6900EBC40436
:101F5000C4F844328B69002BD0F804320ED01343FE
:101F6000C0F804320B69002BD0F8143208D01343A8
:101F7000C0F81432096A012904D008E09343EFE75E
:101F80009343F5E7D0F81C121143C0F81C12D0F8A7
:101F9000001221F00101C0F80012002010BD000065
:101FA000006400407047406A704730B590F82040A8
:101FB000012C05D0022C03D0416A41F480215DE060
:101FC0000468002955D02469A40754D04FF4D8746C
:101FD000056804EB01142D5915F00405956005689A
:101FE0002D594ED0ED08556005682C5904F00204B7
:101FF000D4604FF4DA74056804EB01142D5905F030
:102000000F05156105682D59C5F30725956105680C
:102010002C59240C54614FF4DC72046802EB011259
:10202000A4581C700468A458240A5C700468A4585E
:10203000240C9C700468A258120EDA704FF4DE7201
:10204000046802EB0112A4581C710468A458240A05
:102050005C710468A458240C9C710468A258120E88
:10206000DA71006881B1016941F02001016100204D
:1020700030BDE468A8E7416A41F4001141620120E3
:1020800030BD6D0D1560AFE7C16841F02001C16042
:10209000EDE70246002092F82010012901D0022924
:1020A0000CD111688A68520100D501208A6812019A
:1020B00000D5401C8968C90000D5401C70472DE937
:1020C000F05F0546006800244669D0F804908768F0
:1020D000D0F80CB0D0F810A0D0F81880F10748D094
:1020E000F90714D001218160B80703D5284600F014
:1020F000AAFA0CE0780702D54FF4006407E038072D
:1021000002D54FF4805402E0284600F09BFAF8050F
:1021100016D529684FF480708860B80503D5284625
:1021200000F093FA0CE0780502D544F4005407E07F
:10213000380502D544F4804402E0284600F084FAD1
:10214000F80316D529684FF480308860B80303D5AA
:10215000284600F07CFA0CE0780302D544F40044F1
:1021600007E0380302D544F4803402E0284600F04A
:102170006DFA300707D55FEACB6004D529681020D7
:1021800044F40074C86070074FF0080707D55FEA91
:102190000B7004D52868C760284600F099F9B0078D
:1021A00006D52868C068800702D0284600F092F95A
:1021B000700607D55FEACA6004D52968102044F488
:1021C00080640861B00607D55FEA0A7004D5286804
:1021D0000761284600F006FAF00606D5286800696F
:1021E000800702D0284600F0FEF9B00308D55FEA68
:1021F000C96005D5296810204860284600F0F4F928
:10220000F00307D55FEA097004D5286847602846BF
:1022100000F01EFA300446D55FEA497040D5F0055B
:1022200004D55FEAC87001D044F00104B00504D5BC
:102230005FEA887001D544F00204700504D55FEAB6
:10224000487001D544F00404300529D518F0700F0A
:1022500026D008F07000402815D006DC102809D0E0
:1022600020280AD0302816D10AE050280ED0602845
:1022700011D10EE044F008040DE044F010040AE02F
:1022800044F0200407E044F0400404E044F08004FB
:1022900001E044F480742868816921F07001816153
:1022A000296804204860002C05D0686A20436862D1
:1022B0002846FFF777FEBDE8F09F70B5040003D015
:1022C00094F8200010B104E0012070BD204600F019
:1022D00081F82068016841F00101016000F09AFC7A
:1022E0000546052604E000F095FC401B0A2811D89D
:1022F00020684068C007F6D02068016821F002011C
:10230000016000F087FC05460BE000F083FC401BF9
:102310000A2806D9606A40F40030606284F82060C0
:10232000D2E7206840688007EFD4207E012820682B
:1023300001683DD021F080010160607E01282068A5
:10234000016838D021F040010160A07E012820689A
:10235000016833D021F020010160E07E012820686F
:1023600001682ED041F010010160207F0128206813
:10237000016829D021F008010160607F01282068F0
:10238000016824D021F004010160D4E9020108436E
:10239000D4E90412114308436168491E08432168C7
:1023A000C86100206062012084F82000002070BD18
:1023B00041F08001C0E741F04001C5E741F0200154
:1023C000CAE721F01001CFE741F00801D4E741F05E
:1023D0000401D9E7F0B587B0044614216846FDF73B
:1023E000A1FF364B3648DFF8D0E05968D4F800C07A
:1023F000334A03250226092710300024491CF445DE
:1024000022D15960012907D1016841F000710160B2
:10241000006800F000700590106840F0080010603F
:102420001068CDE9005600F00800CDE90470694657
:102430002448CDE9024500F0EBFA002205211420E2
:1024400000F0DAFC142032E0DFF87CE0F44530D113
:10245000D0F800C04CF0806CC0F800C0D0F800C0CC
:1024600001290CF0806CCDF814C0596007D10168C7
:1024700041F000710160006800F000700590106884
:1024800040F002001060106802AB00F002000590FE
:102490006020CDE9000683E8B00069460B4800F0F3
:1024A000B7FA00220521402000F0A6FC402000F0F1
:1024B00095FC07B0F0BD000000640040E80000207B
:1024C00030380240000C0240006800400004024026
:1024D0007047000070B500683C49002401253C4E5F
:1024E0008CB0884235D11C2103A8FDF71BFF0A944C
:1024F0000B94009401940AAB03AA0021354802947E
:10250000FFF753FD00285DD1059804285AD00398A1
:10251000ADF800000698022819D000208DF80200BE
:1025200007988DF8030002460AA901A8FDF7E1FE0D
:1025300028480399203802C0079900F8011B0AA90E
:10254000079AFDF7D6FE35706946234838E001202A
:10255000E4E72249884235D11C2103A8FDF7E2FEB9
:102560001C480A940B94009401940AAB03AA00211E
:1025700028300294FFF719FD002823D1059804287C
:1025800020D00398ADF80000069802281CD0002047
:102590008DF8020007988DF8030002460AA901A8E9
:1025A000FDF7A7FE0B480399103802C0079900F801
:1025B000011B0AA9079AFDF79CFE75706946084839
:1025C00008F0E4FF0CB070BD0120E1E700640040BA
:1025D000E8000020F41A00200007002000680040F6
:1025E000F40D0020704770477047000070B5044636
:1025F00090F82000012804D0606A40F40020606256
:1026000018E0022084F820002068016821F0010110
:10261000016000F0FFFA05460EE000BF00F0FAFA94
:10262000401B0A2808D9606A40F400306062052027
:1026300084F82000012070BD20684068C007EDD1FB
:10264000606270BD70477047704770477047704751
:1026500070472DE9F0410446876D00F0DBFA06462D
:1026600094F835000025022806D08020606584F8A3
:1026700034500120BDE8F0812068016821F0160186
:1026800001602068416921F080014161206C08B936
:10269000A06C20B12068016821F008010160206869
:1026A000016821F0010101600CE000F0B3FA801B29
:1026B000052807D920206065032084F8350084F8B8
:1026C0003450D7E720680068C007EED194F85C105A
:1026D0003F208840B860012084F8350084F83450E9
:1026E0000020C7E790F83510022903D0802141650A
:1026F00001207047052180F835100068016821F03D
:1027000001010160002070472DE9F84304464FF0B5
:102710000009CDF8009063484FF41651A56D00688C
:10272000B0FBF1F72E6894F85C10082000FA01F174
:1027300031420FD021680A6852070BD50A6822F08F
:1027400004020A6094F85C108840A860606D40F054
:102750000100606594F85C104FF0010808FA01F080
:10276000304208D021684969090604D5A860606D27
:1027700040F00200606594F85C100420884030420C
:1027800008D021680968890704D5A860606D40F009
:102790000400606594F85C1010208840304218D026
:1027A00021680968090714D5A860206801684903F1
:1027B00004D50068000308D5A16C07E00168C905CD
:1027C00003D4016821F008010160216C09B12046A1
:1027D000884794F85C1020208840304231D021682E
:1027E0000968C9062DD5A86094F835000528206829
:1027F000016806D0490347D5006800031DD4616C09
:102800001CE021F0160101602068416921F080017F
:102810004161206C08B9A06C20B12068016821F0EA
:102820000801016094F85C103F208840A86084F89B
:10283000358084F83490216D1FE0E16B09B12046AA
:102840008847606D00282BD0606DC00714D005202C
:1028500084F835002068016821F0010101600098CA
:10286000401C0090B84203D820680068C007F6D129
:1028700084F8358084F83490E16C002910D001B0E0
:102880002046BDE8F04308470168C905D5D4016872
:1028900021F01001016084F8358084F83490CCE791
:1028A000BDE8F883000100202DE9F041044600F066
:1028B000B1F906465CB1022084F83500002584F8A1
:1028C00034502068016821F0010101600DE0012011
:1028D000BDE8F08100F09EF9801B052805D9202075
:1028E0006065032084F83500F2E720680068C007BF
:1028F000F0D12268116820480140D4E9010318434F
:10290000D4E903363343184363691843A369184372
:10291000E3691843236A18430843616A042903D111
:10292000D4E90B1319430843106020684069666AB4
:1029300020F0070130460E43012704280CD1A06A7D
:102940000643E06A40B12046FEF7D0FE20B14020A9
:10295000606584F83570BAE7206846612046FEF766
:10296000B1FE94F85C203F2191408160656584F858
:1029700035700020ACE700003F8010F02DE9F041F9
:102980000446866D90F83400002501280DD0012002
:1029900084F8340094F835700020012F07D084F8B3
:1029A000340002252846BDE8F0810220FBE702271B
:1029B00084F8357060652046FEF7C2FE94F85C101E
:1029C0003F208840B0602068016841F01601016036
:1029D000206C20B12068016841F008010160206886
:1029E000016841F001010160DCE7000070B50446B8
:1029F00000F010F90546601C02D004480078044439
:102A000000F008F9401BA042FAD370BDF40000208A
:102A10002DE9F84FDFF8BCA1002201250AF1040BD3
:102A200003264FF00F090BF1040E00BF0B6805FAE7
:102A300002F42340A34270D10F7907F00307012F5E
:102A400001D0022F16D187684FEA420806FA08FC27
:102A500027EA0C07D1F80CC00CFA08FC4CEA070C6A
:102A6000C0F808C04768A7430C79C4F30014944029
:102A70003C4344600C79E443A4070AD0C4684FEA9D
:102A8000420C06FA0CF7BC438F6807FA0CF7274391
:102A9000C7600C7904F00304022C12D1D40800EBB7
:102AA000840CDCF820405707FF0E09FA07F824EAE7
:102AB0000804D1F8108008FA07F848EA0408CCF8AE
:102AC000208004684FEA420C06FA0CF7BC430F79E9
:102AD00007F0030707FA0CF7274307604C6814F464
:102AE000403F70D03C4C276847F4804727602468FB
:102AF00022F0030704F480440094384C07EB040CE4
:102B0000DCF8084897074FEA177809FA08F7BC433A
:102B1000334FB84202D1002724E054E0314FB8428D
:102B200001D101271EE0304FB84201D1022719E040
:102B30002E4FB84201D1032714E02D4FB84201D1E6
:102B400004270FE02B4FB84201D105270AE02A4F96
:102B5000B84201D1062705E0284FB84201D1072726
:102B600000E0082707FA08F72743CCF80878DAF8D6
:102B700000405746D1F804C09C435FEACC3C00D5E6
:102B80001C433C60DBF800405F46D1F804C09C4326
:102B90005FEA8C3C00D51C433C60DEF80040774681
:102BA000D1F804C09C435FEACC2C00D51C433C60A8
:102BB000084F0C373C68D1F804C09C435FEA8C2C6A
:102BC00000D51C433C60521C102AFFF42FAFBDE817
:102BD000F88F0000003C01404438024000300140C2
:102BE000000002400004024000080240000C0240C5
:102BF000001002400014024000180240001C024075
:102C00000069084000D0012070470AB18161704717
:102C10000904FBE70148806870470000F4000020C9
:102C200090F83C10012912D0012100F83C1F24210A
:102C3000417050F83C1CCA6822F00C0242F00402B9
:102C4000CA602021417000210170084670470220AF
:102C5000704790F83C10012912D0012100F83C1F68
:102C60002421417050F83C1CCA6822F00C0242F04A
:102C70000802CA6020214170002101700846704797
:102C80000220704770B5040011D021684CF6CC408A
:102C90000860216845F255500860D4E900014160A0
:102CA0002168A0688860FFF7B5FF05460DE00120A8
:102CB00070BD00BFFFF7AEFF401B312805D920686B
:102CC000C068800701D0032070BD2068C0688007FD
:102CD000F0D121684AF6AA200860002070BD006883
:102CE0004AF6AA210160002070470000024881686E
:102CF0000278114481607047F40000200B4810B541
:102D0000016841F400710160016841F48061016073
:102D1000016841F480710160032000F08DF80F20FC
:102D200000F006F800F03EF8002010BD003C024024
:102D300010B5014688B00022362000F05DF836203C
:102D400000F04CF813480024016841F010010160C4
:102D5000006805A900F010000690684600F018F918
:102D600000F036F90C494000B0FBF1F10C480B4A79
:102D7000491E026040F2E732C0E90324C0E90114B1
:102D800000F0F2FC10B1012008B010BD044800F0C2
:102D900037FDF9E74038024040420F000010004084
:102DA000781F00200C4882B0016841F48041016026
:102DB000006800F4804000900748001F016841F05F
:102DC000805101600068002200F0805000900F21C7
:102DD000901E02B000F010B844380240002809DB11
:102DE00000F01F02012191404009800000F1E02025
:102DF000C0F8001170470000F0B40E4B1B680C4681
:102E0000C3F30223C3F10705042D00D90425191DBE
:102E1000072901D2002300E0DB1E012606FA05F196
:102E2000491E214099409E40761E16403143F0BC19
:102E300007F0FCB90CED00E0064900F00702086855
:102E40004FF6FF03184040EA0220034A104308608F
:102E5000704700000CED00E00000FA052DE9F04796
:102E60000E46050065D0DFF81481D8F80000F7B2EF
:102E700000F00700B04207D288F80070D8F80000D0
:102E800000F00700B04254D128683D4C810712D5AC
:102E9000400703D5206840F4E05020602878000700
:102EA00003D5206840F4604020602068A96820F0C5
:102EB000F000084320602878C0072DD030496868AA
:102EC0000839012812D0022813D0032811D009682C
:102ED000890700292DDA216821F0030101432160CF
:102EE000FFF798FE814641F2883A0EE009688903AF
:102EF000EFE709688901ECE7FFF78CFEA0EB090119
:102F0000514502D90320BDE8F0872068696800F0C8
:102F10000C00B0EB810FEFD1D8F80010404601F063
:102F20000701B14207D90770006800F00700B042FE
:102F300001D00120E7E72878400705D52068E96837
:102F400020F4E050084320602878000706D5206868
:102F5000296920F4604040EAC100206000F058F880
:102F60002168084AC1F30311515CC8400649086052
:102F700006480068FFF7DCFE0020C4E7003C024082
:102F8000083802405C2C010800010020F8000020F5
:102F90000F2202600C4A136803F0030343601368B6
:102FA00003F0F0038360136803F4E053C360126816
:102FB0004FF4E05303EAD20202610448006800F0D3
:102FC000070008607047000008380240003C0240DB
:102FD0000448054900680968044AC1F38221515C2C
:102FE000C840704700010020083802406C2C0108DE
:102FF0000448054900680968044AC1F34231515C3C
:10300000C840704700010020083802406C2C0108BD
:10301000104810B5006810F00C010F4818D00429B2
:1030200016D0082914D10B4C241F216801F03F024F
:10303000216821680023C1F38811A1FB0001FDF77D
:1030400021F92168C1F30141491C4900B0FBF1F0AD
:1030500010BD0000083802400024F4002DE9F84FAC
:1030600004006ED02078DFF84C93C007A9F1040566
:103070004AD009F104000168C1F38101012908D097
:103080000068C0F3810002280AD1D9F8000040028C
:1030900006D52868800337D560680028E1D033E082
:1030A0006068B0F5803F10D0B0F5A02F286810D030
:1030B00020F480302860286820F480202860606830
:1030C000A8B1FFF7A7FD06460DE0286840F4803060
:1030D000F4E740F480202860F7E700BFFFF79AFD8F
:1030E000801B642873D828688003F7D50CE0FFF7AD
:1030F00091FD064605E000BFFFF78CFD801B6428AC
:10310000F0D828688003F7D42078DFF8AC828007F5
:103110004FF0000A3ED5A748001D016811F00C0FC2
:1031200008D00068C0F3810002280BD1D9F8000054
:10313000400207D42868800716D5E068012800D12E
:1031400012E033E1E068B8B10120C8F80000FFF7F1
:1031500061FD064605E000BFFFF75CFD801B02280D
:10316000C0D828688007F7D52868216920F0F800C2
:1031700040EAC10028600DE0C8F800A0FFF74AFD52
:10318000064604E0FFF746FD801B02281FD828688A
:103190008007F7D42078000722D5864F87486169D9
:1031A000703771B101210160FFF734FD064604E07C
:1031B000FFF730FD801B022809D838688007F7D553
:1031C0000EE0C0F800A0FFF725FD064605E082E00E
:1031D000FFF720FD801B02287DD838688007F7D4D0
:1031E0002078400768D5DFF8CCB100270BF13C0B05
:1031F000DBF80000C0000BD4DBF8001041F0805178
:10320000CBF80010DBF80000012700F080500090A0
:103210006B4E3068C00510D4306840F48070306068
:10322000FFF7F8FC009005E0FFF7F4FC0099401A66
:10323000022850D83068C005F6D55E4EA0686C36BE
:1032400001280FD00528306810D020F00100306030
:10325000306820F004003060A068B8B1FFF7DAFCF5
:1032600000900FE0306840F00100F4E740F0040007
:103270003060F7E7FFF7CEFC0099411A41F2883041
:10328000814266D830688007F4D50EE0FFF7C2FCB3
:10329000009007E0FFF7BEFC0099411A41F2883028
:1032A000814256D830688007F4D42FB1DBF8001083
:1032B00021F08051CBF80010A069C8B33D49091D29
:1032C0000968C1F3810102294AD00228504607D07B
:1032D000C8F8600000E03CE0FFF79CFC04463BE0DF
:1032E0004746C8F86000FFF795FC064605E000BFBA
:1032F000FFF790FC801B02282BD828688001F7D4A8
:10330000D4E907010843A16A2E4A490802EB0141AA
:10331000626A41EA8211084394F82C1040EA016184
:10332000C9F8001001203866FFF774FC044606E077
:103330003EE000BFFFF76EFC001B022809D828689A
:103340008001F7D534E000BFFFF764FC001B0228C2
:1033500002D90320BDE8F88F28688001F4D427E063
:103360000128F7D0D9F80000E26900F48001914209
:103370001CD1226A00F03F01914217D147F6C0717B
:10338000626A0140B1EB821F10D1A26A4FF0FF3395
:1033900000F4403103EB5202B1EB024F06D194F836
:1033A0002C1000F07060B0EB016F01D00120D1E76C
:1033B0000020CFE70438024000004742800E474219
:1033C000007000400000FFFF70B5040009D0606A83
:1033D000002540B125616561A56294F8510040B1B6
:1033E0000CE0012070BD6068B0F5827FF4D0E5612B
:1033F000F2E784F85050204600F044F8022084F8A8
:1034000051002068016821F040010160A0882189F5
:1034100000F4827001F404410843A18901F40061C1
:103420000843217C01F002010843217D01F00101E4
:103430000843218B01F400710843217F01F038011A
:10344000084394F8201001F080010843218D01F415
:103450000051084321680860A069042101EA104076
:1034600094F8241001F01001084321684860206896
:10347000C16921F40061C1616565012084F85100D2
:10348000002070BD10B586B0044614216846FCF7D4
:1034900049FF14492068884221D11348002102685D
:1034A00042F480420260006800F4804005900E48BB
:1034B0001038026842F002020260006800F0020068
:1034C00005904FF4604000900220CDE901010320F7
:1034D00003900520049069460448FFF799FA06B066
:1034E00010BD000000380040403802400004024097
:1034F0002DE9F84F044690F8500000270A9E1D461B
:1035000092468B464FF0010901280ED0012084F825
:103510005000FFF77FFB804694F851006168012856
:103520000CD0B1F5827F07D102E00220BDE8F88F10
:10353000A16809B9042801D00227C2E0BBF1000F3D
:1035400027D0BAF1000F24D01DB394F851000428FD
:1035500002D0052084F8510000206065C4F838A02E
:10356000E587A587C4F830B0E586A5862064606449
:1035700020680168490603D4016841F040010160F8
:10358000E068B0F5006F606805D0E8B3012D46D063
:103590007FE0012795E008B1012D39D1206B21682A
:1035A0000088C860206B801C2063E08E401EE0868F
:1035B0002EE02068816889070FD5E18E69B1B9F1E5
:1035C000010F0AD1216B0988C160206B801C206328
:1035D000E08E401EE0864FF0000920688168C90730
:1035E0000CD0E18F51B1C068A16B0880A06B801C2A
:1035F000A063E08F401EE0874FF00109FFF70AFB50
:10360000A0EB0800B04200E009E001D3701C50D1EB
:10361000E08E0028CDD1E08F0028CAD13FE0206B9A
:10362000216800780873206B401C2063E08E401EE8
:10363000E0862EE02068816889070FD5E18E69B1A8
:10364000B9F1010F0AD1216B09780173206B401C7D
:103650002063E08E401EE0864FF0000920688168FC
:10366000C9070CD0E18F51B1C068A16B0870A06B85
:10367000401CA063E08F401EE0874FF00109FFF778
:10368000C9FAA0EB0800B04202D3701C01D010E0D0
:103690007EB1E08E0028CDD1E08F0028CAD142460D
:1036A0003146204603F00AFE28B10127202060653C
:1036B00007E0032705E0A06818B92068C1688068A2
:1036C0000090012084F85100002084F85000384612
:1036D0002CE770477047000070B590F83C20012A35
:1036E00032D0012480F83C40022280F83D2003685B
:1036F0005A689D6822F070060A6832435A60134B7C
:1037000002689A4214D0B2F1804F11D0104B9A4205
:103710000ED0104B9A420BD00F4B9A4208D00F4B51
:103720009A4205D00E4B9A4202D00E4B9A4204D1D7
:10373000496825F080031943916080F83D400021DD
:1037400080F83C10084670BD022070BD00000140AA
:103750000004004000080040000C0040000401404C
:10376000004001400018004010B5040003D094F858
:103770003D0010B107E0012010BD002084F83C009E
:10378000204600F01FF8022084F83D00211D20682B
:1037900004F0E2FD012084F8460084F83E0084F83D
:1037A0003F0084F8400084F8410084F8420084F827
:1037B000430084F8440084F8450084F83D0000206C
:1037C00010BD000008B500680B49884212D10B48B3
:1037D000016841F0080101600068002200F0080063
:1037E000009005213220FFF707FBBDE8084032209A
:1037F000FFF7F4BA08BD0000000C0040403802405A
:1038000090F83D10012901D001207047022180F875
:103810003D100168CA6842F00102CA60006811499F
:10382000884214D0B0F1804F11D00F4988420ED099
:103830000E4988420BD00E49884208D00D49884273
:1038400005D00D49884202D00C49884204D18168D4
:1038500001F00701062903D0016841F00101016070
:1038600000207047000001400004004000080040B4
:10387000000C0040000401400040014000180040DE
:1038800070B5044690F83C000025012817D00126A9
:1038900084F83C60022084F83D002068826822F0B1
:1038A000770222F47F4282600868502838D00DDC0D
:1038B00020284FD005DC90B3102811D14AE0022017
:1038C00070BD302846D040280AD13BE060282FD078
:1038D00070280DD0B0F5805F03D0B0F5005F12D036
:1038E000012584F83D60002084F83C00284670BD26
:1038F000CB68D1E90121206804F092FD206881683D
:1039000041F0770109E0CB68D1E90121206804F09A
:1039100087FD2068816841F480418160E1E719E01A
:10392000CA684968206804F08DFD5021206806E0CF
:10393000CA684968206804F096FD6021206804F098
:1039400079FDCEE7CA684968206804F07BFD402114
:103950002068F4E7226801461046F0E7704770B52A
:103960000446006801694FF00005C943890715D472
:10397000C168C943890711D4E91E0161012020777C
:10398000206880698007204602D0FFF7E7FF04E047
:1039900000F098F8204600F0C2F825772068016909
:1039A000C943490717D4C168C943490713D46FF005
:1039B00004010161022020772068806910F4407FB3
:1039C000204602D0FFF7CAFF04E000F07BF8204653
:1039D00000F0A5F8257720680169C943090716D4C6
:1039E000C168C943090712D46FF0080101610420BE
:1039F00020772068C0698007204602D0FFF7AEFF1D
:103A000004E000F05FF8204600F089F82577206890
:103A10000169C943C90617D4C168C943C90613D48B
:103A20006FF010010161082020772068C06910F450
:103A3000407F204602D0FFF791FF04E000F042F8FB
:103A4000204600F06CF8257720680169C943C90752
:103A500008D1C168C943C90704D1891E0161204644
:103A600000F05EF820680169C943090609D4C168FD
:103A7000C943090605D46FF0800101612046FFF7B4
:103A800028FE20680169C943490609D4C168C943B1
:103A9000490605D46FF040010161204600F05CF852
:103AA00020680169C94389060BD4C168C9438906E6
:103AB00007D46FF0200101612046BDE87040FFF798
:103AC00009BE70BD704770B50D46040003D094F870
:103AD0003D0010B107E0012070BD002084F83C00DB
:103AE000204600F01BF8022084F83D00211D2068CC
:103AF00004F032FC2068016821F00801016054F8EC
:103B0000460B016829430160012004F81F09E07594
:103B10002076E0762077A075002070BD7047704752
:103B200010B5044600680949884205D108480021BB
:103B30000160416004F0DCFC06492068884203D142
:103B4000BDE81040FFF7D2B810BD0000000C0040E7
:103B50003410002000100040704738B5044690F83B
:103B60003E00202822D181B17AB194F83C0001288E
:103B70001CD0012084F83C002063204604F032FF72
:103B8000002803D1216B012901D0012038BD216813
:103B90000A684968009121680C3151E8002F42F011
:103BA000100241E80023002BF5D138BD022038BDBA
:103BB0007CB50022254B01921446234D1B7835E03D
:103BC00055F82460766886422FD155F8240090F885
:103BD0004031042B2CD139B380F83E1155F8240024
:103BE00080F83F2102E000BF00F082F855F8243051
:103BF000802203F1BC015868FFF7AFFF002855F899
:103C000024004068F0D1806B0068016821F0080151
:103C1000016001A8009055F8240000230322D0F889
:103C2000AC0019460EF078FC02E0641C9C42C7DB35
:103C30000198002807D006494FF080500860BFF374
:103C40004F8FBFF36F8F7CBDD8010020D4010020BF
:103C500004ED00E07047000070B5044620680C30A9
:103C600050E8001F21F4907140E80012002AF5D1BD
:103C70002068143050E8001F21F0010140E80012D4
:103C8000002AF5D1206B012809D120680C3050E8BA
:103C9000001F21F0100140E80012002AF5D1206831
:103CA00040694FF0200241064FF0000015D5216811
:103CB000143151E8003F23F0400341E80035002D66
:103CC000F5D1A16B49B109480865A06BFEF70AFD63
:103CD00050B1A06B016D884706E0E08584F83E2076
:103CE00020632046FFF7B6FF002070BD4B87000819
:103CF00010B504460068406994F83D10C0F3C01048
:103D0000212911D180B12068143050E8001F21F022
:103D1000800140E80012002AF5D1606B08B1FEF77F
:103D200098FC204604F069FD2068406994F83E1034
:103D3000C0F38010222911D180B12068143050E8DE
:103D4000001F21F0400140E80012002AF5D1A06BCD
:103D500008B1FEF77EFC204604F028FD002010BDCF
:103D600070B516490024144D097822E055F8242036
:103D7000526882421CD155F8240090F84001042872
:103D800002D070BDFFF7B4FF55F82430802203F154
:103D9000BC015868FFF7E1FE002855F82400406890
:103DA000F0D1806B0068016821F00801016070BDEE
:103DB000641C8C42DADB70BDD8010020D4010020E5
:103DC00010F83D1F4078084370470000F8B50168BF
:103DD00004460868CA684B6910F00F0F4FF00005E1
:103DE00059D003F0010602F49077374365D0C1073C
:103DF00005D0D10503D5216C41F0010121644107B3
:103E000005D5D90703D0216C41F002012164810757
:103E100005D5D90703D0216C41F0040121640107C5
:103E200007D502F02001314303D0216C41F0080195
:103E30002164216C00293AD0800604D5900602D571
:103E4000204604F0E8FC20684069216CC0F3801033
:103E5000090700D460B3204604F0A8FC206840693C
:103E6000400621D52068143050E8001F21F04001A1
:103E700040E80012002AF5D1A06BA8B16C49016599
:103E8000A06BFEF72FFC002811D0A06B016D01B0D4
:103E9000BDE8F040084783060FD593060DD52046B0
:103EA000BDE8F84004F0B7BC2046FFF759FFF8BD65
:103EB0002046FFF755FF2564F8BD266B2023012E11
:103EC00079D1C60677D5D60675D5086848680090BA
:103ED0004869400640D5A16B086840680004000CA2
:103EE000EAD0A28D8242E7D9E085C869B0F5807F2B
:103EF0002DD020680C3050E8001F21F4807140E87C
:103F00000012002AF5D12068143050E8001F21F07B
:103F1000010140E80012002AF5D12068143050E871
:103F2000001F21F0400140E80012002AF5D184F87A
:103F30003E30256320680C3050E8001F21F010014E
:103F400040E80012002AF5D1A06BFEF782FBA08D9D
:103F5000E18D401A81B229E0A08DE18D401A81B235
:103F6000E08D0028A8D00029A6D020680C3050E8A9
:103F7000002F22F4907240E80026002EF5D1206830
:103F8000143050E8002F22F0010240E80026002EF5
:103F9000F5D184F83E30256320680C3050E8002FBE
:103FA00022F0100240E80023002BF5D12046FFF755
:103FB000FFFDF8BDFFE705062BD5150629D594F8BA
:103FC0003D002128F5D1A068B0F5805F01D12069BE
:103FD000B0B1206A411C2162216800784860E08C01
:103FE000401E0004000CE084E3D12068C16821F089
:103FF0008001C1602068C16841F04001C160D8E71C
:10400000206A0088C0F308004860206A801C206293
:10401000E5E74006CDD55006CBD5CA68204622F04C
:104020004002CA6084F83D3000F024FBC1E7000084
:104030005586000870B5040004D094F83D000025B2
:1040400010B106E0012070BD84F83C50204600F01D
:1040500023F8242084F83D002068C16821F4005131
:10406000C160204604F038FC2068016921F49041C9
:1040700001612068416921F02A0141612068C1681D
:1040800041F40051C1602564202084F83D0084F88B
:104090003E00002070BD00002DE9F04F87B00446BF
:1040A00014216846FCF73EF9D848D849D64B103859
:1040B0002268DFF85CE300264F0505154FF0020883
:1040C0004FF003094FF0080C4FF0400B9A425CD1BF
:1040D0000A68B24642F400220A60096801F400212D
:1040E0000591016841F004010160006802AA00F036
:1040F000040005904FF44060CDE9000882E84012CA
:1041000069467046FEF784FCDFF80C83C1494046DF
:10411000C8F80010C0E90176C0E90365C8F814606A
:10412000C8F81860C8F81C60C8F82060C8F8246097
:10413000FEF7BAFB08B1FDF72FFBB74EB548C4F840
:10414000388060363030C8F8384086E88108C6E9E3
:1041500003A5C6F814A0C6F818A0C6F81CA0C6F897
:1041600020A03046C6F824A0FEF79EFB08B1FDF75C
:1041700013FB6663002205213420B463FEF73CFE86
:104180003420FEF72BFEA548A6E0A54B9A4233D17A
:104190000A6842F480120A60096801F480110591EE
:1041A000016841F004010160016801F0040105911A
:1041B000016841F0080101600068029600F0080003
:1041C00005909814CDE90008CDE9039C6446694642
:1041D0007046FEF71DFC0420CDE900080296CDE9EB
:1041E000039469468F48FEF713FC00220521352011
:1041F000FEF702FE35209AE08B4B4FF0070C4FF094
:10420000010A9A4271D181490026091D0A6842F0CB
:1042100010020A60096801F010010591016841F07F
:1042200001010160006801AA00F001000590581525
:1042300000900220CDF810C082E84102E0466946B5
:104240007A48FEF7E5FB0220CDE90050CDF808A042
:10425000CDE9039869467548FEF7DAFBDFF8B881C7
:10426000734908F1C0084046C8F80010C0E901765B
:10427000C0E90365C8F81460C8F81860C8F81C6085
:10428000C8F82060C8F82460FEF70EFB08B1FDF7FF
:1042900083FA6748674EC4F838807830C8F83840E9
:1042A00086E881080020C6E903057061B061F0610D
:1042B000306270623046FEF7F7FA08B1FDF76CFA2B
:1042C0006663002205212520B463FEF795FD2520B5
:1042D000FEF784FD514888300068C16841F0100144
:1042E000C16007B0BDE8F08FFFE7534B9A4221D180
:1042F0000A6842F400320A60096801F4003105914D
:10430000016841F0080101600068694600F008009A
:10431000059060208DE80105CDE9039C4148FEF73A
:1043200077FB002205212620FEF766FD2620FEF7FA
:1043300055FDD6E7414B9A42D3D10A68002642F494
:1043400080220A60096801F480210591016841F02A
:1043500008010160006801AA00F0080005909815A6
:1043600000900220CDF810C082E84102E046694684
:104370002C48FEF74DFB4FF4007000900220CDE971
:10438000010ACDE9039869462648FEF741FBDFF8AC
:10439000A480204908F1600818394046C8F8001088
:1043A000C0E90176C0E90365C8F81460C8F8186070
:1043B000C8F81C60C8F82060C8F82460FEF774FADA
:1043C00008B1FDF7E9F91B4E1248C4F83880C03631
:1043D0001830C8F8384086E881080020C6E903058F
:1043E0007061B061F061306270623046FEF75CFA75
:1043F00008B1FDF7D1F96663002205212720B463D7
:10440000FEF7FAFC272092E7004C004040380240BB
:104410000008024040600240381D0020E41B0020DC
:1044200000500040000C024000100140000002401B
:1044300040640240581E00200044004000480040F4
:1044400090F83E30202B0ED159B152B190F83C304B
:10445000012B08D0012380F83C300023036304F0D3
:1044600009BB012070470220704700007CB5002680
:104470001D49019634461B4D097825E055F8242046
:10448000526882421FD155F8240090F8401101294A
:104490001CD190F8A610BC3002F0C0FD55F82430B5
:1044A000012203F1A6015868FFF7CAFF0EF0D0F809
:1044B0000246009655F8240001AB0721D0F8B00061
:1044C0000EF0AAFA02E0641C8C42D7DB01980028A7
:1044D00007D006494FF080500860BFF34F8FBFF3FD
:1044E0006F8F7CBDD8010020D401002004ED00E0D6
:1044F000704700002DE9F843044690F83D001F4640
:1045000016460D4620284CD1C5B1BEB194F83C00EA
:10451000012846D0012084F83C004FF00008C4F880
:104520004080212084F83D00FEF774FBA68481467C
:10453000E684A068B0F5805F03D004E00120BDE808
:10454000F883206928B12E465FF0000584F83C808E
:104550000EE00026FAE78021204604F0A6FAA0B972
:10456000AEB116F8010B21684860E08C401EE08473
:10457000E08C4B464FF0000200970028EBD14FF043
:104580004001204604F091FA30B10320D7E735F816
:10459000020BC0F30800E6E7202084F83D0000206D
:1045A000CDE70220CBE7000070B5044690F83D004F
:1045B000202836D191B38AB394F83C00012830D03A
:1045C000012084F83C002162A284E2840025256455
:1045D000212084F83D00636B1348D863636B134854
:1045E0001864636B1248D864606B134605652668CF
:1045F000606B321DFEF7C2F921686FF04000086061
:1046000084F83C502068143050E8001F41F08001CD
:1046100040E80012002AF5D1002070BDFFE701201C
:10462000FBE70220F9E7000061870008A387000884
:104630006586000890F83D30202B18D1A9B1A2B1B1
:1046400090F83C30012B12D001628284C284002198
:104650000164212280F83D2080F83C100068C16888
:1046600041F08001C16000207047012070470220A6
:10467000704700001CB5144B00210191114A1B78B2
:1046800012E000BF52F82140646884420BD101A8B7
:10469000009052F8210000231A46D0F8AC001946C9
:1046A0000DF03AFF02E0491C9942EBDB019800282B
:1046B00007D006494FF080500860BFF34F8FBFF31B
:1046C0006F8F1CBDD8010020D401002004ED00E054
:1046D0007047FEE741F60103C81A994270D034DCF6
:1046E00041F21803A1EB030099426BD015DC41F2B3
:1046F0000603A1EB030099425CD009DCB1F5805FB1
:1047000052D06FF48050081850D0042848D14FE0A0
:10471000012851D00E2843D150E0B0F5BD6F59D0DB
:104720000ADCB0F51A7F4FD0B0F57A7F4ED0A0F5F5
:104730004070E93834D14BE0A0F5A060E9384BD0A7
:10474000A0F58070FF382BD148E044F64003C11A31
:10475000984253D016DCB0F5006F49D009DCA0F5C3
:104760008070FF383ED001283ED0B0F5C06F17D121
:104770003CE0A0F5006001383CD03E38B0F5804FF9
:104780000ED139E0392941D006DC232938D02B2934
:1047900038D0372904D137E0402939D0BE2939D063
:1047A0002048106000207047002034E0012032E0F3
:1047B000022030E003202EE004202CE005202AE037
:1047C0000EE0FFE7062026E0072024E0082022E094
:1047D000092020E00A201EE00B201CE00C201AE03B
:1047E0000D2018E00E2016E00F2014E0102012E03B
:1047F000112010E012200EE013200CE014200AE03B
:10480000152008E0162006E0172004E0182002E03A
:10481000192000E01A2000211160034901EBC000BB
:104820007047000000000206B02D01089F2803D148
:10483000087808B101487047002070473000090629
:104840002DE9FF472B4DA87800284FF0020027D113
:10485000294F03900620388000240DF10C08CDE983
:1048600000844FF400593B462246494623480294AF
:1048700006F036FB21480BF079FD0026322008F0C7
:1048800042FC0020FDF700F8287803280BD0761CA6
:104890000A2EF3DB1AA005F09FFCAC706FF002004B
:1048A00004B0BDE8F087052008F02DFC3C80CDE980
:1048B0000084114B002249461048029406F010FB78
:1048C0000E480BF053FD00260020FCF7DDFF287892
:1048D000022809D0761C0A2EF6DB15A005F07CFC18
:1048E000AC706FF00100DBE71E4805F075FC00209E
:1048F000D6E7000014000020E80100200007002097
:104900004B696E636F20656E61626C6520666169DC
:104910006C65642C2052454144595F5357495443B8
:10492000485F4F4E5F4641494C45442E0D0A0000FA
:104930004B696E636F20656E61626C6520666169AC
:104940006C65642C205357495443485F4F4E5F4475
:10495000495341424C45445F4641494C45442E0D24
:104960000A000000F42F01082DE9FF5F504CA078E9
:1049700000284FF001003DD10026A07035460020F0
:10498000FCF782FF2078002837D04A4F06200DF12F
:104990000C0A38804FF00209CDE900A5CDE9025993
:1049A0004FF4005B56463B4600225946424806F00B
:1049B00097FA4248414B002205600420CDE902509D
:1049C000CDE9006542F201013B4806F089FA3A4818
:1049D0000BF0CCFC00260020FCF756FF20780328C3
:1049E00015D0761C0A2EF6DB35A005F0F5FBA57078
:1049F0006FF0020004B0BDE8F09F761C0A2EBEDB0B
:104A00003BA005F0E9FBA5704FF0FF30F2E7052071
:104A100008F079FB07213980CDE900A5CDE90259DD
:104A2000B8465746234B00225946234806F058FA09
:104A300021480BF09BFC00260020FCF725FF207886
:104A4000042809D0761C0A2EF6DB34A005F0C4FB3E
:104A5000A5706FF00300CDE7052008F054FB0F218F
:104A6000A8F80010CDE90075124B002259461248F3
:104A7000029506F035FA10480BF078FC002632203B
:104A800008F041FB0020FCF7FFFE2078052809D044
:104A9000761C0A2EF3DB2CA005F09EFBA5706FF0B0
:104AA0000400A7E735A005F097FBA5700020A1E75B
:104AB00014000020E801002000070020EC01002085
:104AC0004B696E636F20656E61626C65206661691B
:104AD0006C65642C2052454144595F5357495443F7
:104AE000485F4F4E5F4641494C45442E0D0A000039
:104AF0004B696E636F20656E61626C6520666169EB
:104B00006C65642C204745545F5354415455535FA2
:104B10004641494C45442E0D0A0000004B696E6326
:104B20006F20656E61626C65206661696C65642CDE
:104B30002053574954434845445F4F4E5F464149CF
:104B40004C45442E0D0A00004B696E636F20656E64
:104B500061626C65206661696C65642C204F50450C
:104B6000524154494F4E5F454E41424C45445F4689
:104B700041494C45442E0D0A000000004B696E630C
:104B80006F2063757272656E7420737461747573CF
:104B9000206973204F5045524154494F4E5F454E56
:104BA00041424C45442C20656E61626C6520636F08
:104BB0006D706C657465642E0D0A000010B50221DD
:104BC00014480BF0DFFC1349012081F8E1010021BA
:104BD00010480BF08BFD7F210E480BF087FD05215F
:104BE0000C480BF083FD022201210A4808F07FF8EF
:104BF00082220121074808F07AF8C82008F083FAD9
:104C000080220121034808F072F8BDE810403220EC
:104C100008F079BA000700202DE9FF411C4E8046BC
:104C20002F2030800024022003ADCDE90240CDE9E1
:104C300000540703334622463946164806F050F919
:104C4000154904200B46C1F80080CDE90240CDE9AA
:104C500000540022791C0F4806F042F90D480BF071
:104C600085FB3F203080CDE9005433460022394691
:104C70000848029406F034F906480BF077FB054823
:104C80000BF00DFC052008F03EFABDE8FF810000A6
:104C9000E801002000070020EC0100203EB5054699
:104CA0000020ADF80800062102A8CDE9000100238C
:104CB00046F23F020121074802F046FA040004D000
:104CC00005A005F089FA20463EBDBDF80800288001
:104CD000F9E70000000700204B696E636F20534422
:104CE0004F2072656164204552524F525F434F44DA
:104CF000455F494E444558204661696C65640D0A1C
:104D0000000000001FB504210391FBF7D2FE9FEDC8
:104D10000E1B53EC112BFBF75AFEFBF7F6FE0C496A
:104D20000B4B0860002003A9CDE900100246029059
:104D300042F20201074806F0D3F806480BF016FBD2
:104D400004480BF0ACFB1FBD2D7AA702EE79D140D1
:104D500008020020000700202DE9F04F87B04FF037
:104D600001088DF81480052705ACCDE9004746F20F
:104D7000600500232A464146B84802F038FA10B1CF
:104D8000B7A005F029FA00268DF81460CDE9004798
:104D900033462A460121B14802F0D6F910B1BCA031
:104DA00005F01AFA9DF81400012802D0C4A005F0FD
:104DB00013FACC48072403ADCDE90054029046F223
:104DC0008109039000234A460121A44802F00FFA0A
:104DD00010B1C5A005F000FACDE9005400234A4601
:104DE00001219E48039602F0AFF910B1CBA005F067
:104DF000F3F9DDE90201814204D04FF4FA71D3A046
:104E000005F0EAF94DF2B710CDE90054029046F2F0
:104E10008309039000234A460121904802F0E7F9F4
:104E200010B1D6A005F0D8F9CDE9005400234A46C8
:104E300001218A48039602F087F910B1DAA005F043
:104E4000CBF9DDE90201814203D03221E1A005F076
:104E5000C3F9ED48CDE90054029046F2840903906D
:104E600000234A4601217D4802F0C1F910B1E7A0B4
:104E700005F0B2F9CDE9005400234A4601217748F4
:104E8000039602F061F910B1EBA005F0A5F9DDE998
:104E90000201814203D0C821F2A005F09DF90DF175
:104EA0000809FD48CDE90094012302904FF4A05277
:104EB00019466A4802F09BF910B1F8A005F08CF988
:104EC00045468DF810800DF11008CDE900870223CA
:104ED0004FF4A0520121614802F089F910B1EFA00E
:104EE00005F07AF9CDE900874FF4B05B8DF81060DA
:104EF00000235A460121594802F079F910B1F2A075
:104F000005F06AF9FC48CDF80090CDE90140012395
:104F10005A461946514802F06AF910B1EAA005F064
:104F20005BF9F648A246CDF80090CDE901A04C46C9
:104F300002234FF4B0520121484802F058F910B151
:104F4000E1A005F049F90220CDE900878DF81000B5
:104F5000B946C34600234FF4B05201213F4802F046
:104F600046F910B1D8A005F037F940F201200094BD
:104F7000CDE901A0012357464FF4A0521946374806
:104F800002F035F910B1C5A005F026F9C24802A912
:104F9000CDE90017401C01230290BA4641F20142BC
:104FA00019462E4802F023F910B1D5A005F014F9E6
:104FB000CDE900B9A8468DF810504C465D46022355
:104FC00041F201420121254802F011F910B1CCA0B3
:104FD00005F002F9CDE9005441F2016BB1468DF8BC
:104FE000106000235A4601211C4802F000F910B15C
:104FF000CEA005F0F1F8D94802AF0097CDE901A0A5
:10500000012356465A461946144802F0F0F810B1EA
:10501000C6A005F0E1F8CDE900548DF8108000231A
:105020005A4601210D4802F0E2F810B1BFA005F088
:10503000D3F840F202200097CDE90160012341F24C
:1050400001421946054802F0D2F810B1ACA005F0B3
:10505000C3F8C34801234FF4C05A83E1000700207E
:105060004B696E636F2053444F20577269746520FB
:10507000534552564F5F574F524B5F4D4F44455F1C
:10508000494E444558204661696C65640D0A00002C
:105090004B696E636F2053444F20726561642053E7
:1050A0004552564F5F574F524B5F4D4F44455F49F6
:1050B0004E444558204661696C65640D0A00000045
:1050C0004B696E636F2073657420706F73697469C8
:1050D0006F6E206D6F6465204661696C65640D0AB2
:1050E00000000000938888004B696E636F20534472
:1050F0004F2057726974652050524F46494C4544C1
:105100005F56454C4F434954595F494E44455820DA
:105110004661696C65640D0A000000004B696E63AE
:105120006F2053444F20726561642050524F4649AE
:105130004C45445F56454C4F434954595F494E4492
:105140004558204661696C65640D0A004B696E63C1
:105150006F207365742070726F66696C6564207669
:10516000656C6F6369747920746F20256420727098
:105170006D204661696C65640D0A00004B696E63C1
:105180006F2053444F2057726974652050524F4628
:10519000494C45445F4143435F494E44455820468E
:1051A00061696C65640D0A004B696E636F2053443E
:1051B0004F20726561642050524F46494C45445F10
:1051C0004143435F494E444558204661696C6564DC
:1051D0000D0A00004B696E636F2073657420707256
:1051E0006F66696C656420616363656C6572617488
:1051F000696F6E20746F2025642072706D20466187
:10520000696C65640D0A0000DC4603004B696E633F
:105210006F2053444F2057726974652050524F4697
:10522000494C45445F4445435F494E4445582046F8
:1052300061696C65640D0A004B696E636F205344AD
:105240004F20726561642050524F46494C45445F7F
:105250004445435F494E444558204661696C656446
:105260000D0A00004B696E636F20736574207072C5
:105270006F66696C656420646563656C65726174F2
:10528000696F6E20746F2025642072706D204661F6
:10529000696C65640D0A0000210000084B696E63AB
:1052A0006F2053444F205772697465205250444F09
:1052B000315F504152414D5F494E4445582046614F
:1052C000696C65640D0A00004B696E636F2053447E
:1052D0004F205772697465205250444F315F4D41E1
:1052E0005050494E475F494E444558204661696CCD
:1052F00065640D0A000000001000406020007A6024
:105300004B696E636F2053444F2057726974652058
:105310005250444F325F504152414D5F494E4445D7
:1053200058204661696C65640D0A00004B696E6324
:105330006F2053444F205772697465205250444F78
:10534000325F4D415050494E475F494E44455820C9
:105350004661696C65640D0A0000000020008160F0
:10536000810100800097CDE90160524619466148ED
:1053700001F03DFF10B160A004F02EFFCDE9005414
:105380008DF810800223D34652460121594801F07E
:105390002EFF10B158A004F01FFFCA468DF81090E0
:1053A000CDE900544FF4D05900234A460121514819
:1053B00001F01DFF10B15BA004F00EFF65480097DF
:1053C000CDE9016001234A4619464A4801F00FFF22
:1053D00010B154A004F000FF5F480097CDE90160D0
:1053E00002234A460121434801F001FF10B14DA0BC
:1053F00004F0F2FE0220CDE900548DF810000023E5
:105400004A4601213B4801F0F2FE10B145A004F0EC
:10541000E3FE40F281100097CDE9016001235A4676
:105420001946344801F0E3FE10B133A004F0D4FE75
:105430004A480097CDE90160012341F6010BB946C6
:105440005A4619462B4801F0D2FE10B144A004F090
:10545000C3FECDE9005447468DF8108002235A461A
:105460000121244801F0C3FE10B13DA004F0B4FEB8
:105470008DF810A0CDE9005441F6012A00235246D0
:1054800001211C4801F0B3FE10B135A004F0A4FEC8
:105490003E48B046CDF80090CDE9018001234E464C
:1054A00052461946134801F0A2FE10B12CA004F098
:1054B00093FECDE900548DF810700023524601216F
:1054C0000C4801F094FE10B125A004F085FE4FF4C5
:1054D000C1700096CDE9018001235A46194605485E
:1054E00001F085FE002802D01DA004F075FE07B073
:1054F000BDE8F08F000700204B696E636F205344B6
:105500004F205772697465205450444F315F5041A9
:1055100052414D5F494E444558204661696C65646F
:105520000D0A00004B696E636F2053444F20577281
:10553000697465205450444F315F4D415050494E7D
:10554000475F494E444558204661696C65640D0AC1
:1055500000000000100041602000636082010080B4
:105560004B696E636F2053444F20577269746520F6
:105570005450444F325F504152414D5F494E444573
:1055800058204661696C65640D0A000020006C605B
:105590001E4D88B0287828B91DA004F01DFE0020FB
:1055A0000BF0EEFC00273E4607F0BAFD0446002152
:1055B000A86E07F07DFEA0B900231A4601A9286D48
:1055C00007F0E4FD68B9002000900DF1080C1A48BE
:1055D0009CE80E0006F0B6FF1849029804F1C806D0
:1055E0004860E01B64280CD3B4420AD30021E86E63
:1055F00007F05EFE28B9002210490F4807F06EF848
:1056000027460A2007F07FFDCEE7000018000020A3
:1056100041637175697265206C6566745265637665
:1056200052617744617461507472206661696C657F
:1056300064210D0A00000000CC1400204418002052
:1056400010B500224FF400610448FDF7DEFA012294
:10565000BDE8104051020248FDF7D7BA00000240F1
:105660000008024010B500224FF400610548FDF724
:10567000CCFABDE8104000224FF400710248FDF75B
:10568000C4BA0000000002400008024010B5012228
:10569000D1020548FDF7B9FABDE8104000224FF4E9
:1056A00000710248FDF7B1BA000002400008024054
:1056B00000210A4600EBC103491C9A620529F9DB67
:1056C000704700002DE9F0410446DDE90765069FBB
:1056D000416500214FEA010004EBC10C491CCCF8E4
:1056E00028000529F8DB206266616062C4E90127B1
:1056F000C4E90353207720650120206004F158009D
:1057000002F079FF04F16000BDE8F04102F073BFE0
:10571000002101770162416A002901D0FFF7C8BF6B
:10572000704708B56A4600F001F808BD2DE9F04160
:1057300098B016460F4604464FF0FF3845465822AB
:1057400020496846FAF7D5FD206A80BB16A802F00A
:1057500052FF16A8616802F046FF07B96F46398B01
:10576000A161B87E606204F1600002F031FF3A4648
:10577000A168206900F00AFA011E1EDD16AA204663
:105780000AF0F7FD050018D116AA022120460BF0F9
:105790005FFE02280AD10027377077703146701CEF
:1057A000E368626900F034F8012801D0454604E05E
:1057B000357815B901202062277718B02846BDE852
:1057C000F08100009C2C01082DE9FC41074615469C
:1057D0000E460024684600930AF002FB60F30704BB
:1057E000C4F3C00030702009387001A9009800F09F
:1057F000F9F80099019A014400910A44511A0229CA
:1058000004DB68460AF0F2FA28800120BDE8FC813A
:105810002DE9FC41074600240E46254668460092C5
:105820000AF0DEFA0146204661F30700000902286B
:1058300019D101A9009800F0D5F80099054608444F
:10584000019900900144081A02280CDB68460AF00E
:10585000C7FA60F3070404F00100387068460AF0E4
:10586000BFFA307001252846BDE8FC812DE9FC5FB8
:105870008046DDE90EA00024CDE9000499461746D4
:105880000E462546DDF834B068460AF0A9FA60F302
:105890000704200903282CD1C4F3C00188F80010A4
:1058A000C4F34100306004F00100387001A9009891
:1058B00000F098F8009905460844019900904418B2
:1058C000224669460C980AF09AFA90B10098201A7C
:1058D0000FD43068002804DD68460AF087FAA9F87A
:1058E00000000098211ACAF8001000990125CBF891
:1058F00000102846BDE8FC9F2DE9FC4781460A9828
:10590000002400909A4616468846254668460AF0C6
:1059100067FA0146204661F307000009092826D1ED
:1059200001A9009800F05EF8009905460844019925
:1059300000904718381A022819DB68460AF056FA10
:10594000A9F8000034600EE03168414502DD4FF0F7
:10595000FF350CE068460AF043FA31688B00491CB9
:1059600031604AF803000098B842EDD3012528467B
:10597000BDE8FC877CB504464FF0FF35684602F071
:105980003AFE6846616802F02EFEA168206900F0C8
:10599000C4F9011E04DD6A4620460AF0EAFC054609
:1059A0002046FFF7B5FE28467CBD006A7047F8B573
:1059B000012500240E4607460C60641C042C0FDCF5
:1059C00001216846B84701280AD19DF800003168D6
:1059D00000F07F0202FB0511ED0131600006ECD4FE
:1059E0002046F8BD024A10600248FFF7E0BF000001
:1059F000D001002075B1000810B503460020CA1779
:105A000001EB526424F07F02891ACAB2E111002925
:105A100002DD00BF42F080021A5400F10100EEDC0A
:105A200010BD70B504680E4624B12046FAF785FC17
:105A3000054601E0D0E901543046FAF77EFC854284
:105A400005D12A4631462046FAF799FC08B10020D4
:105A500070BD012070BD0000401C802801DA401C90
:105A60007047B0F5804F01DA801C704703498842C7
:105A700001DAC01C7047001D70470000FFFF1F00C7
:105A80002DE9F04306464FF0FF37006A89B015460E
:105A90003C464FF00009884678B307A802F0ABFDFA
:105AA00007A8716802F09FFD2878012801D002281C
:105AB00003D1304606F012FAA880D5E90201CDE9FB
:105AC0000501CDE90289CDF81090A9886878CDE963
:105AD00000012B780022B168306900F024F9011E22
:105AE00029DD07AA30460AF044FC040021D12878B9
:105AF000012803D0022813D01BE01CE007AA0421D0
:105B000030460BF0A5FC042811D1F068009001AAE2
:105B100002A903A87369FFF757FE012807D108E01F
:105B200007AA072130460BF093FC0728EDD03C462E
:105B300001E0601C02D13046FFF7EAFD09B02046C3
:105B4000BDE8F083F8B50024069E054600900429C0
:105B500001DAA01EF8BD62F3071463F3C304062A3A
:105B600024F0060000D1801CC1B268460BF01CFF77
:105B700002210098FFF740FF009908440090314649
:105B800068460BF017FF0098401BF8BD2DE9F8435D
:105B900007460090884614460025104600F082F81B
:105BA0008146FFF759FF404502DDA81EBDE8F88396
:105BB0002E46314666F30701684610310BF0F4FEBD
:105BC00049460098FFF718FF009908440090207A92
:105BD00004281DD02FA168460BF0D2FE0321684691
:105BE0000BF0E2FEA07E66F3070560F34105E07E60
:105BF00008B145F00405680707D594F83D0060F347
:105C0000C40594F83C0060F34515206C40B905E0EC
:105C100022A168460BF0B4FE0421E0E7A06C08B1B5
:105C200045F08005E06C08B9606D08B145F04005AD
:105C3000294668460BF0B8FE218B68460BF0BAFE89
:105C400004F10C0168460EC90BF0C3FEE07E68B19A
:105C50002434684694E80E00243C0BF0BAFE30343D
:105C6000684694E80E00303C0BF0B3FE280605D5DC
:105C700004F1400168460EC90BF0ABFE680605D57D
:105C80004C34684694E80E000BF0A3FE0098C01B4D
:105C90008CE700004D514973647000004D5154541D
:105CA0000000000070B50446007A0025032802D0E9
:105CB000042802D002E00C2500E00A2504F10C00C3
:105CC00007C800F0ABF90544E07EAD1C78B1243480
:105CD00094E80700243C00F0A1F93034064694E82B
:105CE0000700303C00F09AF9304405442D1D206C2B
:105CF00008B9A16C29B1D4E9111200F08FF905445B
:105D0000AD1CE06C08B9616D29B1D4E9141200F042
:105D100085F90544AD1C284670BD0E2200F0B3B8CD
:105D20000C2200F0B0B82DE9FC5F1C46129ECDE9B4
:105D30000060DDF838B09046DDF830A0DDE90F23D3
:105D4000894607465946204600F030F80546FFF7D9
:105D500083FE484503DD6FF00100BDE8FC9F302164
:105D600068F3C30164F342016AF3000101A80BF078
:105D70001BFE29460198FFF73FFE01990844019058
:105D8000DDE90F23594601A80BF023FE002C03DDAB
:105D900001A80D990BF00EFE324611990198FAF701
:105DA000A8FA019830440190C01BD6E770B50E46A2
:105DB000114604461A463046049D00F02FF9284447
:105DC000801C002C00DD801C70BD00002DE9FF4F01
:105DD00083B0064610A8894690E8800900249246C0
:105DE000254641463846009600F036F80190FFF708
:105DF00033FE484503DDA01E07B0BDE8F08F64F315
:105E0000070480346AF3C30424F00600801CC1B286
:105E100068460BF0C9FDDDE90001FFF7EDFD0099D3
:105E200008440090684606990BF0C4FD0FE000BFDF
:105E300005EB450108EB810090E80E0068460BF089
:105E4000C8FD1BF8251068460BF0AEFD6D1CBD4269
:105E5000EEDB0098801BCFE72DE9F04102250F46CD
:105E6000064600240AE000BF04EB440007EB800074
:105E700007C800F0D3F80544641CED1CB442F3DB02
:105E80002846BDE8F08138B5002304460090022979
:105E900001DA981E38BD194663F3070162F3071152
:105EA00068460BF081FD00210098FFF7A5FD0099E1
:105EB00008440090001B38BD2DE9F047174689467D
:105EC00006464FF0FF35002406EBC408D8F828003A
:105ED00018B14946FAF738FA30B1641C052CF3DBE7
:105EE00017B3681C0DD01FE0002F06D106EBC401CC
:105EF0004FF000008862C8F82C004FF000050DD16B
:105F000012E04FF0000400BF06EBC400806A20B12D
:105F100004F10104052CF7DB06E00025052C03DA6B
:105F200006EBC400C0E90A972846BDE8F0871CB517
:105F300001AC009400F001F81CBD2DE9FF478CB0C6
:105F4000002605460796089606914FF0FF38189FE1
:105F5000006A9A468946444620B309A802F04BFBE2
:105F600009A8696802F03FFB284605F0B7FF83B235
:105F70000EAA06A901208DE807000022A968286959
:105F8000FFF724FF011E27DD09AA28460AF0F1F9D0
:105F900004001FD109AA092128460BF059FA092843
:105FA00001D0444618E002963E70E9686869CDE980
:105FB00000013B4602AA012103A8FFF79DFC01282E
:105FC00008D13878802805D0524649462846FFF740
:105FD00073FF0446601C02D12846FFF799FB10B0FE
:105FE0002046BDE8F0877CB506460D46002468468D
:105FF00002F001FB2946684602F0F5FA6946304690
:1060000005F076FD002802DA4FF0FF3404E0684620
:1060100002F0F9FA0028F1D020467CBD10B510B18D
:10602000FAF78BF90146084610BD00007FB5002144
:1060300021480091019102911E4A039102600124BE
:106040004FF480320461C0E90121047680F8201009
:106050001A4AC0E90A210325C561C16080F83010E1
:106060004461FBF72FFE08B1FBF796FB0820CDE952
:1060700000040720029069460F48FBF77DFD08B138
:10608000FBF78AFB092000900220019069460A482C
:10609000FBF772FD08B1FBF77FFB0D20CDE9000592
:1060A00069460548FBF768FD002801D0FBF774FB43
:1060B0007FBD0000002001408C1A00200100000F6D
:1060C00010B516488AB01449016006210024C0E9C1
:1060D00001140904C0E903414FF4A00141610476B1
:1060E00044768476C47604774477FCF7E6F808B102
:1060F000FBF752FB0E200990012001940294CDE998
:10610000064003940094089005946946049403485B
:10611000FBF7C2FE0AB010BD00640040F41A002074
:1061200010B517488AB01549016003210024C0E961
:1061300001144FF42021C0E903414FF48011416163
:10614000047644768476C47604774477FCF7B5F811
:1061500008B1FBF721FB02940E2001210094019469
:10616000039407910990CDE90504089104946946C8
:106170000348FBF791FE0AB010BD00000068004024
:106180001C1B0020214808B5016841F48001016012
:10619000016801F480010091016841F4001101607F
:1061A0000068002200F40010009005210C20FCF78C
:1061B00023FE0C20FCF712FE002205210D20FCF727
:1061C0001BFE0D20FCF70AFE002205210E20FCF725
:1061D00013FE0E20FCF702FE002205210F20FCF723
:1061E0000BFE0F20FCF7FAFD002205213A20FCF7F8
:1061F00003FE3A20FCF7F2FD002205214620FCF7C1
:10620000FBFDBDE808404620FCF7E8BD3038024001
:1062100070B505F0EBFA02F079F800221146012082
:1062200007F074F84B4C00221146A066012007F0DD
:106230006DF80022E0661146012007F067F80022A1
:1062400020671146012007F061F8002360671A46B5
:106250000121414807F01AF90023A0671A460121DD
:106260003E4807F013F90023E0671A4601213C4835
:1062700007F00CF904F18005002328601A4601217B
:10628000384807F003F9686000221C210A2006F054
:10629000AFFF206500221C210A2006F0A9FF6065DF
:1062A000002210210A2006F0A3FFA0650022182179
:1062B000142006F09DFF206600221821142006F00D
:1062C00097FF6066002208210A2006F091FFE06532
:1062D0000A21A06F07F016F9C821E06F07F012F944
:1062E0000A21286807F00EF9C821686807F00AF942
:1062F0001D4A00211D4807F083F81B4A60632432C1
:1063000000211B4807F07CF8174AA063483200219F
:10631000184807F075F8144AE0636C3200211648FB
:1063200007F06EF8104A606490320021134807F0BD
:1063300067F80D4AA064B4320021114807F060F8F4
:10634000094AE064D83200210E4807F059F8206469
:1063500070BD00001800002089850008A185000894
:1063600095850008AD850008A82A0108C1750008B8
:1063700089800008F1770008915500085D6F0008DA
:1063800085190008697700082DE9F04F87B01421BE
:106390006846F9F7C7FF70480024016841F0100112
:1063A0000160016801F010010591016841F0800170
:1063B0000160016801F080010591016841F004016C
:1063C0000160016801F004010591016841F00101DB
:1063D0000160016801F001010591016841F00201CD
:1063E0000160016801F002010591016841F00801B6
:1063F00001600068594E00F00800059000224BF63D
:1064000084713046FCF701FCDFF8549100224FF410
:106410000E614846FCF7F9FBDFF848A100224FF473
:106420002C715046FCF7F1FBDFF83C81002231155E
:106430004046FCF7EAFB0122170339464046FCF7C9
:10644000E4FBDFF828B1002208215846FCF7DDFB09
:1064500040F6847000900125CDE90154694630462C
:106460000394FCF7D5FAE0200090CDE90154694689
:1064700048460394FCF7CCFA30200090CDE9015453
:10648000694650460394FCF7C3FA4FF44050CDE9F7
:10649000000569463046CDE90245FCF7B9FAE80344
:1064A000CDE900050320CDE9024069463046FCF7FE
:1064B000AFFA4FF4A0500090CDE901546946404630
:1064C0000394FCF7A5FA4FF420700226CDE90005ED
:1064D000CDE9024669465046FCF79AFA28028DE853
:1064E000310069464846FCF793FA009769464846EA
:1064F000CDE90145FCF78CFA40208DE83100694672
:106500005046FCF785FAEF0200970396CDE9015457
:1065100069464846FCF77CFA012239464846FCF7B2
:1065200074FB6F0200970396CDE90154694650460B
:10653000FCF76EFA012239465046FCF766FB08204C
:106540000090CDE90154694658460394FCF760FA7F
:1065500007B0BDE8F08F0000303802400010024064
:10656000000002400008024000040240000C02400B
:106570002DE9F041204804242049047000254160A1
:1065800005724FF47A76A0F8A26000F55277C0F851
:1065900098704FF00808C560A0F8A48080F84041CA
:1065A00000F02CF9144800F0B3F9A7F5E270144993
:1065B000047041600572A0F8A260C0F89870C560D0
:1065C000A0F8A48080F8404100F018F9A7F5E27027
:1065D00000F09EF9084805F02DFF0A4C01252061C6
:1065E00000B12570084805F025FF6061002800D043
:1065F0006570BDE8F0810000CC1400206C1C002008
:10660000F41C002018000020501600200F4810B580
:106610000D4901604FF48271416000218160C160C9
:106620004FF400720161C0E90512C161016241626B
:1066300081620A21C162FCF7C7FE002803D0BDE8D1
:106640001040FBF7A9B810BD00380040441B0020E3
:1066500010B586B000241B48009401940294039462
:10666000049417490594016040F24731C0E90114D0
:106670004FF6FF71C0E903148461FDF775F808B1A6
:10668000FBF78AF84FF48050009069460D48FDF7FB
:10669000F7F808B1FBF780F808210A48FDF713FA6C
:1066A00008B1FBF779F8049404A906480594FDF7AE
:1066B00013F8002801D0FBF76FF806B010BD0000FA
:1066C000000C00409C1B00200C4810B50A490160DA
:1066D0004FF4E1314160002181600C22C160C0E9CA
:1066E00004128161C161FDF7A5FC002803D0BDE85B
:1066F0001040FBF751B810BD004C0040E41B0020D7
:106700000E4810B50C4901604FF4E13141600021A1
:1067100081600C22C160C0E904128161C161FDF792
:1067200089FC08B1FBF738F8BDE8104001220449A4
:106730000248FDF785BE000000500040281C0020E4
:10674000F00000200C4810B50A4901604FF4E13117
:106750004160002181600C22C160C0E904128161A6
:10676000C161FDF767FC002803D0BDE81040FBF7CE
:1067700013B810BD001001406C1C00200E4810B56D
:106780000C4901604FF4E1314160002181600C222D
:10679000C160C0E904128161C161FDF74BFC08B121
:1067A000FAF7FAFFBDE81040012204490248FDF75C
:1067B00047BE000000440040B01C0020F000002054
:1067C0000C4810B50A4901604FF4E13141600021E5
:1067D00081600C22C160C0E904128161C161FDF7D2
:1067E00029FC002803D0BDE81040FAF7D5BF10BD42
:1067F00000480040F41C0020FEE7000038B52D4D95
:1068000004462878022853D204F1BC0000F025FC8D
:106810002078032802D0042808D0FEE7264A214623
:10682000264806F0EDFDC4F8AC001EE0224A2146E1
:106830002432234806F0E4FD44F8AC0F21480090D0
:1068400034F80A1C002220A0A3680CF083F8A06092
:10685000AC3C40B3184A1021183A022006F0C8FC9C
:10686000C4F8A80000B3D4F8AC00F0B11A48009006
:106870000022052119A0D4F8B0300CF06BF8C4F850
:10688000B00098B10C4A01214832084606F03EFD9E
:10689000C4F8B80058B107492878091D41F82040CC
:1068A000401C287038BDFEE7FEE7FEE7FEE7FEE786
:1068B000FEE70000D4010020142D0108F17E00083D
:1068C0008D7D0008751201087854696D65725469F0
:1068D0006D656F75740000002112010854696D65C3
:1068E00072543335000000000FB410B50446007830
:1068F000042800D0FEE706F081FD069000231A462A
:1069000003A9D4F8A8000BF001FA10BC5DF814FB41
:1069100010B5044690F84001012806D0032839D06C
:10692000022837D0042800D0FEE7E06818B1218A99
:106930000022FCF76AF92078032802D1D4F89800E5
:1069400080B16068FDF73CFA2028FAD194F8400144
:106950000428606807D0012204F1A601FDF770FD4C
:1069600078B1FEE7FEE7802204F1BC01FDF7F5F8FF
:1069700000B1FEE76068806B0068016821F00801E3
:106980000160207A0028207802D0042802D1FEE796
:10699000032808D0002084F8930004F8940FA08105
:1069A0006081208110BDFEE7FEE700002DE9F04F79
:1069B00087B0044693468A46084605A904AACDE94D
:1069C000002102AD06AE2A4645A12B1DF9F7E6FCD3
:1069D000042804D04FF0FF3007B0BDE8F08F00204E
:1069E00015F820103154401C0428F9DB4FF002093F
:1069F00001254FF4427629463CA003F0EDFB207BB5
:106A000004F002FF0BF01EFE07464FF4FA7812E086
:106A10000BF018FEC01B40450AD9E06806EB401099
:106A200002F0D8FA02463EA0E16803F0D5FB09E087
:106A30000A2006F068FBE06806EB401002F0CAFA94
:106A40000028E5D1207B00235A46012109F0D0FE21
:106A5000E168884203D03EA003F0BEFB2DE05A4619
:106A6000514644A003F0B8FB207B5A4606A904F027
:106A70001FFF0746E06806EB401002F0ABFA8046C5
:106A8000E0684FF4027101EB401002F0A3FA00F04D
:106A90001F0342463946424803F09EFB012F02D1B4
:106AA000B8F1170F14D03FA0E16803F095FB207BED
:106AB00004F0AAFEC82006F026FB6D1C48464D4592
:106AC00099DD014646A003F087FB6FF0010083E7E4
:106AD0005B46524650A0E16803F07EFB00207BE756
:106AE00025642E25642E25642E2564005B4E657476
:106AF000776F726B436F6E6E6563745D2061747443
:106B0000656D70742025643A206F70656E696E67DC
:106B100020736F636B65742E2E2E0D0A000000002B
:106B20005761726E696E673A20736F636B6574208C
:106B3000256420636C6F73652074696D656F75746F
:106B40002C2053523D3078253032580D0A00000079
:106B50005B4E6574776F726B436F6E6E6563745DC9
:106B600020736F636B65742829206661696C6564A6
:106B70000D0A00005B4E6574776F726B436F6E6E2B
:106B80006563745D20636F6E6E656374696E672004
:106B9000746F2025733A25642E2E2E0D0A000000F6
:106BA000503201085B4E6574776F726B436F6E6E87
:106BB0006563745D20536F636B6574202564206387
:106BC0006F6E6E656374696F6E206661696C656473
:106BD0002C20636C6F73696E672E2E2E0D0A0000D9
:106BE0005B4E6574776F726B436F6E6E6563745D39
:106BF000204661696C656420746F20636F6E6E65FA
:106C00006374206166746572202564206174746504
:106C10006D7074730D0A00005B4E6574776F726B54
:106C2000436F6E6E6563745D20536F636B65742094
:106C3000256420636F6E6E656374656420746F20D5
:106C400025733A25640D0A00007B05F041B8000069
:106C50000021C1600349016003494160034981602B
:106C600070470000838F0008AB8F00087D8F0008FD
:106C700010B509F04BFE002010BD000038B50446E9
:106C8000B0F9AC00A834FAF771FDA08054F8A80957
:106C9000008850B16421484300230090044A1946FB
:106CA000204600F045FCA4F8AC00002038BD0000F0
:106CB000056E000810B5044606F0FCF9204606F003
:106CC000BDF9002010BD0000D0F80812097869B99C
:106CD00000210A4606E000BFD0F80C3243F821201C
:106CE000491CC9B290F805328B42F5D80020704794
:106CF00030B401EBC102846802254FF0FF3305EB8D
:106D00004205635300238468062505EB4202A35223
:106D100030BCC9B209F09EBA30B401EBC10284683C
:106D200004254FF0FF3305EB420563538368C9B276
:106D300013F8124024F0010403F8124030BC09F0AB
:106D400089BA00002DE9F843064640694FF4C05562
:106D50000489B0690789CCB1DFF83C80BC4215D802
:106D6000D6F8E4316A46294630469847009941B939
:106D70000268C2F82C800268C2F83C800068C0F843
:106D80005C806D1C641CADB2A4B2E7E73046BDE880
:106D9000F843002104F016B88B8400082DE9F04771
:106DA0000446406900260589A069B0F8088035BB13
:106DB000BDE8F087A16806EBC607022000EB470993
:106DC00031F90900FAF7D2FCA26822F80900A1689B
:106DD000042000EB470931F90900FAF7C7FCA26863
:106DE000761CF6B222F80900A1680020062201F8FC
:106DF0001700A16802EB47026D1C8852ADB24545F1
:106E0000D8D9D5E73EB50446D0F8A8000088A8B187
:106E100020686946007800F5E060ADF800000120C8
:106E20008DF8030000208DF8020094F87C008DF8A6
:106E3000040094F8E10104F0E7FB3EBD34F9AC0F27
:106E4000FAF794FC20803EBD00B587B01421684657
:106E5000F9F768FA0C480021026842F00802026063
:106E6000006800F008000590082000900120CDE99E
:106E700001010220039069460448FBF7C9FD022086
:106E800000F006F807B000BD30380240000C0240A8
:106E9000022804D1002208210148FBF7B6BE704742
:106EA000000C024038B51D461446D0F8E4316A465D
:106EB0009847009939B90179A14204D900680C2199
:106EC00001EB04114550009838BD000000228021DC
:106ED0000148FBF79ABE0000001002400122802109
:106EE0000148FBF792BE0000001002400022202162
:106EF0000148FBF78ABE0000000802400122202161
:106F00000148FBF782BE0000000802400122102168
:106F10000148FBF77ABE00000008024000228021F1
:106F20000148FBF772BE00000000024001228021F0
:106F30000148FBF76ABE0000000002400022402129
:106F40000148FBF762BE0000000002400122402120
:106F50000148FBF75ABE000000000240224D88B0F5
:106F6000687828B921A003F037F900200AF008F862
:106F700000273E4606F0D4F804460021286F06F0AC
:106F800097F9A0B900231A4601A9686D06F0FEF82A
:106F900068B9012000900DF1140C1E489CE80E0009
:106FA00005F0D0FA1C49059804F1C8064861E01BB9
:106FB000642814D3B44212D30021686F06F078F924
:106FC00018B10CE0052006F09EF8A8780028F9D149
:106FD0001149012210310F4805F080FB27460A2095
:106FE00006F091F8C6E700001800002041637175B3
:106FF0006972652072696768745265637652617759
:1070000044617461507472206661696C6564210D1D
:107010000A000000501600204418002090F881203B
:10702000815490F88110491C01F07F0180F8811093
:1070300090F88210802906D0002280F88320491C15
:1070400080F882107047012180F8831010F8801FAB
:10705000491C01F07F0101707047002100F8801F7A
:1070600041708170C170704790F88220AFF300804A
:1070700010B590F8823013B10AB1802A01D90020EE
:1070800010BD00230DE000BF90F88040045DCC549B
:1070900090F88040641C04F07F045B1C80F8804002
:1070A000DBB2934203D290F882409C42ECD890F835
:1070B0008210C91A80F88210002180F88310FFF72F
:1070C000CCFF184610BD00002DE9FC410546406983
:1070D0000F464088002833D0C7EBC70101EB4101C0
:1070E00005EB8104A96994F8282049881044884256
:1070F00026D86968134E51F83000806B90F80080F4
:107100004FF0FF30A4F87400852084F82A0094F82A
:107110003200CDE90006238E94F82910284609F0A4
:10712000A2F9E662A26F2AB1414628469047E06A7A
:10713000B04205D1F9B22846BDE8FC4108F0CEBF07
:10714000BDE8FC81000004052DE9F04786B08946C2
:10715000DDE90E648246052C11D0062C11D0072CD7
:1071600011D00020029080B100255046CDE90045A5
:1071700008F05FFE60B1A81E06B0BDE8F0870120F0
:10718000F0E70220EEE70420ECE74FF0FF30F3E7F2
:107190000495039500254FF4FA7804AF0DE0012023
:1071A00005F0B1FF6D1C454507D9022249465046FE
:1071B00004F064FB6FF00300DEE702AB03AA49466C
:1071C0005046009704F098FE0128E8D1052C04D021
:1071D000062C05D0072C08D105E00398307004E098
:1071E0000398308001E0039830600020C4E7F0B5D8
:1071F00085B00E46DDE90A140746052C07D0062C9B
:1072000007D0072C07D04FF0FF3005B0F0BD0120AC
:1072100002E0022000E00420002500900395CDE963
:107220000141314638460AF0EFFB08B1A81EECE7F1
:10723000049502E0012005F066FF04AA31463846B5
:1072400004F090FF0128F5D10020DEE71FB5C1EB67
:10725000C10101EB410100EB81014A6B0AB98A6B64
:107260004A630392012203ABCDE90032029201F19D
:107270003C0391F83220098E03F032FE04B010BDB9
:1072800070B5C1EBC10101EB410100EB81018C6BD9
:10729000A018202801D9FF2070BD002006E0261884
:1072A0001D5C0E44401C86F83C50C0B29042F6D3A0
:1072B000886B10448863002070BD000038B5044618
:1072C0001248134B0068B0FBF3F04FF47A73584345
:1072D00000906068B0F5827F0DD10B4600920022CD
:1072E0008021204600F016F870B1606D40F020005B
:1072F0006065032038BD009830B1401E00902068C2
:107300008068C0430006F6D5002038BD000100208B
:1073100000366E012DE9F8431E4691468846044624
:10732000089DFBF777FC401B351AFBF773FC0746FB
:1073300025480068C0F3CB30684338E0701C37D074
:10734000FBF768FCC01BA84203D215B1009860B3DC
:107350002CE02068416821F0E00141606068B0F5F0
:10736000827F0BD1A068B0F5004F02D0B0F5806FDE
:1073700004D12068016821F040010160A06AB0F5E5
:10738000005F09D12068016821F400510160206884
:10739000016841F400510160012084F8510000208F
:1073A00084F850000320BDE8F8830025401E0090BB
:1073B0002068816838EA010004D000214945BDD128
:1073C0000020F0E70121F9E7000100202DE9F0415C
:1073D0000F460446002690461D46D0F8B800711EA0
:1073E0000AF0DCFE207A00B1FF2694F8A70000B175
:1073F000FE2617F0FF0001D0F72801D9F72600E09C
:107400005EB175B20023A5741A461946D4F8B800C7
:107410000AF07CFC2846BDE8F081C4F89850E0747E
:10742000C7F30723380C2375010A61751FFA88F228
:10743000A075170A06210026D0B2052B16D008DC4D
:10744000012B11D0022B0FD0032B0DD0042B5FD1B9
:107450000AE0062B13D04FF0070C04F113010F2B99
:1074600013D0102B54D133E0E7750CE0288800B11D
:10747000FF20E07584F8186084F8931048E02888AD
:10748000000AE07528782076F6E713095B061B0EE4
:10749000120701D05B1CDBB2E7752076637684F8B7
:1074A00093C0002011E0C20720F0010201D0AA5CC5
:1074B00001E0AA5A120A94F893707A5494F893202F
:1074C000521C401C84F8932080B29842EBD31FE0FA
:1074D000E77520765000607684F893C0002015E0B0
:1074E00035F8103094F893701B0A7B5494F893305D
:1074F0005B1CDBB284F8933015F810705F5494F87D
:1075000093305B1C401C84F8933080B28242E7D8F1
:10751000204608F0DFFF00231A461946D4F8B800C9
:107520000AF0F4FB012084F8A700A674002072E79B
:107530002DE9F05F8B46214982460026B1F9000013
:107540001C4691461C4D401C08E000BFB9F1000FDD
:1075500001D02A7852B1761C36B21835864201DC49
:10756000082EF3DB4FF0FF30BDE8F09F88468642DF
:1075700001D1A8F8000004F09FFC07464FF6FF7108
:1075800020468C4200D30846D8F80420BA4207D9D6
:10759000D21B824204D93A18C8F8042009F0F8F83E
:1075A000E019C5E903B0C5E901A90A98686101209D
:1075B00028703046D8E70000E48D0020E00100206C
:1075C00088B04749474803F065FF28B946A002F054
:1075D00003FE002009F0D4FCFDF7F0FAFDF7BCFB38
:1075E000404809F0C7F9012211463E4805F07FFBEB
:1075F0000BF028F8414D424C4FF6FF7606900023E1
:107600001A466946206E05F0C1FD002835D1009864
:1076100001281DD10020FAF72FF905280ED00027E8
:10762000FDF7A2F938B10A2005F06DFD7F1C0A2F85
:10763000F6DB34A000E039A002F0CEFD009801286E
:1076400006D10198B04203D0FDF7E6FA01986862CE
:10765000029840F6B731401E884202D20298FDF7E8
:1076600051FB009848B90020FAF706F9052804D123
:107670002FA002F0B1FDFDF7E3F8206A0521B0FB71
:10768000F1F201FB120058B9164808F008FF2C4827
:10769000008828842B480068A8622B480068E862AC
:1076A000206A4FF4FA71B0FBF1F201FB120070B9DD
:1076B00013480A30FDF7F2FA08B1668101E06089EB
:1076C00018B1618921A002F087FD60896884206A71
:1076D0000A21401C206206A809F00CFC8FE700007C
:1076E00020A107000007002043414E3120696E6948
:1076F00074206661696C65640D0A000044180020FE
:10770000180000204B696E636F20454E41424C4586
:107710005F4641494C45440D0A0000004B696E63C9
:107720006F20454E41424C455F4F4B0D0A00000013
:1077300044697361626C65206B696E636F0D0A004A
:10774000F6010020F8010020FC0100204B696E6367
:107750006F206572726F725F636F64652069733A40
:10776000307825780D0A000008B5114C4FF47A7571
:107770001048FBF7B4FA0AF065FF01462089009033
:10778000E388A2880CA002F027FDA0881E2805D25D
:10779000E088322802D22089322804D30CA002F0DB
:1077A0001BFD09F073F9284605F0ADFCE0E7000089
:1077B0001800002048100020743A256C75206D7365
:1077C00020653A25642025642025640D0A00000008
:1077D00053797374656D20526573657420647565A3
:1077E00020746F206572726F7273210D0A000000A1
:1077F0009AB004F023FE012802D080A002F0ECFC35
:107800008848FFF725FA874D874C4FF47A774FF079
:107810000008287BF9F7C2FF4FF4FA7608E083A04E
:1078200002F0DAFCE088401CE080304605F06BFC9A
:1078300001F056FAC007F2D040F25B7282A179489B
:10784000FFF7B4F8002812D083A002F0C5FCE0884E
:107850000A30E08001F05EFA010001D08AA02DE03C
:1078600092A002F0B9FC384605F04DFCD1E79649EC
:107870004FF40070CDE90001A1F500736949029051
:107880004FF4FA6201F11000FDF71CFF58228F49F6
:1078900003A8F8F72EFD04208DF814008CA00690A4
:1078A0003C20ADF8240001208DF826005D4803A996
:1078B0001030FDF736FF010003D089A002F08CFCE8
:1078C000D1E791A002F088FC5648A4F80680934BBB
:1078D000002293A11030FEF72AFB010003D094A0F0
:1078E00002F07AFC02E09DA002F076FC4D488B4B42
:1078F0000022A1A11030FEF71AFB010003D0A3A0C3
:1079000002F06AFC02E0ACA002F066FC4548834B42
:107910000022B1A11030FEF70AFB010003D0B2A093
:1079200002F05AFC02E0BBA002F056FC0AF08AFE0C
:10793000BDF82400BF495FF000064843B0FBF7F9EB
:1079400001F0CEF9C0070BD0E8684FF4427101EBAB
:10795000401001F03FFB014617280FD0B6A03FE0D2
:10796000C1A002F039FC2F481030FEF703F82D4873
:10797000FFF76AF9C54981F800804AE72948642180
:107980001030FEF730FB010006D5C1A002F024FC48
:10799000E088401CE08025E00AF054FE8246214841
:1079A0001030FEF702F850B10AF04CFEA0EB0A01CD
:1079B000494506D9C3A000BF02F00EFC12E0CFA0DB
:1079C000FAE7DB4805F0AAFA08B1002612E0761CB7
:1079D0003146D8A002F000FC032E0BDB3146E0A0BC
:1079E00002F0FAFB0F481030FDF7C4FF0D48FFF717
:1079F0002BF90EE70A2005F086FBA1E75735353055
:107A00003020696E6974206661696C65642C204D54
:107A1000515454207461736B20696E76616C696493
:107A20002E0D0A00541000201800002057616974C0
:107A3000696E6720666F7220504859204C696E6BE2
:107A40002E2E2E0D0A0000003139322E3136382EFE
:107A5000322E3130000000004D515454204E6574D8
:107A6000776F726B20636F6E6E65637420666169F9
:107A70006C65642C2072657472792057353530300E
:107A800020696E69740D0A00573535303020696EF3
:107A90006974206661696C65642C726573756C74B9
:107AA0002069733A25640D0A00000000573535300F
:107AB0003020696E697420737563636573736675CE
:107AC0006C6C792E0D0A0000CC120020FC2B0108F2
:107AD00053544D33325F436C69656E74000000008F
:107AE0004D51545420436F6E6E6563742066616916
:107AF0006C65642C2072633D25642C207265747261
:107B0000792031730D0A00004D51545420436F6E9B
:107B10006E6563746564210D0A00000015CD0008D0
:107B2000726F626F742F6770696F2F636D640000EE
:107B300053756273637269626520726F626F742F2E
:107B40006770696F2F636D64206661696C65642C72
:107B50002072633D25640D0A0000000053756273B6
:107B600063726962656420726F626F742F677069F7
:107B70006F2F636D640D0A00726F626F742F6772EE
:107B800069707065722F636D6400000053756273D5
:107B9000637269626520726F626F742F67726970B9
:107BA0007065722F636D64206661696C65642C205A
:107BB00072633D25640D0A005375627363726962D6
:107BC000656420726F626F742F677269707065727E
:107BD0002F636D640D0A0000726F626F742F7365FE
:107BE00072766F2F636D640053756273637269629E
:107BF0006520726F626F742F736572766F2F636D7D
:107C000064206661696C65642C2072633D25640D97
:107C10000A000000537562736372696265642072C2
:107C20006F626F742F736572766F2F636D640D0AC8
:107C30000000000080841E00536F636B6574206C2D
:107C40006F737420287374617475733D30782530B8
:107C50003258292C207265636F6E6E656374696E8D
:107C6000672E2E2E0D0A0000504859204C696E6B6D
:107C700020446F776E2C207265636F6E6E6563743F
:107C8000696E672E2E2E0D0A00000000C80100202C
:107C90004D5154545969656C642072657475726EE7
:107CA0006564206572726F722072633D25642C20BA
:107CB0007265636F6E6E656374696E672E2E2E0D2E
:107CC0000A0000004E6F20737563636573736675F9
:107CD0006C204D5154545969656C6420666F722054
:107CE000746F6F206C6F6E672C207265636F6E6EA1
:107CF000656374696E672E2E2E0D0A004D51545423
:107D00004973436F6E6E6563746564207265747544
:107D1000726E65642066616C73652C207265636F9A
:107D20006E6E656374696E672E2E2E0D0A0000005C
:107D3000441800205075626C69736820726F626F1E
:107D4000742073797320737461747573206661692C
:107D50006C65642028636E743D2564290D0A00005B
:107D60005075626C697368206661696C6564202572
:107D7000642074696D65732C207265636F6E6E6527
:107D80006374696E672E2E2E0D0A000086B00446BD
:107D90004FF0FF394FF000084E464A4601A9D4F88B
:107DA000A8000AF011F9049800900DF1040C204687
:107DB0009CE80E00FFF70AFB3146012008F078FE30
:107DC000454684F8128020B184F8A7506FF007016F
:107DD0000AE0204604F0EAF894F8930006280AD254
:107DE00084F8A7506FF00501A174B4F8A000401CFE
:107DF000A4F8A00010E000950023A8461A4603212D
:107E0000D4F8B4000AF008FE204609F053FA41B253
:107E100031B184F8A780A17400230322049864E0A0
:107E2000A1743146D4F8B8000AF0B8F9207D0528CD
:107E300049DA012806D0022804D0032820D00428DB
:107E400041D11DE00326002516E0E807D4F898008C
:107E500025F0010704D0C15DAA191019C07C04E007
:107E6000AA19C05B1119000AC97C09F083FDD4F876
:107E700098106D1CEDB2C853607DA842E5D822E091
:107E8000607D0326400884F84201002514E0A7190C
:107E9000397DF87C09F06EFD0146D4F89800B61CD7
:107EA000F6B220F81510B7F8130004EB450140BAFC
:107EB0006D1CA1F84401EDB2607DB5EB500FE6D327
:107EC000012184F8411184F8A780A07C00287FF468
:107ED00063AF00231A461946D4F8B80009F016FF1C
:107EE000002303226FF00A0104980AF0A5FA53E771
:107EF00004464FF0010B4FF0080900274FF0060A27
:107F0000A77494F84001012801D0042809D14FF04A
:107F1000FF31012008F0CCFD204604F047F8C01CDA
:107F20000BD094F89300072809D2FA20A074B4F873
:107F3000A000401CA4F8A000E2E7FD20F6E7E07CEA
:107F4000217A8842DCD1204609F0E8F905000DD0FD
:107F5000207D217AE174803020756575032084F8D6
:107F60009300204608F0B6FAA574C9E7A7744FF04D
:107F7000FF31D4F8B8000AF011F9207D05281AD095
:107F800008DC01280DD002280BD003280DD00428CE
:107F90002ED10AE006283DD00F284DD0102827D139
:107FA0004EE0204607F0A4F902E0204607F03CFA34
:107FB00084F8A7001CE0A17D607D09F0DBFC014690
:107FC000E27D000901F00F01FF2A19D0D4F89820B2
:107FD0000BFA01F332F810509D4322F8105000BF05
:107FE00084F893A04D46204608F074FA84F8A75010
:107FF00000231A461946D4F8B80009F087FE7FE737
:10800000D4F898300BFA01F533F810202A4323F8FE
:108010001020E5E7A17D607D09F0ACFC0546217EDE
:10802000E07D09F0A7FCD4F8981021F8150084F839
:1080300093A04D462046D7E7204607F0B2F9B7E7B0
:10804000B4F81500002590FA90F8B4F81700E77519
:1080500046BA267684F893A00FE000BF04EB4500F3
:10806000C17E807E09F086FC014608EB0500D4F84D
:1080700098206D1CADB222F81010B542EED394F8E2
:1080800093502046AD1CAFE788B04749474803F0FE
:108090003FFA28B946A002F09FF8002008F070FFD0
:1080A00040F6B83005F02FF801F0CAFA01F004FCF0
:1080B0003E4808F05FFC012211463C4804F017FEE0
:1080C0000AF0C0FA3F4D404C4FF6FF760690002371
:1080D0001A466946606E05F059F8002831D10398B8
:1080E000012810D1F9F7C8FB05280CD05FF0000774
:1080F00001F076F920B17F1C0A2FF9DB33A000E0F4
:1081000038A002F069F80598401E1D2802D805988D
:1081100001F0A8FB039801280AD10498B04210D0BE
:1081200000EE100AB8EEC00A01F0B8FA04986863CD
:10813000039830B930A002F04FF801F003FB01F0D2
:10814000B7F8606A0521B0FBF1F201FB120058B9E3
:10815000164808F0A4F92D48008828862C480068A5
:10816000A8632C480068E863606A4FF4FA71B0FBBA
:10817000F1F201FB120070B913480C3001F03EFB24
:1081800008B1A68101E0A08918B1A18922A002F05E
:1081900023F8A0896886606A0A21401C606206A8EC
:1081A00008F0A8FE93E7000040420F00F40D002005
:1081B00043414E3220696E6974206661696C656462
:1081C0000D0A000044180020180000205A65726F44
:1081D00045727220454E41424C455F4641494C45EF
:1081E000440D0A005A65726F45727220454E414235
:1081F0004C455F4F4B0D0A0044697361626C65200A
:108200007A65726F6572720D0A00000048090020DD
:108210004C090020500900205A65726F6572722067
:108220006572726F725F636F64652069733A30784C
:1082300025780D0A0000000008F031B910B54FF0A4
:10824000E02000690AF0F0F9012803D0BDE81040F1
:1082500009F066BC10BD000030B593B0302168460F
:10826000F8F760F814210CA8F8F75CF81E48002510
:10827000016841F080510160006800F08050119069
:108280001A48016841F4804101600068022400F44A
:108290008040119001200090000401908001CDE900
:1082A0000640102008904FF4A870CDE9090404207E
:1082B0000B906846FAF7D2FE08B172B6FEE70CA939
:1082C0000F2081E831004FF4A0500F904FF4805000
:1082D000109005210CA8FAF7C1FD002801D072B654
:1082E000FEE713B030BD000040380240007000408F
:1082F0000248016841F470010160704788ED00E0B8
:108300000148FBF72CBB00009C1B002010B5FEF7BA
:108310009FF90D4840F247310268916202684FF6BA
:10832000FF71D162C1600268012151620268C91EF9
:1083300011610068C16841F00101C160BDE81040F1
:108340000148FBF75DBA00009C1B00200148FBF7C9
:1083500006BB0000781F0020F0B50268254C264DB2
:10836000264E274F274B4FF0804CA04209D0604546
:1083700007D0A84205D0B04203D0B84201D09842FD
:1083800004D122F0700E4A6842EA0E02A0421BD0CD
:10839000604519D0A84217D0B04215D0B84213D0CA
:1083A000984211D0184DA8420ED0184DA8420BD0BB
:1083B000174DA84208D0174DA84205D0164DA84227
:1083C00002D0164DA84203D122F44075CA682A4350
:1083D0004D6922F080022A4302608A68C2620A68FC
:1083E0008262A04201D0984201D109690163012152
:1083F0004161F0BD00000140000400400008004061
:10840000000C0040000401400040014000440140D5
:108410000048014000180040001C004000200040BF
:1084200010B5846842EA032224F47F440A432243BD
:10843000826010BD826822F070020A4342F0070198
:108440008160704710B5036A046A24F00104046275
:10845000846924F0F00444EA021423F00A020A4377
:108460008461026210BD10B5036A23F01003036239
:108470008369046A23F4704343EA023224F0A003C0
:1084800043EA01118261016210BD2DE9F041044609
:1084900090F8820048B3022A03D0032A01D0052AAB
:1084A00023D16269A088127A00EBC200081AC0F3D7
:1084B000C705A16805EBC506022000EB4607C85FAB
:1084C000F9F754F9A168C853A168042000EB4607E6
:1084D000C85FF9F74BF9A168C853A168002001F8FB
:1084E000160029462046FEF703FC0020BDE8F08177
:1084F0002DE9F0414FF6FF7403F0DEFC204D0246FB
:108500006868831800211F4815E00678F6070FD029
:1085100006699E421DD84669C6B1B2FBF6F706FB56
:108520001727F61B032706610770A64200D23446C0
:10853000491C09B21830B5F90060B142E5DD2046AA
:108540006C6008F025F900260E4C13E00226067038
:10855000EEE7F61A0661E8E72078810707D520F0F4
:1085600002002070A26812B1E16860689047761C32
:1085700036B21834B5F900008642EDDDBDE8F08171
:10858000E0010020E48D00200148806E04F00ABF65
:10859000180000200148006F04F004BF18000020FC
:1085A0000148C06E04F0FEBE180000200148406F74
:1085B00004F0F8BE1800002010B507F0E9FB002811
:1085C00005D0D0E90021BDE810400846104710BD95
:1085D00070B505464FF47A7001FB00F40AF032F8EA
:1085E000C5E9000470BD70B50D4604460AF02AF8CE
:1085F000C4E9000570BD10B504460AF023F82060F8
:108600000020606010BD10B504460AF01BF8216818
:10861000401A6168884201D3012010BD002010BDBE
:1086200010B504460AF00EF82168401A61688842C5
:1086300001D3002010BD081A10BD00000148FBF74F
:10864000C5BB0000E41B00200148FBF7BFBB0000D6
:10865000281C002010B5806B0021C185C184FBF768
:108660007FFB10BD70B5846B2068406994F83D10A5
:10867000C0F3C0100025212904D118B1E58420469B
:1086800000F0BBF82068406994F83E10C0F38010F9
:10869000222904D118B1E585204600F087F8206C26
:1086A00040F0100020642046FBF75AFB70BD10B567
:1086B0000146806B09680968C9052FD40021C1856E
:1086C00001680C3151E8002F22F4807241E8002348
:1086D000002BF5D10168143151E8002F22F001027E
:1086E00041E80023002BF5D10168143151E8002F37
:1086F00022F0400241E80023002BF5D1202180F830
:108700003E10016B012909D101680C3151E8002F9D
:1087100022F0100241E80023002BF5D1016B012962
:1087200002D0FBF7A3FE10BD818DFBF741FA10BD0F
:1087300010B5806B016B012902D0FBF7D9FE10BD8B
:10874000818D4908FBF734FA10BD10B5806B00210C
:10875000C185202280F83E200163FBF77BFA10BD23
:1087600010B50146806B09680968C90516D4002157
:10877000C1840168143151E8002F22F0800241E8E1
:108780000023002BF5D101680C3151E8002F42F095
:10879000400241E80023002BF5D110BDFBF76AFF32
:1087A00010BD10B5806BFBF793FF10BD01680C3155
:1087B00051E8002F22F4907241E80023002BF5D1FC
:1087C0000168143151E8002F22F0010241E8002332
:1087D000002BF5D1016B012909D101680C3151E859
:1087E000002F22F0100241E80023002BF5D12021B8
:1087F00080F83E1000210163704701680C3151E898
:10880000002F22F0C00241E80023002BF5D12021E7
:1088100080F83D10704708B590F83E10222901D02D
:10882000022008BD82684FF480539A4201D1016949
:1088300021B1816A9A421BD04AB10AE00268816A7A
:108840005268C2F308020A80816A891C08E0026942
:1088500072B10268526802F07F020A70816A491C94
:108860008162C18D491E0904090CC18503D019E03C
:1088700002685268F1E70168CA6822F02002CA6003
:108880000168CA6822F48072CA6001684A6922F0ED
:1088900001024A61202180F83E10016B012903D0BA
:1088A000FBF7E4FD002008BD0021016301680C31E5
:1088B00051E8002F22F0100241E80023002BF5D1EF
:1088C00001680A68D20602D50A6849680091818D5C
:1088D000FBF76EF9E6E7000070B504460068016931
:1088E000E26821F44051114301612169A068E26905
:1088F00008436169114308432168CA6849F20C635F
:108900009A430243CA6020684169A26921F4407118
:108910001143416131492068884202D03049884280
:1089200002D1FAF765FB01E0FAF752FBE269002396
:10893000192164253226B2F5004F626828D0A0FBC9
:108940000101930F9200F7F79DFC0146B0FBF5F093
:108950006FF01802504301EB800006EB0010B0FBF3
:10896000F5F000F0F002B1FBF5F002EB0012B1FB04
:10897000F5F06FF01803584301EB800006EB001090
:10898000B0FBF5F000F00F0021681044886070BD66
:10899000A0FB010192185B41F7F774FC0146B0FBA4
:1089A000F5F00201B1FBF5F06FF01803584301EB4D
:1089B000800006EBC000B0FBF5F000F0F80002EB21
:1089C0004002B1FBF5F0584301EB800006EBC0001C
:1089D000B0FBF5F000F00700D6E700000010014002
:1089E0000014014038B58162828500251346044693
:1089F0000564222084F83E00A26B1B48D063A26B62
:108A00001A481064A26B1A48D064A06B0A46056528
:108A10002168A06B091DF9F7B1FF20680168406863
:108A2000009084F83C5020680C3050E8001F41F45E
:108A3000807140E80012002AF5D12068143050E817
:108A4000001F41F0010140E80012002AF5D1206822
:108A5000143050E8001F41F0400140E80012002AA5
:108A6000F5D1002038BD0000AF860008318700082E
:108A70006586000881628285C28500210164222208
:108A800080F83E2080F83C100168CA6842F4807289
:108A9000CA6001684A6942F001024A610068C1681F
:108AA00041F02001C160002070472DE9F041984657
:108AB00017460E460446069D27E0681C25D02DB1BA
:108AC000FAF7A8F8A0EB0800A8421ED920680C30DD
:108AD00050E8001F21F4D07140E80012002AF5D1BF
:108AE0002068143050E8001F21F0010140E8001216
:108AF000002AF5D1202084F83D0084F83E000020B3
:108B000084F83C000320BDE8F0812068006836EA64
:108B1000000004D00020B842CFD00020F3E70120AD
:108B2000F9E700000148FBF751B900006C1C002078
:108B30000148FBF74BB90000B01C00200148FBF7CF
:108B400045B90000F41C0020FEE7000030B587B0F6
:108B5000012009F038F8394948603949394807F0A7
:108B600089FA3949394807F097FA3949394807F0FD
:108B70006FFA394D4FF48064002221462846FAF7F7
:108B800044F80A20F9F732FF012221462846FAF775
:108B90003CF84FF49670F9F729FF304B01AC0FCB3E
:108BA00084E80F0001A9012002F02CFF401C1DD019
:108BB0004FF4645000F00EFA014629A001F00CFBBE
:108BC00001218DF8141000208DF815008DF8160085
:108BD0008DF8171005A90A2002F014FF60B126A035
:108BE00001F0FAFA6FF0010007B030BD29A001F0E2
:108BF000F3FA4FF0FF30F7E70024C820F9F7F6FE4C
:108C000069460F2002F0FEFE05460346641C22461C
:108C10009DF8001025A001F0DFFA9DF8000008B9CA
:108C2000322CEAD325B910F0FF0F01D00020DBE78A
:108C300026A001F0D1FA6FF00200D5E7C8010020AC
:108C400095150108E51601082F180108E11601081D
:108C50008B1501088715010800040240742C0108D7
:108C600057353530302056657273696F6E3A203053
:108C700078253032580D0A00536574205048592029
:108C8000636F6E666967206661696C6564210D0AB1
:108C90000000000057495A4348495020496E697402
:108CA000206661696C65642E0D0A00004C696E6B6C
:108CB0003A2025642C63686B5F636E743A25642CDC
:108CC000726573756C743A25640D0A004C696E6B9D
:108CD000206F6E206661696C6564210D0A000000DA
:108CE00038B500208DF800002E218DF801108DF888
:108CF000020008F0F7FC00246D46285D00F01EF924
:108D0000641C032CF9DB00F0F3F8044608F042FC85
:108D1000204638BD70B50F4D002001222870110388
:108D20000D48F9F772FFFFF711FF040004D0014668
:108D30000AA001F051FA0AE011A001F04DFA012059
:108D4000287000F02BF800F039F800F0BDF820464C
:108D500070BD0000C80100200004024057353530C6
:108D60003020696E6974206661696C65642C726577
:108D700073756C742069733A25640D0A0000000055
:108D8000573535303020696E6974207375636365BB
:108D9000737366756C6C792E0D0A000000B587B090
:108DA000182205496846F7F7A4FA6946002002F040
:108DB00003FE07B000BD0000842C010800B589B097
:108DC00003A9012002F0F8FD9DF80F009DF8112085
:108DD0009DF810108DE807009DF80E309DF80D20CD
:108DE0009DF80C101AA001F0F7F99DF815000090FD
:108DF0009DF814309DF813209DF812101EA001F06C
:108E0000EBF99DF8190000909DF818309DF8172097
:108E10009DF816101DA001F0DFF99DF81D000090CF
:108E20009DF81C309DF81B209DF81A101CA001F025
:108E3000D3F99DF8210000909DF820309DF81F2067
:108E40009DF81E101BA001F0C7F909B000BD00007D
:108E50004D41433A20253032583A253032583A2590
:108E60003032583A253032583A253032583A253087
:108E700032580D0A000000004950203A2025642E87
:108E800025642E25642E25640D0A0000534E203AD9
:108E90002025642E25642E25642E25640D0A0000ED
:108EA0004757203A2025642E25642E25642E2564FC
:108EB0000D0A0000444E533A2025642E25642E25C9
:108EC000642E25640D0A0000084801680A6822F033
:108ED00040020A6001680A6822F038020A600068ED
:108EE000016841F04001016070470000441B002010
:108EF0000EB5FF208DF8080000208DF80400142026
:108F00000090012301AA02A90448FAF7F1FA10B16E
:108F100003A001F061F99DF804000EBD441B002080
:108F200057353530302053504920726561642074C4
:108F3000696D656F75740D0A0000000001B582B09F
:108F400014200090012301AA02A90448FAF7D0FADC
:108F5000002802D002A001F03FF90EBD441B002002
:108F60005735353030205350492077726974652069
:108F700074696D656F75740D0A000000007B02F066
:108F8000A7BE70B5054614460E46007B03F09EF85A
:108F9000002809D0A04200DD204682B2287B31465D
:108FA000BDE8704006F0E2BF70BD2DE9F041154606
:108FB0000E460746002408E0281B82B23119387B90
:108FC00007F0ACF8002802DD0444AC42F4DB204694
:108FD000BDE8F081F8B5144C0546E068804760694B
:108FE0008047616AC5F30740C5F3072699B1A26AB5
:108FF0008AB18DF800008DF801608DF802500321D0
:1090000068469047E06980470546A0698047206927
:1090100080472846F8BD216A8847216A304688473C
:10902000216AE8B28847EDE79C0100202DE9F8436A
:109030001A4C05461746E0688846804760698047B5
:10904000616AC5F30740C5F30726A1B1A26A92B1D0
:109050008DF800008DF801608DF8025003216846FC
:109060009047626A394640469047A0698047206928
:109070008047BDE8F883216A8847216A30468847DF
:10908000216AE8B28847002505E0E069804708F8D2
:1090900005006D1CADB2BD42F7D3E6E79C01002090
:1090A000F8B5164C05460E46E06880476069804773
:1090B000A26A45F004058AB1280C8DF80000280A40
:1090C0008DF801008DF802508DF803600421684688
:1090D0009047A069804720698047F8BD216AC5F3A1
:1090E00007408847216AC5F307208847216AE8B20C
:1090F0008847216A30468847EBE700009C01002042
:10910000F8B51A4C05461646E0680F468047606978
:109110008047A26A45F004059AB1280C8DF800003A
:10912000280A8DF801008DF8025003216846904707
:10913000A26A314638469047A06980472069804737
:10914000F8BD216AC5F307408847216AC5F30720A7
:109150008847216AE8B28847002504E0216A785DE3
:1091600088476D1CADB2B542F8D3E5E79C010020FD
:1091700010B5FDF7E3FEBDE81040FDF7D7BE10B512
:10918000FDF7E4FEBDE81040FDF7C8BE41F2016303
:10919000C81A994262D023DC41F21403A1EB030008
:1091A00099424FD009DCA1F5805108293CD2DFE873
:1091B00001F03F413B3B3B434547B0F57B7F47D008
:1091C00005DC042840D0B0F51B7F2DD13EE0A0F592
:1091D0004070ED383ED0A0F58070FF3824D13BE0E0
:1091E000B0F5206F46D013DC40F2FF33A0F2FF3120
:1091F000984239D006DCA0F58070FF3830D00128C5
:1092000012D12FE0012931D0B1F5C06F0CD12FE080
:10921000A0F5206001382FD03F38B0F580402DD028
:1092200023282DD02B282DD01A48106000207047FD
:10923000002028E0012026E0022024E0032022E094
:10924000042020E005201EE006201CE007201AE094
:10925000082018E0092016E00A2014E00B2012E094
:109260000C2010E00D200EE00E200CE00F200AE094
:10927000102008E0112006E0122004E0132002E094
:10928000142000E0152000211160034901EBC0000B
:109290007047000000000206A42E01089F2803D199
:1092A000087808B10148704700207047300009066F
:1092B0002DE9FF472C4DE87800284FF0020027D118
:1092C0002A4F03900620388000240DF10C08CDE9C8
:1092D00000844FF400593B462246494624480294F4
:1092E00001F0FEFD224807F041F80026322003F08D
:1092F0000AFF0120F8F7C8FA687803280BD0761C1B
:109300000A2EF3DB1BA000F067FFEC706FF0020089
:1093100004B0BDE8F087052003F0F5FE3C80CDE900
:109320000084124B002249461148029401F0D8FDF6
:109330000F4807F01BF80026642003F0E4FE01202C
:10934000F8F7A2FA6878022809D0761C0A2EF3DB17
:1093500015A000F041FFEC706FF00100D8E71F4846
:1093600000F03AFF0020D3E7140000203E0900205F
:10937000F40D00205A65726F45727220656E61624D
:109380006C65206661696C65642C205245414459C6
:109390005F5357495443485F4F4E5F4641494C45E0
:1093A000442E0D0A000000005A65726F457272204B
:1093B000656E61626C65206661696C65642C205322
:1093C00057495443485F4F4E5F44495341424C45CF
:1093D000445F4641494C45442E0D0A00383001088F
:1093E0002DE9FF5F544CE07818B1012004B0BDE8CE
:1093F000F09F002635460120F8F746FA60780028ED
:109400003AD0C0B2022801D005283FD04B4F0620E9
:109410000DF10C0A38804FF00209CDE900A5CDE925
:1094200002594FF4005B56463B46002259464448D9
:1094300001F056FD4348434B002205600420CDE96E
:109440000250CDE9006542F201013D4801F048FDBE
:109450003B4806F08BFF00260120F8F715FA6078EC
:10946000032817D0761C0A2EF6DB37A000F0B4FED6
:10947000E5706FF00200B9E7761C0A2EBBDB3FA057
:1094800000F0AAFEE5704FF0FF30AFE746A000F015
:10949000A3FE4EE0052003F036FE07213980CDE91A
:1094A00000A5CDE90259B8465746244B002259463B
:1094B000234801F015FD224806F058FF0026012040
:1094C000F8F7E2F96078042809D0761C0A2EF6DB5A
:1094D00041A000F081FEE5706FF0030086E70520F3
:1094E00003F011FE0F21A8F80010CDE90075134B11
:1094F000002259461248029501F0F2FC104806F08D
:1095000035FF0026322003F0FEFD0120F8F7BCF9FC
:109510006078052809D0761C0A2EF3DB3AA000F00B
:109520005BFEE5706FF0040060E7444800F054FE15
:10953000E57000205AE70000140000203E090020DA
:10954000F40D0020400900205A65726F45727220A8
:10955000656E61626C65206661696C65642C205281
:10956000454144595F5357495443485F4F4E5F4606
:1095700041494C45442E0D0A000000005A65726FA7
:1095800045727220656E61626C65206661696C650A
:10959000642C204745545F5354415455535F464112
:1095A000494C45442E0D0A005A65726F457272206F
:1095B00063757272656E742073746174757320695B
:1095C00073204F5045524154494F4E5F454E4142E2
:1095D0004C45440D0A0000005A65726F45727220B6
:1095E000656E61626C65206661696C65642C2053F0
:1095F000574954434845445F4F4E5F4641494C45A7
:10960000442E0D0A000000005A65726F45727220E8
:10961000656E61626C65206661696C65642C204FC3
:109620005045524154494F4E5F454E41424C45448E
:109630005F4641494C45442E0D0A0000B02F0108F9
:1096400010B50321144806F09DFF1349022081F84C
:10965000E1010021104807F049F87F210E4807F08A
:1096600045F805210C4807F041F8022201210A487B
:1096700003F03DFB82220121074803F038FBC8209C
:1096800003F041FD80220121034803F030FBBDE8D7
:109690001040322003F037BDF40D0020F0B5244E09
:1096A0002F202DED028B85B030800024022003ADE9
:1096B000CDE90240CDE900540703B0EE408A3346BD
:1096C000224639461B4801F00BFC9FED1B0ADFEDDB
:1096D0001B0A1B4828EE000A194B0022791C80EE59
:1096E000201ABCEEC10A80ED000A0420CDE9024038
:1096F000CDE900540F4801F0F3FB0E4806F036FEAA
:109700003F203080CDE900543346002239460948D5
:10971000029401F0E5FB074806F028FE054806F034
:10972000BEFE052003F0EFFC05B0BDEC028BF0BDE2
:109730003E090020F40D0020000000490000B44361
:1097400040090020FEB50020062402ADCDE90054FA
:10975000ADF80800034646F24006324601210D48A6
:10976000FDF7F2FC10B10CA000F036FDBDF80800CA
:10977000CDE9005420F00400ADF808000023324683
:1097800001210448FDF733FD002802D00EA000F0AF
:1097900023FDFEBDF40D00205A65726F65727220C4
:1097A00053444F207265616420534552564F5F43C6
:1097B00054524C5F574F52445F494E4445582046DF
:1097C00061696C65640D0A005A65726F457272209A
:1097D00053444F20577269746520534552564F5F6A
:1097E0004354524C5F574F52445F494E44455820B2
:1097F0004661696C65640D0A000000003EB50446D0
:109800000020ADF80800062102A8CDE900010023E0
:1098100046F23F0201210748FDF796FC28B106A059
:1098200000F0DAFC6FF001003EBDBDF808002080BA
:1098300000203EBDF40D00205A65726F65727220E3
:1098400053444F2072656164204552524F525F432A
:109850004F44455F494E444558204661696C6564F4
:109860000D0A00001FB504210391F7F722F99FEDBF
:109870000E1B53EC112BF7F7AAF8F7F746F90C4932
:109880000B4B0860002003A9CDE9001002460290AE
:1098900042F20201074801F023FB064806F066FD8C
:1098A000044806F0FCFD1FBD3D0AD7A370C19640D9
:1098B00044090020F40D00202DE9F04F87B04FF04F
:1098C000010A8DF814A0052405AECDE9006446F226
:1098D000600700233A465146AC48FDF788FC10B1BA
:1098E000ABA000F079FC00258DF81450CDE90064A0
:1098F000A1462B463A460121A448FDF725FC10B1AC
:10990000B0A000F069FC9DF81400012802D0B9A0B5
:1099100000F062FC43F6E300072403AECDE90064E7
:10992000029046F28107039000233A4601219748AE
:10993000FDF75DFC10B1B8A000F04EFCCDE900646D
:1099400000233A46012191480395FDF7FDFB10B134
:10995000BEA000F041FCDDE90201814203D00A21F2
:10996000C7A000F039FC47F2C717CDE9006446F202
:109970008308029700234246012184480397FDF79C
:1099800036FC10B1CBA000F027FCCDE90064002329
:10999000424601217D480395FDF7D6FB10B1D1A0C9
:1099A00000F01AFCDDE90201814203D01421D9A0A4
:1099B00000F012FC02970397CDE9006446F2840799
:1099C00000233A4601217148FDF711FC10B1DFA0D8
:1099D00000F002FCCDE9006400233A4601216B4807
:1099E0000395FDF7B1FB10B1E4A000F0F5FBDDE954
:1099F0000201814203D01421ECA000F0EDFB02AE85
:109A000080200096CDE90140002341F205020121AA
:109A10005E48FDF7ECFB10B1F2A000F0DDFB4FF467
:109A20007A700096CDE90140002341F2060201213F
:109A30005648FDF7DCFB10B1F3A000F0CDFBFE486B
:109A40000096CDE901400123B0464FF4C0521946BB
:109A50004E48FDF7CCFB10B1F8A000F0BDFB0DF1B6
:109A6000100BCDE900B957468DF810A04E460223E1
:109A70004FF4C05201214548FDF7B9FB10B1EFA0EA
:109A800000F0AAFBAA468DF810505D46CDE90056BD
:109A90004FF4D05BB14600235A4601213B48FDF705
:109AA000A6FB10B1F1A000F097FBFC48CDF80080B8
:109AB000CDE90140012346465A4619463348FDF791
:109AC00096FB10B1E9A000F087FBF5480096CDE9C0
:109AD0000140B04602234FF4D05201212B48FDF73C
:109AE00086FB10B1E1A000F077FB4E46CDE90056B1
:109AF0004FF0020B8DF810B0A94600234FF4D0525E
:109B000001212248FDF773FB10B1D8A000F064FBDF
:109B100040F28110CDF80080CDE901400123454697
:109B20004FF4C05219461948FDF761FB10B1C3A0AC
:109B300000F052FBC0480095401CCDE901400123D4
:109B400041F6010219461148FDF751FB10B1D5A0AD
:109B500000F042FBCDE90096B8468DF810704F46F4
:109B6000022341F6010201210848FDF740FB10B134
:109B7000CCA000F031FBD1468DF810A0002341F6B7
:109B8000012A524601210148A4E10000F40D002001
:109B90005A65726F4572722053444F205772697430
:109BA0006520534552564F5F574F524B5F4D4F44C0
:109BB000455F494E444558204661696C65640D0A0D
:109BC000000000005A65726F4572722053444F20A6
:109BD0007265616420534552564F5F574F524B5F39
:109BE0004D4F44455F494E444558204661696C6578
:109BF000640D0A005A65726F457272207365742095
:109C0000706F736974696F6E206D6F646520466153
:109C1000696C65640D0A00005A65726F6572722086
:109C200053444F2057726974652050524F46494C37
:109C300045445F56454C4F434954595F494E44454E
:109C400058204661696C65640D0A00005A65726FA0
:109C50006572722053444F20726561642050524FE8
:109C600046494C45445F56454C4F434954595F491A
:109C70004E444558204661696C65640D0A00000039
:109C80005A65726F657272207365742070726F66A8
:109C9000696C65642076656C6F6369747920746F94
:109CA00020256420647073204661696C65640D0A28
:109CB000000000005A65726F4572722053444F20B5
:109CC00057726974652050524F46494C45445F4174
:109CD00043435F494E444558204661696C65640DB5
:109CE0000A0000005A65726F4572722053444F207B
:109CF000726561642050524F46494C45445F414370
:109D0000435F494E444558204661696C65640D0ABD
:109D1000000000005A65726F4572722073657420EE
:109D200070726F66696C656420616363656C6572EF
:109D30006174696F6E20746F202564206470737382
:109D4000204661696C65640D0A0000005A65726FF7
:109D50004572722053444F205772697465205052E7
:109D60004F46494C45445F4445435F494E4445583E
:109D7000204661696C65640D0A0000005A65726FC7
:109D80004572722053444F20726561642050524FD7
:109D900046494C45445F4445435F494E444558203D
:109DA0004661696C65640D0A000000005A65726FB7
:109DB000457272207365742070726F66696C656499
:109DC00020646563656C65726174696F6E20746F81
:109DD0002025642064707373204661696C65640D8E
:109DE0000A0000005A65726F4572722053444F207A
:109DF00064697361626C652053594E432046616902
:109E00006C65640D0A0000005A65726F457272201D
:109E100053444F2064697361626C6520636F6D6D9C
:109E2000206379636C6520706572696F6420466198
:109E3000696C65640D0A0000810100805A65726FCB
:109E40004572722053444F205772697465205450F4
:109E5000444F315F504152414D5F494E4445582077
:109E60004661696C65640D0A000000005A65726FF6
:109E70004572722053444F205772697465205450C4
:109E8000444F315F4D415050494E475F494E444524
:109E900058204661696C65640D0A0000100041603D
:109EA000200064605A65726F4572722053444F20DF
:109EB0005772697465205450444F325F504152418B
:109EC0004D5F494E444558204661696C65640D0AF2
:109ED00000000000CDE90076FDF789F910B17BA004
:109EE00000F07AF985480095CDE9014001235246FA
:109EF00019468348FDF77BF910B174A000F06CF9A6
:109F0000CDE900768DF810800023524601217C486F
:109F1000FDF76DF910B16DA000F05EF94FF4C1705E
:109F20000095CDE90140012341F60102194674482C
:109F3000FDF75DF918B1AFF2FC0000F04DF9714882
:109F40000095CDE9014001234FF4A05219466C4819
:109F5000FDF74DF910B16CA000F03EF9CDE90076A7
:109F60008DF8108002234FF4A05201216448FDF7C0
:109F70003EF910B164A000F02FF9CDE900764FF45E
:109F8000B05A8DF810900023524601215C48FDF72D
:109F90002EF910B168A000F01FF973480095CDE9C3
:109FA00001400123524619465548FDF720F910B1EA
:109FB00061A000F011F96D480095CDE90140022340
:109FC000524601214E48FDF712F910B15AA000F097
:109FD00003F9CDE900768DF810B000235246012137
:109FE0004748FDF704F910B153A000F0F5F840F22E
:109FF00001200095CDE9014001234FF4A0521946FC
:10A000003F48FDF7F4F810B13FA000F0E5F83D48F7
:10A010000095401CCDE90140012341F2014A52461E
:10A0200019463748FDF7E3F810B151A000F0D4F815
:10A03000CDE900768DF81080022352460121304888
:10A04000FDF7D5F810B14AA000F0C6F88DF81090D1
:10A05000CDE9007641F2016900234A4601212848F2
:10A06000FDF7C5F810B14EA000F0B6F858480095BD
:10A07000CDE9014001234A4619462148FDF7B7F8CA
:10A0800010B147A000F0A8F8CDE900768DF8108057
:10A0900000234A4601211A48FDF7A9F810B140A053
:10A0A00000F09AF840F202200095CDE9014001232A
:10A0B000524619461248FDF79AF8002802D02CA003
:10A0C00000F08AF807B0BDE8F08F00005A65726FA3
:10A0D0004572722053444F20577269746520545062
:10A0E000444F325F4D415050494E475F494E4445C1
:10A0F00058204661696C65640D0A000020006C60A0
:10A10000F40D0020010200805A65726F45727220C2
:10A1100053444F205772697465205250444F315F49
:10A12000504152414D5F494E444558204661696C4B
:10A1300065640D0A000000005A65726F4572722056
:10A1400053444F205772697465205250444F315F19
:10A150004D415050494E475F494E44455820466155
:10A16000696C65640D0A00001000406020007A6090
:10A170005A65726F4572722053444F20577269744A
:10A1800065205250444F325F504152414D5F494E1D
:10A19000444558204661696C65640D0A0000000062
:10A1A0005A65726F4572722053444F20577269741A
:10A1B00065205250444F325F4D415050494E475FE9
:10A1C000494E444558204661696C65640D0A00009B
:10A1D00020008160704700000FB4054B10B503A943
:10A1E000044A029800F0DEF910BC5DF814FB000090
:10A1F000A1BE00083C1000200FB47CB50C0009ADD6
:10A2000001D0611E00E00021CDE90001064B6A4645
:10A210002946089800F0C6F9002C02D0009A0021C7
:10A2200011707CBC5DF814FBCDAF00080907090E66
:10A23000002804DB00F1E02080F80014704700F0F3
:10A240000F0000F1E02080F8141D704730B528B1F0
:10A25000144C031F002021680A4605E0084630BD63
:10A260009A4203D810465268002AF9D1002800D03B
:10A2700041680BD00468A3EB0005A54204D11B681C
:10A280001C440346046002E0436000E023603AB1EE
:10A290001C68D51AA54203D115682C441C6052686D
:10A2A0005A6030BD4010002000B583B09FED060B12
:10A2B0000A4601468DED000B6846F6F714FD9DED4C
:10A2C000000B03B000BD0000000000000000000013
:10A2D0002DE9F04782460F4C10480D4E0E4F001BE3
:10A2E0004FF0000820F007054FF001090022114649
:10A2F000504602F07FFB002802D1306810B10020E8
:10A30000BDE8F0873C60C4E90058C6F80090EDE76E
:10A3100044100020AC8E002040100020A8900020A7
:10A3200002E008C8121F08C1002AFAD1704770471E
:10A33000002001E001C1121F002AFBD1704700007C
:10A340002DE9FF5F82B00021DDE90430020DDDF868
:10A3500040B0034318D044F61050A2F2FF324243FB
:10A360001514119801281FD0A5EB0B00401C5FEAC3
:10A37000000A4FF000064E4FDFF83891B0465046C5
:10A3800015D5CAF1000413E0119801244AA301284D
:10A3900001D16FEA0B010298119AC0E90031C0E9BE
:10A3A000024206B0BDE8F09FCBF10000DFE70446B3
:10A3B0000021404A491842EB0450CDE9001012E058
:10A3C000E00707D032463B4640464946F6F7FFFADB
:10A3D0008046894632463B4610461946F6F7F7FA5C
:10A3E00006460F466410002CEAD1DDE90401DDE9E0
:10A3F0000023BAF1000F06DAF6F7E9FA42464B46B7
:10A40000F6F7E5FA05E0F6F7FEFC42464B46F6F7AE
:10A41000FAFC04460E460022284BF6F7A7FB03D8A9
:10A420004FF0FF30014607E00022254B2046314621
:10A43000F6F726FAF6F762FD102409E0002C0ADB95
:10A440000A220023F5F71EFF039B30321A55641EC3
:10A4500050EA0102F2D1641C039AC4F111031444BE
:10A46000119A012A03D0012208430DD10AE00843C2
:10A4700004D000204FF0110B119072E7A3EB0B05F5
:10A480006D1E0DE05B4504DD4FF0000205F1010596
:10A4900004E003DA4FF00002A5F10105002AECD038
:10A4A00002981199C0E90231C0E9004579E700003E
:10A4B000000014400000F03F300000000000F043B6
:10A4C0000000E03F2DE9F84F9946DDE90BA517465E
:10A4D000D0F8E4310A9E6A4698470446009800285E
:10A4E00003D12079B84202D81F48BDE8F88F3DB1AA
:10A4F000206800EB07100078C00701D01B48F4E784
:10A50000B9F1000F0BD00420216800EB0718326866
:10A5100051F80800904205D930601548E5E74FF042
:10A520000060E2E7012000EB0710095C8AF80010E8
:10A530002068082101EB071150F8085041582A46BD
:10A540004846F5F7D6FE9AF80000092809D1216897
:10A5500051F808003168884203D2002109F805103B
:10A560006D1C00203560C0E71100090601000106DE
:10A57000050004057047704730380A2801D20120D1
:10A5800070470020704770477047704770477047AA
:10A5900070477047016A0978002902D1812202F0D0
:10A5A000A6BB70472DE9FF4F95B09A4688460646F0
:10A5B0000025EEE1252877D100242746F94A01211C
:10A5C000039400E0044316F8013F203B01FA03F036
:10A5D0001042F7D130782A2811D06FF02F0330784D
:10A5E000A0F13002092A16D8039A44F0020402EBC3
:10A5F000820203EB42021044761C0390EFE758F806
:10A60000042B0392002A03DA504244F400540390CE
:10A6100044F00204761C30782E2816D116F8010F6B
:10A6200044F004042A280DD06FF02F023078A0F1F6
:10A630003003092B09D807EB870302EB4303C71844
:10A64000761CF3E758F8047B761C30786C280FD022
:10A6500006DC4C2817D068280DD06A2814D104E0F5
:10A66000742810D07A280FD10DE044F400140AE0C9
:10A6700044F4801401E044F440147278824202D120
:10A6800004F58014761C761C307866280BD013DC19
:10A69000582877D009DC002875D04528F6D0462800
:10A6A000F4D047281AD193E118E0632835D0642804
:10A6B00079D0652812D18BE1702873D008DC672827
:10A6C000F1D069286FD06E280DD06F2806D1ACE08C
:10A6D00073282CD0752874D0782853D052461799F7
:10A6E00090476D1C54E1C4F30250022809D003289E
:10A6F0000DD0D8F8001004280DD00D6008F1040822
:10A7000046E1D8F80010EA17C1E90052F6E7D8F898
:10A7100000100D80F2E70D70F0E718F8041B8DF8BB
:10A72000001000208DF80100EB46012003E058F8EE
:10A7300004BB4FF0FF3061074FF0000102D40DE081
:10A7400009F101018946B9420FDA8145F8DB1BF8AE
:10A7500009100029F4D108E009F10101894681427C
:10A76000FADB1BF809100029F6D103985346A0EB39
:10A77000090721463846179A00F080FA284400EB72
:10A78000090507E044E008E10DE01BF8010B524623
:10A7900017999047B9F10109F7D253462146384637
:10A7A000179AF2E039E00A21C4F302524FF0000B8D
:10A7B0000091022A06D058F8040BC117032A09D0C9
:10A7C0000AE023E008F1070020F00702F2E80201A6
:10A7D000904605E000B2C117042A01D140B2C1176A
:10A7E000002906DA0A460021404261EB02012D22CF
:10A7F00002E0220504D52B228DF80420012203E07B
:10A80000E20701D02022F7E7914657E00A2100E055
:10A8100010214FF0000B00910BE010214FF0000BC6
:10A8200044F004040827009103E008204FF0000BD7
:10A830000090C4F30252022A05D058F8040B0021FC
:10A84000032A08D008E008F1070020F00702F2E828
:10A850000201904603E080B2042A00D1C0B24FF05A
:10A86000000922072AD53278702A07D0DDF800C007
:10A870008CF0100C5CEA0B0C05D00EE040228DF839
:10A880000420012208E050EA010306D030238DF8AD
:10A8900004308DF8052002229146009B83F00803C6
:10A8A00053EA0B030AD150EA010201D1620705D530
:10A8B00030228DF804204FF001097F1E3278582A8B
:10A8C00004D039A20C920CAA02920BE03BA2F9E749
:10A8D0005B46009AF5F7D6FC0C9B9B5C029A521ED5
:10A8E0000292137050EA0102F2D1029804A9081AE8
:10A8F00000F1200B600702D524F4803400E001272A
:10A900005F4502DDA7EB0B0000E0002000EB0B0130
:10A91000009003984944401A0390E00306D453463C
:10A920002146179A039800F0A9F90544002706E08C
:10A9300001A85246C05D179990476D1C7F1C4F457A
:10A94000F6DBE0030CD553462146179A039800F036
:10A9500095F9054404E030205246179990476D1C44
:10A960000099481E00900029F5DC08E00298029941
:10A9700052460078491C0291179990476D1CBBF113
:10A980000001ABF1010BF1DC5BE100F065F905447E
:10A99000761C307800287FF40DAE19B02846BDE84B
:10A9A000F08F00000928010030313233343536375A
:10A9B000383961626364656600000000303132330B
:10A9C00034353637383941424344454600000000AB
:10A9D000600700D4062708F1070020F00700F0E820
:10A9E0000223804603F0004C5FEA0C0001D097A0E0
:10A9F00009E0200501D596A005E0E00701D095A06B
:10AA000001E0AFF24C001390307823F0004365284A
:10AA10000CD006DC452809D046281DD047287FD118
:10AA20003BE0662818D067287AD136E00021112F44
:10AA300001DB112000E0781CCDE9000104A90CA87D
:10AA4000FFF77EFCDDE90D010C9A4FF0000B07F1DA
:10AA50000109109200914EE04FF000400097CDE9BF
:10AA6000011004A90CA8FFF76BFCDDE90D020C9B9B
:10AA70000F994FF0000B91461093009211B9791C79
:10AA800000EB0109B7EB090003D4C0F1FF3B07F16C
:10AA90000109A9EB0700019042E0012F00DA01272C
:10AAA0000021112F01DD112000E03846CDE9000121
:10AAB00004A90CA8FFF744FCDDE90D010C9A0091F4
:10AAC0004FF0000BB946109221070FD4009A4A4567
:10AAD00003DA914601E0A9F10109B9F1010F05DDA1
:10AAE000109AA9F10101515C3029F4D0B84202DA80
:10AAF00010F1040F03DA0121CDE9011010E0002864
:10AB000003DC8344A9EB000102E0411C494500DD60
:10AB10008946A0EB0B00401C01904FF000400290D2
:10AB2000200705D40198484502DB4FF0FF30019023
:10AB300000208DF84B0002980DF14B07B0F1004F4B
:10AB400025D002200C902B200D90029800280CDAC2
:10AB5000404202902D200D9007E00A210298F6F75E
:10AB60001DF83031029007F8011D0C99481E0C9019
:10AB70000029F2DC02980028EFD1791E0D980870A8
:10AB8000307800F0200040F0450007F8020D11A8D1
:10AB9000C01BC01D02901398007800B1012000EB8B
:10ABA0000901019801EBE071029801440398401AF1
:10ABB000401E0390E00306D453462146179A03989B
:10ABC00000F05CF805441398007818B152461799C4
:10ABD00090476D1CE00323D553462146179A0398EE
:10ABE00000F04CF805441BE0BBF1000F07DB0098B8
:10ABF000584504DD1098179910F80B0001E01799DB
:10AC000030205246904701980BF1010B401E05F190
:10AC10000105019004D12E205246179990476D1CD2
:10AC2000B9F10001A9F10109DEDC05E017F8010B1B
:10AC30005246179990476D1C0299481E02900029B0
:10AC4000F4DC53462146179A03989EE62D00000037
:10AC50002B000000200000002DE9F04104460025F3
:10AC60001E461746880404D405E039462020B04724
:10AC70006D1C641EF9D52846BDE8F0812DE9F04130
:10AC8000044600251E469046C80301D5302700E043
:10AC90002027880404D505E041463846B0476D1C9E
:10ACA000641EF9D52846BDE8F0812DE9F04F85B046
:10ACB0001C4692460646DDF838B0DDF84080F6F7CF
:10ACC000BBFD0546FE280DD2014602AB02223046EE
:10ACD00001F0B3F928B102AA0221304601F091F93E
:10ACE00018B1FF2005B0BDE8F08F0AF0FF094FEA68
:10ACF0001A27B8F1000F28D00520CDE900405346AF
:10AD00002A469DF80810304601F02EFE9DF80810E6
:10AD1000A020C1EBC10101EB410106EB810103AAB7
:10AD200081F873B08DF80C0010208DF80D908DF81F
:10AD300010008DF80E7005208DF80F400021115481
:10AD4000401CC0B20828FAD324E00320CDE900401B
:10AD500053462A469DF80810304601F005FE9DF83E
:10AD600008104020C1EBC10101EB410106EB81015C
:10AD700003AA81F873B08DF80C008DF80D908DF852
:10AD80000E7004208DF80F4000211154401CC0B2F9
:10AD90000828FAD39DF808100F98C1EBC10101EB08
:10ADA000410106EB8101134688672A46022130469D
:10ADB00005F01DFB002895D09DF80810304605F0E1
:10ADC0008DF98EE72DE9FE4F04464069002589463E
:10ADD0000689A069078994F8820000280ED0002E09
:10ADE0006AD0A846CDF80080CDF80480CDF8088060
:10ADF00060E005286ED00B2858D0FF20BDE8FE8FFC
:10AE0000606850F8360081690968002901DA0B2072
:10AE100024E0806AB9F1000F23D00178E9B3F0296A
:10AE200025D8A26805EBC50112F811305B1CDBB216
:10AE300002F811300278934219D1A268204602F834
:10AE40001180CDF80080CDF804806A462946CDF8FF
:10AE5000088000F0B9F90028D9D10520BE42C8D930
:10AE60002AE00078FF2829D0FE2827D01CE00078AF
:10AE7000FC2818D105EBC50A0622A16802EB4A009E
:10AE80000A182946204600F09FF90028A06810F80B
:10AE90001A1003D021F0010202E016E041F0010295
:10AEA00000F81A20B3E780B1BE4205D86D1C761CAD
:10AEB000EDB2B6B2BE42A3D900209FE7A06805EB71
:10AEC000C50110F81100C007EDE72946204605F03E
:10AED000C1F99CE76A462946204605F074FA96E7D0
:10AEE0002DE9FF4F81B01546DDE90E76D0F8E4314B
:10AEF00080466A460299984704460098002803D184
:10AF00002079A84203D82E4805B0BDE8F08F2EB1B5
:10AF1000206800EB05100078022828D00121206865
:10AF200001EB051110F801A0042101EB05114658B1
:10AF30000C2101EB051150F80190386808B1B042BE
:10AF40003AD8D8F824205046049990470090002819
:10AF5000DAD10820216800EB051B3A6851F80B0094
:10AF60000499F5F7C6F9BAF1090F02D009E01548BE
:10AF7000CAE73868B04204D22368002253F80B10A5
:10AF80000A543E60B9F1000F07D02A4621464046D8
:10AF90004B46984700900028B6D1206800EB05107A
:10AFA0000078400706D5D8F8E83140462A4602998D
:10AFB0009847A9E70020A7E703483E60A4E7000000
:10AFC0001100090602000106100007064A68002A5F
:10AFD00006D00A68531C0B6010704868401E486019
:10AFE00070477047002070472DE9F04F85B09046BC
:10AFF0000EAADDF84C9092E8100C1F460546202C56
:10B0000011D8F6F719FC0646FE280DD2014602AB10
:10B010000222284601F011F828B102AA022128468E
:10B0200000F0EFFF18B1FF2005B0BDE8F08FB9F1D7
:10B03000000F13D00420CDE90070434632469DF83E
:10B040000810284601F090FC9DF80800C0EBC000F5
:10B0500000EB400005EB8000046609E00220CDE92A
:10B060000070434632469DF80810284601F07CFCEB
:10B070009DF80800C0EBC00000EB400005EB80002D
:10B0800044639DF808100020C1EBC10101EB4101B0
:10B0900005EB810181F873A00EE000BF9DF8082048
:10B0A0001BF80010C2EBC20202EB420205EB820267
:10B0B0000244401C82F83C10A042EFD303A9B9F12E
:10B0C000000F0DD0C2208DF80C000020C30024FA20
:10B0D00003F20B18401CC0B21A710428F6D328E002
:10B0E000042C19D8C4F10400232242EA80009DF800
:10B0F00008208DF80C00C2EBC20202EB42020420D1
:10B1000005EB8202131893F838300B54401CC0B280
:10B110000828F7D394630CE021208DF80C00002060
:10B12000C30024FA03F20B18401CC0B21A710428A1
:10B13000F6D39DF808108DF80D804FEA1820C1EB6A
:10B14000C1018DF80E0001EB410105EB81018DF885
:10B150000F701198886703AB32460221284605F02C
:10B1600046F900283FF460AF9DF80810284604F027
:10B17000B5FF58E730B5044606480023026803E0EF
:10B1800012F8015B25705B1C8B42F9DB02600846FC
:10B1900030BD0000D001002010B530B1036823B1EC
:10B1A000D0E90121914201D204E0002010BD491CE8
:10B1B000816020B1914202D25C5C202CF7D991428F
:10B1C000F4D1491E816010BD2DE9F04F43698346DB
:10B1D000914618895B89C00000EBC102DBF80400CE
:10B1E000DB0003EBC1010F180244386889B0002668
:10B1F000D0F808A01068354680690088C0F30A01BD
:10B20000A9F8001089F80260002004900590182128
:10B210003A6801EB061152581368190C13F0FF0439
:10B220002ED02B190793402B2AD8A4F1010C01230F
:10B2300003EBDC0CCDF818C01288CDE902030DF148
:10B24000200C0DF11808CDE9008CC2F3072204ABE5
:10B250005846FFF737F918B1FF2009B0BDE8F08F65
:10B2600009EBD502121D0092002005F00701CDE97F
:10B270000110002320461A4604A9F6F7AFF9079DEE
:10B28000761C9AF80000F6B2B042BDD801206D1EBF
:10B2900000EBD50089F803000020DEE72DE9F0413E
:10B2A00004460027104E1BE0A0892568C0050BD47A
:10B2B000A06820B1FFF7F2FFA089C00504D420697F
:10B2C00010B1716888472761A089800504D4206A7D
:10B2D00010B17168884727627168204688472C46FC
:10B2E000002CE1D1BDE8F08108000020002200F030
:10B2F00064BF000030B50D4C0D4A0E4B0E4988B1AD
:10B300000A60056805B10D604B60406800B1486097
:10B31000002088600868904203D14868984200D1B4
:10B320008C6030BD81E81C0030BD000001FF0008CA
:10B33000D1A200084DA200080800002010B5016845
:10B3400028208847040002D02821F4F7EBFF20468C
:10B3500010BD0022114600F06FB800002DE9F04743
:10B3600088B00F4604469A4616461C216846F4F7F4
:10B37000D9FF2F480025002C0560456055D0814637
:10B38000E7B3CDE900470295D9E90212D9F81000D8
:10B390000491CDE9052009F10800FFF7CFFF5FEA2E
:10B3A00000082BD000986F4608B1029808B100271A
:10B3B0000BE00198042808D903221EA10098F4F795
:10B3C000DEFF10B90298C01C02903846FFF7E4FE79
:10B3D0000146404602F0EAFA68B1BAF1000F13D014
:10B3E0006846FFF7D9FEDDE90101814203D20299E7
:10B3F0000098405C40B14046FFF750FFDDE9011086
:10B4000088420AD205460BE01EB102990098084412
:10B410003060404608B0BDE8F087081E00D0451EE9
:10B420000EB160193060C9E900450020F2E7000064
:10B4300000000020EFBBBF0070B515460E460400AB
:10B4400009D0F4F77AFF411C2B4632462046BDE86E
:10B450007040FFF783BF002070BD70B54FF6FF72DC
:10B4600000234AF201050EE0C45C6240012412F0A0
:10B47000010F4FEA520200D06A40641CE4B2082C6B
:10B48000F5D95B1CDBB28B42EED3100A40EA0220F6
:10B4900080B270BD10B50948F7F7A8F808B108A048
:10B4A00005E002210548F6F777FC20B10FA0FEF772
:10B4B00093FE002010BD012010BD0000F41A0020F2
:10B4C00043414E31207374617274206661696C650A
:10B4D000642C73746F7020537461727443616E5482
:10B4E0006573745461736B210D0A0000456E6162CF
:10B4F0006C652043414E31206E6F746966696361EB
:10B5000074696F6E206661696C6564210D0A0000C4
:10B5100010B50948F7F76AF808B108A005E002215C
:10B520000548F6F739FC20B10FA0FEF755FE0020C4
:10B5300010BD012010BD00001C1B002043414E32F5
:10B54000207374617274206661696C65642C737415
:10B550006F7020537461727443616E5465737454D8
:10B5600061736B210D0A0000456E61626C652043BA
:10B57000414E32206E6F74696669636174696F6EE3
:10B58000206661696C6564210D0A000030B40A8888
:10B59000D3090F2B35D2DFE803F02D08181818183F
:10B5A00018181818181F1F342600802A06D090F883
:10B5B0007F20002A25D030BC02F076BA90F88010A7
:10B5C00000291ED030BC03F07FBE90F88220002AF4
:10B5D00017D030BC02F044BB90F87E20002A10D077
:10B5E00030BC02F04FBC90F88120002A09D030BC5A
:10B5F00002F0B8BA026A1278002A02D030BC02F017
:10B6000065BA30BC7047000030B50C463C4987B085
:10B6100091F8E121002182422FD12088CDE900015B
:10B620000291A07800B102200390E07804908DF898
:10B630001410F7F7EFFA054608E000BFF7F7EAFA4B
:10B64000401B642802D921882EA032E03548F6F745
:10B6500020FD0028F2D006AB221D69463148F6F7DE
:10B66000ADFB040043D02F48F6F79DFC02462D4861
:10B670000068836821462CA034E03B4A92F8E1211F
:10B68000824239D12088CDE900010291A07800B131
:10B6900002200390E07804908DF81410F7F7BAFABE
:10B6A000054609E0F7F7B6FA401B642804D921885B
:10B6B0002EA0FEF791FD17E03448F6F7EAFC0028CB
:10B6C000F0D006AB221D69463048F6F777FB040040
:10B6D0000DD02E48F6F767FC02462C4800688368B8
:10B6E00021462BA0FEF778FD012007B030BD0A20CF
:10B6F00001F009FD0020F8E7014635A0D9E7000078
:10B700000007002043414E312054582074696D6574
:10B710006F75742C20434F422D49443D3078255895
:10B720000D0A0000F41A002043414E3120545820E5
:10B730004552524F523A2048414C207374617475FF
:10B74000733D25642C2048414C5F43414E20657277
:10B75000726F723D3078256C782C205453523D30F6
:10B7600078256C780D0A0000F40D002043414E321C
:10B770002054582074696D656F75742C20434F42B6
:10B780002D49443D307825580D0A00001C1B00202F
:10B7900043414E32205458204552524F523A20488D
:10B7A000414C207374617475733D25642C204841AD
:10B7B0004C5F43414E206572726F723D3078256C4C
:10B7C000782C205453523D3078256C780D0A0000B7
:10B7D000496E76616C69642043414E2068616E64F5
:10B7E0006C653A2025640D0A000000001CB5044871
:10B7F0000090044801906846FFF77CFD1CBD0000E6
:10B800009DFC0008090D010870B50446082802D9FE
:10B810004FF0FF3070BD4FF4847000EB44100546CC
:10B820001021FDF73DFC2846FDF7D4FB0028FAD196
:10B830004FF4027000EB44101F21FDF731FC0D495D
:10B840000120A0404A8882434A808A8882438A80B5
:10B850000949002021F814000649891D08554FF4B4
:10B86000427000EB44142046FDF7B4FB0028FAD1E7
:10B87000012070BD84010020D48D002038B514460D
:10B880000546F5F7D9FF0146FE2801D3852038BDCE
:10B890006B462246284600F0FCFB08B1FF2038BD6D
:10B8A0009DF80010284604F019FC002038BD000067
:10B8B0002DE9F04117460E460446082803D94FF0FB
:10B8C000FF30BDE8F08160014FF001080830FDF75E
:10B8D00081FB00F00F00012802D06FF00400F0E7B8
:10B8E0004FF4427000EB44100546FDF773FB13283C
:10B8F00002D06FF00200E4E73078717801EB0020AD
:10B90000B17801EB0020F17801EB0020411C2CD034
:10B9100058B36FB340F6084000EB441004223146A0
:10B92000FDF7EEFB41F20800390A00EB4410FDF789
:10B93000B7FB41F20810F9B200EB4410FDF7B0FB81
:10B940004FF4847000EB441006460421FDF7A8FB79
:10B950003046FDF73FFB0028FAD1164908FA04F0FB
:10B96000498808421AD00020ABE76FF00B00A8E727
:10B970006FF00A00A5E72046FDF72CFB000706D56F
:10B9800020460821FDF78CFB6FF00C0099E7284654
:10B99000FDF720FB30B96FF0030092E74FF402701F
:10B9A00000EB44142846FDF715FB1728E3D10120CE
:10B9B00087E700008401002010B50C4606281ED23F
:10B9C000DFE800F003070B101418204605F0A0FE76
:10B9D00013E0204605F004FE0FE02078BDE810409B
:10B9E00005F0C2BE05F028FE207006E0204605F0F6
:10B9F000CDFE02E0204605F022FE002010BD4FF0F3
:10BA0000FF3010BD2DE9F0410C46002102464F1ECB
:10BA100008464FF498554FF4A056102A63D2DFE839
:10BA200002F0080B17131A1E222C3645484C5950A9
:10BA3000555C05F0C2FE4DE014B1204604F108014A
:10BA4000BDE8F04105F00FBE208805F07DFD41E026
:10BA500005F0A8FD05E0208805F04CFE3AE005F071
:10BA6000B0FD208036E02088010A2846FDF718FB4B
:10BA700021783046FDF714FB2CE03046FDF7AAFA9A
:10BA800006462846FDF7A6FA06EB0020E9E7174828
:10BA900082782270C27862700279A2704279E27074
:10BAA00082792271C0796071A17113E005F000FF05
:10BAB00010E0204605F011FF0CE0204605F0B9FE2D
:10BAC00008E02078BDE8F04105F02CBF05F0E3FE6A
:10BAD00005E020700020BDE8F08105F0D1FEC0B285
:10BAE00041B2491CF5D13846F5E700009C01002021
:10BAF0002DE9F0418EB088460546002404F0A2F9F5
:10BB000000214F1E06460E2808D2DFE800F06B0722
:10BB10006B096B48486B076B076B076A044669E063
:10BB2000089108AA6969E8680292CDE9031007AB99
:10BB30000AA8CDE9000305A8031D421C09A9801C21
:10BB4000F9F794FE01285FD109988DF8140005AA31
:10BB50000AA9284600F064F89DF81400F0B3012803
:10BB600002D0022808D037E0BDF81800009000236A
:10BB70000422A968286906E0BDF818000090002397
:10BB80000522A9682869F9F7DDFF011E24DD424678
:10BB9000284604F0EEFB0446401C2CD022E0E86866
:10BBA000009001AA02A903A86B69F9F70DFE01280C
:10BBB00012D1BDF804000090052E10D007220023FA
:10BBC000A9682869F9F7BEFF011E05DD424628462F
:10BBD00004F0CFFB040005D03C460CE002E0062256
:10BBE000EDE72977284600F02DFF18B107A0FEF7F2
:10BBF000F3FAF1E744B1286A10B12846F9F788FD55
:10BC00000EB02046BDE8F0813446F9E76B656570FB
:10BC1000616C697665206661696C65640D0A000077
:10BC20002DE9FC479146884606464FF0FF34002533
:10BC300006EBC507B96AD1B34046F9F7F2FE70BB0F
:10BC4000D8E901100A18BB6A20E000BF90F800C0D4
:10BC5000BCF12F0F0AD02B290BD0232913D061451B
:10BC600018D12B2905D023290DD00DE02F2911D172
:10BC70000AE0411C01E0811C401C914204D2097879
:10BC80002F29F8D100E0501E401C5B1C197809B127
:10BC90009042DBD390420AD111F0FF0F07D1F86A2E
:10BCA00028B1CDE90098F96A6846884700246D1CE0
:10BCB000052DBDDB601C07D1306D28B1CDE90098A2
:10BCC000316D6846884700242046BDE8FC870000A7
:10BCD0002DE9F0470446082803D94FF0FF30BDE8AE
:10BCE000F087600101250830FDF774F900F00F00BE
:10BCF000012801D0A81FF2E74FF4847000EB441034
:10BD000006460821FDF7CCF9F6F784FF074608E060
:10BD1000F6F780FFC01BC82803D91EA0FEF75CFA07
:10BD200004E03046FDF756F90028F1D12048A5403F
:10BD30008188A94381804088054201D00020CEE758
:10BD4000F6F768FF07464FF4027000EB44164FF415
:10BD500042706FF00C094FF4FA7800EB441512E0D2
:10BD60003046FDF737F9000704D52046FFF74CFDB4
:10BD70004846B4E7F6F74EFFC01B404503D90DA077
:10BD8000FEF72AFAF1E72846FDF724F90028E7D163
:10BD90000120A4E7646973636F6E6E6563743A2073
:10BDA000536E5F43522074696D656F75740D0A00A0
:10BDB00084010020646973636F6E6E6563743A205A
:10BDC000534F434B5F434C4F5345442074696D655B
:10BDD0006F75742C20666F72636520636C6F73657A
:10BDE0000D0A000010B50446054B002241F2030184
:10BDF000FBF758F8D4F808120020087010BD0000B6
:10BE0000C96C000870472DE9FE439946DDE90A76C2
:10BE100015468846044602AB00F00FF990BB012D91
:10BE200004D19DF80810204604F058F9022D29D1BC
:10BE30009DF80800C0EBC00000EB400004EB800060
:10BE4000B0F97400F5F792FC9DF80810C1EBC10140
:10BE500001EB410104EB8101A1F874009DF8081089
:10BE60008520C1EBC10101EB410104EB810181F8A7
:10BE70002A009DF80800C0EBC00000EB400004EB76
:10BE80008000C662CDE900764B46424629462046F0
:10BE900004F0E9FA002800D0FF20BDE8FE8300008E
:10BEA00013B54FF0FF33012269460248F8F722FB31
:10BEB00000981CBDB01C002006480068406A064976
:10BEC0000A68904202D24FF6FF7318444968801AFC
:10BED000084470479C1B0020341000200168A1F525
:10BEE0007F42FF3A03D0491C016008467047012198
:10BEF000FAE70068007870472DE9F8430025089FAD
:10BF00001C46904606463D60F5F796FC0146FE2825
:10BF100005D26B460222304600F08FF818B185201A
:10BF20002560BDE8F8839DF80000C0EBC00000EB81
:10BF3000400006EB800090F82A10012909D08029E2
:10BF400001D0852902D1C16A3960256090F82A00A4
:10BF5000E7E7416B09B9816B41639DF800002168F7
:10BF6000C0EBC00000EB400006EB8000406B81425C
:10BF700002D28A202560D4E7206000200CE000BFB8
:10BF8000C1EBC10101EB410106EB8101014491F8D4
:10BF90003C2008F80020401C216881429DF80010D8
:10BFA000EED8304604F09AF80120BAE770B504469E
:10BFB00090F84001012802D16068F7F74DFE94F82F
:10BFC0003F1104F1BC0021B1FBF747F86FF0020507
:10BFD0000BE004F11301FBF747F884F89300B4F881
:10BFE0009C100546491CA4F89C1094F840010128B7
:10BFF00005D1012204F1A6016068F8F721FA28466C
:10C0000070BD10B50023C3EBC30404EB440400EB84
:10C01000840494F82A402CB15B1C13F0FF03F2D087
:10C02000FF2010BD1370C3EBC30202EB420200EB12
:10C03000820080F82910002010BD70B50024C4EBE8
:10C04000C40505EB450500EB850595F82A606EB142
:10C05000852E0BD095F828608E4207D195F829508F
:10C06000954203D103B11C70002070BD641C14F014
:10C07000FF04E4D0FF2070BDC1EBC10101EB410121
:10C0800000EB8101486B08B1896B401A10600020F9
:10C09000704770B50024C4EBC40505EB450500EB03
:10C0A000850595F82A605EB195F828608E4207D123
:10C0B00095F82950954203D103B11C70002070BD42
:10C0C000641C14F0FF04E6D0FF2070BD2DE9F041A0
:10C0D00042F2086101EB401542F20871002601EBC3
:10C0E00040142846FCF776FF07462046FCF772FF0F
:10C0F00000EB072007043F0C09D02846FCF76AFF35
:10C1000006462046FCF766FF00EB062086B2BE42DC
:10C11000E7D13046BDE8F0812DE9F04142F2080157
:10C1200001EB401542F20811002601EB40142846AD
:10C13000FCF750FF07462046FCF74CFF00EB0720BA
:10C1400007043F0C09D02846FCF744FF064620466A
:10C15000FCF740FF00EB062086B2BE42E7D1304636
:10C16000BDE8F08138B5054600208DF8000010606C
:10C1700014462846F5F760FB0146FE2805D26B46BB
:10C1800002222846FFF759FF08B1852038BD9DF8E7
:10C190000010C1EBC10000EB400005EB8000C26A5B
:10C1A000226090F82A000128F0D1284603F096FF7B
:10C1B000012038BD90F8410170472DE9F0418846D3
:10C1C000A8B3B8F1000F33D084680AB90AE0246834
:10C1D0006CB3216A59B34046F4F7B6F80028F6D19B
:10C1E00020E024681CB3266A5FEA0805F9D0002E17
:10C1F000F7D0B54218D002E098B16D1C761C2878B3
:10C20000F4F771F807463078F4F76DF8874228782C
:10C21000F2D0F4F768F805463078F4F764F8854210
:10C22000DFD124B1206A10B12046BDE8F081FFE7DC
:10C230000020FAE72DE9F84380462B4E0120032326
:10C240002A4C0D4640F2026C871E02B304F1300105
:10C2500008704B70A1F802C08880404603F059FF77
:10C26000E06B3034009094E80E004046FAF73CFB57
:10C270003946012004F01CFC014610F10B0F29D0B7
:10C280001BA000BFFDF7A8FF0020BDE8F8831749F9
:10C29000203108704B70A1F802C08880404603F03E
:10C2A00038FFE06A2034009094E80E004046FAF728
:10C2B0001BFB3946012004F0FBFB014610F10B0F7C
:10C2C00001D013A0DEE74046FFF774FF0028DCD062
:10C2D000306905E04046FFF76DFF0028D5D0706952
:10C2E000408828800120D0E718000020D4170020C3
:10C2F0005220726561642052454143484544206E96
:10C300006F7469667956616C3A25640D0A00000005
:10C310004C20726561642052454143484544206E7B
:10C320006F7469667956616C3A25640D0A000000E5
:10C330002DE9F8430D462F4E03212F4C81464FF037
:10C34000010840F209634FF0020C0F1F0AB304F119
:10C35000300080F8008041704380A0F804C0484657
:10C3600003F0D7FEE06B3034009094E80E004846AE
:10C37000FAF7BAFA3946012004F09AFB014610F1A7
:10C380000B0F2AD01DA000BFFDF726FF0020BDE83F
:10C39000F8831948203080F8008041704380A0F86D
:10C3A00004C0484603F0B5FEE06A2034009094E8EB
:10C3B0000E004846FAF798FA3946012004F078FB57
:10C3C000014610F10B0F01D013A0DDE74846FFF73F
:10C3D000F1FE0028DBD0306905E04846FFF7EAFEB1
:10C3E0000028D4D07069D0F802004FEA30402860AD
:10C3F0000120CCE718000020D417002052207265DD
:10C40000616420504F53206E6F7469667956616C79
:10C410003A25640D0A0000004C20726561642050CA
:10C420004F53206E6F7469667956616C3A25640DBE
:10C430000A00000000F5A170704700000148007874
:10C4400070470000C80100202DE9F84380462B4EBC
:10C45000012003232A4C0D4640F2126C871E02B3C2
:10C4600004F1300108704B70A1F802C0888040468A
:10C4700003F04FFEE06B3034009094E80E0040462D
:10C48000FAF732FA3946012004F012FB014610F1A6
:10C490000B0F29D01BA000BFFDF79EFE0020BDE8BA
:10C4A000F8831749203108704B70A1F802C08880CA
:10C4B000404603F02EFEE06A2034009094E80E001F
:10C4C0004046FAF711FA3946012004F0F1FA014624
:10C4D00010F10B0F01D013A0DEE74046FFF76AFE14
:10C4E0000028DCD0306905E04046FFF763FE0028F5
:10C4F000D5D07069408828800120D0E7180000203E
:10C50000D4170020522072656164205741524E4971
:10C510004E47206E6F7469667956616C3A25640DDA
:10C520000A0000004C2072656164205741524E4958
:10C530004E47206E6F7469667956616C3A25640DBA
:10C540000A0000002DE9FF4F81B0080C1FFA82FCA1
:10C550009EB21022DFF82CA14B4C0E9D89B24FF4F5
:10C56000817704234FF0060B4FF001084FF4FA795E
:10C570000DB3012D7DD10AF1100528806980A5F841
:10C5800004C0EE8005F1200686F800807270778086
:10C59000B380B560DAF83C0057460090D7E90C123A
:10C5A0002B460198FAF7A0F94946012004F080FAD9
:10C5B00000283ED043E0334D28806980A5F804C0B0
:10C5C000EE8005F1200686F8008072707780B380D7
:10C5D000B560DAF82C0057460090D7E908122B46D0
:10C5E0000198FAF781F94946012004F061FA0B300D
:10C5F00005D026A0FDF7F0FDA088401CA080A5F87E
:10C60000008086F801B04FF484717180A6F8048030
:10C61000B560F86A0090D7E908122B460198FAF73E
:10C6200063F94946012004F043FA002827D117A0F6
:10C630001EE020A0FDF7D0FDA088401CA080A5F83A
:10C64000008086F801B04FF484717180A6F80480F0
:10C65000B560F86B0090D7E90C122B460198FAF7F9
:10C6600043F94946012004F023FA0B3007D011A00A
:10C6700000E004E0FDF7B0FDA088401CA08005B0FC
:10C68000BDE8F08FD4170020180000204C656674B8
:10C690002067726970706572206D6F6462757320B7
:10C6A00071756572792074696D656F7574210D0AF5
:10C6B00000000000526967687420677269707065D5
:10C6C00072206D6F64627573207175657279207464
:10C6D000696D656F7574210D0A0000002DE9FE4338
:10C6E00080460020471E364C0D460090ADF80400F1
:10C6F000ADF808003E0CE2B1012028700246694600
:10C700004046FFF715FE002842D00098A86001229D
:10C7100001A94046FFF78EFD002841D0BDF8040076
:10C72000A881012202A94046FFF78EFE00283FD0D3
:10C7300017E02870002269464046FFF7F9FDA8B1CE
:10C740000098A860002201A94046FFF773FDA8B138
:10C75000BDF80400A881002202A94046FFF774FE3C
:10C76000A0B1BDF80800E881BDE8FE8315A0FDF783
:10C7700033FDAF60A088401CA080E3E71BA0FDF75D
:10C780002BFDAE81A088401CA080E4E721A010E032
:10C790002AA0FDF721FDAF60A088401CA080B6E76D
:10C7A00030A0FDF719FDAE81A088401CA080B8E73D
:10C7B00036A0FDF711FDEE81A088401CA080D3E7D4
:10C7C0001800002052656164206C65667420524533
:10C7D000475F5245414C54494D455F504F53206689
:10C7E00061696C6564210D0A000000004C207265CF
:10C7F0006164206C656674205245475F504F535FFB
:10C8000052454143484544206661696C6564210D89
:10C810000A0000004C2072656164206C656674201B
:10C820005245475F5741524E494E475F494E464F2A
:10C83000206661696C6564210D0A000052207265F2
:10C840006164207269676874205245475F524541B0
:10C850004C54494D455F504F53206661696C656487
:10C86000210D0A0052207265616420726967687444
:10C87000205245475F504F535F524541434845441E
:10C88000206661696C6564210D0A000052207265A2
:10C890006164207269676874205245475F5741524E
:10C8A0004E494E475F494E464F206661696C65644C
:10C8B000210D0A00F8B505461A4B002241F2170176
:10C8C000FAF7F0FA002685F8E061344615E000BF7B
:10C8D000D5F8A00030F8240003041B0C0BD0642012
:10C8E0004343114A214628460096FAF721FED5F81F
:10C8F000A41021F81400641CE4B2D5F89C00007860
:10C90000A042E5D8D5F8A8000388002B09D0642000
:10C910004343064A002128460093FAF709FEA5F88A
:10C92000AC00F8BD7D6C0008B1150008056E00086C
:10C9300070B5054600240BE0D5F8A40030F91400CA
:10C94000F4F714FFD5F8A41021F81400641CE4B225
:10C95000D5F89C000078A042EED835F9AC0FF4F77A
:10C9600005FF288070BD00002DE9F8431746DDE97A
:10C970000896C1EBC102002502EB4202984600EB8B
:10C980008204022E2CD0032E2AD0042E28D0052E6D
:10C9900026D0B4F97400F4F7E9FE00BFA4F87400DF
:10C9A00084F82870A4F8308084F8329084F82A60E3
:10C9B00084F82B506563A56384F85C5084F85D505F
:10C9C00084F85E502566656684F8685084F869507E
:10C9D00084F86A5084F873500020A567BDE8F88396
:10C9E000024B034A0095FAF7A3FDD7E7E093040052
:10C9F000C97000082DE9F0410B3020F00706104DFA
:10CA000019E02068B04215D3B0420AD9871B201D17
:10CA1000D4F80480F3F76DFCA019C0E90078286011
:10CA200004E060682860201DF3F763FC201D266089
:10CA3000BDE8F081251D2C68002CE2D10020F7E72D
:10CA4000401000207CB504468069002550B304F1F5
:10CA50005800FBF7D8FD04F1600618B93046FBF723
:10CA6000D2FDF8B1207F10B14FF0FF351AE06846D3
:10CA7000FBF7C1FD4FF47A716846FBF7B4FDA1687E
:10CA80002069F9F74DF9011E0CDD6A46204603F0D6
:10CA900070FC050006D140F6B8313046FBF7A3FD27
:10CAA0000120207728467CBD10B50446FFF702FF21
:10CAB0002046BDE8104000F0C1BA10B50446FFF7AB
:10CAC00037FF2046BDE8104000F0F4BAC1EBC101C9
:10CAD00030B501EB410100EB81018C6BA0182028DF
:10CAE00002D84D6BA84201D9FF2030BD002006E0DE
:10CAF00025180D4495F83C501D54401CC0B290427E
:10CB0000F6D3886B10448863002030BD3B4D2C6801
:10CB1000F6F7F4F8FBF7A0FBF9F736FCF4F706FD9F
:10CB2000F9F784FAF9F72EFBF9F70CFEF9F726FE70
:10CB3000F9F746FEF9F7C8FDF9F7E2FD304931A0F3
:10CB4000FDF74AFBFAF7FAF9FAF7F0F9FAF7DEF926
:10CB5000A00002D52DA0FDF73FFB200114D52FA08A
:10CB6000FDF73AFBFAF7BAF9FAF7C8F930A0FDF782
:10CB700033FB42F21070F5F739FFFAF7A7F9FAF72D
:10CB8000B5F931A0FDF728FBE00002D533A0FDF791
:10CB900023FB002C02DA36A0FDF71EFB286840F0CC
:10CBA00080702860F9F78CFAF9F730FDF9F7B8FAD8
:10CBB000F8F758FDFAF748F9FCF7ACF8010003D094
:10CBC00030A0FDF709FB02E037A0FDF705FBF9F700
:10CBD000CFFC3D483B4901600621416040F2E24103
:10CBE0008160F6F74FF808B172B6FEE700F0A0FAE0
:10CBF000F9F70EFB00F0AEFAFEE7000074380240D1
:10CC0000802A010825730D0A000000004957444797
:10CC10002072657365740D0A00000000506F77651F
:10CC2000722D6F6E2072657365740D0A000000002E
:10CC300041726D7320706F776572206F6E20737410
:10CC40006172740D0A00000041726D7320706F777D
:10CC50006572206F6E20656E640D0A00536F6674F6
:10CC6000776172652072657365740D0A00000000BB
:10CC70004C6F772D706F7765722072657365740DD8
:10CC80000A000000573535303020696E697420661F
:10CC900061696C65642C726573756C742069733A94
:10CCA00025640D0A00000000573535303020696ECC
:10CCB0006974207375636365737366756C6C792E24
:10CCC0000D0A000000300040481000200EB541F46D
:10CCD000E061ADF8001001218DF8021000218DF8FF
:10CCE000031090F8E1016946FEF78EFC0EBD0EB50B
:10CCF0000023ADF800308DF802308DF804200223B7
:10CD00008DF805108DF8033090F8E1016946FEF7C3
:10CD10007BFC0EBDF0B500688FB08068FEF719FB94
:10CD200006007DD01C216846F3F7FCFA55A1304679
:10CD3000FEF7DCFA4069009054A13046FEF7D6FABF
:10CD4000074654A13046FEF7D1FA544C0546BFB110
:10CD500053A13846FEF7CAFA4069019053A13846FC
:10CD6000FEF7C4FA4069029052A13846FEF7BEFAB7
:10CD70004069002303901A466946206D00F064FA6A
:10CD8000BDB147A12846FEF7B1FA4069049047A11A
:10CD90002846FEF7ABFA4069059046A12846FEF703
:10CDA000A5FA4069002306901A466946606D00F0B6
:10CDB0004BFA182107A8F3F7B5FA40A13046FEF761
:10CDC00095FA07463FA13046FEF790FA0546BFB1F7
:10CDD0003EA13846FEF78AFA4069079030A13846EE
:10CDE000FEF784FA406908903BA13846FEF77EFAC8
:10CDF0004069002309901A4607A9206E00F024FA22
:10CE0000CDB132A12846FEF771FA40690A9024A1FB
:10CE10002846FEF76BFA40690B902FA1284600E0E8
:10CE20002DE0FEF763FA406900230C901A4607A92B
:10CE3000606E00F009FA00200D900E9029A1304696
:10CE4000FEF754FA070017D028A1FEF74FFA05465F
:10CE500028A13846FEF74AFA75B168B169690D91A3
:10CE600040690E90024625A0FDF7B6F900231A4648
:10CE70000DA9E06D00F0E8F93046FEF70FFA0FB0AB
:10CE8000F0BD00006D6F6465000000006C656674A5
:10CE9000000000007269676874000000180000203C
:10CEA000706F736974696F6E000000007370656560
:10CEB00064000000746F7271756500006B696E63C9
:10CEC0006F0000007A65726F6572720069735F654A
:10CED0006E61626C6500000076656C6F63697479E1
:10CEE000000000006770696F0000000074797065D1
:10CEF0000000000073746174650000004750494FE2
:10CF000020636D6420747970653D25642C207374F2
:10CF10006174653D25640D0A0000000010B59CB0E9
:10CF200000285AD090F842100DF14C0C90F8454072
:10CF300090F8443090F843208CE81E00D0E90E129F
:10CF40000DF13C0C90F8414090F840308CE81E0008
:10CF50000DF12C0CC16A438E028E446B8CE81E00CE
:10CF6000D0E90934018C0DF11C0C428C8CE81E00B8
:10CF7000D0E905120DF10C0CC48B838B8CE81E00DC
:10CF80008168C38982898DE80E004FF4007443687C
:10CF9000144A21461448FDF72FF9002801DBA0426E
:10CFA00003D312A0FDF718F916E000208DF85C00FD
:10CFB0008DF85D008DF85E000B481990F3F7BDF910
:10CFC0001A90124817AAC1691148F8F759FD0100D3
:10CFD00005D010A0FDF700F900201CB010BD012005
:10CFE000FBE70000F43001088C1800204D51545428
:10CFF000204A534F4E207061796C6F6164206F76C8
:10D000006572666C6F77210D0A0000001800002021
:10D01000641000204D515454207075626C6973681F
:10D0200020537973537461747573206661696C65FC
:10D03000642C2072633D25640D0A000038B5044657
:10D040001A4B002241F20C01F9F72CFF174B00227A
:10D0500041F20D012046F9F725FFD4F83C01038881
:10D06000002B21D0D4F84001007800281CD0642087
:10D0700043430F4A002120460093FAF759FAA4F8D7
:10D0800034010020211891F8B4200F2A08D022681A
:10D090001278824204D0D4F84021127881F84421D9
:10D0A000401CC0B28028EDD338BD0000B56C00082C
:10D0B000151B000810B50446B0F93401F4F756FB0F
:10D0C000A4F8340110BD10B586B0202204AC04923F
:10D0D0000094012205ABCDE90132C1EBC10101EBA6
:10D0E000410100EB8104039204F13C0394F83220E7
:10D0F000218EFDF7E7F9002803D104986063002032
:10D10000A06306B010BD10B5EFF3058111B16FF04B
:10D11000050403E0002408B103F0C6FE204610BD5C
:10D12000EFF3058008B105F093BA05F08BBA000063
:10D13000EFF3058010B16FF00500704704480168F7
:10D1400011B14FF0FF30704701210160002070479E
:10D150005401002010B5EFF3058010B16FF0050009
:10D1600010BD08480168012902D04FF0FF3010BD02
:10D17000054A002182F8141D0221016003F0D2FF4C
:10D18000002010BD540100200BE000E0F8B51D4662
:10D190006FF003026FF002064FF00004EFF3058317
:10D1A000A3B1F0B1E9B1E5B9002200926A4604F0FA
:10D1B000A7FF012817D10098B0B10C494FF080505B
:10D1C0000860BFF34F8FBFF36F8F0DE048B141B1DF
:10D1D0002A4604F0F9FE012806D025B16FF00104BB
:10D1E00002E0144600E034462046F8BD04ED00E0BD
:10D1F000F8B514464FF00005EFF3058212BB08B3F3
:10D2000001B3A4B1D4E9023263B1502A1AD322691E
:10D21000C2B1676900FB01F6B74213D3009504F071
:10D22000FEFC07E072B9226962B9626952B9002254
:10D2300004F0D4FC050005D00CB1216800E0002109
:10D2400003F0D0FD2846F8BDF8B51D466FF0030287
:10D250006FF002064FF00004EFF30583ABB100B3AB
:10D26000F9B1F5B90022134600926A4604F0FEFDBA
:10D27000012818D10098B8B10C494FF080500860CF
:10D28000BFF34F8FBFF36F8F0EE050B149B1002352
:10D290002A4604F03BFD012806D025B16FF00104B9
:10D2A00002E0144600E034462046F8BD04ED00E0FC
:10D2B000F8B50D460024211F4E1C002804D000BFE5
:10D2C000EFF30582A2B10DB10C461BE000216A46C6
:10D2D000009104F015FF012813D1009890B10A497C
:10D2E0004FF080500860BFF34F8FBFF36F8F09E09E
:10D2F000294604F053FF012804D015B16FF0010452
:10D3000000E034462046F8BD04ED00E0F8B51446D0
:10D3100003460E464FF00005EFF3058098BB93B32C
:10D320009E423DD84CB1A0680028E06803D0502848
:10D3300036D3012002E008B132E00020012B05D0F5
:10D3400010B31846A26804F01EFC20E040B1032090
:10D350000090002211460120A36804F060FC04E064
:10D3600003220021012004F039FC050018D086B109
:10D3700000231A46194604F0C9FC012809D02846A2
:10D3800003F044FD00250BE0184604F0DFFB050028
:10D3900006D00CB1216800E00021284603F022FDF0
:10D3A0002846F8BD38B50024E51E00280BD000BF84
:10D3B000EFF30581A9B100210091694604F0B5FDA4
:10D3C000012815D102E06FF0030412E0009880B14B
:10D3D00009494FF080500860BFF34F8FBFF36F8F44
:10D3E00007E000231A46194604F090FC012800D0FB
:10D3F0002C46204638BD000004ED00E005F00EB9D3
:10D400002DE9FF414FEA01034FF00005EFF30581DD
:10D41000039549BB40B38027182100244AB31668FE
:10D4200006B1344696691EB13146761E382E02D2B8
:10D430001679F60703D0002004B0BDE8F0815669E4
:10D4400006B1B708D2F808C0BCF1000F0DD0D568FE
:10D450005C2D18D312693AB136B18DE806103A4600
:10D46000214604F0BEFF03900DE0D6685EB9126954
:10D470004AB903AACDE90012BAB2214604F084FFEA
:10D48000012800D003950398D6E700002DE9FC475A
:10D490001C469046894607464FF00006EFF305808C
:10D4A00058BB57B3082002F0F9FB050025D0C5E9A9
:10D4B0000078B9F1000F12D00122114B002094B175
:10D4C000216801B10846A16859B1E4682C2C11D338
:10D4D000CDE900312B46012105F056FA08E0002283
:10D4E000EBE7E16831B900932B46012105F032FAF0
:10D4F000060002D1284603F007FC3046BDE8FC8751
:10D50000B985000808B5EFF3058212B16FF0050088
:10D5100008BD58B10022134600920A46042105F0C6
:10D520007BFA012805D06FF0020008BD6FF0030000
:10D5300008BD002008BD2DE9F04107460025C86858
:10D540000C462E46B0F57A7F5BD2401CE060216825
:10D55000A068095C5B2954D1401CA0602046FDF7FF
:10D560001BFE4CB1D4E90110884203D22268125C40
:10D570005D2A33D0884203D3A068401EA06040E0FB
:10D58000401E04F11008A0604046FDF7D7FE98B396
:10D590000DB3306046600646A068401CA06020467F
:10D5A000FDF7FAFD2146304600F000FA30B3204680
:10D5B000FDF7F2FD14B3D4E90110884203D22168CB
:10D5C000095C2C29E0D06268904217D22168085C7F
:10D5D0005D2813D102E005462E46DDE7E068401ED7
:10D5E000E06005B16E602020C7E90250A068401CD1
:10D5F000A0600120BDE8F081FFE715B12846FDF7E6
:10D600004DFE0020F6E7034610B500200246995C67
:10D61000A1F13004092C01D830380AE0A1F141040D
:10D62000052C01D8373804E0A1F16104052C08D895
:10D6300057380844032A00D20001521C042AE6D3BA
:10D6400010BD002010BD00002DE9F0474FF000098B
:10D650002DED028B82B007460C004FF02E0A484693
:10D660004D46C846CDF8009041D02368DBB3D4E9DD
:10D67000012122E05E18865D342E1BD00ADCA6F163
:10D680002B06092E1CD2DFE806F0151B152F1B15E3
:10D6900015151500382E0DD006DC352E0AD0362E85
:10D6A00008D0372E0CD105E0392E03D0452E01D0FD
:10D6B000652E05D16D1C401C14B10E189642D9D3AD
:10D6C0002169681C8847060011D0A16820682A4695
:10D6D00001443046F2F70DFE06F80590B8F1000F50
:10D6E00013D000200FE002E04FF00108E2E7002035
:10D6F00002B0BDEC028BBDE8F087315C2E2901D170
:10D7000006F800A0401CA842F7D369463046FCF753
:10D71000CBFD0098B0EE408AF0EE608A864203D1DD
:10D72000616930468847E2E79FED150B87ED068B70
:10D7300053EC102B51EC180BF3F718FA02D86FF0DA
:10D7400000400FE09FED100B51EC180B53EC102B29
:10D75000F3F7F4F902D84FF0004003E051EC180B56
:10D76000F3F7B4F978610820F8600099A068891B84
:10D770000844A0606169304688470120B8E700008E
:10D780000000C0FFFFFFDF41000000000000E0C11B
:10D790002DE9F04107460026C8680C463546B0F52D
:10D7A0007A7F7BD2401CE060002C77D0D4E9011056
:10D7B000884273D22168095C7B296FD1401CA0602C
:10D7C0002046FDF7E9FCD4E90110884203D2226823
:10D7D000125C7D2A4FD08842A0F10100A0605DD28A
:10D7E00004F110084046FDF7A9FDE8B30EB3286028
:10D7F00045600546CCB3D4E90110401C88424AD2AA
:10D80000A0602046FDF7C8FC2146284600F048F8F5
:10D8100058B32046FDF7C0FC286928620020286123
:10D82000D4E90110884236D22168095C3A2932D104
:10D8300002E006463546DDE7401CA0602046FDF7C5
:10D84000ABFC2146284600F0B1F870B12046FDF748
:10D85000A3FCD4E90110884203D22168095C2C2979
:10D86000C0D06268904201E014E014E013D2216855
:10D87000085C7D280FD1E068401EE06006B175604D
:10D880004020C7E90260A068401CA0600120BDE8FC
:10D89000F08103E016B13046FDF700FD0020F6E709
:10D8A0002DE9F84380468B6808684FF00009C418DA
:10D8B000CDF8009008680E46651CC15C641C2229E6
:10D8C0006ED10022716808E0BCF15C0F04D17F1CAE
:10D8D0008F4265D2521C641C641C271A8F4204D2EA
:10D8E00094F800C0BCF1220FEED1271A8F4257D214
:10D8F0002178222954D11844201A801A3169401CF9
:10D90000884707004CD0009737E029785C2905D07C
:10D9100000986D1C00F8011B00902EE00220611B96
:10D92000012939DB6A78662A14D008DC222A12D051
:10D930002F2A10D05C2A0ED0622A2DD108E06E2A40
:10D940000ED0722A0ED0742A0ED0752A24D10DE082
:10D95000082200E00C22009901F8012B00910BE055
:10D960000A22F8E70D22F6E70922F4E76A46214683
:10D97000284603F0D1F878B10544A542C5D30099F3
:10D9800081F800901021C8E903173068201A401C64
:10D99000B0600120BDE8F88317B171693846884747
:10D9A00015B13068281AB0600020F3E770B50C009C
:10D9B00005465ED0206800285BD0A16863680A1D18
:10D9C0009A4205D80844042231A1F2F7D8FC78B372
:10D9D000A0686268411D0126914206D8216805228F
:10D9E00008442DA1F2F7CBFC28B3A0686268011DA2
:10D9F000914206D821680422084429A1F2F7BFFC0D
:10DA0000E8B1D4E90101814203D22268525C222AA2
:10DA10001DD0814221D22268525C2D2A02D0303A98
:10DA2000092A1AD821462846BDE87040FFF70CBEE7
:10DA30000420E86006E0EE60A068401D04E00220DB
:10DA40006E61E860A068001DA060012070BD2146E5
:10DA50002846BDE87040FFF723BF814203D2226809
:10DA6000525C5B2A07D0814203D22068405C7B284D
:10DA700007D0002070BD21462846BDE87040FFF762
:10DA80005ABD21462846BDE87040FFF781BE000020
:10DA90006E756C6C0000000066616C7365000000C0
:10DAA000747275650000000038B5CA78082A0CD178
:10DAB00011F8042B02F07F0531F8022B11F8013B1D
:10DAC0000091D0F838422946A04738BD70B50446C9
:10DAD00090F87C007F2803D0052801D004283FD18E
:10DAE0004A791AB123681B789A4239D10979802979
:10DAF00025D009DC01291CD0022931D17F2801D091
:10DB000005282DD1042126E081291ED0822927D184
:10DB10002046FEF7EEF9D4F89810054609B12046E4
:10DB200088472168FF2008702946204602F02AFD18
:10DB300010E07F2801D0042812D105210BE0052830
:10DB400001D004280CD17F2105E0D4F8941009B14C
:10DB50002046884700212046BDE8704002F0C6BD3F
:10DB600070BD00002DE9FE43044608784FF0000820
:10DB700000F07F068878012818D00879A51900F0F0
:10DB80007F07D4F84001007885F8440195F8B40087
:10DB9000B84207D0D4F8DC313A463146204698479F
:10DBA00085F8B47095F8B40038B32BE0206800789D
:10DBB000B04220D120684146007800F5E060ADF821
:10DBC000000001208DF803008DF8028094F87C207D
:10DBD0008DF8042094F8E03133B142F080008DF8E4
:10DBE000040084F8E01101E084F8E00194F8E10118
:10DBF0006946FDF709FDBDE8FE83D4F8D82131461A
:10DC00002046904795F8B4000F28F4D000251EE078
:10DC1000D4F8A00050F82510C1F30740864214D173
:10DC2000D4F8A4008FB230F91500F3F79FFD6420FB
:10DC300007FB00F3094A29462046CDF80080F9F792
:10DC400077FCD4F8A41021F815006D1CEDB2D4F8BF
:10DC50009C000078A842DBD8CDE70000B115000891
:10DC60002DE9F04F894604460222002199F802006E
:10DC700089B00D4610B101287ED09AE06369A6698B
:10DC80009888B68820B994E0022A04D0042A0FD0DC
:10DC9000B042F9D98DE0B9F80020676857F830C074
:10DCA000DCF818C0DCF800C094450CD1B04210D8A4
:10DCB000DF886268F80000EBC50B002652F80B0005
:10DCC000D0F8088046E06D1C401C80B2EDB2B04236
:10DCD000E4D96EE0002003900490636853F80B20B1
:10DCE000182303EB0613D2585FEA020A65D09AF8AC
:10DCF000002012F0FF0207922AD00A44069299F8F7
:10DD00000330B2EBC30F23D803AACDE9002001F002
:10DD1000070209EBD10103460290091D0798F3F7AA
:10DD20005DFC07980121401E01EBE000059005AA6B
:10DD300000200092CDE90101DAF8000003ABC0F346
:10DD40000722010C2046FDF7CBF8B0BB0698C1B204
:10DD5000761CF6B298F80000B042BBD8E068F8B183
:10DD6000616851F83710896D0E88CEB130F9150011
:10DD7000F3F7FCFC002000E00CE00090642006FBC0
:10DD800000F3294620462269F9F7D2FBE16821F821
:10DD900015000EE06069A26901210089128930B97D
:10DDA00007E001290AD004291BD005293CD0904264
:10DDB000F7D9002009B0BDE8F08F3BE0B9F800309A
:10DDC000D4F8041051F83060B66936689E4201D12B
:10DDD000042116E06D1C401C80B2EDB29042F1D9D6
:10DDE000E7E7616851F83010896A0B78FD2B07D09E
:10DDF000D9B2FC2908D0FF291ED0FE291CD019E079
:10DE000005219042CFD9D4E7A36805EBC50113F8EB
:10DE10001160F60706D0062000EB4100191894F8AF
:10DE2000E1012CE09042C4D86A4629462046FDF71D
:10DE3000CBF908B3FF20BDE7A16805EBC5060220BA
:10DE400000EB4607C85FF3F791FCA168C853A168CF
:10DE5000042000EB4607C85FF3F788FCA168C853AD
:10DE6000A06810F8161021F0010100F816102946DC
:10DE70002046F8F73DFF9CE794F8E1016946FDF77D
:10DE8000C3FB96E72DE9F04F8DB000268DF80860B2
:10DE90000C9604464069A36981460D4600881A889D
:10DEA0003146D8B14FF0040C904217D867680CEB9C
:10DEB000C00817F80880B8F1010F72D957F8307010
:10DEC000B5F80080BF693F68474502D1012703913B
:10DED00025E0491C401CC9B280B2E5E7B9F8020050
:10DEE0005A88002100285CD00423904259D86768E2
:10DEF00003EBC00C17F80CC0BCF1030F51D957F855
:10DF00003070B5F800C0BF6A3F68674511D1039112
:10DF10006168022751F83000806B00780C90E87837
:10DF20004FF00069082809D0CDE9006900233A467E
:10DF30009CE0491C401CC9B280B2D6E702AB3A460D
:10DF400020460399FEF779F8E8B9012F02D0022F95
:10DF50000DD018E09DF80810C1EBC10101EB4101A3
:10DF600004EB810191F82A10042921D00BE09DF8DF
:10DF70000810C1EBC10101EB410104EB810191F8F3
:10DF80002A10052914D029794909DFF85484DFF8CB
:10DF900054A405F108020DF1180B089207296FD25D
:10DFA00000E067E0DFE801F009FDFCFB86FAF9001C
:10DFB000297980297ED00621E7E7012F02D00028A9
:10DFC00079D051E0E8BB9DF80800C0EBC00000EB41
:10DFD000400004EB800090F82A10022944D1B0F9E7
:10DFE0007400411C1DD0F3F7C1FB9DF80810FE4BD7
:10DFF000C1EBC10101EB410104EB8101FB4AA1F836
:10E00000740000969DF808102046F9F791FA9DF8E3
:10E010000810C1EBC10101EB410104EB8101A1F842
:10E0200074009DF80800C0EBC00000EB400004EB5A
:10E030008000018E059190F8328090F82B1028799D
:10E0400000E011E0C0F3001291427DD1C0F3420024
:10E05000C0F107026B1D0A929DF808102046F9F7DF
:10E060000FF9002871D10CE00023FDE3204603994D
:10E07000FDF7C9FE0DB0FF20BDE8F08F059BF4E36E
:10E08000F4E39DF808002021C0EBC00000EB400045
:10E0900004EB800090F82B0041EA00108DF8180086
:10E0A000012059460E54401C0828FBD306AB3946C4
:10E0B000204601E0E3E322E0039A02F098F99DF89C
:10E0C0000800C0EBC00000EB400004EB800090F8BB
:10E0D0002B1079B15FF0000180F82B102879C00770
:10E0E0007DD09DF808102046F9F7B0F820B1CDE9B1
:10E0F0000080C3E70121EFE79DF80810FEE39DF8DB
:10E100000800C0EBC00000EB400004EB800090F87A
:10E110002A100329A8D1B0F97400411C20D0F3F7CC
:10E1200025FB9DF80810B04BC1EBC10101EB41018B
:10E1300004EB8101AD4AA1F8740000969DF8081027
:10E140002046F9F7F5F901E09BE09BE09DF8081007
:10E15000C1EBC10101EB410104EB8101A1F87400A5
:10E160009DF80800C0EBC00000EB400004EB80000D
:10E17000018E059190F8328090F82B102879C0F329
:10E18000001291427DD1C0F34200C0F107026B1D25
:10E190000A929DF80810204604E0FDE3B6E35AE237
:10E1A0004FE13CE0F9F76CF800286BD19DF80800CE
:10E1B000C0EBC00000EB400004EB800191F82B00A5
:10E1C000F8B1002081F82B002979C9071BD000BFC6
:10E1D0009DF80800C0EBC00000EB400000E058E3F1
:10E1E00004EB8000B0F97400F3F7C0FA9DF8081052
:10E1F000C1EBC10101EB410104EB8101A1F8740005
:10E20000FBE10120DEE7602141EA00108DF81800F3
:10E21000012059460E54401C0828FBD31AE2012F56
:10E220006CD000287FF4CDAE9DF80800C0EBC00094
:10E2300000EB400004EB800090F82A100229F1D195
:10E24000B0F97400411C20D0F3F790FA9DF8081043
:10E25000654BC1EBC10101EB410104EB8101634A54
:10E26000A1F8740000969DF808102046F9F760F9AF
:10E270009DF80810C1EBC10101EB410104EB8101E4
:10E2800001E093E0B4E0A1F874009DF80810C1EB40
:10E29000C10000EB400004EB8000028E059290F874
:10E2A00032802A7990F82B00C2F3001290427DD17F
:10E2B0000AAA2046FDF7E0FE0A98002888D0072821
:10E2C0009DF80800C0EBC00000EB400004EB8001AB
:10E2D00091F82B006BD9E8B35FF0000081F82B00B8
:10E2E00000018DF818009DF808100BF101030722BA
:10E2F0002046FEF7EBFB00287AD18FE7B5F8051032
:10E30000059195F807A040B102AA39462046FDF7CD
:10E3100078FE28B1CDE900A8B0E6CDE900A8ADE6C9
:10E320000220CDE900A09DF808102046059B039A25
:10E33000FEF71AFB28794108C90726D09DF8081076
:10E34000C0F38100C0F10400C1EBC1010A9001EBF0
:10E35000410100E051E004EB810148639DF80810A1
:10E360002046089B0A9AF8F78BFF20BB9DF80810FF
:10E370002046F8F76BFF10B1CDE900A07EE69DF8CE
:10E380000810204601F0AAFE18E0C00716D0287A2F
:10E39000697AEA7A00EB0120A97A090401EB0261AB
:10E3A00042180A929DF80810204601E0F7E126E0A5
:10E3B00002F08EF910B1CDE900A95FE660208DF87A
:10E3C000180005988DF81900000A8DF81A008DF8CC
:10E3D0001BA0042059460E54401C0828FBD339E1E9
:10E3E0002100000800000305E0930400C970000844
:10E3F0009AE020460C9990474BE201206EE7B0B1BD
:10E400005FF0000081F82B000A9A0001C2F10703B7
:10E4100040EA4300401C8DF818009DF808100BF1ED
:10E4200001032046FEF752FB00287DD101E00120C8
:10E43000E8E759460A9800E00E54401C0828FBD330
:10E4400008E1012F4DD000287FF4BBAD9DF80800F6
:10E45000C0EBC00000EB400004EB800090F82A10F5
:10E460000329F1D1B0F97400411C1DD0F3F77EF9F6
:10E470009DF80810FA4BC1EBC10101EB410104EB1F
:10E480008101F84AA1F8740000969DF80810204612
:10E49000F9F74EF89DF80810C1EBC10101EB4101FD
:10E4A00004EB8101A1F874009DF80800C0EBC000E6
:10E4B00000EB400004EB8000B0F830A090F8328010
:10E4C00028794108C9076ED0C0F38100C0F1040269
:10E4D0000A929DF808102046089BF8F7D1FEE0BB91
:10E4E0006BE0B5F80510ED798A4650B102AA3946BD
:10E4F0002046FDF786FD30B15346CDE900583A4637
:10E50000B4E50B46F9E70320CDE9005053469DF8EA
:10E5100008102046039AFEF727FA9DF808102046B7
:10E52000FEF7D1FD30B100E077E1CDE90050534670
:10E530003A469BE50AAA9DF808102046FDF79CFD87
:10E540000A9A042A16D941208DF818008DF819A0CE
:10E550004FEA1A208DF81A0000E06DE08DF81C20BB
:10E56000100A8DF81D00100C8DF81E008DF81B5040
:10E57000100E59E2C2F10400432141EA80008DF8F7
:10E5800018008DF819A04FEA1A208DF81A008DF89E
:10E590001B500BF104039DF808102046FEF796FA75
:10E5A00010B1534658E134E00A985946001D01E085
:10E5B0000E54401C0828FBD339E19DF80800C0EB3D
:10E5C000C00000EB400004EB8000B0F97400F3F7EA
:10E5D000CDF89DF80810C1EBC10101EB410104EB3E
:10E5E0008101A1F874009DF808100A98C1EBC101DF
:10E5F00001EB410104EB810148639DF80810012003
:10E60000C1EBC10101EB410104EB810181F82A005A
:10E610006DE1C00715D0287A697AEA7A00EB01200B
:10E62000A97A090401EB026142180A929DF80810C8
:10E63000204602F04DF820B153463A46CDE9008914
:10E6400014E560208DF81800012059460E54401C36
:10E650000828FBD365E2012F5CD000287FF4B1AC21
:10E660009DF80800C0EBC00000EB400004EB800008
:10E6700090F82A100229F1D1B0F97400411C1DD084
:10E68000F3F774F89DF80810754BC1EBC10101EB6D
:10E69000410104EB8101734AA1F8740000969DF8D2
:10E6A00008102046F8F744FF9DF80810C1EBC1019F
:10E6B00001EB410104EB8101A1F874009DF8081001
:10E6C0000AAAC1EBC10000EB400004EB8000B0F8E7
:10E6D000308090F832502046FDF7CEFC0A9A002A8E
:10E6E0003FF476AD9DF80810072AC1EBC10000EB9E
:10E6F000400004EB800090F82B004FEA00107CD91A
:10E700008DF818000BF1010307222046FEF7DEF911
:10E71000E8BB06E20028A1D19DF80800C0EBC000CC
:10E7200000EB400004EB800090F82A10032995D1FB
:10E73000B0F97400411C1DD0F3F718F89DF80810CB
:10E74000474BC1EBC10101EB410104EB8101454A9B
:10E75000A1F8740000969DF808102046F8F7E8FE2E
:10E760009DF80810C1EBC10101EB410104EB8101EF
:10E77000A1F874009DF80810C1EBC10000EB400047
:10E7800004EB8000028E059290F8328000E062E097
:10E790002A7990F82B00C2F30012904202D0CDE902
:10E7A000008A6BE40AAA2046FDF766FC9DF8081073
:10E7B0000A9AC1EBC10000EB400004EB8000072A7D
:10E7C00090F82B004FEA00101AD98DF818000BF1C1
:10E7D000010307222046FEF779F9F0B99DF80800F9
:10E7E000C0EBC00000EB400004EB800090F82B1061
:10E7F00021B1002180F82B1093E11FE00121F9E7FE
:10E80000C2F1070340EA4300401C8DF818000BF1E9
:10E8100001032046FEF75AF910B1CDE900892DE435
:10E8200059460A9800E00E54401C0828FBD306AB5A
:10E8300039462046039A01F0DAFD5DE4C2F1070390
:10E8400040EA4300401C8DF818000BF101032046FC
:10E85000FEF73CF958B14346CDE900593A4605E484
:10E86000E0930400C970000882E0FDE3FDE359462F
:10E870000A9800E00E54401C0828FBD351E1AA7A04
:10E880002989012F62F31F41EA7A41EA026501D02A
:10E8900018B195E20028D0D092E29DF80800C0EBB4
:10E8A000C00000EB400004EB8000B0F97400F2F708
:10E8B0005DFF9DF80810C1EBC10101EB410104EBC4
:10E8C0008101A1F874009DF808108020C1EBC101FE
:10E8D00001EB410104EB810181F82A009DF8080059
:10E8E000C0EBC00000EB400004EB8000C5629DF867
:10E8F0000800C0EBC00000EB400000E0A6E004EB25
:10E900008000826F002A7FF474AD59E22979012FCB
:10E9100001F0030A0BD0BAF1000F7CD0BAF1020F5C
:10E9200079D0BAF1010F3FF453ACFFF79DBBBAF1B8
:10E93000000F09D0BAF1010F79D0BAF1020F6CD0F3
:10E94000BAF1030F69D03BE2B5F80510EE798946BC
:10E9500028B1287A7F2804D9FB480B4637E00B46BC
:10E9600006E002AA39462046FDF74BFB20B14B4694
:10E97000CDE900683A46C3E50520CDE900604B4685
:10E980009DF808102046039AFDF7EEFF28799DF8C0
:10E990000810C0F3800000E03EE2C1EBC10101EBD2
:10E9A000410104EB810181F85C009DF80810287A90
:10E9B000C1EBC10101EB410104EB810181F85D0074
:10E9C0009DF808102046FEF77EFB20B14B46CDE9AE
:10E9D00000603A4694E50AAA9DF808102046FDF723
:10E9E0004BFB9DF808100A98C1EBC10101EB4101F6
:10E9F00004EB81010866C2208DF818008DF819908B
:10EA00004FEA19208DF81A000A988DF81B608DF8CE
:10EA10001C00010A02E0EEE009E01BE08DF81D1089
:10EA2000010C8DF81E10000E8DF81F008CE30028DD
:10EA30007FF47BAF9DF80810C1EBC10000EB4000F4
:10EA400004EB800090F82A000528F1D1204601F05F
:10EA500045FBE8E30028EBD19DF80800C0EBC000BF
:10EA600000EB400004EB800090F82A100529DFD16C
:10EA7000B0F97400411C1DD0F2F778FE9DF8081023
:10EA8000B24BC1EBC10101EB410104EB8101B04A82
:10EA9000A1F8740000969DF808102046F8F748FD8C
:10EAA0009DF80810C1EBC10101EB410104EB8101AC
:10EAB000A1F874009DF80800BAF1020FC0EBC00085
:10EAC00000EB400004EB8000018E059190F83210BD
:10EAD0000B9140D1A97980F85D1068790AAA00F0FD
:10EAE0007F039DF808102046FDF7C6FA0A98C8B9BA
:10EAF0009DF80800C0EBC00000EB400004EB800074
:10EB000090F8681099420DD190F86910C12040EA40
:10EB100081008DF81800012059460E54401C082829
:10EB2000FBD311E39DF80800C3EBC302C0EBC000A8
:10EB300000EB400004EB8000416E114481639DF8BE
:10EB40000800C0EBC00000EB400004EB8000406B0D
:10EB500081423FF6EAAE9DF808000125C0EBC000F7
:10EB600000EB400004EB8000816B41661EE000BFBB
:10EB700081F868500AAA9DF808102046FDF77CFA33
:10EB80000A9807281FD98DF818500BF101030722A6
:10EB90009DF808102046FDF799FF08BB06AB3946E3
:10EBA0002046039A01F023FC6D1CEDB29DF808008D
:10EBB000C0EBC00000EB400004EB800191F85D0069
:10EBC000A842D5D22FE345F080008DF818005D46AD
:10EBD0006B1C9DF8081020460A9AFDF777FF18B1C4
:10EBE0000B99CDE90019DCE50A9800E02E54401C91
:10EBF0000828FBD3FCE000287FF497AE9DF80800BE
:10EC0000C0EBC00000EB400004EB800090F82A103D
:10EC10000429F1D1018E059190F832100B91B0F9D1
:10EC20007400411C1DD0F2F7A1FD9DF80810474B60
:10EC3000C1EBC10101EB410104EB8101444AA1F8A0
:10EC4000740000969DF808102046F8F771FC9DF8B6
:10EC50000810C1EBC10101EB410104EB8101A1F8F6
:10EC60007400BAF1000F07D0A8797F2820D936495F
:10EC70000B98CDE9000194E5287A7F28F7D89DF814
:10EC800008102879C1EBC10101EB410104EB8101BE
:10EC9000C0F3800081F85C009DF80810287AC1EB71
:10ECA000C10101EB410104EB810181F85D0051E0FC
:10ECB0009DF808100AAAC1EBC10101EB410104EB68
:10ECC000810181F85D0068799DF8081000F07F03EC
:10ECD0002046FDF7D1F90A98C8B99DF80800C0EBA5
:10ECE000C00000EB400004EB800090F868109942EF
:10ECF0000DD190F86910C12040EA81008DF818000C
:10ED0000012059460E54401C0828FBD31CE29DF8F4
:10ED10000800C3EBC302C0EBC00000EB400004EBF3
:10ED20008000416E114481639DF80800C0EBC00073
:10ED300000EB400004EB8000406B81420AD90B9944
:10ED4000CDE900182DE5000002000405E093040061
:10ED5000C97000089DF808000125C0EBC00000EB59
:10ED6000400004EB8000816B41661DE080F8685034
:10ED70000AAA9DF808102046FDF77EF90A98072890
:10ED80001FD98DF818500BF1010307229DF80810C8
:10ED90002046FDF79BFE08BB06AB39462046039A8A
:10EDA00001F025FB6D1CEDB29DF80800C0EBC00022
:10EDB00000EB400004EB800090F85D10A942D5D232
:10EDC00031E245F080008DF818005D466B1C9DF81F
:10EDD000081020460A9AFDF779FE18B10B98CDE984
:10EDE0000009DEE40A9800E02E54401C0828FBD3FA
:10EDF00006AB39462046039A01F0F9FA9DF808104F
:10EE00000A98C1EBC10101EB410104EB8101C0F1A2
:10EE1000070081F8690006E24FF0100A012F3CD08C
:10EE200000287FF482AD9DF80800C0EBC00000EB25
:10EE3000400004EB8000B0F97400411C1DD0F2F7D3
:10EE400095FC9DF80810C1EBC10101EB410104EBF9
:10EE50008101A1F87400FE4BFE4A00969DF808104F
:10EE60002046F8F765FB9DF80810C1EBC10101EBE6
:10EE7000410104EB8101A1F874009DF80810C1EB79
:10EE8000C10000EB400004EB800393F86A00E8B394
:10EE9000012874D0022873D0C5E1C0B3287910F0DE
:10EEA000010FBED1B5F805B095F8079002AA394612
:10EEB0002046FDF7A6F820B1CDE900985B463A461A
:10EEC000CDE40420CDE900905B469DF80810204673
:10EED000039AFDF749FD9DF808100120C1EBC1011F
:10EEE00001EB410104EB810181F86A009DF80810F3
:10EEF0002879C1EBC10101EB410104EB8101C0F3B1
:10EF0000800081F85C002879800701E0EAE027E0D2
:10EF100012D5287A697AEA7A00EB0120A97A0904E5
:10EF200001EB026108449DF80810C1EBC10101EB3F
:10EF3000410104EB81010866A0208DF818008DF8CE
:10EF40001CA08DF819B04FEA1B208DF81F608DF8BA
:10EF50001A008DF81E608DF81B908DF81D60F3E08F
:10EF60009DF80800C0EBC00000EB400004EB8000FF
:10EF700090F86A10012904D0022940D053E1EAE058
:10EF800055E1B0F97400411C1DD0F2F7EFFB9DF87C
:10EF90000810AF4BC1EBC10101EB410104EB810152
:10EFA000AC4AA1F8740000969DF808102046F8F7C6
:10EFB000BFFA9DF80810C1EBC10101EB410104EB60
:10EFC0008101A1F87400287900F07F0800069DF8FF
:10EFD0000800C0EBC00000EB400004EB800090F89C
:10EFE000681001F1010105D5414575D1022180F874
:10EFF0006A10BEE0414571D180F86880FBE0297954
:10F00000C9073FF492ACB0F97400411C1DD0F2F76F
:10F01000ADFB9DF808108E4BC1EBC10101EB410126
:10F0200004EB81018B4AA1F8740000969DF808104A
:10F030002046F8F77DFA9DF80810C1EBC10101EBFD
:10F04000410104EB8101A1F874009DF808102879B2
:10F05000C1EBC10202EB4202C0F3820004EB820367
:10F06000C0F10702204601E03AE016E16C33F8F700
:10F0700007F990BB9DF80800C0EBC00000EB400012
:10F0800004EB8000016E11B1826B91427ED1A12010
:10F090008DF81800012059460E54401C0828FBD357
:10F0A00006AB39462046039A01F0A1F99DF80810F5
:10F0B0002046F8F7CBF800283FF41EA89DF808106A
:10F0C000C1EBC10101EB410104EB810191F8322058
:10F0D000CDE900200B8E03E064E094E0A0E0038E15
:10F0E0003A4648E42879C00734D1012083F86A0001
:10F0F0009DF808102879C1EBC10101EB410104EB37
:10F100008101C0F3800081F85C002879800712D566
:10F11000287A697AEA7A00EB0120A97A090401EBDE
:10F12000026108449DF80810C1EBC10101EB4101E7
:10F1300004EB81010866A3208DF8180001205946D0
:10F140000E54401C0828FBD306AB39462046039AD0
:10F1500001F04DF967E0287900F07F08000693F888
:10F16000680000F1010042D540451BD1022083F820
:10F170006A009DF80810C1EBC10101EB410104EBED
:10F18000810181F868809DF8080000E06FE0C0EB25
:10F19000C00000EB400004EB8000696840F86B1F82
:10F1A000A9684160A2208DF818009DF8080006AB00
:10F1B000C0EBC00000EB400004EB8000394690F843
:10F1C00068008DF819008DF81AA007968DF81B605D
:10F1D0002046039A01F00BF99DF80800C0EBC0002F
:10F1E00000EB400004EB800080F868601BE04045C5
:10F1F00016D183F868806B1D07229DF80810204601
:10F20000F8F73EF860B19DF80800C0EBC00000EBD5
:10F21000400004EB800090F83220CDE900295EE741
:10F22000B8F1100FBED00DB00020BDE8F08F2879E6
:10F23000C2073EF419AFC0F38200C0F107022046B6
:10F240006C33F8F71DF80028DDD19DF8080003E0C5
:10F25000E0930400C9700008C0EBC00000EB400060
:10F2600004EB8000016E39B1826B914204D090F8BA
:10F270003220CDE9002832E7A1208DF818000120C6
:10F2800059460E54401C0828FBD306AB394620468D
:10F29000039A01F0ACF8FEF79BBF0A4920B1CDE913
:10F2A000006100233A460BE69DF80800C0EBC00061
:10F2B00000EB400004EB800090F83220CDE9002103
:10F2C0000DE700000100040570B5D0F8D011044628
:10F2D000884794F88200002809D001212046FBF7D6
:10F2E00071FD0546D4F8D41120468847284670BDE4
:10F2F0002DE9F0410446817D407D02F03BFB05464F
:10F30000217EE07D02F036FB0246C0F3C7005107C4
:10F3100001D0401CC0B26075032184F89310E11C39
:10F32000123000230B5401261846103127E0EF1845
:10F33000BFB2D4F898E04FEA171C07F00F073EF869
:10F340001CC02CFA07FC5FEACC7794F8937006FA9D
:10F3500000FE17F801C002D04CEA0E0C01E02CEAC6
:10F360000E0C401CC0B207F801C0072805D994F85C
:10F37000937000207F1C84F893705B1C9BB29342B7
:10F38000D5D3500704D094F89300401C84F8930020
:10F3900094F893502046AD1C01F09CF868B2BDE88B
:10F3A000F0812DE9F0470446817D407D02F0E2FACC
:10F3B0008146217EE07D02F0DDFA0646002007232B
:10F3C0000146012524E004EB030C09EB010297B28E
:10F3D0009CF813C03A092CFA00FC1CF0010FD4F879
:10F3E00098C007F00F0705FA07F73CF8128002D023
:10F3F00048EA070801E028EA0708401CC0B22CF8D8
:10F400001280072802D900205B1CDBB2491C89B29C
:10F41000B142D8D3062084F893000825204601F095
:10F4200059F82846BDE8F08770B50446817D407DD7
:10F4300002F0A0FA0546217EE07D02F09BFAC0B200
:10F440004100617503212A1884F8931004F1130018
:10F450001AE000BFD4F8981094F8933031F81510E2
:10F46000090A195494F89310491CC9B284F89310EE
:10F47000D4F8983013F815300B5494F89310491CB5
:10F480006D1C84F89310ADB2AA42E3D8CDB22046E9
:10F49000AD1C01F01FF868B270BD00002DE9F0410D
:10F4A000134C0F460546E6682068001D01F09DFBE1
:10F4B000681C07D137B12168BDE8F0410D48091D2E
:10F4C00001F0E2BB20683544B5424560216805D2B1
:10F4D000A06BBDE8F041091D01F0BEBB606B091DCA
:10F4E00001F0BAFBA06A854200D2A562BDE8F081B6
:10F4F00004010020B02400202DE9F041054601F070
:10F50000CFFB2D4CA068401CA06020682B4F10B191
:10F51000606930B32BE02560A068012827D1002660
:10F5200006EB860007EB800001F088FB761C382E86
:10F53000F6D3234801F082FB2148143001F07EFB12
:10F540001F48283001F07AFB1D483C3001F076FB63
:10F550001B48503001F072FB194860631430A063FF
:10F5600005E02068E96AC06A884200D82560606AC0
:10F57000401C60626864E86A2169884200D92061A1
:10F5800000EB800007EB8000291D01F07DFB01F0FE
:10F59000A7FB606900280CD02068E96AC06A88422D
:10F5A00007D208494FF080500860BFF34F8FBFF378
:10F5B0006F8FBDE8F08100000401002000200020D2
:10F5C0006024002004ED00E038B501F069FB104C28
:10F5D0002068C0B90F4801F031FB0E48143001F02B
:10F5E0002DFB0C48E0601430206100200A4B009095
:10F5F00003F1500210211E2002F011FB206010B117
:10F6000006A101F0EFFBBDE8384001F069BB000046
:10F6100040010020F4260020C4240020546D7251C3
:10F620000000000030B4026C0B46002A0BD0C16809
:10F630001144C1608468A14201D30168C16030BC3B
:10F640001846F0F756BE30BC70472DE9F041856B87
:10F65000174604460026026C82B1C7B1E068F0F795
:10F6600048FEE168206C091AE1602268914202D2EA
:10F67000A168081AE060022F16D017E02068A8B928
:10F68000A06803F051F806460020A0600EE0606814
:10F69000F0F72FFE216C606808446060A168884222
:10F6A00004D32068606001E005B16D1E6D1CA56388
:10F6B0003046BDE8F08110B5044690F8590058B1C5
:10F6C00001280CD002280FD0502080F31188BFF3FE
:10F6D0004F8FBFF36F8FFEE7206B01F015FB2046C5
:10F6E000BDE8104001F010BB10BD000010484FF401
:10F6F000C041420706D0C01D0D4920F00700411A45
:10F70000C1F5C0410B4A00230144C2E90003083996
:10F71000183A21F0070111604B600B600B1AC0E929
:10F72000001393604FF00040536050617047000039
:10F73000D42D002070010020144E154CA6F29C47D9
:10F740004FF08058DFF84C9012E000BF01F0A8FAAB
:10F75000F068C568281D01F048FAA068401EA06046
:10F760006068401E606001F0BBFA2846FFF7A3FF07
:10F7700060680028EAD138680128F9D9C9F8008002
:10F78000BFF34F8FBFF36F8FF2E700009C24002080
:10F790000401002004ED00E0002807D00021816072
:10F7A00001600B460A46C16002F0B0BA7047000023
:10F7B00070B51D46049C51B1C4F80020C4E90F0186
:10F7C0000121204602F05EFA84F84C5070BD24609E
:10F7D000F4E700002DE9F05F8846DDE90B9415465B
:10F7E000834691009A460A9EA522206BF0F793FD6E
:10F7F0006FF00301206B01EB8501084420F007073F
:10F80000780707D0502080F31188BFF34F8FBFF3E4
:10F810006F8FFEE70025B8F1000F0FD05FF00000FA
:10F82000221818F8001082F8341018F8001011B1DE
:10F83000401C1028F4D384F8435001E084F834507D
:10F84000382E00D33726E662C4E91365201D01F087
:10F8500000FA04F1180001F0FCF92461C6F1380047
:10F860006462A061656584F858505246594638462E
:10F8700000F0A0FA2060B9F1000F01D0C9F80040F3
:10F88000BDE8F09F2DE9F0471E46DDE908941746D4
:10F890000D00804615D0002C11D0FFF795FE04F125
:10F8A0001801C4F8008081E86002201D01F0D1F940
:10F8B000002F04D014F8280F40F004002070BDE899
:10F8C000F087502080F31188BFF34F8FBFF36F8F05
:10F8D000FEE7000030B5114900E011460A68824297
:10F8E000FBD34B685C18844203D1406818444860DD
:10F8F000084643681C18944209D1084C183C2468F7
:10F90000A24209D052681A4442600A681268026032
:10F91000814200D0086030BD0460F9E7700100202A
:10F9200070B5002441600B4D0061914206D8D11A98
:10F930008269914206D2011D286907E09A4203D2EA
:10F94000994201D3012403E0011DE86801F084F924
:10F95000204670BD4001002010B5044601F0A0F91A
:10F96000A06B28B15FF0000401F0BAF9204610BD89
:10F970000124F9E730B589B03C4D6EE004980028C9
:10F9800006DADDE90601059A90470498002864DB51
:10F99000069C606910B1201D01F027F903A800F052
:10F9A000D7F8024604980A2857D2DFE800F0050588
:10F9B000052D334A05052D3394F8280040F0010049
:10F9C00084F828000599A069059B01442046FFF7AB
:10F9D000A7FF68B3216A2046884794F828004007AB
:10F9E0003BD5002000900598A169002342181946D4
:10F9F000204603F011F8D8B9502080F31188BFF3E6
:10FA00004F8FBFF36F8FFEE714F8280F20F001002F
:10FA1000207022E094F8280040F0010084F82800CB
:10FA20000598A06128B1811813462046FFF778FF9A
:10FA300013E0502080F31188BFF34F8FBFF36F8F17
:10FA4000FEE794F82800810703D4204601F05CF912
:10FA500003E020F0010084F82800002204A92868AF
:10FA600002F0B2FA002889D109B030BD400100206F
:10FA70002DE9FC410F46054601F098FB01A800F076
:10FA800067F80446019818B102F002FFBDE8FC8156
:10FA9000254EAFB130690068D0B30027291B3A4624
:10FAA000306801F0DFF902F0F3FE0028EED11F49C3
:10FAB0004FF080500860BFF34F8FBFF36F8FE5E7C3
:10FAC000A542EBD802F0E4FEF0682746C068C4689F
:10FAD000201D01F08AF894F82800410719D5A06983
:10FAE0002B4641193A462046FFF71AFFA8B10020DD
:10FAF0000346014600902A46204602F08DFF60B979
:10FB0000502080F31188BFF34F8FBFF36F8FFEE754
:10FB100007E020F0010084F82800216A2046884789
:10FB2000B4E70127BAE700004001002004ED00E03F
:10FB30000648416B096829B1416BC968C9684968C1
:10FB4000816270474FF0FF31FAE7000004010020A6
:10FB500070B5054602F076FD064E0446B068844254
:10FB600003D200F009F8012000E0002028602046C0
:10FB7000B46070BD40010020F8B5194D20E0C068A8
:10FB8000C4680668201D01F030F8216A20468847C5
:10FB900094F82800400713D5A0693044B04206D934
:10FBA00024616060211DE86801F056F808E000203B
:10FBB0000346014600903246204602F02DFF38B140
:10FBC000E86801680029DAD12969C5E90310F8BDA0
:10FBD000502080F31188BFF34F8FBFF36F8FFEE784
:10FBE0004001002008484068401C4FF0500080F35E
:10FBF000118804D0BFF34F8FBFF36F8FFEE7BFF3C1
:10FC00004F8FBFF36F8FFEE778010020074CE0684D
:10FC1000016841B1C0680021D0F80000FFF728FF5B
:10FC2000FFF7A8FEF3E701210020F7E740010020DD
:10FC30002DE9F041044601F033F894F9455004F100
:10FC4000240609E0606A48B1304602F0E9FD08B1D7
:10FC500001F0E6F96D1E6DB2002DF3DC4FF0FF36BA
:10FC600084F8456001F03CF801F01AF894F944502A
:10FC700004F1100709E0206948B1384602F0D0FDD0
:10FC800008B101F0CDF96D1E6DB2002DF3DC84F8E2
:10FC90004460BDE8F04101F023B800002DE9F041D7
:10FCA0000546002701F082FA324E306808B9FFF7A6
:10FCB0001DFD706905424ED1C5B3083568070ED0E9
:10FCC00005F00700C0F108000544680707D0502080
:10FCD00080F31188BFF34F8FBFF36F8FFEE72DB313
:10FCE0007068854237D82348183001460C6801E017
:10FCF00020460C466168A94202D221680029F7D14A
:10FD000031688C4227D00768216801606068083735
:10FD1000411B10290FD96019420708D0502080F3E9
:10FD20001188BFF34F8FBFF36F8FFEE713E0416081
:10FD30006560FFF7CFFD61687068401A7060B26857
:10FD4000904200D2B060706901430020C4E9000114
:10FD5000F068401CF06002F09BFD780707D050204F
:10FD600080F31188BFF34F8FBFF36F8FFEE73846E4
:10FD7000BDE8F081580100200449086818B10868FE
:10FD8000026D521C026508687047000004010020E3
:10FD900010B5040006D000F083FFE46900F0A0FF76
:10FDA000204610BD502080F31188BFF34F8FBFF362
:10FDB0006F8FFEE710B5031F4FF080741C601B1F90
:10FDC00021F001011960191F044B0B6014390A60FE
:10FDD000091F6FF0020244380A6010BDE5FB0008FD
:10FDE000016811F8012B01601046704701684A78DC
:10FDF00011F8023B016002EB032210467047F0B598
:10FE0000054608680026101A17460C4601280CDD26
:10FE10000846FFF7EBFF686021680A18BA4204D869
:10FE2000A96021680126084420600020286030462F
:10FE3000F0BDFEB50025DDE908468DE87000FAF753
:10FE400034FFFEBD2DE9F84F044600278B463D46A2
:10FE50000846F8F7E5FB0346606D61690122066814
:10FE6000B0470646012847D181465846F8F7D8FBE7
:10FE700001268246B04604E008F10108B8F1040FFB
:10FE800011DC606D53460122D0F800C06946E0479E
:10FE9000012808D19DF8000000F07F0101FB065504
:10FEA000F6010006E8D460692946401CF5F7A4FD78
:10FEB00000EB0906E068801BA84202D26FF0010641
:10FEC0001AE0002D0DDD5846F8F7AAFB03466069DD
:10FED0002A468119606D0668B047A84201D0002605
:10FEE0000AE06069A169007860F307073E0919B16B
:10FEF00004F16000F8F76CFB3046BDE8F88F0000B5
:10FF00002DE9F04704008A4616D054F8047CD4F852
:10FF100000903E1F564500D956462046FAF796F9FE
:10FF200005468846324621465046FCF763FD40B1FF
:10FF3000C0F80090BDE8F087BDE8F0470846FAF742
:10FF4000C7B944E9017955B129686A18211F8A4265
:10FF500002D9611B091F2960C5F80480EAE7024A3B
:10FF6000C2F80080E6E70000401000202DE9F74FBE
:10FF700014460546082803D94FF0FF30BDE8FE8F30
:10FF8000680101260830F9F725F800F00F00012874
:10FF900001D0B01FF2E724B341F6086000EB451032
:10FFA000F9F718F84FF6FF7101EA8020A04200D25D
:10FFB00004464FF4427000EB451841F60870DFF834
:10FFC0008CA000EB451B06FA05F92846FCF77EF8E5
:10FFD00006464046F8F7FEFF172816D01C2803D027
:10FFE0000DE06FF00D00C9E7CEB92846FCF794F894
:10FFF00007465846F8F7EEFFB7EB802F05D12846A5
:020000040801F1
:10000000FBF702FC6FF00600B8E7BAF8021019EA35
:10001000010F02D01EB90020B0E7002ED5D0A642B5
:1000200000D2344622462846019901F028FA4FF4BE
:10003000847000EB451005464021F9F731F8284659
:10004000F8F7C8FF0028FAD1204697E7840100207E
:10005000054A18B111B1C2E9030170470348D060E5
:1000600003481061704700009C01002083150108BF
:1000700085150108054A18B111B1C2E9050170479B
:100080000348506103489061704700009C010020C4
:10009000911501088F150108074A10B513889C05B2
:1000A000FDD518B111B1C2E9070110BD0348D061F7
:1000B0000348106210BD00009C010020B517010824
:1000C000B917010870B5054600242146284600F0FE
:1000D00005F8641C14F0FF04F7D070BD7CB5002453
:1000E0000D4606460094234622460194FCF73CFC4C
:1000F000C5EBC50000EB4000002206EB8000811834
:10010000521C81F83C40202AF9D380F82940C4626F
:100110007CBD002180F84111704700002DE9F74FA8
:1001200015460646082803D94FF0FF30BDE8FE8F7C
:10013000700101240830F8F74DFF00F00F0001288E
:1001400001D0A01FF2E775B14FF4427000EB4610EA
:100150000746F8F73FFF6FF0060B172806D01C285C
:1001600004D05846E2E76FF00D00DFE7DFF8E080EB
:10017000B440B8F80400044213D04FF4027000EB0E
:1001800046108146F8F726FF00F01F00C10627D56C
:1001900048461021F8F784FFB8F80410A143A8F8E6
:1001A000041041F6087000EB4610F8F713FF4FF605
:1001B000FF7101EA8020854200D90546F2F72AFD49
:1001C00082463046FBF7A8FF81463846F8F702FF23
:1001D000172808D01C2806D03046FBF715FBC0E7CF
:1001E000000711D405E0B8F80200044203D04D45E1
:1001F00001D900209AE74D4510D9F2F70BFDA0EB8D
:100200000A00B0F5FA7F05D93046FBF7FDFA6FF02A
:100210000C008BE70520FCF776FFD2E72A46304634
:10022000019901F05CF94FF4847000EB461006462A
:100230002021F8F735FF3046F8F7CCFE0028FAD138
:10024000B8F8041028460C43A8F804406EE70000F4
:10025000840100202DE9FF5F044690F88200894662
:1002600000B3A16809EBC90511F81500C00719D141
:100270006069018901EB090086B2606850F83600B8
:100280008069006800280DDB4FF00008CDF804807D
:10029000CDF8088001AA49462046CDF80C80FAF72F
:1002A00093FF18B1002004B0BDE8F09FA0680621BC
:1002B00001EB4501415ABDF804204FF00A0B914271
:1002C00010D1092101EB45019DF80720415C9142C5
:1002D00008D10BEB45010844082202A9F0F742F8C7
:1002E0000028E0D0606850F83600816D806B0E8881
:1002F0000788A6B1A168022000EB450A31F90A007F
:10030000F1F734FA642006FB00F3164A494620460A
:10031000CDF80080F7F70CF9A26822F80A00D7B1EF
:10032000A168042000EB4506885FF1F71FFA6420FE
:100330004743B7FBFBF30C4A49462046CDF8008003
:10034000F7F7F6F8A1688853A06810F8151041F087
:10035000010100F8151001AA4946204600F033F8C3
:100360000120A0E7F16C0008196D00080021FAF7E0
:1003700029BD2DE9F04190460E4605464FF0FF3766
:1003800000240DE04046F8F74BF903462869324651
:100390000119686DD0F804C0E047002807DB044469
:1003A000B44204DA4046F8F72EF90028EAD0B44205
:1003B00007D105F15800A969F8F70AF90020BDE84E
:1003C000F0813846FBE730B401EBC10106248368B5
:1003D00004EB4101194413680B6053684B60936848
:1003E0008B6090F8E10130BC1146FBF70DB93EB5CA
:1003F00090F87C40052C01D07F2C09D1012941695E
:1004000008D0498821B111448269528891420ED99D
:10041000FF203EBD09880029FAD011448269128864
:100420009142F5D8426852F83110896A03E0426877
:1004300052F8311089696A460988ADF80010002128
:100440008DF8021008218DF80310002155185C5C0E
:10045000491CC9B22C710829F8D390F8E101114662
:10046000FBF7D2F83EBD7CB58026DDE906548DF859
:1004700000608DF801301B0A8DF802308DF80440C1
:10048000230A8DF80530230C8DF80630230E8DF8E5
:1004900007308DF803506B46FFF7A9FF7CBD70B5A0
:1004A000054600F006F804462846FEF70DFF2046F4
:1004B00070BD0EB5D0F8C8110988ADF80010002144
:1004C0008DF802108DF8031090F8E1016946FBF7F2
:1004D0009BF80EBD38B5044690F8931013300546CE
:1004E000FAF7BBFF94F89320010A515594F8931042
:1004F000491CC9B284F89310485594F89300401CE5
:1005000084F89300E06838B16068F2F7A2FB218AB2
:100510000122E068F2F779FB94F8400194F8932007
:1005200001286068294618D0F4F73EF8FA21012026
:1005300000F0BEFA6068006801684906FCD5E06812
:1005400030B1218A0022F2F760FB6068F2F768FBA5
:1005500020780025042803D00CE0F4F76BF8E5E7D9
:1005600002F070F80246009500230221D4F8B4008E
:1005700002F052FA84F89350B4F89E00401CA4F89C
:100580009E0038BD2DE9FF4F4269002912887DD0B9
:100590007F297BD8FAB14368046853F83230247855
:1005A0009B6904F5C0651E68AE4201D0FF2C02D1E4
:1005B00001F5C0641C60436853F83220936A0268F6
:1005C0001D68127802F5B064A54201D0FF2A02D15D
:1005D00001F5B0621A603D4D426905F1200684695B
:1005E00096E8C0119288A4888DE8C01100236F4658
:1005F00012BB25E04668D0F8008056F8326098F8C3
:1006000000B0D6F818A0DAF8006026F0604C06F0CA
:10061000604957F8236006EB0B08E04502D0BBF1B8
:10062000FF0F05D106EB010C4CEA090CCAF800C01B
:100630005B1C521CDBB292B2A24201D8042BD9D36C
:10064000002330354269846995E8E01012892489D5
:100650008DE8E0106D461ABB26E04668D0F800C071
:1006600056F832609CF800A0D6F81890D9F80070BF
:1006700027F0604607F0604855F8237007EB0A0C36
:10068000B44502D0BAF1FF0F06D100E01CE07E189D
:1006900046EA0806C9F800605B1C521CDBB292B245
:1006A000A24201D8042BD8D30268D0F814321278B1
:1006B0001D6802F18004A54201D0FF2A02D101F198
:1006C00080021A6000680170BDE8FF8F6C2D010880
:1006D000202A01D9FF207047C1EBC10101EB410184
:1006E00000EB810042630020704700007CB50446A7
:1006F00090F87C00884244D0244D31B1042930D098
:1007000005291FD07F293FD10EE0D5E90001CDE9B1
:100710000001002084F87C006946204600F040F982
:10072000D4F8841020468847D5E90201CDE90001BC
:100730007F2084F87C006946204600F031F9D4F827
:1007400088101CE000B3D5E90401CDE900010520C3
:1007500084F87C006946204600F022F9D4F88C1019
:100760000DE088B1D5E90601CDE90001042084F847
:100770007C006946204600F013F9D4F8901020461A
:10078000884794F87C007CBDFF207CBD6C2D01085F
:1007900030B50A4C2268536A09490D685B1B4D68E5
:1007A0002B444B604FF6FF73181A086050622068A4
:1007B000016841F00101016030BD00009C1B002078
:1007C000341000200EB501680122097841F4E0617F
:1007D000ADF8001000218DF802108DF804108DF88E
:1007E000032090F8E1016946FAF70EFF0EBD000004
:1007F0002DE9F8431D4617460E460446082803D93E
:100800004FF0FF30BDE8F883012E08D0022E0ED045
:10081000032E0CD0042E0AD06FF00400F2E704225D
:1008200069464FF47060F8F701FC009848B1690719
:100830006FF00500E6D49DB1012E05D0022E0FD138
:1008400006E06FF00200DDE715F0210FDAD007E0D7
:10085000A90601D52906D5D5E90601D52906D1D5A0
:100860002046FAF7D1FF600105F0F0014FF00108D2
:1008700031430830F8F714FC224E57B93788781CFA
:1008800080B2A0F57F413080F03902D14FF4404072
:1008900030804FF48160390A00EB4410F8F700FC17
:1008A0004FF4A160F9B200EB4410F8F7F9FB4FF4F4
:1008B000847000EB441007460121F8F7F1FB38463D
:1008C000F8F788FB0028FAD108FA04F0718805F0DF
:1008D00001028143A2400A437280B1888143B18002
:1008E0000949002021F814000649891D08554FF4D4
:1008F000427000EB44152846F8F76CFB0028FAD04C
:1009000060B27FE784010020D48D002038B5044612
:10091000B0F9C401401C02D0204600F02BF8134B64
:10092000002241F205012046F6F7BCFA0F4B0022E7
:1009300041F206012046F6F7B5FAD4F8C80100687E
:10094000400011D5D4F8CC01006800280CD00A2250
:10095000B0FBF2F1B0FBF2F30091054A0021204612
:10096000F6F7E6FDA4F8C40138BD0000716C00087C
:100970003982000810B5002304461A4641F20501E9
:10098000F6F790FA00231A4641F206012046F6F7E0
:1009900089FAB4F9C401F0F7E9FEA4F8C40110BD66
:1009A0002DE9F0410D460446497890F97E00012674
:1009B000002719B148B984F87E6006E0012804D107
:1009C00084F87E702046FFF77DFBE878002894F8D5
:1009D000800006D060B984F880602046FFF796FF5B
:1009E00006E0012804D184F880702046FFF7C2FF9A
:1009F0002879002894F8810006D060B984F88160D5
:100A00002046FCF751F806E0012804D184F88170F3
:100A10002046FCF752F8A878002894F87F0006D00A
:100A200060B984F87F602046FBF7DCF906E0012816
:100A300004D184F87F702046FBF7E4F96879002838
:100A400094F8820006D060B984F882602046F6F7F8
:100A500079F906E0012804D184F882702046F6F77F
:100A60009DF92878002894F87D0005D0002801D150
:100A700084F87D60BDE8F0810128FBD184F87D70A9
:100A80002046BDE8F041FFF79DBE000072B6BFF3FF
:100A90004F8F05480168054A01F4E0611143016088
:100AA000BFF34F8F00BFFDE70CED00E00400FA0537
:100AB00070B50C46064600F0F3F8154D2868406DF9
:100AC00080B92968012081F858005CB101212046D5
:100AD000FEF7E4FC0F494FF080500860BFF34F8FE2
:100AE000BFF36F8F00F0FCF800F0DAF82868446D6F
:100AF000002034B116B12968486502E02A68611EF9
:100B00005165296881F8580000F0EAF8204670BD68
:100B10000401002004ED00E02DE9F0470546002720
:100B2000481B1646894606285DDBA81CFCF76BFDB2
:100B30000446A0F55C414FF48060814253D3A4F594
:100B40005841824651451AD2A81DA9EB00014FF029
:100B50000C08062947DB01785C2944D141787529C6
:100B600041D1801CFCF74FFDA0F55C4151453AD2C4
:100B7000C4F3090161F39F2000F5803002E04FF0DB
:100B800006082046802801D2012110E0B0F5006F50
:100B900002D20221C0270AE0B0F5803F02D2032131
:100BA000E02704E0B0F5881F1DD20421F0274A1E7B
:100BB00008E000BF00F0BF03346843F08003800901
:100BC000A354521E12F0FF02F4D1012901D9384377
:100BD00001E000F07F003268107030680844306037
:100BE0004046BDE8F0870020FBE7D0E9013201690B
:100BF0009A60D0E901235A604A68824201D1826832
:100C00004A60002202610868401E08600868704758
:100C1000034B036003F15C000860802010607047A4
:100C20001C270020044B036003F15C0008604FF4B4
:100C300080701060704700007829002000F10801E2
:100C40004FF0FF32C0E90112C16001610021016073
:100C5000704700210161704730B50B685A1C02D003
:100C600000F1080202E0026904E0224654682568A7
:100C70009D42FAD953684B6099608A60516008615F
:100C80000168491C016030BD42684A6093688B600E
:100C900093685960916008610168491C0160704760
:100CA000502080F31188BFF34F8FBFF36F8F0A4935
:100CB0004868401C486001280CD10848006810F0C2
:100CC000FF0F07D0502080F31188BFF34F8FBFF381
:100CD0006F8FFEE7704700007801002004ED00E010
:100CE0000849486828B1401E486001D180F3118846
:100CF0007047502080F31188BFF34F8FBFF36F8F81
:100D0000FEE700007801002070B500282AD0164DBB
:100D1000A0F1080460686969084207D1502080F397
:100D20001188BFF34F8FBFF36F8FFEE722683AB190
:100D3000502080F31188BFF34F8FBFF36F8FFEE712
:100D40008843606000F032FA60686968084468604F
:100D50002046FEF7BFFD2869401C2861BDE87040B1
:100D600001F096BD70BD0000580100204FF0E0205A
:100D700000210161816105494FF47A720968B1FB74
:100D8000F2F1491E41610721016170470001002015
:100D900010B5EFF761FA114910280ED300F1E020E9
:100DA00090F8F0030A78904207D2502080F311881F
:100DB000BFF34F8FBFF36F8FFEE709480068896864
:100DC00000F4E060884207D9502080F31188BFF317
:100DD0004F8FBFF36F8FFEE710BD0000780100203A
:100DE0000CED00E010B5084B002200BF53F8324074
:100DF0001CB1521C082AF9D310BD43F8321003EB82
:100E0000C201486010BD0000C01F002010B50400E2
:100E10000AD000F013F894F8460000280CD12046C0
:100E2000BDE81040FFF770BF502080F31188BFF37A
:100E30004F8FBFF36F8FFEE710BD0000084A0021FF
:100E400002EBC1035B68834206D1002042F8310007
:100E500002EBC10148607047491C0829F0D3704774
:100E6000C01F002070B515460E460446FFF718FF58
:100E700094F944100020491C01D184F8440094F9ED
:100E80004510491C01D184F84500FFF729FFA06BEC
:100E900028B92A46314604F1240000F0DFF8204644
:100EA000BDE87040FEF7C4BE10B5020014D00F4874
:100EB000006B38B1502080F31188BFF34F8FBFF320
:100EC0006F8FFEE700F072F900211046FEF7E6FA98
:100ED00001F0DEFC002807D105494FF08050086082
:100EE000BFF34F8FBFF36F8F10BD000004010020D0
:100EF00004ED00E070B50D4604000BD095B11E4A1C
:100F0000106BB8B1502080F31188BFF34F8FBFF33F
:100F10006F8FFEE7502080F31188BFF34F8FBFF330
:100F20006F8FFEE7502080F31188BFF34F8FBFF320
:100F30006F8FFEE700F03AF9D2682368591993429F
:100F400004D98B420AD9914202D807E08B42FAD9E0
:100F5000881A21600021FEF7A1FA00E0216001F06B
:100F600097FC002807D105494FF080500860BFF377
:100F70004F8FBFF36F8F70BD0401002004ED00E0C0
:100F800070B50546FFF78CFE1E4C05B92568281D77
:100F9000FFF72BFEA86A18B105F11800FFF725FE30
:100FA000606A401C60622068854207D1291D16488E
:100FB000FFF76AFE6068401C606007E0A068401EA2
:100FC000A0602846FEF777FBFEF7B2FDFFF788FE2C
:100FD0006069002814D02068854211D1206B38B197
:100FE000502080F31188BFF34F8FBFF36F8FFEE760
:100FF00006494FF080500860BFF34F8FBFF36F8FEB
:1010000070BD0000040100209C24002004ED00E0DD
:1010100002490A6A0260C968416070470401002001
:1010200001490120C86170470401002010B50C4639
:1010300050B1094909681831FFF70EFE2046BDE896
:1010400010400121FEF72ABA502080F31188BFF327
:101050004F8FBFF36F8FFEE70401002070B5144679
:101060000D4668B10A4909681831FFF70DFE0CB149
:101070004FF0FF3521462846BDE87040FEF70EBA16
:10108000502080F31188BFF34F8FBFF36F8FFEE7BF
:101090000401002070B504003ED0226DA2B1E06CC6
:1010A000884200D30146E06A884235D0012A33D114
:1010B0001A4D2A6894420FD1502080F31188BFF353
:1010C0004F8FBFF36F8FFEE7502080F31188BFF37F
:1010D0004F8FBFF36F8FFEE7E162A269002A02DB48
:1010E000C1F13801A1610E4E00EB8000616906EB91
:1010F0008000814210D1201DFFF777FDE06A296949
:10110000884200D9286100EB800006EB8000211D99
:10111000BDE87040FFF7B8BD70BD000004010020BD
:101120000020002030B587B00024039405AA04A94C
:1011300003A80494FFF76CFDDDE903010094CDE9F9
:101140000110002315A11748059A01F04AF9164D20
:101150000028E8621FD001F02FFC012809D0401CB4
:1011600019D1502080F31188BFF34F8FBFF36F8FD9
:10117000FEE7502080F31188BFF34F8FBFF36F8FCE
:101180004FF0FF30A86201206861EC6007B0BDE855
:10119000304000F04BBC07B030BD000049444C4526
:1011A0000000000039F70008040100200248016B2C
:1011B000491C01637047000004010020164810B567
:1011C000016B11B10121C16110BD0021C161016933
:1011D000124A01E0B9B1491E01EB810352F82330F4
:1011E000002BF7D001EB810302EB830202F108042C
:1011F00053685B685360A34201D15B685360DA684F
:101200000260016110BD502080F31188BFF34F8F41
:10121000BFF36F8FFEE700000401002000200020D4
:101220002DE9F8430024124D804627462E1F1AE070
:1012300055F82400D0F8B020424513D10178042994
:1012400007D100970023D0F8B4001A46032101F01B
:10125000E3FB55F8240000230322D0F8AC00194624
:1012600001F0EAF8641C30788442E1DBBDE8F883E1
:10127000D80100202DE9F0410D4D002406466FF005
:1012800007082F1F0EE000BF55F82400D0F8B41057
:10129000B14206D1D0F8AC0000230322414601F050
:1012A000CBF8641C38788442EEDBBDE8F0810000A6
:1012B000D801002030B5044690F8930004F11101E4
:1012C0000144801E09884DBAC1B204F11300FAF737
:1012D000C4F8A84205D034F8A00F401C2080FC20A0
:1012E00030BD217D080605D534F8A00F401C2080B4
:1012F000FB2030BD084A0020135C8B4201D1002046
:1013000030BD401CC0B20828F6D334F8A00F401CF2
:101310002080012030BD0000F42C01082DE9F041AF
:10132000044690F8930004F111010144801E0988DD
:101330004DBAC1B204F11300FAF78FF8A84206D0F3
:1013400034F8A00F401C2080FC20BDE8F0813F4A0B
:10135000217D0020135C8B420DD14FF4807605294E
:1013600040D012DC012917D0022915D0032953D00F
:10137000042969D150E0401CC0B20828EAD334F8EF
:10138000A00F401C20800120DFE706293BD00F2959
:1013900002D0102958D13FE0A17D607D00F0EAFA2B
:1013A0000709217EE07D00F0E5FA0509217EE07D58
:1013B00000F0E0FA000700D06D1CB4F8A410781912
:1013C000884237D8217EE07D00F0D4FAC508217E1E
:1013D000E07D00F0CFFA400700D06D1C6D1DB542D6
:1013E00030D831E0A17D607D00F0C4FA0509A17D0F
:1013F000607D00F0BFFA000700D06D1CB4F8A400B7
:10140000A84217D320E0A17D607D00F0B3FAB4F8C4
:10141000A41081420ED317E0A17D607D00F0AAFAEE
:101420000546217EE07D00F0A5FAB4F8A420291835
:10143000914201D9022088E7052101EB400080B2EA
:10144000B04201D9032080E700207EE7F42C010898
:101450002DE9F04116460D4607464FF0FF34304661
:10146000F7F7D1F840B931463846FAF741FB044660
:10147000A84201D0002CF2DA2046BDE8F0812DE927
:10148000F0475FEA02088946064626D042F6081071
:1014900000EB46152846F7F79DFD074642F6080083
:1014A00000EB46142046F7F795FD07EB002087B2C6
:1014B000380200EB4610424649461830F7F7B6FDB1
:1014C00007EB080086B2310A2046F7F7E9FDF1B2D2
:1014D0002846BDE8F047F7F7E3BDBDE8F0872DE902
:1014E000F0475FEA02088946064626D042F20850D5
:1014F00000EB46152846F7F76DFD074642F2084017
:1015000000EB46142046F7F765FD07EB002087B295
:10151000380200EB4610424649461030F7F7F0FD1E
:1015200007EB080086B2310A2046F7F7B9FDF1B2A1
:101530002846BDE8F047F7F7B3BDBDE8F08700786F
:1015400070470170704700002DE9F041050A00F076
:10155000F0014FF4A850F7F7A3FD002401264FF443
:10156000027700BF06FA04F0284204D007EB4410CB
:101570001F21F7F795FD641CE4B2082CF2D3BDE8F7
:10158000F0817047704772B6704762B67047704717
:1015900070470000012211030148F1F736BB00003B
:1015A0000004024010B54FF4A850F7F713FD00F007
:1015B000F0044FF4B850F7F70DFD04EB002080B2B3
:1015C00010BD10B54FF4B050F7F704FD04464FF4CA
:1015D000C050F7F7FFFC04EB002080B210BD000004
:1015E00010B50446014606224FF41060F7F71EFDC1
:1015F000042204F10E019001F7F718FD042204F112
:101600000A014FF4A060F7F711FD0422A11D4FF469
:101610007060F7F70BFD07480178A1744178E17419
:1016200081782175C07860750248401E0078A075E9
:1016300010BD0000950100200020F7F7CBBC70B56D
:1016400004464FF4D850F7F7C5FC20704FF4D05043
:10165000F7F7C0FC05464FF4C850F7F7BBFC05EBA5
:101660000020608070BD2DE9F0410D460646002443
:1016700000F0A3F84FF0FF38AEB10022B05C204478
:1016800044B2102C17DC521C52B2082AF6DB00249C
:1016900041F60877315D07EB4410F7F701FD641C54
:1016A00064B2082CF6DBCDB1002108462A5C114457
:1016B00049B2102902DD4046BDE8F081401C40B22D
:1016C0000828F3DB002441F60866295D06EB441088
:1016D000F7F7E6FC641C64B2082CF6DB0020EBE7AD
:1016E000F7F706BC00224FF480510148F1F78DBA9C
:1016F0000004024010B5C1B2040A4FF4B050F7F72D
:10170000CFFC2146BDE810404FF4C050F7F7C8BCED
:1017100010B50446014606224FF41060F7F7F0FCBE
:10172000042204F10E019001F7F7EAFC042204F10F
:101730000A014FF4A060F7F7E3FC0422A11D4FF467
:101740007060F7F7DDFC0748A17C0170E17C417017
:10175000217D8170617DC1700249A07D491E0870A4
:1017600010BD00009501002010B5044630F03A008D
:1017700002D04FF0FF3010BD0020F7F72BFC40EAFD
:1017800004010020F7F78CFC002010BD10B50446C2
:1017900001784FF4D850F7F783FC6088010A4FF4C2
:1017A000C850F7F77DFCA178BDE810404FF4D05049
:1017B000F7F776BC002070477047F0B585B04FF45E
:1017C0001064062269462046F7F730FC0422950192
:1017D00002A92846F7F72AFC4FF4A066042203A9C1
:1017E0003046F7F723FC4FF47067042204A938460B
:1017F000F7F71CFC80210020F7F752FC0020F7F7D8
:10180000E9FB062269462046F7F77AFC042202A982
:101810002846F7F775FC042203A93046F7F770FC59
:10182000042204A93846F7F76BFC05B0F0BDF7F7C2
:1018300085BB10B504464FF43850F7F7CBFBC0F327
:101840008011217000F0380001220021202811D0E1
:1018500038280FD0617010280ED018280CD02028FE
:101860000AD0A170082809D0182807D0202805D050
:10187000E17010BD6270EEE7A270F3E7E27010BD98
:1018800010B500244FF43850F7F7A4FBC00700D080
:101890000124204610BD10B500244FF43850F7F74E
:1018A00099FBC0F3C200062800D10124204610BDD8
:1018B00010B54FF438542046F7F78CFB20F0800128
:1018C0002046F7F7EDFB2046F7F784FB40F0800158
:1018D0002046BDE81040F7F7E3BB10B502780021C1
:1018E000012A00D140214278012A06D0C2788078AE
:1018F000012A05D001280BD00CE041F0380109E0A5
:10190000012802D041F0080104E041F0180101E093
:1019100041F010014FF43850F7F7C2FBBDE810401A
:10192000FFF7C6BF70B504464FF438563046F7F798
:1019300051FB41064FF0FF351AD520F03800012C3D
:1019400010D040F038013046F7F7AAFBFFF7B0FFA0
:101950003046F7F73FFB012C07D000F0380038B1D4
:10196000002070BD40F03001EDE700F03000F6E7F8
:10197000284670BD61F3070260F30F2290B27047F2
:1019800070B504460E460846EEF7D7FC05460146FC
:10199000204600F00FF82A4631462068EEF7A9FCF1
:1019A00020682844206070BD026811700168491CDD
:1019B0000160704710B5CA17046801EB12631A0A78
:1019C00022700268521C026011700168491C01609B
:1019D00010BD70B5141E1E4605460BDD1146FFF7FF
:1019E000E9FF224631462868EEF783FC2868204448
:1019F000286070BD19B1BDE87040FFF7C1BFBDE8F8
:101A000070400021FFF7D6BFF0B587B00DF1300C64
:101A10004FF0000E9CE8F0004FF0010CCDE904C738
:101A20008DE87040F9F7E0FA07B0F0BD1CB5374813
:101A30000168374A914207D1502080F31188BFF3E3
:101A40004F8FBFF36F8FFEE700683149491E884210
:101A500007D1502080F31188BFF34F8FBFF36F8FF2
:101A6000FEE72C4908780190FF20087008788DF86F
:101A700000009DF800009DF8002000F0F00090426A
:101A800007D0502080F31188BFF34F8FBFF36F8FC3
:101A9000FEE79DF80000204C00F050002070072069
:101AA000A06005E09DF8002052008DF80020401E47
:101AB0009DF800201206F5D4A060032807D050201E
:101AC00080F31188BFF34F8FBFF36F8FFEE74FF4A2
:101AD0004070A060019808700C482030016841F403
:101AE00070010160016841F070410160FFF73EF94B
:101AF00000206060EEF778FB0848016841F0404143
:101B00000160EEF75DFB00201CBD000000ED00E071
:101B100071C20F4100E400E07801002034EF00E0E2
:101B200010B5502080F31188BFF34F8FBFF36F8F34
:101B300000F096FD18B104494FF080500860002075
:101B400080F3118810BD000004ED00E010B50C46D4
:101B500048B184420FD9502080F31188BFF34F8FD2
:101B6000BFF36F8FFEE7502080F31188BFF34F8FD4
:101B7000BFF36F8FFEE70222002100F02FF800284C
:101B800000D0846310BD38B50C4648B184420FD9EB
:101B9000502080F31188BFF34F8FBFF36F8FFEE7A4
:101BA000502080F31188BFF34F8FBFF36F8FFEE794
:101BB0000221134600220091114600F030F800285F
:101BC00000D0846338BD10B502460021012000F02A
:101BD00005F80446FDF7E0FD204610BDF8B51746B0
:101BE0000E46050013D005FB06F05030FEF756F800
:101BF00004000AD0002084F8460004F150023B465D
:101C0000314628460094FDF7D3FD2046F8BD50200C
:101C100080F31188BFF34F8FBFF36F8FFEE738B5A6
:101C2000049D18B153B1CAB181B120E0502080F3B6
:101C30001188BFF34F8FBFF36F8FFEE7502080F303
:101C40001188BFF34F8FBFF36F8FFEE7502080F3F3
:101C50001188BFF34F8FBFF36F8FFEE739B150206C
:101C600080F31188BFF34F8FBFF36F8FFEE75024CF
:101C70001C46012384F846302B460094FDF798FD5E
:101C8000204638BD70B50D46040025D0FFF708F892
:101C9000D4E90F20216802FB0011A1600021A1639B
:101CA000216861600A46D4E90F01401E00FB012152
:101CB000E16021464FF0FF3001F8440F487004F115
:101CC00010008DB1FEF7BAFF04F12400FEF7B6FF55
:101CD000FFF706F8012070BD502080F31188BFF394
:101CE0004F8FBFF36F8FFEE721690029F0D000F01E
:101CF00097FD0028ECD004494FF080500860BFF3F6
:101D00004F8FBFF36F8FE3E704ED00E02DE9FF474E
:101D100082B01D468A464FF00008040003D0BAF195
:101D2000000F08D011E0502080F31188BFF34F8FCF
:101D3000BFF36F8FFEE7206C38B1502080F311881D
:101D4000BFF34F8FBFF36F8FFEE7022D0AD1E06B19
:101D5000012807D0502080F31188BFF34F8FBFF3C5
:101D60006F8FFEE700F060FC3F4F4FF000094FF02F
:101D7000805648B9049838B1502080F31188BFF3D9
:101D80004F8FBFF36F8FFEE7FEF78AFFA06BE16B0B
:101D9000884207D3022D05D00498D0B1B8F1000FC6
:101DA0001AD01EE02A4651462046FDF74EFC616AD5
:101DB00019B104F1240000F033FD20B13E60BFF3FF
:101DC0004F8FBFF36F8FFEF78BFF012006B0BDE88A
:101DD000F087FEF785FF22E06846FFF719F94FF01C
:101DE0000108FEF77DFFFFF7E1F9FEF759FF94F9CF
:101DF0004400401C01D184F8449094F94500401CF3
:101E000001D184F84590FEF76BFF04A9684600F005
:101E100081FA30B12046FDF70BFF00F039FD0020BC
:101E2000D4E7FEF73DFFA06BE16B884213D1FEF7CC
:101E300057FF04F110000499FFF7F8F82046FDF76A
:101E4000F7FE00F025FD00289ED13E60BFF34F8FC6
:101E5000BFF36F8F98E7FEF743FF2046FDF7E8FEDC
:101E600000F016FD90E7000004ED00E02DE9F047DA
:101E70001F4690468946040003D0B9F1000F08D0F0
:101E800011E0502080F31188BFF34F8FBFF36F8FA5
:101E9000FEE7206C38B1502080F31188BFF34F8FDC
:101EA000BFF36F8FFEE7022F0AD1E06B012807D046
:101EB000502080F31188BFF34F8FBFF36F8FFEE781
:101EC000FEF766FF5020EFF3118680F31188BFF311
:101ED0004F8FBFF36F8FA06BE16B884206D3022F49
:101EE00004D0002086F31188BDE8F08794F94550AE
:101EF000A06B3A4649462046FDF7A7FB681C04D074
:101F00006D1C84F845500120ECE7606A0028FAD087
:101F100004F1240000F084FC0028F4D0B8F1000F94
:101F2000F1D00121C8F80010EDE770B50E460400AD
:101F300009D0206C78B1502080F31188BFF34F8F07
:101F4000BFF36F8FFEE7502080F31188BFF34F8FF0
:101F5000BFF36F8FFEE7206848B9A06838B1502002
:101F600080F31188BFF34F8FBFF36F8FFEE7FEF74B
:101F70000FFF5020EFF3118580F31188BFF34F8FCF
:101F8000BFF36F8FA16BE06B884218D994F94500BD
:101F9000491CA163411C04D0401C84F84500012069
:101FA0000EE0606A0028FAD004F1240000F038FC4A
:101FB0000028F4D0002EF2D001203060EFE700209E
:101FC00085F3118870BD00002DE9F747002683B026
:101FD0008A46040003D0BAF1000F08D011E0502067
:101FE00080F31188BFF34F8FBFF36F8FFEE7206C34
:101FF00038B1502080F31188BFF34F8FBFF36F8F3C
:10200000FEE700F011FBDFF8F4804FF000094FF01D
:10201000805748B9059838B1502080F31188BFF334
:102020004F8FBFF36F8FFEE7FEF73AFEA56BC5B18A
:1020300051462046FDF7F6FA6D1EA563206950B1A2
:1020400004F1100000F0ECFB28B1C8F80070BFF3F9
:102050004F8FBFF36F8FFEF743FE012006B0BDE840
:10206000F087059808B11EB106E0FEF739FE27E0BB
:102070006846FEF7CDFF0126FEF732FEFFF796F821
:10208000FEF70EFE94F94400401C01D184F8449000
:1020900094F94500401C01D184F84590FEF720FEDC
:1020A00005A9684600F036F9002820460AD0FDF759
:1020B000BFFD00F0EDFB2046FDF74EFC0028B3D03D
:1020C0000020CBE7FDF748FC90B104F1240005990E
:1020D000FEF7ACFF2046FDF7ABFD00F0D9FB002872
:1020E000A2D1C8F80070BFF34F8FBFF36F8F9BE78B
:1020F0002046FDF79DFD00F0CBFB95E704ED00E0E9
:102100002DE9F04790468946040003D0B9F1000F4D
:1021100008D011E0502080F31188BFF34F8FBFF338
:102120006F8FFEE7206C38B1502080F31188BFF329
:102130004F8FBFF36F8FFEE7FEF72AFE5020EFF3BD
:10214000118680F31188BFF34F8FBFF36F8FA76B9A
:10215000F7B194F9445049462046FDF763FA7F1ED3
:10216000A763681C04D06D1C84F84450012010E063
:1021700020690028FAD004F1100000F051FB00287B
:10218000F4D0B8F1000FF1D00121C8F80010EDE74C
:10219000002086F31188BDE8F08700002DE9F343A5
:1021A000002683B00400354609D0206C78B1502059
:1021B00080F31188BFF34F8FBFF36F8FFEE750207E
:1021C00080F31188BFF34F8FBFF36F8FFEE700F0EE
:1021D0002BFADFF83C814FF000094FF0805748B9E7
:1021E000049838B1502080F31188BFF34F8FBFF3AC
:1021F0006F8FFEE7FEF754FDA06BC8B1401EA063D1
:10220000206810B9FDF7B8FDA060206950B104F155
:10221000100000F005FB28B1C8F80070BFF34F8F25
:10222000BFF36F8FFEF75CFD012005B0BDE8F083C2
:10223000049808B166B10FE03DB1502080F31188D9
:10224000BFF34F8FBFF36F8FFEE7FEF749FD5DE0F1
:102250006846FEF7DDFE0126FEF742FDFEF7A6FF0B
:10226000FEF71EFD94F94400401C01D184F844900F
:1022700094F94500401C01D184F84590FEF730FDEB
:1022800004A9684600F046F80028204612D0FDF761
:10229000CFFC00F0FDFA2046FDF75EFB0028A9D038
:1022A0009DB3FEF7FDFC606A50B3206B0068C0F17F
:1022B000380126E0FDF750FBE0B1206838B9FEF7A1
:1022C000EFFCA06800F070FA0546FEF709FD04F186
:1022D00024000499FEF7AAFE2046FDF7A9FC00F0B1
:1022E000D7FA002886D1C8F80070BFF34F8FBFF32C
:1022F0006F8F7FE72046FDF79BFC00F0C9FA79E776
:102300000021A068FEF7C6FE9FE7FFE700208CE7EC
:1023100004ED00E02DE9F0410C46050011D0C4B1F8
:10232000FEF7BEFC174BDA686E682068911B471CED
:1023300017D02F681B6A9F4219D0964217D80124E4
:1023400010E0502080F31188BFF34F8FBFF36F8FE1
:10235000FEE7502080F31188BFF34F8FBFF36F8FDC
:10236000FEE70024FEF7BCFC2046BDE8F081884271
:1023700005D9401A20602846FEF74AFEF1E7002002
:102380002060DCE7040100202DE9FF5F8346DDE9E2
:102390000E87994616468A469000FDF77FFC050099
:1023A0001CD05C20FDF77AFC040014D000202563CB
:1023B00084F85900CDE90240CDE900874B4632460A
:1023C00051465846FDF706FA2046FDF795F80120DC
:1023D00004B0BDE8F09F2846FEF796FC4FF0FF30B2
:1023E000F6E7F0B585B0DDE90B640A9DA6B1DCB176
:1023F0005C2700972663022684F85960002604AF04
:10240000CDE90246CDE90057FDF7E4F92046FDF796
:1024100073F8049805B0F0BD502080F31188BFF325
:102420004F8FBFF36F8FFEE7502080F31188BFF30B
:102430004F8FBFF36F8FFEE72DE9F0411F469046A7
:102440000D46012690B10446FEF72AFC0FB1606DDF
:10245000386094F85800022184F85810B8F1050F3C
:1024600019D2DFE808F0230B0E141200502080F37D
:102470001188BFF34F8FBFF36F8FFEE7616D294364
:1024800001E0616D491C616510E0022801D06565BD
:102490000CE0002634E0616D491C07D0502080F329
:1024A0001188BFF34F8FBFF36F8FFEE7012827D14D
:1024B000201DFEF79AFB154DE06A2969884200D974
:1024C0002861134900EB800001EB8000211DFEF71D
:1024D000DBFBA06A38B1502080F31188BFF34F8F27
:1024E000BFF36F8FFEE7E06A2968C96A884207D99F
:1024F00008494FF080500860BFF34F8FBFF36F8FD4
:10250000FEF7EEFB3046BDE8F0810000040100203C
:102510000020002004ED00E02DE9F0471F46DDF823
:10252000209092460D4604004FF001081AD0FEF7A5
:102530002FFC5020EFF3118680F31188BFF34F8FEB
:10254000BFF36F8F0FB1606D386094F858000221AF
:1025500084F85810BAF1050F1AD2DFE80AF0240BFC
:102560000E141200502080F31188BFF34F8FBFF379
:102570006F8FFEE7616D294301E0616D491C616564
:1025800011E0022801D065650DE04FF0000839E048
:10259000616D491C07D0502080F31188BFF34F8F25
:1025A000BFF36F8FFEE701282CD1A06A38B150200D
:1025B00080F31188BFF34F8FBFF36F8FFEE7144D89
:1025C000286B18B104F1180112480DE0201DFEF728
:1025D0000CFBE06A2969884200D928610E4900EBAA
:1025E000800001EB8000211DFEF74EFBE06A2968A8
:1025F000C96A884206D90120B9F1000F01D0C9F893
:102600000000E86186F311884046BDE8F0870000CD
:1026100004010020882400200020002001480068D8
:1026200070470000040100200548416919B1006BA2
:1026300018B1002070470120704702207047000049
:10264000040100200148C068704700000401002018
:1026500010B5FEF79DFB0148C06810BD04010020C5
:102660002DE9F0412E4C0027206B28B1A069401CB9
:10267000A0613846BDE8F081E668761CE66013D1BB
:10268000606B006838B1502080F31188BFF34F8F22
:10269000BFF36F8FFEE7606BA16B6163A063206A7D
:1026A000401C2062FDF744FAA06ADFF87880864279
:1026B00009D3606B0068A0B1606BC068C5686868CA
:1026C000864211D2A0622068C06A00EB800158F8EF
:1026D0002100012800D90127E0690028C9D001277D
:1026E000C7E74FF0FF30EDE7281DFEF77EFAA86A36
:1026F00018B105F11800FEF778FAE86A21698842F6
:1027000000D9206100EB800108EB8100291DFEF754
:10271000BBFAE86A2168C96A8842CAD30127C8E7B8
:10272000040100200020002070B504004FF00001DB
:1027300033D01B4D2868844207D0502080F3118885
:10274000BFF34F8FBFF36F8FFEE7206D38B1401E90
:102750002065E36CE26A9A421FD040B11DE0502030
:1027600080F31188BFF34F8FBFF36F8FFEE7201DFB
:10277000FEF73BFAE06CE062C0F13800A061E06A6D
:102780002969884200D92861064900EB800001EBE5
:102790008000211DFEF778FA0121084670BD000077
:1027A000040100200020002070B504004FF000005C
:1027B0002BD0194DE16A2A68D26A914226D2A069CB
:1027C000002804DB2868C06AC0F13800A061134EFD
:1027D00001EB8101606906EB8101884211D1201D66
:1027E000FEF703FA2868C06AE0622969884200D9C6
:1027F000286100EB800006EB8000211DFEF744FA03
:1028000002E02868C06AE062012070BDE16C2A68BD
:10281000D26A9142F8D370BD04010020002000204C
:1028200070B5C068C46854B104F118000646FEF7DC
:10283000DCF9144D286B50B13146134815E0502097
:1028400080F31188BFF34F8FBFF36F8FFEE7201D1A
:10285000FEF7CBF9E06A2969884200D928610B4963
:1028600000EB800001EB8000211DFEF70DFAE06A0D
:102870002968C96A884202D90120E86170BD002038
:1028800070BD0000040100208824002000200020EA
:102890002DE9F0472C4D00242746286B38B1FEF770
:1028A000FFF9286B401E2863286B40B146E050209A
:1028B00080F31188BFF34F8FBFF36F8FFEE7A968D6
:1028C000224E0120D1B3A6F5916980463068E0B16F
:1028D000F068C46804F11800FEF787F9201DFEF7C0
:1028E00084F9E06A2969884200D9286100EB8001F7
:1028F00009EB8100211DFEF7C7F9E06A2968C96A62
:102900008842E3D3C5F81C80E0E70CB1FDF710F96D
:10291000AC694CB14FEA0806FFF7A2FE00B1EE61C8
:10292000641EF9D10020A861E86938B1084901277F
:1029300038070860BFF34F8FBFF36F8FFEF7D0F9F2
:102940003846BDE8F08700000401002088240020FC
:1029500004ED00E02DE9FC4781461E4617468846F7
:102960002C200A9DFDF79AF904000AD0002084F873
:102970002800CDE9005433463A4641464846FCF724
:1029800081FF2046BDE8FC877CB52C26DDE9065496
:10299000009644B1022684F82860CDE90054FCF783
:1029A00071FF20467CBD502080F31188BFF34F8F0C
:1029B000BFF36F8FFEE7000010B586B0FCF704FE92
:1029C000114C2068B8B100200390049005AA04A916
:1029D00003A8FEF727F9DDE9032137208DE807007A
:1029E00000230AA10B48059AFFF7FBFC606010B1B9
:1029F00006B0012010BD502080F31188BFF34F8F27
:102A0000BFF36F8FFEE7000040010020546D72207D
:102A1000537663000DFC00082DE9FF411E46134666
:102A200002000A9D4FF0000016D0144C2768002FBA
:102A30000FD0CDE900130292062917DAFFF7F4FD53
:102A400002284FF000030FD0002269462068FFF7EC
:102A50005DF904B0BDE8F081502080F31188BFF328
:102A60004F8FBFF36F8FFEE72A46EEE70023324613
:102A700069463846FFF7FAF9EBE70000400100200D
:102A800044575F3230323531323137000D0A00524F
:102A900053323332207265636569766564206D73E5
:102AA000673A0D0A000000007C30010800000000B9
:102AB000000000000000000000000000000800000E
:102AC0001800000000000000000000008C30010829
:102AD00000000000000000000000000000000000F6
:102AE00000080000180000000000000000000000C6
:102AF000D8300108000000000000000000000000C5
:102B000000000000000800001800000000000000A5
:102B100000000000A83001080000000000000000D4
:102B20000000000000000000000400002000000081
:102B30000000000000000000B830010800000000A4
:102B40000000000000000000000000000004000081
:102B50002000000000000000000000009C30010880
:102B60000000000000000000000000000000000065
:102B7000000200001800000000000000000000003B
:102B8000CC30010800000000000000000000000040
:102B9000000000000002000008000000000000002B
:102BA000000000004D5154430000000004000000EC
:102BB0000000000000000000000000003C000100D8
:102BC0004D515457000000000000000000000000BC
:102BD00000000000000000000000000000000000F5
:102BE00000000000000000000000000000000000E5
:102BF0000000000000000000000000004D515443A0
:102C000000000000040000000000000000000000C0
:102C1000000000003C0001004D515457000000002E
:102C200000000000000000000000000000000000A4
:102C30000000000000000000000000000000000094
:102C40000000000000000000000000000000000084
:102C5000000000000006101600061016000000001C
:102C6000000000000102030406070809000000003C
:102C7000010203040800000000000000080000003A
:102C8000000000000008DC112233C0A8027BFFFF17
:102C9000FF00C0A801010808080801004D51544375
:102CA0000000000004000000000000000000000020
:102CB000000000003C0001004D515457000000008E
:102CC0000000000000000000000000000000000004
:102CD00000000000000000000000000000000000F4
:102CE00000000000000000000000000000000000E4
:102CF000000000000102030405060F10A4320108C1
:102D000000000000000000000000000000000000C3
:102D100000000000943201080000000000000000E4
:102D20000000000000000000000200001800000089
:102D30000000000000000000B832010800000000A0
:102D4000000000000000000000000000000400007F
:102D5000200000000000000000000000CC3201084C
:102D60000000000000000000000000000100000062
:102D7000000000000001010101000100000101014B
:102D8000010100000000000001000100000200003D
:102D900000030000000400000005000080010000A6
:102DA000800200008003000080040000000000009A
:102DB00018020020010000102C0200200100011068
:102DC00048020020010005105C02002001000610EE
:102DD000700200200100071088020020010014107A
:102DE000B402002005001810140300200400801213
:102DF0006803002007000014EC0300200700011402
:102E00006804002003000016A00400200200011640
:102E1000D4040020070000185805002007000118FE
:102E2000D40500200300001A0C0600200200011A3D
:102E30002C060020010000203C060020010001209B
:102E40004C060020010002205C06002001004060CA
:102E50006C060020010041607C06002001006460D7
:102E60008C06002001006C609C0600200100786048
:102E7000AC06002001007A60BC06002001008160E1
:102E8000CC0600200100FF600000070008000A00D7
:102E90000C000E000000070009000B000D000F00E1
:102EA0001B0000005C0900200100001070090020D8
:102EB000010001108C09002001000510A00900206C
:102EC00001000610B409002001000710CC09002001
:102ED00001001410F809002005001810580A0020FD
:102EE00004008012AC0A002007000014300B002000
:102EF00007000114AC0B002003000016E40B0020B7
:102F000002000116180C0020070000189C0C00207D
:102F100007000118180D00200300001A500D0020B2
:102F20000200011A700D002001000020800D002019
:102F300001000120900D002001000220A00D0020C2
:102F400001004160B00D002001006460C00D002050
:102F500001006C600000070008000A000C000E0071
:102F60000000070009000B000D000F001600DDDD5A
:102F7000DDDDDCBBBBDDDDDDDDDDDDDDDDDD988860
:102F8000888888888888777777777788888885554C
:102F900055566666666666666666666888888333C2
:102FA000333222222222222222222228888D00004D
:102FB0005A65726F4572722063757272656E742005
:102FC000737461747573206973204F504552415476
:102FD000494F4E5F454E41424C45442C20656E6141
:102FE000626C6520636F6D706C657465642E0D0A8C
:102FF000000000004B696E636F2063757272656E2E
:103000007420737461747573206973205357495425
:1030100043485F4F4E5F44495341424C45442C2046
:1030200064697361626C6520636F6D706C65746553
:10303000642E0D0A000000005A65726F45727220FE
:1030400063757272656E7420737461747573206930
:1030500073205357495443485F4F4E5F444953418F
:10306000424C45442C2064697361626C6520636F37
:103070006D706C657465642E0D0A00006B696E637B
:103080006F4374726C5461736B0000007A65726FE9
:103090006572724374726C5461736B006770696F10
:1030A0005461736B000000006C6566744772697050
:1030B0007065725461736B007269676874477269F6
:1030C000707065725461736B000000006D6F6E6903
:1030D000746F725461736B006D7174745461736BAF
:1030E00000000000726F626F742F737461747573E7
:1030F000000000007B226C6566745F677269707007
:103100006572223A7B226578705F706F73223A2570
:10311000752C22706F73223A25752C2272656163BB
:10312000686564223A25752C227761726E696E6734
:10313000223A25757D2C2272696768745F6772690F
:1031400070706572223A7B226578705F706F7322AF
:103150003A25752C22706F73223A25752C227265E0
:103160006163686564223A25752C227761726E6905
:103170006E67223A25757D2C227379735F6B696EB9
:10318000636F223A7B227374617475735F776F7219
:1031900064223A25752C226572726F725F636F64C8
:1031A00065223A25752C226578705F706F73223A1C
:1031B000256C642C22706F736974696F6E223A25D6
:1031C0006C642C2276656C6F63697479223A256C85
:1031D000647D2C227379735F7A65726F65727222D7
:1031E0003A7B227374617475735F776F7264223AED
:1031F00025752C226572726F725F636F6465223A67
:1032000025752C226578705F706F73223A256C6487
:103210002C22706F736974696F6E223A256C642C6E
:103220002276656C6F63697479223A256C647D2C13
:10323000226770696F5F696E223A5B25642C256492
:103240002C25642C25642C25642C25645D7D0000D0
:103250005B4E6574776F726B436F6E6E6563745D02
:1032600020636F6E6E656374282920726573756CB8
:10327000743D25642C20536E5F53523D30782530C9
:1032800032582C20536E5F49523D307825303258E9
:103290000D0A00005461736B4D6F64627573536C5B
:1032A0006176650051756575654D6F64627573541F
:1032B000656C656772616D005461736B4D6F64621C
:1032C00075734D6173746572000000004D6F644248
:1032D0007573537068720000F83201080000002016
:1032E000481000005C1300082C370108481000202B
:1032F0006084000030A300088113D1A21B084D0494
:103300001301FF0220080C1FE43001240148481873
:10331000525334383541207472616E736D69742074
:10332000746573742E0D0A180A1542180A10431892
:10333000C132018210037924F41AAA01510216C085
:103340005008010257353530301E831501088504B9
:103350001A91041A8F041A3F041A430401205BFFD8
:10336000FF04012B149201022302073204131402FA
:1033700082201B020594319A281441228012405960
:10338000305A441C2440420F59140A1158149A6CA4
:103390004419407918DA845C39161A0358A2466930
:1033A000885AA22C69ACDAA410DAA810DAAC105A48
:1033B000B010195F112301065A815869605B04033C
:1033C0008C5930DA08106A0C1059305A1010194B09
:1033D000112A8111B16954DA5444DA58446A5C10F4
:1033E00019453202DA5E20DA6020DA62209A6484BB
:1033F0000A158284DAD884DADC44DAE064DAE2207E
:10340000DAE420DAE6205AE810291C121014416090
:10341000207B6460E08A043C297C6A6010598C5AE5
:103420006410292C12207A6C38DA98285A9C1029BA
:10343000E81A01690A11FFE8DAC0346AC410592099
:103440009AC88C29ACDACA20DACC20DACE209AD0FD
:10345000840A150284CB4405846A481059206A4CBA
:10346000105964DA4E20DA5020DA52205A541029CA
:103470001C22101320207B0120E0D97CDACC105ACA
:10348000D010292C12207A0238CB0406286A0810A2
:103490005984CBE80120DAEC106AF01059305AF464
:1034A000105A02106AF610192D2930DAF8106AFC49
:1034B000104A03301905495059206A041069A0D9EF
:1034C000206A0C10111AFF01E1E9121A102C5EB0EB
:1034D0002D0108DCE413D5A11F08882E01089404EF
:1034E0001AA0041AAC1C132D48024C086982720FF2
:1034F0001377A51B0895041A89048BE3AF6C1A98FF
:103500009C1A9C04133C091B20A00829381A752416
:103510000A270F0101561AFF011A87881A80941A88
:103520008204018023FFFF1A44881A58041A9398D2
:103530001A8F041A8B041A8D044113D5464C08E5E2
:10354000AF0C4102100119111A3C3C1A40041A2810
:10355000040A2184D45A915C011C23020732048B93
:103560005809504B0205809A6C1441228012405930
:10357000305A881C2440420F5914AA9C3059149A7E
:10358000B0149A8118DAC85C4916D99C59885AE651
:103590002C69ACDAE810DAEC10DAF0105AF41032D8
:1035A000031B010688595869605B480A8C5930DA58
:1035B0004C106A501059305A5410194B112A81116D
:1035C0000911B4DA9844DA9C446AA0101945320211
:1035D000DAA220DAA420DAA6209AA8840A15828426
:1035E000CB1C0B846A201059206A24105964DA26F7
:1035F00020DA2820DA2A205A2C10291C1210144113
:1036000060207B6460E0D97CDAA4105AA810292CD1
:1036100012207A6C38DADC285AE01029E81A01699D
:103620000A11FFE8CB040C346A081059206A0C1008
:1036300059C8DA0E20DA1020DA12205A1410298420
:103640000A150284DA8884DA8C44DA9064DA9220EB
:10365000DA9420DA96205A9810291C221013202080
:103660007B0120E0CA0D7CDA10105A1410292C12AC
:10367000207A0238DA48286A4C105984CB3E092057
:10368000DA40105A44105A02306A4810191D395055
:10369000D9106A5040111AFF01E1E9121A542C5E48
:1036A000A42E0108D09413D5A11F08542F0108603F
:1036B000041A6C041AA21C139D92024C08698272AF
:1036C0000F1377A51B0895041A89048BE3AF6C1AB6
:1036D000DC9C1AE0041330101B20E40829381A750A
:1036E000240A270F0101561AFF011A87881AC49469
:1036F0001AC604018023FFFF1A88881A9C041A93B3
:10370000981A8F041A8B041A8D0441138D914C085A
:10371000E5AF0C4102100119111A803C1A84041AF9
:0C3720006C040A21C8D45A915C0114000A
:040000050800018965
:00000001FF
