:020000040800F2
:10000000A894002061020008C9690008F3460008AE
:10001000196800086D150008358C00080000000004
:10002000000000000000000000000000A101000826
:100030008917000800000000FD010008298300085E
:100040007B0200087B0200087B0200087B0200089C
:100050007B0200087B0200087B0200087B0200088C
:100060007B0200087B0200087B0200087B0200087C
:100070009D160008A9160008B5160008C11600084C
:100080007B0200087B0200087B0200087B0200085C
:10009000711500087B0200087B0200087B02000843
:1000A0007B0200087B0200087B0200087B0200083C
:1000B0007B0200087B0200087B0200087B0200082C
:1000C0007B0200087B0200087B0200087B0200081C
:1000D0007B020008118C00081D8C0008298C000888
:1000E0007B0200087B0200087B0200087B020008FC
:1000F0007B0200087B0200087B0200087B020008EC
:100100007B0200087B020008ED8300087B020008E8
:100110002987000835870008398400087B02000819
:100120007B0200087B020008CD1600087B02000855
:100130007B0200087B0200087B0200087B020008AB
:100140007D1500087B0200087B0200087B02000886
:100150007B0200087B020008D91600087B02000819
:100160007B0200087B0200087B0200087B0200087B
:100170007B0200087B0200087B02000800000000F0
:100180007B0200087B020008DFF810D000F032FF8D
:1001900000480047FDCB0008AFF30080A894002082
:1001A0002C4B19680868B0E8F04F80F30988BFF35A
:1001B0006F8F4FF0000080F311887047000000003F
:1001C00008480068006880F308884FF0000080F35A
:1001D000148862B661B6BFF34F8FBFF36F8F00DF35
:1001E00000BF00BF08ED00E0DFF80C00016841F43B
:1001F00070010160704700BF88ED00E0EFF30980F7
:10020000BFF36F8F134B1A681EF0100F08BF20ED5D
:10021000108A20E9F04F106009B44FF0500080F3CD
:100220001188BFF34F8FBFF36F8F11F0C1F84FF0FC
:10023000000080F3118809BC19680868B0E8F04F25
:100240001EF0100F08BFB0EC108A80F30988BFF3CE
:100250006F8F704704010020EFF3058070470000A6
:100260000648804706480047FEE7FEE7FEE7FEE750
:10027000FEE7FEE7FEE7FEE7FEE7FEE7DD830008B8
:10028000890100082DE9F05F0546002092469B4653
:1002900088460646814640241BE02846414647469C
:1002A000224600F03CFD53465A46C01A914110D3F5
:1002B00011461846224600F023FD2D1A67EB01086F
:1002C0004F4622460120002100F01AFD17EB0009DD
:1002D0004E41201EA4F10104DFDC484631462A4687
:1002E0004346BDE8F09FA0F14101192900D8203014
:1002F000704740EA01039B0703D009E008C9121FB9
:1003000008C0042AFAD203E011F8013B00F8013BCF
:10031000521EF9D27047D2B201E000F8012B491EFB
:10032000FBD270470022F6E710B513460A46044692
:100330001946FFF7F0FF204610BD421C10F8011BC4
:100340000029FBD1801A704710B5002200E0521C32
:10035000835C8C5CA34201D1002BF8D1D8B2E1B20E
:10036000401A10BD30B504460020034600E05B1C77
:10037000934203D2E05CCD5C401BF8D030BD30B579
:1003800005460020034600E05B1C934205D2EC5C6E
:10039000C85C201A01D1002CF6D130BD0FB400B5D5
:1003A0008DB010A909900B9000914FF0FF300A908A
:1003B00000200C9005480690054807906A4609A859
:1003C0000F9900F0E3FC0DB05DF814FBA90D0008D7
:1003D000C70D00082DE9FF5F1D464FF0FF3BD5E933
:1003E000014691465F464FF00008A9697F1C0198BD
:1003F0008847296A824688470028F6D1BAF1FF3F2C
:100400000CD024F4C064002E19DD600614D5BAF1B6
:100410002B0F09D0BAF12D0F0ED103E0584604B0CE
:10042000BDE8F09F44F48064A9697F1C0198884767
:10043000761E8246002E02DDBAF1300F03D0B9F1EC
:10044000000F26D032E0A969761E44F400747F1CA8
:10045000019888478246002E05DDBAF1780F06D054
:10046000BAF1580F03D0B9F1000F10D01EE0B9F166
:10047000000F02D0B9F1100F18D1A969761E24F42B
:1004800000747F1C019888478246102002E00820F3
:1004900000E00A20814609E008FB0908A969761EE8
:1004A00044F400747F1C019888478246002E05DDC5
:1004B0004946504600F055FC0028EDDAE9690198FC
:1004C0008847A00502D46FF00100A8E7E00725D116
:1004D000600613D5600502D5C8F1000000E0404673
:1004E00029680A1D2A600968220501D5087015E0EF
:1004F000220701D5088011E008600FE02868011D7F
:1005000029600068210502D580F8008006E02107F7
:1005100002D5A0F8008001E0C0F8008038467EE7F0
:100520002DE9FF4F087883B09946FF2805D0491C74
:100530002D2804D00024002008E000200BE0012436
:10054000F9E700EB800003EB4000491C0B78FF2B20
:10055000F7D104B1404200230293147819461D4696
:100560002D2C01D02B2C04D1521C2D2C13D0002467
:100570000294AA461478FF2C0FD00A25A3FB057815
:1005800001FB05814FF0000C03FB0C11521CE31919
:100590004AEB0101EEE70124EAE7814453EA010056
:1005A00002D019F5C87F06DA03980021C0E90011CE
:1005B00007B0BDE8F08F0025AE4E2F46DFF8B882B9
:1005C000184600F0F3FCCDE90001B9F1000002DAB1
:1005D000C9F1000400E004460023A74A1AEB030B0C
:1005E00042EB045A12E0E00707D02A463346384669
:1005F000414600F0ECF9074688462A463346104645
:10060000194600F0E4F905460E466410002CEAD1C4
:10061000DDE90001B9F1000F5A46534606DA00F051
:1006200048FA3A46434600F044FA05E000F0CFF9B4
:100630003A46434600F0CBF9029A0AB181F00041F4
:10064000039AC2E90001B3E72DE9FF4F1F468DB0C1
:10065000D7E901464FF0FF382E2045464FF00009FC
:100660000B90B9696D1C0E988847396A8246884795
:100670000028F6D1BAF1FF3F0AD024F4D064002E4E
:1006800011DDBAF12B0F08D0BAF12D0F0BD102E01A
:10069000404611B08DE744F48064B9696D1C0E9832
:1006A00088478246761E6946600501D52D2000E008
:1006B0002B208DF8000001F1010B0DF1200809E05D
:1006C000B9696D1C0E98884782460F9844F40074EF
:1006D000761E0560002E02DDBAF1300FF0D00B99C6
:1006E0008A453ED144F0800406E00F99681CA9F1C8
:1006F000010944F400740860B9696D1C761E0E98F7
:10070000884782463028F0D02BE00B998A4505D1E6
:10071000200603D444F08004761E18E0504609F009
:10072000A3FF08B30DF11301761E44F400748B454A
:1007300008D2AAF130000BF8010B200607D5A9F169
:10074000010003E0200602D409F101008146A00562
:1007500002D50F99681C0860B9696D1C0E9888470E
:100760008246002ED1DC53E0002E51DDBAF1650F38
:1007700002D0BAF1450F4BD1A00549D5B9696D1C1E
:1007800024F44074761E0E9888478246002E0CDDB5
:100790002B2804D0BAF12D0F07D144F48074B96925
:1007A0006D1C0E9888478246761EE00501D52D21E6
:1007B00000E02B2108F8011BCDF82C8021E00DF181
:1007C0002901761E44F4007488450CD2AAF1300049
:1007D00010F0FF0088F8000002D10B99884509D974
:1007E00008F1010806E0E00501D5244801E042F2E5
:1007F0000F708146B9696D1C0E98884782460F9824
:100800000560002E04DD504609F02EFF0028D6D1E9
:10081000F9690E988847FF208BF8000088F80000DF
:100820000020069007904B466A4608A906A8FFF7E5
:1008300077FEA00502D46FF001002AE714F0240F20
:100840000AD0E00714D1DDE906123868031D3B60C9
:100850000068C0E900120BE0DDE9060100F01EFAB5
:100860000146E00704D13868021D3A600068016063
:1008700028460EE7000014400000F03FF1D8FFFFCB
:100880002DE9FE4F804681EA0300C00F0C46009020
:1008900021F0004123F00045B8EB0200A94105D248
:1008A0004046214690461C460B46024623F0004037
:1008B000104347D0270DC7F30A00C3F30A51029033
:1008C000401A019040286BDAC3F3130040F4801BF8
:1008D0000098924620B10023D2EB030A63EB0B0B86
:1008E00001985946C0F14002504600F009FA064608
:1008F0000D4650465946019A00F021FA10EB0800C7
:100900006141002487EA115284EAE7731A4340D018
:10091000009A62B3019A012A4FEA075215DC001BC4
:1009200061EB02014FF0004202EA0752CDE90042BA
:10093000001C41F5801132462B4600F0E9FA03B065
:10094000BDE8F08F40462146F9E7001B61EB02014C
:10095000001C41F5801300185B412018A2F5001718
:1009600047EB030140EAD570B6196D4111E06D08FF
:100970004FEA360645EAC0754FEA0752001B61EBA5
:100980000201001C41F5801149084FEA30000019AE
:10099000514132462B4603B0BDE8F04F00F0A9BAF2
:1009A0000098012240000023D0EB020263EBE073C9
:1009B000009821464FEAE074B8EB000061EB0401B7
:1009C000E9E783F000435BE781F0004158E72DE958
:1009D000FE4F81EA030404F0004421F0004100943A
:1009E0004FF0000B23F0004350EA01045ED052EABE
:1009F00003045BD0C3F30A54C1F30A552C44A4F298
:100A0000F3340194A0FB0254C1F3130141F48011AB
:100A1000C3F3130343F4801301FB024400FB034EB2
:100A2000840A970A44EA815447EA8357A4FB07687B
:100A300002958D0A05FB07854FEA932C04FB0C54A5
:100A40002705029D4FEA065847EA1637B5EB080519
:100A50006EEB070C870E920E47EA811742EA83126B
:100A6000A7FB0201B6EB0B0164EB00042B0D43EA7C
:100A70000C335E1844EB1C50DA465146E7FB02018A
:100A8000C5F313044FEA0B3343EA14534FEA04321D
:100A9000019C43EA0603A4F10C040294009CCDE9F6
:100AA00000B400F035FA03B0BDE8F08F0020014635
:100AB000F9E72DE9F04D81EA030404F0004B21F041
:100AC000004514464FF0000A23F0004150EA0502A9
:100AD00020D054EA01021DD0C5F30A570246C5F3DF
:100AE0001303C1F31300C1F30A5640F4801543F415
:100AF0008013A7EB0608101BD64608F2FD3873EBEF
:100B0000050002D308F1010801E092185B41B8F139
:100B1000000F03DA00200146BDE8F08D00204FF4FD
:100B20008011064684460EE0171B73EB050705D3BC
:100B3000121B63EB050306434CEA010C49084FEA1C
:100B4000300092185B4150EA0107EDD152EA0300F0
:100B500012D082EA040083EA0501084305D0101B85
:100B6000AB4106D20122002306E000224FF00043F1
:100B700002E06FF0010253101AEB06004CEB085133
:100B800010EB0A0041EB0B01BDE8F04D00F0B1B9EC
:100B90000EB5C10F80EAE0700844CA07002140F298
:100BA00033438DE80E000A460B4600F0B1F903B05E
:100BB00000BD0EB540F2334102910021CDE9001194
:100BC0000A460B4600F0A4F903B000BD70B5C1F3AE
:100BD0000A5201F000450024C1F3130140F2FF3333
:100BE00041F480119A4201DA002070BD40F2334393
:100BF0009A42A2F2334203DC524200F090F800E045
:100C000090402C43F1D0404270BDC1F30A5210B560
:100C1000C1F3130140F2FF3341F480119A4201DA2B
:100C2000002010BD40F233439A42A2F2334203DC6B
:100C3000524200F074F810BD904010BD30B5041E53
:100C400071F1000404DB4FF00044404264EB010109
:100C5000141E73F1000405DB1C464FF000435242A2
:100C600063EB04038B4208BF824230BD30B5041EE3
:100C700071F1000404DB4FF00044404264EB0101D9
:100C8000141E73F1000405DB1C464FF00043524272
:100C900063EB0403994208BF904230BD01F000436A
:100CA00030B421F0004150EA010206D00A0DA2F54D
:100CB0006072C1F31301002A02DC30BC00207047CF
:100CC000440F44EAC104C100E01830BC00EBC2503C
:100CD00000F0D8B830B50B46014600202022012490
:100CE00009E021FA02F59D4205D303FA02F5491BFA
:100CF00004FA02F52844151EA2F10102F1DC30BD10
:100D0000202A04DB203A00FA02F1002070479140CB
:100D1000C2F1200320FA03F3194390407047202AC0
:100D200004DB203A21FA02F00021704721FA02F395
:100D3000D040C2F120029140084319467047202A52
:100D400006DBCB17203A41FA02F043EAE07306E0F3
:100D500041FA02F3D040C2F1200291400843194603
:100D600070473A2800D2303820F02002412A01D3BF
:100D7000A2F13700884201D34FF0FF3070470000E6
:100D8000026811441378016018467047D160044925
:100D900051610449116200211161114600F042B90C
:100DA000810D000819100008426842B1016811F86D
:100DB000013B23B1521EC0E90012184670470121C1
:100DC000C160881E704742685AB1C368016843B960
:100DD00083688B4205D0491E521CC0E900120020D6
:100DE00070474FF0FF3070470FB4002300B589B053
:100DF0000CA900910B996FF00042CB601E4B06933B
:100E00001E4B07930423CDE901321D4A0892024686
:100E10006B460020FFF718FC09B05DF814FB70B5B5
:100E200086B006464FF0FF300091CDE90101002069
:100E300015460C4604903246694604A8FFF7D4FFD5
:100E400002460498211825B108B1084600E0204662
:100E50002860049800280DD0002A02DD00988842FE
:100E600008D0081B0094CDE901043246694604A865
:100E7000FFF7BAFF06B070BDA90D0008C70D000846
:100E8000191000080029A8BF7047401C490008BF7E
:100E900020F00100704710B4B0FA80FC00FA0CF0AA
:100EA00050EA010404BF10BC704749B1CCF12004E2
:100EB00021FA04F411FA0CF118BF0121214308436F
:100EC000A3EB0C01CB1D4FEA00614FEA102042BF9B
:100ED000002010BC704700EBC35010440029A4BF91
:100EE00010BC7047401C490008BF20F0010010BC36
:100EF000704710B5141E73F1000408DA401C41F16C
:100F0000000192185B411A4301D120F0010010BD8D
:100F10002DE9F04D92469B4611B1B1FA81F202E003
:100F2000B0FA80F220329046FFF7EAFE04460F4600
:100F300040EA0A0041EA0B0153465A46084313D0DF
:100F4000114653EA010019D0C8F140025046FFF79C
:100F5000E6FE05460E46504659464246FFF7D0FE8D
:100F6000084305D0012004E020463946BDE8F08D55
:100F70000020054346EAE0762C4337430A98630590
:100F8000E40AA0EB08000022FD0A44EA47540A30B4
:100F900002D500200146E9E7010510196941DDE9A4
:100FA000084500196941BDE8F04DA2E70EB540F2D1
:100FB000334202920022CDE900221346FFF7A8FF38
:100FC00003B000BDC1F30A52C1F3130140F2FF3375
:100FD00041F480119A4202DA00200146704740F243
:100FE00033439A42A2F2334202DC5242FFF797BEE9
:100FF000FFF786BE064C074D06E0E06840F00103AF
:1010000094E8070098471034AC42F6D3FFF7C0F8D5
:10101000CC340108EC340108C0B24FF4F05100F0B8
:1010200099B900002DE9F34F8BB04FF0000801F1A2
:101030000C000C464FF0010B46460DF1080A0190DA
:101040006269012101989047051E2DD0252D2CD0D5
:10105000216A8847C0B16269012101989047216ADD
:1010600088470028F7D1411E62690198904700E047
:10107000761CA1690B988847216A88470028F7D118
:10108000E1690B988847DBE7A1690B988847074619
:10109000A84201D1761CD3E7E1690B9888477F1CF1
:1010A00002D1B8F1000F6FD047E1002762693D46D9
:1010B0003946019890472A2804D162690121019894
:1010C00090470125DFF888926269012101989047D5
:1010D000A0F130010A290AD24F45E5DC07EB870170
:1010E00000EB4107303FDFD445F01005ECE7E9069F
:1010F00001D46FF000476C280AD04C2814D068281F
:1011000015D06A280DD074281CD07A281AD01DE07A
:1011100062690121019890476C2802D045F00405CE
:1011200014E045F002050DE045F020050AE0626993
:10113000012101989047682802D045F0080505E094
:1011400045F400656269012101989047C4E901579F
:1011500065283DD019DC58287AD00CDC452837D0DA
:1011600004DC252826D0412831D131E046282FD073
:1011700047282CD12CE05B2877D0612828D0632821
:101180007CD0642823D15AE0D1E06F2848D008DC15
:1011900066281DD067281BD0692821D06E2816D15B
:1011A00027E0702845D0732868D0752847D0782864
:1011B0000DD14DE0A1690B988847054625283FF4DD
:1011C00069AFE1690B9888476D1C3FF46AAFB4E0E2
:1011D00023466A466FF001000B99FFF735FA9FE04E
:1011E00045F040006060A80723464FF0000236D467
:1011F0003EE0E8077FF447AF2068011D21600068EA
:10120000290501D506701BE7290701D5068017E7D8
:10121000A90703D5F117C0E9006111E706600FE7E0
:1012200045F040006060A80723464FF0080216D43E
:101230001EE040F60E0125EA0100606016E045F070
:1012400040006060A80723464FF00A0207D40FE071
:1012500045F040006060A80708D5234610226FF0D3
:1012600001000B99AFF300805AE007E023461022FB
:101270006FF001000B99FFF7ADF851E04FF0000956
:101280004F464B46632802D05B2807D041E02079C7
:10129000C00601D40120A06001273AE06269012163
:1012A000019890475E2805D14FF0010962694946CF
:1012B00001989047216939B900210A46534643F8FD
:1012C0002120491C0829FADBB0B3216969B9C1178B
:1012D00000EBD16253110AEB830122F01F02821A44
:1012E00001200B68904003430B6062690121019863
:1012F00090475D28E8D1B9F1000F09D00020514690
:1013000051F82020D24341F82020401C0828F7DB68
:1013100002AB224600976FF001000B99AFF30080FB
:1013200000280CDA401C08D1BBF1000F05D04FF0AB
:10133000FF300DB0BDE8F08FFFE74046F9E7E90761
:1013400001D108F1010806444FF0000B78E60000D7
:10135000CCCCCC0C7F2801D9002208E0064A02EB55
:101360005002C007127800D1120902F00F020120CA
:1013700090400840704700006231010870B58C1839
:1013800010F8015B15F0070301D110F8013B2A1199
:1013900006D110F8012B03E010F8016B01F8016B86
:1013A0005B1EF9D12B0705D40023521E0DD401F882
:1013B000013BFAE710F8013BCB1A921C03E013F84B
:1013C000015B01F8015B521EF9D5A142D8D3002080
:1013D00070BD0000464910B54A6822F440324A60A8
:1013E0004A6843681A434A6001684A6822F4807276
:1013F0004A6001684A68036942EA03224A60016858
:101400004A6822F040724A6001684A6883681A4359
:101410004A6001688A6822F400628A6001688A680A
:10142000C3681A438A60816A6FF07062D1420168B2
:101430008A6822F070628A6001688A680CD0836AC8
:101440001A438A6001688A6822F040528A60016803
:101450008A68C36A1A4301E022F040528A60016838
:101460008A6822F002028A6001688A68037E42EA82
:1014700043028A6090F82010002901684A680FD062
:1014800042F400624A6001684A6822F460424A609D
:1014900001684A68174C436A04EB43331A4301E07E
:1014A00022F400624A600168CA6A22F47002CA62C9
:1014B0000168CA6A838B104C04EB03531A43CA6257
:1014C00001688A6822F400728A6001688A6890F86C
:1014D000303042EA43228A6001688A6822F48062DE
:1014E0008A6001688A68406942EA8020886010BD8D
:1014F0000023014000E0FFFF0000F0FF0122910205
:10150000014801F092BB000000100240012251028C
:10151000014801F08ABB00000010024001221102C4
:10152000014801F082BB00000010024001220421AA
:10153000014801F07ABB0000001002400122D102F4
:10154000014801F072BB00000010024010B5FFF727
:10155000E5FFFFF7DBFFFFF7D1FFFFF7EFFFFFF737
:10156000E5FFBDE81040C82001F050BAFEE70000DA
:10157000014800F0B4BD0000F41A0020014800F05A
:10158000AEBD00001C1B002010B54FF48071034855
:1015900001F046FB012800D0002010BD00000240F1
:1015A00010B54021034801F03BFB012800D000208A
:1015B00010BD00000008024010B54FF480510348F0
:1015C00001F02EFB012800D0002010BD00000240D9
:1015D00030B4D0F8A020D0F8A4404FF0FF3352F838
:1015E000212024F81130C2F307420121831883F827
:1015F000B410D0F8B03030BC114618472DE9F04F88
:101600009946DDE90A5A4FF0FF3BDDF824C041E07E
:10161000AB1A5BB20C78002B03DD00BF04FA03F4B5
:1016200003E0C3F1000324FA03F4E6B202DDC5F1DE
:10163000080301E0C2F10803DCB2844200D9044689
:1016400005EB0408FF2707FA08F3C5F10805EF408A
:101650003B439CF800509E431D4035432244D2B288
:101660008CF80050072A07D90022B9F1000F01D0E9
:101670005B4600E00123194408F0FF05072D07D958
:101680000025BAF1000F01D05B4600E001239C4425
:10169000001BC0B20028BBD1BDE8F08F014801F0AB
:1016A00043B80000B81E0020014801F03DB800001A
:1016B000381D0020014801F037B80000181F002035
:1016C000014801F031B80000981D0020014801F0E8
:1016D0002BB80000F81D0020014801F025B80000DB
:1016E000581E002001681823CAB2103AB2FBF3F268
:1016F000054B6FF30901032A9B5CC36500D9091DE3
:101700008165084670470000482E010810B5014663
:1017100000208B698A6A4FF0C07453B1B3F5005F43
:1017200015D072B1012A0CD0022A0AD0032A09D19D
:1017300004E01AB1012A06D0022A03D1C96AC901FC
:1017400000D5012010BDC96AA142FAD010BD002AFF
:10175000F7D0012AF2D0022AF3D0032AF3D010BD29
:1017600030B50468256825F4802525600468636029
:101770008368402B036803D099600068C26030BD65
:101780009A600068C16030BD70470000411C0CD0F9
:101790000749B1F90020904201D1521E0A80054A42
:1017A00000EB4000002102F830104FF0FF3070478E
:1017B000E0010020E48D002072B6FEE770B504461B
:1017C0004FF4027000EB44101F2107F0E1FC4FF4CE
:1017D000847000EB4410102107F0DAFC4FF44270E3
:1017E000002500EB44160A200BF005FD304607F0FB
:1017F00069FC020008D06D1C322DF4DB2146BDE8E7
:10180000704004A008F060BD2146BDE870400DA006
:1018100008F05ABD536F636B657420256420636CB8
:101820006F73652074696D656F75742C206C6173BE
:10183000742073746174653D3078253032580D0A18
:1018400000000000536F636B657420256420434CD7
:101850004F5345440D0A0000F0B5034640694288E5
:101860009869448842B10020042611E05D6806EBC7
:10187000C207EF5D032F01D8FF20F0BD55F83250AD
:10188000AD6B2D788D42F8D0521C401C92B2C0B284
:10189000A242EBD9FE20F0BD024908B1487870475A
:1018A00008787047140000202DE9F05F0127384CBC
:1018B000022603254FF004084FF005094FF0060AF1
:1018C0004FF0070B00B333480EF061FE01200BF020
:1018D00092FC3148008810F04F0F47D000F04F01C4
:1018E000402945D000F06F00212843D0232843D061
:1018F000272844D0072845D00F2946D0082901D1F0
:1019000008206070BDE8F09F24480EF040FE0120E2
:101910000BF071FC2248008810F04F0F14D000F03B
:101920004F01402912D000F06F00212810D0232849
:1019300010D0272811D0072812D00F2913D008293A
:10194000E0D108202070DDE72770DBE72670D9E7BB
:101950002570D7E784F80080D4E784F80090D1E7B9
:1019600084F800A0CEE784F800B0CBE76770C9E741
:101970006670C7E76570C5E784F80180C2E784F840
:101980000190BFE784F801A0BCE784F801B0B9E793
:1019900014000020F40D002048090020000700205A
:1019A000F60100201CB52E4D2E4C4FF47A76002304
:1019B0001A466946E86D0BF061FC30B9009979B1BF
:1019C00001292CD028A008F07FFCFFF7DDFD84F86A
:1019D0004000FFF7F1FD84F84100002833D034E0E7
:1019E00028A0019908F070FC019860B1012810D07E
:1019F0000228EAD12AA008F067FC03F031FE304645
:101A00000BF0F9FBE1E72CA008F05EFC03F03AFED6
:101A1000DBE72FA008F058FC03F048FEEFE732A008
:101A2000019908F051FC019838B10128CDD135A0B9
:101A300008F04AFC07F01BFCC7E738A008F044FC9C
:101A400007F00EFCC1E703F01DFEFFF7A9FD84F8C7
:101A5000420008B903F016FE64200BF0CCFBA6E7A9
:101A600018000020441800205B4750494F5D205566
:101A70006E6B6E6F776E20747970653D25640D0A0C
:101A8000000000005B4750494F2D4C494654494ED9
:101A9000475D2073746174653D25640D0A00000084
:101AA0004C696674696E67205455524E5F444F57B7
:101AB0004E207365740D0A004C696674696E672068
:101AC000484F4C445F4F4E207365740D0A00000070
:101AD0004C696674696E67205455524E5F555020AC
:101AE0007365740D0A0000005B4750494F2D574144
:101AF000524E494E475D2073746174653D25640DF7
:101B00000A000000576172696E67204C49474854CB
:101B10005F4F4E207365740D0A00000057617269B3
:101B20006E67204C494748545F4F464620736574A2
:101B30000D0A000070B50546D0F83C01008818B3C6
:101B400000242E1996F8B4000F2818D028680078C1
:101B5000A04214D096F8440140B9D5F8382112B10A
:101B6000214628469047012086F8B40096F84401A3
:101B70002146401E86F8440128460BF01FF9641CDC
:101B8000E4B2802CDDD370BDB5F93401FFF7FEFD62
:101B9000A5F8340170BD000078B50024009490F8D9
:101BA0003C20012A19D0012280F83C200A68072332
:101BB0000568092A13D9EE680A3A02EB42029340FB
:101BC0009E43EE600B788A680A3B03EB43039A401E
:101BD0000368DD682A43DA6010E0022078BD2E69D0
:101BE00002EB420293409E432E610B788A6803EB1E
:101BF00043039A4003681D692A431A614A681F23F8
:101C0000072A13D205686E6B521E02EB82029340C4
:101C10009E436E630B790A885B1E92B203EB8303CB
:101C20009A4003685D6B2A435A6327E005680D2AD2
:101C300012D22E6BD21F02EB820293409E432E6380
:101C40000B790A88DB1F92B203EB83039A40036887
:101C50001D6B2A431A6311E0EE6A0D3A02EB820211
:101C600093409E43EE620B790A880D3B92B203EBE0
:101C700083039A400368DD6A2A43DA62164B0568DB
:101C8000144A9D4206D10D68122D03D1556845F4C2
:101C90008005556005689D4218D10B68102B01D056
:101CA000112B13D1536843F40003536009681029C2
:101CB0000CD10A490A4A0968B1FBF2F101EB810132
:101CC000490000E0491E00910029FBD180F83C400A
:101CD000002078BD002301400020014000010020C9
:101CE00040420F0070B504004FF0000503D0206C97
:101CF000002610B107E0012070BD204600F01CF85E
:101D0000666484F83C60206CC00610D4206C20F41B
:101D1000885040F0020020642046FFF75BFB6664B9
:101D2000206C20F0020040F00100206400E001255A
:101D300084F83C60284670BD30B587B00446142155
:101D40006846FEF7EFFA1849206888422AD11748FA
:101D50000025016841F480710160006800F4807022
:101D6000059012481438016841F0040101600168CF
:101D700001F004010591016841F002010160006871
:101D8000032400F00200059008208DE83100694628
:101D9000074800F04DFE009469460648CDE901452C
:101DA00000F046FE07B030BD00200140443802403C
:101DB000000802400004024090F82020012A07D0C9
:101DC000022A05D0416A41F4802141620120704716
:101DD000006842690A43426100207047F0B590F8FC
:101DE00020500468A468012D05D0022D03D0416A5B
:101DF00041F480215DE014F0406F01D1E50055D53C
:101E0000C4F30164022C03D9416A41F4000150E09B
:101E10000125A5401D608D684FF4C0739DB1CE684B
:101E200035434E6845EAC605066803EB0417F551CD
:101E30004FF4C275076805EB04150E697E51097DE4
:101E4000012905D009E00E88CD6845EA4655EBE743
:101E500001684E5946F480764E511179D5795679FC
:101E600041EA056195792D0445EA062529434FF499
:101E7000C676056806EB0416A9511178D57841EAB3
:101E80000561957852782D0445EA022211434FF4FA
:101E9000C475026805EB04155151006803EB041189
:101EA000425842F0010242500020F0BD416A41F424
:101EB000001141620120F0BD10B590F82020012AE8
:101EC00007D0022A05D0416A41F4802141620120F5
:101ED00010BD3B48D0F8002242F00102C0F80022B9
:101EE000D0F8002222F47C52C0F80022D0F8002260
:101EF0004B6A42EA0322C0F800220A7D02F01F0367
:101F000001229A40D0F81C329343C0F81C32CB69AE
:101F1000B3B9D0F80C329343C0F80C328C894B68BB
:101F200064F31F434C6900EBC404C4F840320C89CD
:101F30000B6864F31F434C6900EBC404C4F84432DB
:101F4000CB69012B16D1D0F80C321343C0F80C32F8
:101F50000C884B6864F31F434C6900EBC404C4F85D
:101F600040320C89CB6864F31F434C6900EBC40416
:101F7000C4F844328B69002BD0F804320ED01343DE
:101F8000C0F804320B69002BD0F8143208D0134388
:101F9000C0F81432096A012904D008E09343EFE73E
:101FA0009343F5E7D0F81C121143C0F81C12D0F887
:101FB000001221F00101C0F80012002010BD000045
:101FC000006400407047406A704730B590F8204088
:101FD000012C05D0022C03D0416A41F480215DE040
:101FE0000468002955D02469A40754D04FF4D8744C
:101FF000056804EB01142D5915F00405956005687A
:102000002D594ED0ED08556005682C5904F0020496
:10201000D4604FF4DA74056804EB01142D5905F00F
:102020000F05156105682D59C5F3072595610568EC
:102030002C59240C54614FF4DC72046802EB011239
:10204000A4581C700468A458240A5C700468A4583E
:10205000240C9C700468A258120EDA704FF4DE72E1
:10206000046802EB0112A4581C710468A458240AE5
:102070005C710468A458240C9C710468A258120E68
:10208000DA71006881B1016941F02001016100202D
:1020900030BDE468A8E7416A41F4001141620120C3
:1020A00030BD6D0D1560AFE7C16841F02001C16022
:1020B000EDE70246002092F82010012901D0022904
:1020C0000CD111688A68520100D501208A6812017A
:1020D00000D5401C8968C90000D5401C70472DE917
:1020E000F05F0546006800244669D0F804908768D0
:1020F000D0F80CB0D0F810A0D0F81880F10748D074
:10210000F90714D001218160B80703D5284600F0F3
:10211000AAFA0CE0780702D54FF4006407E038070C
:1021200002D54FF4805402E0284600F09BFAF805EF
:1021300016D529684FF480708860B80503D5284605
:1021400000F093FA0CE0780502D544F4005407E05F
:10215000380502D544F4804402E0284600F084FAB1
:10216000F80316D529684FF480308860B80303D58A
:10217000284600F07CFA0CE0780302D544F40044D1
:1021800007E0380302D544F4803402E0284600F02A
:102190006DFA300707D55FEACB6004D529681020B7
:1021A00044F40074C86070074FF0080707D55FEA71
:1021B0000B7004D52868C760284600F099F9B0076D
:1021C00006D52868C068800702D0284600F092F93A
:1021D000700607D55FEACA6004D52968102044F468
:1021E00080640861B00607D55FEA0A7004D52868E4
:1021F0000761284600F006FAF00606D5286800694F
:10220000800702D0284600F0FEF9B00308D55FEA47
:10221000C96005D5296810204860284600F0F4F907
:10222000F00307D55FEA097004D52868476028469F
:1022300000F01EFA300446D55FEA497040D5F0053B
:1022400004D55FEAC87001D044F00104B00504D59C
:102250005FEA887001D544F00204700504D55FEA96
:10226000487001D544F00404300529D518F0700FEA
:1022700026D008F07000402815D006DC102809D0C0
:1022800020280AD0302816D10AE050280ED0602825
:1022900011D10EE044F008040DE044F010040AE00F
:1022A00044F0200407E044F0400404E044F08004DB
:1022B00001E044F480742868816921F07001816133
:1022C000296804204860002C05D0686A20436862B1
:1022D0002846FFF777FEBDE8F09F70B5040003D0F5
:1022E00094F8200010B104E0012070BD204600F0F9
:1022F00081F82068016841F00101016000F09AFC5A
:102300000546052604E000F095FC401B0A2811D87C
:1023100020684068C007F6D02068016821F00201FB
:10232000016000F087FC05460BE000F083FC401BD9
:102330000A2806D9606A40F40030606284F82060A0
:10234000D2E7206840688007EFD4207E012820680B
:1023500001683DD021F080010160607E0128206885
:10236000016838D021F040010160A07E012820687A
:10237000016833D021F020010160E07E012820684F
:1023800001682ED041F010010160207F01282068F3
:10239000016829D021F008010160607F01282068D0
:1023A000016824D021F004010160D4E9020108434E
:1023B000D4E90412114308436168491E08432168A7
:1023C000C86100206062012084F82000002070BDF8
:1023D00041F08001C0E741F04001C5E741F0200134
:1023E000CAE721F01001CFE741F00801D4E741F03E
:1023F0000401D9E7F0B587B0044614216846FDF71B
:1024000091FF364B3648DFF8D0E05968D4F800C069
:10241000334A03250226092710300024491CF445BD
:1024200022D15960012907D1016841F00071016092
:10243000006800F000700590106840F0080010601F
:102440001068CDE9005600F00800CDE90470694637
:102450002448CDE9024500F0EBFA002205211420C2
:1024600000F0DAFC142032E0DFF87CE0F44530D1F3
:10247000D0F800C04CF0806CC0F800C0D0F800C0AC
:1024800001290CF0806CCDF814C0596007D10168A7
:1024900041F000710160006800F000700590106864
:1024A00040F002001060106802AB00F002000590DE
:1024B0006020CDE9000683E8B00069460B4800F0D3
:1024C000B7FA00220521402000F0A6FC402000F0D1
:1024D00095FC07B0F0BD000000640040E80000205B
:1024E00030380240000C0240006800400004024006
:1024F0007047000070B500683C49002401253C4E3F
:102500008CB0884235D11C2103A8FDF70BFF0A943B
:102510000B94009401940AAB03AA0021354802945D
:10252000FFF753FD00285DD1059804285AD0039881
:10253000ADF800000698022819D000208DF802009E
:1025400007988DF8030002460AA901A8FDF7D1FEFD
:1025500028480399203802C0079900F8011B0AA9EE
:10256000079AFDF7C6FE35706946234838E001201A
:10257000E4E72249884235D11C2103A8FDF7D2FEA9
:102580001C480A940B94009401940AAB03AA0021FE
:1025900028300294FFF719FD002823D1059804285C
:1025A00020D00398ADF80000069802281CD0002027
:1025B0008DF8020007988DF8030002460AA901A8C9
:1025C000FDF797FE0B480399103802C0079900F8F1
:1025D000011B0AA9079AFDF78CFE75706946084829
:1025E00009F04CF80CB070BD0120E1E70064004038
:1025F000E8000020F41A00200007002000680040D6
:10260000F40D0020704770477047000070B5044615
:1026100090F82000012804D0606A40F40020606235
:1026200018E0022084F820002068016821F00101F0
:10263000016000F0FFFA05460EE000BF00F0FAFA74
:10264000401B0A2808D9606A40F400306062052007
:1026500084F82000012070BD20684068C007EDD1DB
:10266000606270BD70477047704770477047704731
:1026700070472DE9F0410446876D00F0DBFA06460D
:1026800094F835000025022806D08020606584F883
:1026900034500120BDE8F0812068016821F0160166
:1026A00001602068416921F080014161206C08B916
:1026B000A06C20B12068016821F008010160206849
:1026C000016821F0010101600CE000F0B3FA801B09
:1026D000052807D920206065032084F8350084F898
:1026E0003450D7E720680068C007EED194F85C103A
:1026F0003F208840B860012084F8350084F83450C9
:102700000020C7E790F83510022903D080214165E9
:1027100001207047052180F835100068016821F01C
:1027200001010160002070472DE9F84304464FF095
:102730000009CDF8009063484FF41651A56D00686C
:10274000B0FBF1F72E6894F85C10082000FA01F154
:1027500031420FD021680A6852070BD50A6822F06F
:1027600004020A6094F85C108840A860606D40F034
:102770000100606594F85C104FF0010808FA01F060
:10278000304208D021684969090604D5A860606D07
:1027900040F00200606594F85C10042088403042EC
:1027A00008D021680968890704D5A860606D40F0E9
:1027B0000400606594F85C1010208840304218D006
:1027C00021680968090714D5A860206801684903D1
:1027D00004D50068000308D5A16C07E00168C905AD
:1027E00003D4016821F008010160216C09B1204681
:1027F000884794F85C1020208840304231D021680E
:102800000968C9062DD5A86094F835000528206808
:10281000016806D0490347D5006800031DD4616CE8
:102820001CE021F0160101602068416921F080015F
:102830004161206C08B9A06C20B12068016821F0CA
:102840000801016094F85C103F208840A86084F87B
:10285000358084F83490216D1FE0E16B09B120468A
:102860008847606D00282BD0606DC00714D005200C
:1028700084F835002068016821F0010101600098AA
:10288000401C0090B84203D820680068C007F6D109
:1028900084F8358084F83490E16C002910D001B0C0
:1028A0002046BDE8F04308470168C905D5D4016852
:1028B00021F01001016084F8358084F83490CCE771
:1028C000BDE8F883000100202DE9F041044600F046
:1028D000B1F906465CB1022084F83500002584F881
:1028E00034502068016821F0010101600DE00120F1
:1028F000BDE8F08100F09EF9801B052805D9202055
:102900006065032084F83500F2E720680068C0079E
:10291000F0D12268116820480140D4E9010318432E
:10292000D4E903363343184363691843A369184352
:10293000E3691843236A18430843616A042903D1F1
:10294000D4E90B1319430843106020684069666A94
:1029500020F0070130460E43012704280CD1A06A5D
:102960000643E06A40B12046FEF7D0FE20B1402089
:10297000606584F83570BAE7206846612046FEF746
:10298000B1FE94F85C203F2191408160656584F838
:1029900035700020ACE700003F8010F02DE9F041D9
:1029A0000446866D90F83400002501280DD00120E2
:1029B00084F8340094F835700020012F07D084F893
:1029C000340002252846BDE8F0810220FBE70227FB
:1029D00084F8357060652046FEF7C2FE94F85C10FE
:1029E0003F208840B0602068016841F01601016016
:1029F000206C20B12068016841F008010160206866
:102A0000016841F001010160DCE7000070B5044697
:102A100000F010F90546601C02D004480078044418
:102A200000F008F9401BA042FAD370BDF40000206A
:102A30002DE9F84FDFF8BCA1002201250AF1040BB3
:102A400003264FF00F090BF1040E00BF0B6805FAC7
:102A500002F42340A34270D10F7907F00307012F3E
:102A600001D0022F16D187684FEA420806FA08FC07
:102A700027EA0C07D1F80CC00CFA08FC4CEA070C4A
:102A8000C0F808C04768A7430C79C4F30014944009
:102A90003C4344600C79E443A4070AD0C4684FEA7D
:102AA000420C06FA0CF7BC438F6807FA0CF7274371
:102AB000C7600C7904F00304022C12D1D40800EB97
:102AC000840CDCF820405707FF0E09FA07F824EAC7
:102AD0000804D1F8108008FA07F848EA0408CCF88E
:102AE000208004684FEA420C06FA0CF7BC430F79C9
:102AF00007F0030707FA0CF7274307604C6814F444
:102B0000403F70D03C4C276847F4804727602468DA
:102B100022F0030704F480440094384C07EB040CC3
:102B2000DCF8084897074FEA177809FA08F7BC431A
:102B3000334FB84202D1002724E054E0314FB8426D
:102B400001D101271EE0304FB84201D1022719E020
:102B50002E4FB84201D1032714E02D4FB84201D1C6
:102B600004270FE02B4FB84201D105270AE02A4F76
:102B7000B84201D1062705E0284FB84201D1072706
:102B800000E0082707FA08F72743CCF80878DAF8B6
:102B900000405746D1F804C09C435FEACC3C00D5C6
:102BA0001C433C60DBF800405F46D1F804C09C4306
:102BB0005FEA8C3C00D51C433C60DEF80040774661
:102BC000D1F804C09C435FEACC2C00D51C433C6088
:102BD000084F0C373C68D1F804C09C435FEA8C2C4A
:102BE00000D51C433C60521C102AFFF42FAFBDE8F7
:102BF000F88F0000003C01404438024000300140A2
:102C0000000002400004024000080240000C0240A4
:102C1000001002400014024000180240001C024054
:102C20000069084000D0012070470AB181617047F7
:102C30000904FBE70148806870470000F4000020A9
:102C400090F83C10012912D0012100F83C1F2421EA
:102C5000417050F83C1CCA6822F00C0242F0040299
:102C6000CA6020214170002101700846704702208F
:102C7000704790F83C10012912D0012100F83C1F48
:102C80002421417050F83C1CCA6822F00C0242F02A
:102C90000802CA6020214170002101700846704777
:102CA0000220704770B5040011D021684CF6CC406A
:102CB0000860216845F255500860D4E90001416080
:102CC0002168A0688860FFF7B5FF05460DE0012088
:102CD00070BD00BFFFF7AEFF401B312805D920684B
:102CE000C068800701D0032070BD2068C0688007DD
:102CF000F0D121684AF6AA200860002070BD006863
:102D00004AF6AA210160002070470000024881684D
:102D10000278114481607047F40000200B4810B520
:102D2000016841F400710160016841F48061016053
:102D3000016841F480710160032000F08DF80F20DC
:102D400000F006F800F03EF8002010BD003C024004
:102D500010B5014688B00022362000F05DF836201C
:102D600000F04CF813480024016841F010010160A4
:102D7000006805A900F010000690684600F018F9F8
:102D800000F036F90C494000B0FBF1F10C480B4A59
:102D9000491E026040F2E732C0E90324C0E9011491
:102DA00000F0F2FC10B1012008B010BD044800F0A2
:102DB00037FDF9E74038024040420F000010004064
:102DC000781F00200C4882B0016841F48041016006
:102DD000006800F4804000900748001F016841F03F
:102DE000805101600068002200F0805000900F21A7
:102DF000901E02B000F010B844380240002809DBF1
:102E000000F01F02012191404009800000F1E02004
:102E1000C0F8001170470000F0B40E4B1B680C4660
:102E2000C3F30223C3F10705042D00D90425191D9E
:102E3000072901D2002300E0DB1E012606FA05F176
:102E4000491E214099409E40761E16403143F0BCF9
:102E500007F064BA0CED00E0064900F007020868CC
:102E60004FF6FF03184040EA0220034A104308606F
:102E7000704700000CED00E00000FA052DE9F04776
:102E80000E46050065D0DFF81481D8F80000F7B2CF
:102E900000F00700B04207D288F80070D8F80000B0
:102EA00000F00700B04254D128683D4C810712D58C
:102EB000400703D5206840F4E050206028780007E0
:102EC00003D5206840F4604020602068A96820F0A5
:102ED000F000084320602878C0072DD0304968688A
:102EE0000839012812D0022813D0032811D009680C
:102EF000890700292DDA216821F0030101432160AF
:102F0000FFF798FE814641F2883A0EE0096889038E
:102F1000EFE709688901ECE7FFF78CFEA0EB0901F8
:102F2000514502D90320BDE8F0872068696800F0A8
:102F30000C00B0EB810FEFD1D8F80010404601F043
:102F40000701B14207D90770006800F00700B042DE
:102F500001D00120E7E72878400705D52068E96817
:102F600020F4E050084320602878000706D5206848
:102F7000296920F4604040EAC100206000F058F860
:102F80002168084AC1F30311515CC8400649086032
:102F900006480068FFF7DCFE0020C4E7003C024062
:102FA00008380240502E010800010020F8000020DF
:102FB0000F2202600C4A136803F003034360136896
:102FC00003F0F0038360136803F4E053C3601268F6
:102FD0004FF4E05303EAD20202610448006800F0B3
:102FE000070008607047000008380240003C0240BB
:102FF0000448054900680968044AC1F38221515C0C
:10300000C84070470001002008380240602E0108C7
:103010000448054900680968044AC1F34231515C1B
:10302000C84070470001002008380240602E0108A7
:10303000104810B5006810F00C010F4818D0042992
:1030400016D0082914D10B4C241F216801F03F022F
:10305000216821680023C1F38811A1FB0001FDF75D
:1030600011F92168C1F30141491C4900B0FBF1F09D
:1030700010BD0000083802400024F4002DE9F84F8C
:1030800004006ED02078DFF84C93C007A9F1040546
:103090004AD009F104000168C1F38101012908D077
:1030A0000068C0F3810002280AD1D9F8000040026C
:1030B00006D52868800337D560680028E1D033E062
:1030C0006068B0F5803F10D0B0F5A02F286810D010
:1030D00020F480302860286820F480202860606810
:1030E000A8B1FFF7A7FD06460DE0286840F4803040
:1030F000F4E740F480202860F7E700BFFFF79AFD6F
:10310000801B642873D828688003F7D50CE0FFF78C
:1031100091FD064605E000BFFFF78CFD801B64288B
:10312000F0D828688003F7D42078DFF8AC828007D5
:103130004FF0000A3ED5A748001D016811F00C0FA2
:1031400008D00068C0F3810002280BD1D9F8000034
:10315000400207D42868800716D5E068012800D10E
:1031600012E033E1E068B8B10120C8F80000FFF7D1
:1031700061FD064605E000BFFFF75CFD801B0228ED
:10318000C0D828688007F7D52868216920F0F800A2
:1031900040EAC10028600DE0C8F800A0FFF74AFD32
:1031A000064604E0FFF746FD801B02281FD828686A
:1031B0008007F7D42078000722D5864F87486169B9
:1031C000703771B101210160FFF734FD064604E05C
:1031D000FFF730FD801B022809D838688007F7D533
:1031E0000EE0C0F800A0FFF725FD064605E082E0EE
:1031F000FFF720FD801B02287DD838688007F7D4B0
:103200002078400768D5DFF8CCB100270BF13C0BE4
:10321000DBF80000C0000BD4DBF8001041F0805157
:10322000CBF80010DBF80000012700F08050009080
:103230006B4E3068C00510D4306840F48070306048
:10324000FFF7F8FC009005E0FFF7F4FC0099401A46
:10325000022850D83068C005F6D55E4EA0686C369E
:1032600001280FD00528306810D020F00100306010
:10327000306820F004003060A068B8B1FFF7DAFCD5
:1032800000900FE0306840F00100F4E740F00400E7
:103290003060F7E7FFF7CEFC0099411A41F2883021
:1032A000814266D830688007F4D50EE0FFF7C2FC93
:1032B000009007E0FFF7BEFC0099411A41F2883008
:1032C000814256D830688007F4D42FB1DBF8001063
:1032D00021F08051CBF80010A069C8B33D49091D09
:1032E0000968C1F3810102294AD00228504607D05B
:1032F000C8F8600000E03CE0FFF79CFC04463BE0BF
:103300004746C8F86000FFF795FC064605E000BF99
:10331000FFF790FC801B02282BD828688001F7D487
:10332000D4E907010843A16A2E4A490802EB01418A
:10333000626A41EA8211084394F82C1040EA016164
:10334000C9F8001001203866FFF774FC044606E057
:103350003EE000BFFFF76EFC001B022809D828687A
:103360008001F7D534E000BFFFF764FC001B0228A2
:1033700002D90320BDE8F88F28688001F4D427E043
:103380000128F7D0D9F80000E26900F480019142E9
:103390001CD1226A00F03F01914217D147F6C0715B
:1033A000626A0140B1EB821F10D1A26A4FF0FF3375
:1033B00000F4403103EB5202B1EB024F06D194F816
:1033C0002C1000F07060B0EB016F01D00120D1E74C
:1033D0000020CFE70438024000004742800E4742F9
:1033E000007000400000FFFF70B5040009D0606A63
:1033F000002540B125616561A56294F8510040B196
:103400000CE0012070BD6068B0F5827FF4D0E5610A
:10341000F2E784F85050204600F044F8022084F887
:1034200051002068016821F040010160A0882189D5
:1034300000F4827001F404410843A18901F40061A1
:103440000843217C01F002010843217D01F00101C4
:103450000843218B01F400710843217F01F03801FA
:10346000084394F8201001F080010843218D01F4F5
:103470000051084321680860A069042101EA104056
:1034800094F8241001F01001084321684860206876
:10349000C16921F40061C1616565012084F85100B2
:1034A000002070BD10B586B0044614216846FCF7B4
:1034B00039FF14492068884221D11348002102684D
:1034C00042F480420260006800F4804005900E489B
:1034D0001038026842F002020260006800F0020048
:1034E00005904FF4604000900220CDE901010320D7
:1034F00003900520049069460448FFF799FA06B046
:1035000010BD000000380040403802400004024076
:103510002DE9F84F044690F8500000270A9E1D46FA
:1035200092468B464FF0010901280ED0012084F805
:103530005000FFF77FFB804694F851006168012836
:103540000CD0B1F5827F07D102E00220BDE8F88FF0
:10355000A16809B9042801D00227C2E0BBF1000F1D
:1035600027D0BAF1000F24D01DB394F851000428DD
:1035700002D0052084F8510000206065C4F838A00E
:10358000E587A587C4F830B0E586A5862064606429
:1035900020680168490603D4016841F040010160D8
:1035A000E068B0F5006F606805D0E8B3012D46D043
:1035B0007FE0012795E008B1012D39D1206B21680A
:1035C0000088C860206B801C2063E08E401EE0866F
:1035D0002EE02068816889070FD5E18E69B1B9F1C5
:1035E000010F0AD1216B0988C160206B801C206308
:1035F000E08E401EE0864FF0000920688168C90710
:103600000CD0E18F51B1C068A16B0880A06B801C09
:10361000A063E08F401EE0874FF00109FFF70AFB2F
:10362000A0EB0800B04200E009E001D3701C50D1CB
:10363000E08E0028CDD1E08F0028CAD13FE0206B7A
:10364000216800780873206B401C2063E08E401EC8
:10365000E0862EE02068816889070FD5E18E69B188
:10366000B9F1010F0AD1216B09780173206B401C5D
:103670002063E08E401EE0864FF0000920688168DC
:10368000C9070CD0E18F51B1C068A16B0870A06B65
:10369000401CA063E08F401EE0874FF00109FFF758
:1036A000C9FAA0EB0800B04202D3701C01D010E0B0
:1036B0007EB1E08E0028CDD1E08F0028CAD14246ED
:1036C0003146204603F03EFE28B1012720206065E8
:1036D00007E0032705E0A06818B92068C168806882
:1036E0000090012084F85100002084F850003846F2
:1036F0002CE770477047000070B590F83C20012A15
:1037000032D0012480F83C40022280F83D2003683A
:103710005A689D6822F070060A6832435A60134B5B
:1037200002689A4214D0B2F1804F11D0104B9A42E5
:103730000ED0104B9A420BD00F4B9A4208D00F4B31
:103740009A4205D00E4B9A4202D00E4B9A4204D1B7
:10375000496825F080031943916080F83D400021BD
:1037600080F83C10084670BD022070BD000001408A
:103770000004004000080040000C0040000401402C
:10378000004001400018004010B5040003D094F838
:103790003D0010B107E0012010BD002084F83C007E
:1037A000204600F01FF8022084F83D00211D20680B
:1037B00004F048FE012084F8460084F83E0084F8B6
:1037C0003F0084F8400084F8410084F8420084F807
:1037D000430084F8440084F8450084F83D0000204C
:1037E00010BD000008B500680B49884212D10B4893
:1037F000016841F0080101600068002200F0080043
:10380000009005213220FFF707FBBDE80840322079
:10381000FFF7F4BA08BD0000000C00404038024039
:1038200090F83D10012901D001207047022180F855
:103830003D100168CA6842F00102CA60006811497F
:10384000884214D0B0F1804F11D00F4988420ED079
:103850000E4988420BD00E49884208D00D49884253
:1038600005D00D49884202D00C49884204D18168B4
:1038700001F00701062903D0016841F00101016050
:103880000020704700000140000400400008004094
:10389000000C0040000401400040014000180040BE
:1038A00070B5044690F83C000025012817D0012689
:1038B00084F83C60022084F83D002068826822F091
:1038C000770222F47F4282600868502838D00DDCED
:1038D00020284FD005DC90B3102811D14AE00220F7
:1038E00070BD302846D040280AD13BE060282FD058
:1038F00070280DD0B0F5805F03D0B0F5005F12D016
:10390000012584F83D60002084F83C00284670BD05
:10391000CB68D1E90121206804F0F8FD20688168B6
:1039200041F0770109E0CB68D1E90121206804F07A
:10393000EDFD2068816841F480418160E1E719E094
:10394000CA684968206804F0F3FD5021206806E049
:10395000CA684968206804F0FCFD6021206804F012
:10396000DFFDCEE7CA684968206804F0E1FD402128
:103970002068F4E7226801461046F0E7704770B50A
:103980000446006801694FF00005C943890715D452
:10399000C168C943890711D4E91E0161012020775C
:1039A000206880698007204602D0FFF7E7FF04E027
:1039B00000F098F8204600F0C2F8257720680169E9
:1039C000C943490717D4C168C943490713D46FF0E5
:1039D00004010161022020772068806910F4407F93
:1039E000204602D0FFF7CAFF04E000F07BF8204633
:1039F00000F0A5F8257720680169C943090716D4A6
:103A0000C168C943090712D46FF00801016104209D
:103A100020772068C0698007204602D0FFF7AEFFFC
:103A200004E000F05FF8204600F089F82577206870
:103A30000169C943C90617D4C168C943C90613D46B
:103A40006FF010010161082020772068C06910F430
:103A5000407F204602D0FFF791FF04E000F042F8DB
:103A6000204600F06CF8257720680169C943C90732
:103A700008D1C168C943C90704D1891E0161204624
:103A800000F05EF820680169C943090609D4C168DD
:103A9000C943090605D46FF0800101612046FFF794
:103AA00028FE20680169C943490609D4C168C94391
:103AB000490605D46FF040010161204600F05CF832
:103AC00020680169C94389060BD4C168C9438906C6
:103AD00007D46FF0200101612046BDE87040FFF778
:103AE00009BE70BD704770B50D46040003D094F850
:103AF0003D0010B107E0012070BD002084F83C00BB
:103B0000204600F01BF8022084F83D00211D2068AB
:103B100004F098FC2068016821F00801016054F865
:103B2000460B016829430160012004F81F09E07574
:103B30002076E0762077A075002070BD7047704732
:103B400010B5044600680949884205D1084800219B
:103B50000160416004F042FD06492068884203D1BB
:103B6000BDE81040FFF7D2B810BD0000000C0040C7
:103B70003410002000100040704738B5044690F81B
:103B80003E00202822D181B17AB194F83C0001286E
:103B90001CD0012084F83C002063204604F098FFEC
:103BA000002803D1216B012901D0012038BD2168F3
:103BB0000A684968009121680C3151E8002F42F0F1
:103BC000100241E80023002BF5D138BD022038BD9A
:103BD0007CB50022254B01921446234D1B7835E01D
:103BE00055F82460766886422FD155F8240090F865
:103BF0004031042B2CD139B380F83E1155F8240004
:103C000080F83F2102E000BF00F082F855F8243030
:103C1000802203F1BC015868FFF7AFFF002855F878
:103C200024004068F0D1806B0068016821F0080131
:103C3000016001A8009055F8240000230322D0F869
:103C4000AC0019460EF062FD02E0641C9C42C7DB2A
:103C50000198002807D006494FF080500860BFF354
:103C60004F8FBFF36F8F7CBDD8010020D40100209F
:103C700004ED00E07047000070B5044620680C3089
:103C800050E8001F21F4907140E80012002AF5D19D
:103C90002068143050E8001F21F0010140E80012B4
:103CA000002AF5D1206B012809D120680C3050E89A
:103CB000001F21F0100140E80012002AF5D1206811
:103CC00040694FF0200241064FF0000015D52168F1
:103CD000143151E8003F23F0400341E80035002D46
:103CE000F5D1A16B49B109480865A06BFEF70AFD43
:103CF00050B1A06B016D884706E0E08584F83E2056
:103D000020632046FFF7B6FF002070BD378800080B
:103D100010B504460068406994F83D10C0F3C01027
:103D2000212911D180B12068143050E8001F21F002
:103D3000800140E80012002AF5D1606B08B1FEF75F
:103D400098FC204604F0CFFD2068406994F83E10AE
:103D5000C0F38010222911D180B12068143050E8BE
:103D6000001F21F0400140E80012002AF5D1A06BAD
:103D700008B1FEF77EFC204604F08EFD002010BD49
:103D800070B516490024144D097822E055F8242016
:103D9000526882421CD155F8240090F84001042852
:103DA00002D070BDFFF7B4FF55F82430802203F134
:103DB000BC015868FFF7E1FE002855F82400406870
:103DC000F0D1806B0068016821F00801016070BDCE
:103DD000641C8C42DADB70BDD8010020D4010020C5
:103DE00010F83D1F4078084370470000F8B501689F
:103DF00004460868CA684B6910F00F0F4FF00005C1
:103E000059D003F0010602F49077374365D0C1071B
:103E100005D0D10503D5216C41F001012164410792
:103E200005D5D90703D0216C41F002012164810737
:103E300005D5D90703D0216C41F0040121640107A5
:103E400007D502F02001314303D0216C41F0080175
:103E50002164216C00293AD0800604D5900602D551
:103E6000204604F04EFD20684069216CC0F38010AC
:103E7000090700D460B3204604F00EFD20684069B5
:103E8000400621D52068143050E8001F21F0400181
:103E900040E80012002AF5D1A06BA8B16C49016579
:103EA000A06BFEF72FFC002811D0A06B016D01B0B4
:103EB000BDE8F040084783060FD593060DD5204690
:103EC000BDE8F84004F01DBD2046FFF759FFF8BDDE
:103ED0002046FFF755FF2564F8BD266B2023012EF1
:103EE00079D1C60677D5D60675D50868486800909A
:103EF0004869400640D5A16B086840680004000C82
:103F0000EAD0A28D8242E7D9E085C869B0F5807F0A
:103F10002DD020680C3050E8001F21F4807140E85B
:103F20000012002AF5D12068143050E8001F21F05B
:103F3000010140E80012002AF5D12068143050E851
:103F4000001F21F0400140E80012002AF5D184F85A
:103F50003E30256320680C3050E8001F21F010012E
:103F600040E80012002AF5D1A06BFEF782FBA08D7D
:103F7000E18D401A81B229E0A08DE18D401A81B215
:103F8000E08D0028A8D00029A6D020680C3050E889
:103F9000002F22F4907240E80026002EF5D1206810
:103FA000143050E8002F22F0010240E80026002ED5
:103FB000F5D184F83E30256320680C3050E8002F9E
:103FC00022F0100240E80023002BF5D12046FFF735
:103FD000FFFDF8BDFFE705062BD5150629D594F89A
:103FE0003D002128F5D1A068B0F5805F01D120699E
:103FF000B0B1206A411C2162216800784860E08CE1
:10400000401E0004000CE084E3D12068C16821F068
:104010008001C1602068C16841F04001C160D8E7FB
:10402000206A0088C0F308004860206A801C206273
:10403000E5E74006CDD55006CBD5CA68204622F02C
:104040004002CA6084F83D3000F024FBC1E7000064
:104050004187000870B5040004D094F83D000025A5
:1040600010B106E0012070BD84F83C50204600F0FD
:1040700023F8242084F83D002068C16821F4005111
:10408000C160204604F09EFC2068016921F4904143
:1040900001612068416921F02A0141612068C168FD
:1040A00041F40051C1602564202084F83D0084F86B
:1040B0003E00002070BD00002DE9F04F87B004469F
:1040C00014216846FCF72EF9D848D849D64B103849
:1040D0002268DFF85CE300264F0505154FF0020863
:1040E0004FF003094FF0080C4FF0400B9A425CD19F
:1040F0000A68B24642F400220A60096801F400210D
:104100000591016841F004010160006802AA00F015
:10411000040005904FF44060CDE9000882E84012A9
:1041200069467046FEF784FCDFF80C83C1494046BF
:10413000C8F80010C0E90176C0E90365C8F814604A
:10414000C8F81860C8F81C60C8F82060C8F8246077
:10415000FEF7BAFB08B1FDF72FFBB74EB548C4F820
:10416000388060363030C8F8384086E88108C6E9C3
:1041700003A5C6F814A0C6F818A0C6F81CA0C6F877
:1041800020A03046C6F824A0FEF79EFB08B1FDF73C
:1041900013FB6663002205213420B463FEF73CFE66
:1041A0003420FEF72BFEA548A6E0A54B9A4233D15A
:1041B0000A6842F480120A60096801F480110591CE
:1041C000016841F004010160016801F004010591FA
:1041D000016841F0080101600068029600F00800E3
:1041E00005909814CDE90008CDE9039C6446694622
:1041F0007046FEF71DFC0420CDE900080296CDE9CB
:10420000039469468F48FEF713FC002205213520F0
:10421000FEF702FE35209AE08B4B4FF0070C4FF073
:10422000010A9A4271D181490026091D0A6842F0AB
:1042300010020A60096801F010010591016841F05F
:1042400001010160006801AA00F001000590581505
:1042500000900220CDF810C082E84102E046694695
:104260007A48FEF7E5FB0220CDE90050CDF808A022
:10427000CDE9039869467548FEF7DAFBDFF8B881A7
:10428000734908F1C0084046C8F80010C0E901763B
:10429000C0E90365C8F81460C8F81860C8F81C6065
:1042A000C8F82060C8F82460FEF70EFB08B1FDF7DF
:1042B00083FA6748674EC4F838807830C8F83840C9
:1042C00086E881080020C6E903057061B061F061ED
:1042D000306270623046FEF7F7FA08B1FDF76CFA0B
:1042E0006663002205212520B463FEF795FD252095
:1042F000FEF784FD514888300068C16841F0100124
:10430000C16007B0BDE8F08FFFE7534B9A4221D15F
:104310000A6842F400320A60096801F4003105912C
:10432000016841F0080101600068694600F008007A
:10433000059060208DE80105CDE9039C4148FEF71A
:1043400077FB002205212620FEF766FD2620FEF7DA
:1043500055FDD6E7414B9A42D3D10A68002642F474
:1043600080220A60096801F480210591016841F00A
:1043700008010160006801AA00F008000590981586
:1043800000900220CDF810C082E84102E046694664
:104390002C48FEF74DFB4FF4007000900220CDE951
:1043A000010ACDE9039869462648FEF741FBDFF88C
:1043B000A480204908F1600818394046C8F8001068
:1043C000C0E90176C0E90365C8F81460C8F8186050
:1043D000C8F81C60C8F82060C8F82460FEF774FABA
:1043E00008B1FDF7E9F91B4E1248C4F83880C03611
:1043F0001830C8F8384086E881080020C6E903056F
:104400007061B061F061306270623046FEF75CFA54
:1044100008B1FDF7D1F96663002205212720B463B6
:10442000FEF7FAFC272092E7004C0040403802409B
:104430000008024040600240381D0020E41B0020BC
:1044400000500040000C02400010014000000240FB
:1044500040640240581E00200044004000480040D4
:1044600090F83E30202B0ED159B152B190F83C302B
:10447000012B08D0012380F83C300023036304F0B3
:104480006FBB012070470220704700007CB50026FA
:104490001D49019634461B4D097825E055F8242026
:1044A000526882421FD155F8240090F8401101292A
:1044B0001CD190F8A610BC3002F0F4FD55F8243061
:1044C000012203F1A6015868FFF7CAFF0EF0BAF9FE
:1044D0000246009655F8240001AB0721D0F8B00041
:1044E0000EF094FB02E0641C8C42D7DB019800289C
:1044F00007D006494FF080500860BFF34F8FBFF3DD
:104500006F8F7CBDD8010020D401002004ED00E0B5
:10451000704700002DE9F843044690F83D001F461F
:1045200016460D4620284CD1C5B1BEB194F83C00CA
:10453000012846D0012084F83C004FF00008C4F860
:104540004080212084F83D00FEF774FBA68481465C
:10455000E684A068B0F5805F03D004E00120BDE8E8
:10456000F883206928B12E465FF0000584F83C806E
:104570000EE00026FAE78021204604F00CFBA0B9EB
:10458000AEB116F8010B21684860E08C401EE08453
:10459000E08C4B464FF0000200970028EBD14FF023
:1045A0004001204604F0F7FA30B10320D7E735F890
:1045B000020BC0F30800E6E7202084F83D0000204D
:1045C000CDE70220CBE7000070B5044690F83D002F
:1045D000202836D191B38AB394F83C00012830D01A
:1045E000012084F83C002162A284E2840025256435
:1045F000212084F83D00636B1348D863636B134834
:104600001864636B1248D864606B134605652668AE
:10461000606B321DFEF7C2F921686FF04000086040
:1046200084F83C502068143050E8001F41F08001AD
:1046300040E80012002AF5D1002070BDFFE70120FC
:10464000FBE70220F9E700004D8800088F8800088A
:104650005187000890F83D30202B18D1A9B1A2B1A4
:1046600090F83C30012B12D001628284C284002178
:104670000164212280F83D2080F83C100068C16868
:1046800041F08001C1600020704701207047022086
:10469000704700001CB5144B00210191114A1B7892
:1046A00012E000BF52F82140646884420BD101A897
:1046B000009052F8210000231A46D0F8AC001946A9
:1046C0000EF024F802E0491C9942EBDB0198002827
:1046D00007D006494FF080500860BFF34F8FBFF3FB
:1046E0006F8F1CBDD8010020D401002004ED00E034
:1046F0007047FEE741F60103C81A994270D034DCD6
:1047000041F21803A1EB030099426BD015DC41F292
:104710000603A1EB030099425CD009DCB1F5805F90
:1047200052D06FF48050081850D0042848D14FE080
:10473000012851D00E2843D150E0B0F5BD6F59D0BB
:104740000ADCB0F51A7F4FD0B0F57A7F4ED0A0F5D5
:104750004070E93834D14BE0A0F5A060E9384BD087
:10476000A0F58070FF382BD148E044F64003C11A11
:10477000984253D016DCB0F5006F49D009DCA0F5A3
:104780008070FF383ED001283ED0B0F5C06F17D101
:104790003CE0A0F5006001383CD03E38B0F5804FD9
:1047A0000ED139E0392941D006DC232938D02B2914
:1047B00038D0372904D137E0402939D0BE2939D043
:1047C0002048106000207047002034E0012032E0D3
:1047D000022030E003202EE004202CE005202AE017
:1047E0000EE0FFE7062026E0072024E0082022E074
:1047F000092020E00A201EE00B201CE00C201AE01B
:104800000D2018E00E2016E00F2014E0102012E01A
:10481000112010E012200EE013200CE014200AE01A
:10482000152008E0162006E0172004E0182002E01A
:10483000192000E01A2000211160034901EBC0009B
:104840007047000000000206A42F01089F2803D132
:10485000087808B101487047002070473000090609
:104860002DE9FF472B4DA87800284FF0020027D1F3
:10487000294F03900620388000240DF10C08CDE963
:1048800000844FF400593B4622464946234802948F
:1048900006F09EFB21480BF0E1FD0026322008F0D7
:1048A000AAFC0020FDF700F8287803280BD0761C1E
:1048B0000A2EF3DB1AA005F007FDAC706FF00200C2
:1048C00004B0BDE8F087052008F095FC3C80CDE9F8
:1048D0000084114B002249461048029406F078FBF0
:1048E0000E480BF0BBFD00260020FCF7DDFF28780A
:1048F000022809D0761C0A2EF6DB15A005F0E4FC90
:10490000AC706FF00100DBE71E4805F0DDFC002015
:10491000D6E7000014000020E80100200007002076
:104920004B696E636F20656E61626C6520666169BC
:104930006C65642C2052454144595F535749544398
:10494000485F4F4E5F4641494C45442E0D0A0000DA
:104950004B696E636F20656E61626C65206661698C
:104960006C65642C205357495443485F4F4E5F4455
:10497000495341424C45445F4641494C45442E0D04
:104980000A000000E83101082DE9FF5F504CA078D3
:1049900000284FF001003DD10026A07035460020D0
:1049A000FCF782FF2078002837D04A4F06200DF10F
:1049B0000C0A38804FF00209CDE900A5CDE9025973
:1049C0004FF4005B56463B4600225946424806F0EB
:1049D000FFFA4248414B002205600420CDE9025015
:1049E000CDE9006542F201013B4806F0F1FA3A4890
:1049F0000BF034FD00260020FCF756FF207803283A
:104A000015D0761C0A2EF6DB35A005F05DFCA570EE
:104A10006FF0020004B0BDE8F09F761C0A2EBEDBEA
:104A20003BA005F051FCA5704FF0FF30F2E70520E8
:104A300008F0E1FB07213980CDE900A5CDE9025955
:104A4000B8465746234B00225946234806F0C0FA81
:104A500021480BF003FD00260020FCF725FF2078FD
:104A6000042809D0761C0A2EF6DB34A005F02CFCB5
:104A7000A5706FF00300CDE7052008F0BCFB0F2107
:104A8000A8F80010CDE90075124B002259461248D3
:104A9000029506F09DFA10480BF0E0FC002632204B
:104AA00008F0A9FB0020FCF7FFFE2078052809D0BC
:104AB000761C0A2EF3DB2CA005F006FCA5706FF027
:104AC0000400A7E735A005F0FFFBA5700020A1E7D3
:104AD00014000020E801002000070020EC01002065
:104AE0004B696E636F20656E61626C6520666169FB
:104AF0006C65642C2052454144595F5357495443D7
:104B0000485F4F4E5F4641494C45442E0D0A000018
:104B10004B696E636F20656E61626C6520666169CA
:104B20006C65642C204745545F5354415455535F82
:104B30004641494C45442E0D0A0000004B696E6306
:104B40006F20656E61626C65206661696C65642CBE
:104B50002053574954434845445F4F4E5F464149AF
:104B60004C45442E0D0A00004B696E636F20656E44
:104B700061626C65206661696C65642C204F5045EC
:104B8000524154494F4E5F454E41424C45445F4669
:104B900041494C45442E0D0A000000004B696E63EC
:104BA0006F2063757272656E7420737461747573AF
:104BB000206973204F5045524154494F4E5F454E36
:104BC00041424C45442C20656E61626C6520636FE8
:104BD0006D706C657465642E0D0A000010B50221BD
:104BE00014480BF047FD1349012081F8E101002131
:104BF00010480BF0F3FD7F210E480BF0EFFD05216F
:104C00000C480BF0EBFD022201210A4808F0E7F8FE
:104C100082220121074808F0E2F8C82008F0EBFAE8
:104C200080220121034808F0DAF8BDE81040322064
:104C300008F0E1BA000700202DE9FF411C4E804634
:104C40002F2030800024022003ADCDE90240CDE9C1
:104C500000540703334622463946164806F0B8F991
:104C6000154904200B46C1F80080CDE90240CDE98A
:104C700000540022791C0F4806F0AAF90D480BF0E9
:104C8000EDFB3F203080CDE9005433460022394609
:104C90000848029406F09CF906480BF0DFFB054833
:104CA0000BF075FC052008F0A6FABDE8FF810000B6
:104CB000E801002000070020EC0100203EB5054679
:104CC0000020ADF80800062102A8CDE9000100236C
:104CD00046F23F020121074802F07AFA040004D0AC
:104CE00005A005F0F1FA20463EBDBDF80800288079
:104CF000F9E70000000700204B696E636F20534402
:104D00004F2072656164204552524F525F434F44B9
:104D1000455F494E444558204661696C65640D0AFB
:104D2000000000001FB504210391FBF742FF9FED37
:104D30000E1B53EC112BFBF74AFEFBF766FF0C49E9
:104D40000B4B0860002003A9CDE900100246029039
:104D500042F20201074806F03BF906480BF07EFBE1
:104D600004480BF014FC1FBD2D7AA702EE79D14048
:104D700008020020000700202DE9F04F87B04FF017
:104D800001088DF81480052705ACCDE9004746F2EF
:104D9000600500232A464146B84802F06CFA10B17B
:104DA000B7A005F091FA00268DF81460CDE9004710
:104DB00033462A460121B14802F00AFA10B1BCA0DC
:104DC00005F082FA9DF81400012802D0C4A005F075
:104DD0007BFACC48072403ADCDE90054029046F29B
:104DE0008109039000234A460121A44802F043FAB6
:104DF00010B1C5A005F068FACDE9005400234A4679
:104E000001219E48039602F0E3F910B1CBA005F012
:104E10005BFADDE90201814204D04FF4FA71D3A0BC
:104E200005F052FA4DF2B710CDE90054029046F267
:104E30008309039000234A460121904802F01BFA9F
:104E400010B1D6A005F040FACDE9005400234A463F
:104E500001218A48039602F0BBF910B1DAA005F0EF
:104E600033FADDE90201814203D03221E1A005F0ED
:104E70002BFAED48CDE90054029046F284090390E4
:104E800000234A4601217D4802F0F5F910B1E7A060
:104E900005F01AFACDE9005400234A46012177486B
:104EA000039602F095F910B1EBA005F00DFADDE9DB
:104EB0000201814203D0C821F2A005F005FA0DF1EC
:104EC0000809FD48CDE90094012302904FF4A05257
:104ED00019466A4802F0CFF910B1F8A005F0F4F9CC
:104EE00045468DF810800DF11008CDE900870223AA
:104EF0004FF4A0520121614802F0BDF910B1EFA0BA
:104F000005F0E2F9CDE900874FF4B05B8DF8106051
:104F100000235A460121594802F0ADF910B1F2A020
:104F200005F0D2F9FC48CDF80090CDE9014001230D
:104F30005A461946514802F09EF910B1EAA005F010
:104F4000C3F9F648A246CDF80090CDE901A04C4641
:104F500002234FF4B0520121484802F08CF910B1FD
:104F6000E1A005F0B1F90220CDE900878DF810002D
:104F7000B946C34600234FF4B05201213F4802F026
:104F80007AF910B1D8A005F09FF940F20120009401
:104F9000CDE901A0012357464FF4A05219463748E6
:104FA00002F069F910B1C5A005F08EF9C24802A956
:104FB000CDE90017401C01230290BA4641F201429C
:104FC00019462E4802F057F910B1D5A005F07CF92A
:104FD000CDE900B9A8468DF810504C465D46022335
:104FE00041F201420121254802F045F910B1CCA05F
:104FF00005F06AF9CDE9005441F2016BB1468DF834
:10500000106000235A4601211C4802F034F910B107
:10501000CEA005F059F9D94802AF0097CDE901A01B
:10502000012356465A461946144802F024F910B195
:10503000C6A005F049F9CDE900548DF81080002391
:105040005A4601210D4802F016F910B1BFA005F033
:105050003BF940F202200097CDE90160012341F2C3
:1050600001421946054802F006F910B1ACA005F05E
:105070002BF9C34801234FF4C05A83E100070020F5
:105080004B696E636F2053444F20577269746520DB
:10509000534552564F5F574F524B5F4D4F44455FFC
:1050A000494E444558204661696C65640D0A00000C
:1050B0004B696E636F2053444F20726561642053C7
:1050C0004552564F5F574F524B5F4D4F44455F49D6
:1050D0004E444558204661696C65640D0A00000025
:1050E0004B696E636F2073657420706F73697469A8
:1050F0006F6E206D6F6465204661696C65640D0A92
:1051000000000000938888004B696E636F20534451
:105110004F2057726974652050524F46494C4544A0
:105120005F56454C4F434954595F494E44455820BA
:105130004661696C65640D0A000000004B696E638E
:105140006F2053444F20726561642050524F46498E
:105150004C45445F56454C4F434954595F494E4472
:105160004558204661696C65640D0A004B696E63A1
:105170006F207365742070726F66696C6564207649
:10518000656C6F6369747920746F20256420727078
:105190006D204661696C65640D0A00004B696E63A1
:1051A0006F2053444F2057726974652050524F4608
:1051B000494C45445F4143435F494E44455820466E
:1051C00061696C65640D0A004B696E636F2053441E
:1051D0004F20726561642050524F46494C45445FF0
:1051E0004143435F494E444558204661696C6564BC
:1051F0000D0A00004B696E636F2073657420707236
:105200006F66696C656420616363656C6572617467
:10521000696F6E20746F2025642072706D20466166
:10522000696C65640D0A0000DC4603004B696E631F
:105230006F2053444F2057726974652050524F4677
:10524000494C45445F4445435F494E4445582046D8
:1052500061696C65640D0A004B696E636F2053448D
:105260004F20726561642050524F46494C45445F5F
:105270004445435F494E444558204661696C656426
:105280000D0A00004B696E636F20736574207072A5
:105290006F66696C656420646563656C65726174D2
:1052A000696F6E20746F2025642072706D204661D6
:1052B000696C65640D0A0000210000084B696E638B
:1052C0006F2053444F205772697465205250444FE9
:1052D000315F504152414D5F494E4445582046612F
:1052E000696C65640D0A00004B696E636F2053445E
:1052F0004F205772697465205250444F315F4D41C1
:105300005050494E475F494E444558204661696CAC
:1053100065640D0A000000001000406020007A6003
:105320004B696E636F2053444F2057726974652038
:105330005250444F325F504152414D5F494E4445B7
:1053400058204661696C65640D0A00004B696E6304
:105350006F2053444F205772697465205250444F58
:10536000325F4D415050494E475F494E44455820A9
:105370004661696C65640D0A0000000020008160D0
:10538000810100800097CDE90160524619466148CD
:1053900001F071FF10B160A004F096FFCDE9005458
:1053A0008DF810800223D34652460121594801F05E
:1053B00062FF10B158A004F087FFCA468DF8109024
:1053C000CDE900544FF4D05900234A4601215148F9
:1053D00001F051FF10B15BA004F076FF6548009723
:1053E000CDE9016001234A4619464A4801F043FFCE
:1053F00010B154A004F068FF5F480097CDE9016048
:1054000002234A460121434801F035FF10B14DA067
:1054100004F05AFF0220CDE900548DF8100000235B
:105420004A4601213B4801F026FF10B145A004F097
:105430004BFF40F281100097CDE9016001235A46ED
:105440001946344801F017FF10B133A004F03CFFB7
:105450004A480097CDE90160012341F6010BB946A6
:105460005A4619462B4801F006FF10B144A004F03B
:105470002BFFCDE9005447468DF8108002235A4691
:105480000121244801F0F7FE10B13DA004F01CFFFB
:105490008DF810A0CDE9005441F6012A00235246B0
:1054A00001211C4801F0E7FE10B135A004F00CFF0B
:1054B0003E48B046CDF80090CDE9018001234E462C
:1054C00052461946134801F0D6FE10B12CA004F044
:1054D000FBFECDE900548DF81070002352460121E7
:1054E0000C4801F0C8FE10B125A004F0EDFE4FF409
:1054F000C1700096CDE9018001235A46194605483E
:1055000001F0B9FE002802D01DA004F0DDFE07B0B6
:10551000BDE8F08F000700204B696E636F20534495
:105520004F205772697465205450444F315F504189
:1055300052414D5F494E444558204661696C65644F
:105540000D0A00004B696E636F2053444F20577261
:10555000697465205450444F315F4D415050494E5D
:10556000475F494E444558204661696C65640D0AA1
:105570000000000010004160200063608201008094
:105580004B696E636F2053444F20577269746520D6
:105590005450444F325F504152414D5F494E444553
:1055A00058204661696C65640D0A000020006C603B
:1055B0001E4D88B0287828B91DA004F085FE002073
:1055C0000BF0D8FD00273E4607F022FE04460021DE
:1055D000A86E07F0E5FEA0B900231A4601A9286DC0
:1055E00007F04CFE68B9002000900DF1080C1A4835
:1055F0009CE80E0007F01EF81849029804F1C8064E
:105600004860E01B64280CD3B4420AD30021E86E42
:1056100007F0C6FE28B9002210490F4807F0D6F857
:1056200027460A2007F0E7FDCEE70000180000201B
:1056300041637175697265206C6566745265637645
:1056400052617744617461507472206661696C655F
:1056500064210D0A00000000CC1400204418002032
:1056600010B500224FF400610448FDF7DEFA012274
:10567000BDE8104051020248FDF7D7BA00000240D1
:105680000008024010B500224FF400610548FDF704
:10569000CCFABDE8104000224FF400710248FDF73B
:1056A000C4BA0000000002400008024010B5012208
:1056B000D1020548FDF7B9FABDE8104000224FF4C9
:1056C00000710248FDF7B1BA000002400008024034
:1056D00000210A4600EBC103491C9A620529F9DB47
:1056E000704700002DE9F0410446DDE90765069F9B
:1056F000416500214FEA010004EBC10C491CCCF8C4
:1057000028000529F8DB206266616062C4E9012790
:10571000C4E90353207720650120206004F158007C
:1057200002F0DFFF04F16000BDE8F04102F0D9BFF4
:10573000002101770162416A002901D0FFF7C8BF4B
:10574000704708B56A4600F001F808BD2DE9F04140
:1057500098B016460F4604464FF0FF38454658228B
:1057600020496846FAF7C5FD206A80BB16A802F0FA
:10577000B8FF16A8616802F0ACFF07B96F46398B15
:10578000A161B87E606204F1600002F097FF3A46C2
:10579000A168206900F00AFA011E1EDD16AA204643
:1057A0000AF05FFE050018D116AA022120460BF070
:1057B00049FF02280AD10027377077703146701CE4
:1057C000E368626900F034F8012801D0454604E03E
:1057D000357815B901202062277718B02846BDE832
:1057E000F0810000902E01082DE9FC410746154686
:1057F0000E460024684600930AF06AFB60F3070433
:10580000C4F3C00030702009387001A9009800F07E
:10581000F9F80099019A014400910A44511A0229A9
:1058200004DB68460AF05AFB28800120BDE8FC81B1
:105830002DE9FC41074600240E46254668460092A5
:105840000AF046FB0146204661F3070000090228E2
:1058500019D101A9009800F0D5F80099054608442F
:10586000019900900144081A02280CDB68460AF0EE
:105870002FFB60F3070404F00100387068460AF05B
:1058800027FB307001252846BDE8FC812DE9FC5F2F
:105890008046DDE90EA00024CDE9000499461746B4
:1058A0000E462546DDF834B068460AF011FB60F379
:1058B0000704200903282CD1C4F3C00188F8001084
:1058C000C4F34100306004F00100387001A9009871
:1058D00000F098F800990546084401990090441892
:1058E000224669460C980AF002FB90B10098201AF3
:1058F0000FD43068002804DD68460AF0EFFAA9F8F2
:1059000000000098211ACAF8001000990125CBF870
:1059100000102846BDE8FC9F2DE9FC4781460A9807
:10592000002400909A4616468846254668460AF0A6
:10593000CFFA0146204661F307000009092826D165
:1059400001A9009800F05EF8009905460844019905
:1059500000904718381A022819DB68460AF0BEFA88
:10596000A9F8000034600EE03168414502DD4FF0D7
:10597000FF350CE068460AF0ABFA31688B00491C31
:1059800031604AF803000098B842EDD3012528465B
:10599000BDE8FC877CB504464FF0FF35684602F051
:1059A000A0FE6846616802F094FEA168206900F0DC
:1059B000C4F9011E04DD6A4620460AF052FD054680
:1059C0002046FFF7B5FE28467CBD006A7047F8B553
:1059D000012500240E4607460C60641C042C0FDCD5
:1059E00001216846B84701280AD19DF800003168B6
:1059F00000F07F0202FB0511ED0131600006ECD4DE
:105A00002046F8BD024A10600248FFF7E0BF0000E0
:105A1000D001002065B2000810B503460020CA1767
:105A200001EB526424F07F02891ACAB2E111002905
:105A300002DD00BF42F080021A5400F10100EEDCEA
:105A400010BD70B504680E4624B12046FAF775FC07
:105A5000054601E0D0E901543046FAF76EFC854274
:105A600005D12A4631462046FAF789FC08B10020C4
:105A700070BD012070BD0000401C802801DA401C70
:105A80007047B0F5804F01DA801C704703498842A7
:105A900001DAC01C7047001D70470000FFFF1F00A7
:105AA0002DE9F04306464FF0FF37006A89B01546EE
:105AB0003C464FF00009884678B307A802F011FE73
:105AC00007A8716802F005FE2878012801D0022895
:105AD00003D1304606F07AFAA880D5E90201CDE973
:105AE0000501CDE90289CDF81090A9886878CDE943
:105AF00000012B780022B168306900F024F9011E02
:105B000029DD07AA30460AF0ACFC040021D1287830
:105B1000012803D0022813D01BE01CE007AA0421AF
:105B200030460BF08FFD042811D1F068009001AAD7
:105B300002A903A87369FFF757FE012807D108E0FF
:105B400007AA072130460BF07DFD0728EDD03C4623
:105B500001E0601C02D13046FFF7EAFD09B02046A3
:105B6000BDE8F083F8B50024069E054600900429A0
:105B700001DAA01EF8BD62F3071463F3C304062A1A
:105B800024F0060000D1801CC1B268460CF006F873
:105B900002210098FFF740FF009908440090314629
:105BA00068460CF001F80098401BF8BD2DE9F84359
:105BB00007460090884614460025104600F082F8FB
:105BC0008146FFF759FF404502DDA81EBDE8F88376
:105BD0002E46314666F30701684610310BF0DEFFB2
:105BE00049460098FFF718FF009908440090207A72
:105BF00004281DD02FA168460BF0BCFF0321684686
:105C00000BF0CCFFA07E66F3070560F34105E07E54
:105C100008B145F00405680707D594F83D0060F326
:105C2000C40594F83C0060F34515206C40B905E0CC
:105C300022A168460BF09EFF0421E0E7A06C08B1AA
:105C400045F08005E06C08B9606D08B145F040058D
:105C5000294668460BF0A2FF218B68460BF0A4FF93
:105C600004F10C0168460EC90BF0ADFFE07E68B18F
:105C70002434684694E80E00243C0BF0A4FF303432
:105C8000684694E80E00303C0BF09DFF280605D5D1
:105C900004F1400168460EC90BF095FF680605D572
:105CA0004C34684694E80E000BF08DFF0098C01B42
:105CB0008CE700004D514973647000004D515454FD
:105CC0000000000070B50446007A0025032802D0C9
:105CD000042802D002E00C2500E00A2504F10C00A3
:105CE00007C800F0ABF90544E07EAD1C78B1243460
:105CF00094E80700243C00F0A1F93034064694E80B
:105D00000700303C00F09AF9304405442D1D206C0A
:105D100008B9A16C29B1D4E9111200F08FF905443A
:105D2000AD1CE06C08B9616D29B1D4E9141200F022
:105D300085F90544AD1C284670BD0E2200F0B3B8AD
:105D40000C2200F0B0B82DE9FC5F1C46129ECDE994
:105D50000060DDF838B09046DDF830A0DDE90F23B3
:105D6000894607465946204600F030F80546FFF7B9
:105D700083FE484503DD6FF00100BDE8FC9F302144
:105D800068F3C30164F342016AF3000101A80BF058
:105D900005FF29460198FFF73FFE0199084401904D
:105DA000DDE90F23594601A80BF00DFF002C03DDA0
:105DB00001A80D990BF0F8FE324611990198FAF7F7
:105DC00098FA019830440190C01BD6E770B50E4692
:105DD000114604461A463046049D00F02FF9284427
:105DE000801C002C00DD801C70BD00002DE9FF4FE1
:105DF00083B0064610A8894690E8800900249246A0
:105E0000254641463846009600F036F80190FFF7E7
:105E100033FE484503DDA01E07B0BDE8F08F64F3F4
:105E2000070480346AF3C30424F00600801CC1B266
:105E300068460BF0B3FEDDE90001FFF7EDFD0099C8
:105E400008440090684606990BF0AEFE0FE000BFD4
:105E500005EB450108EB810090E80E0068460BF069
:105E6000B2FE1BF8251068460BF098FE6D1CBD4273
:105E7000EEDB0098801BCFE72DE9F04102250F46AD
:105E8000064600240AE000BF04EB440007EB800054
:105E900007C800F0D3F80544641CED1CB442F3DBE2
:105EA0002846BDE8F08138B5002304460090022959
:105EB00001DA981E38BD194663F3070162F3071132
:105EC00068460BF06BFE00210098FFF7A5FD0099D6
:105ED00008440090001B38BD2DE9F047174689465D
:105EE00006464FF0FF35002406EBC408D8F828001A
:105EF00018B14946FAF728FA30B1641C052CF3DBD7
:105F000017B3681C0DD01FE0002F06D106EBC401AB
:105F10004FF000008862C8F82C004FF000050DD14A
:105F200012E04FF0000400BF06EBC400806A20B10D
:105F300004F10104052CF7DB06E00025052C03DA4B
:105F400006EBC400C0E90A972846BDE8F0871CB5F7
:105F500001AC009400F001F81CBD2DE9FF478CB0A6
:105F6000002605460796089606914FF0FF38189FC1
:105F7000006A9A468946444620B309A802F0B1FB5C
:105F800009A8696802F0A5FB284606F01FF883B24D
:105F90000EAA06A901208DE807000022A968286939
:105FA000FFF724FF011E27DD09AA28460AF059FA47
:105FB00004001FD109AA092128460BF043FB092838
:105FC00001D0444618E002963E70E9686869CDE960
:105FD00000013B4602AA012103A8FFF79DFC01280E
:105FE00008D13878802805D0524649462846FFF720
:105FF00073FF0446601C02D12846FFF799FB10B0DE
:106000002046BDE8F0877CB506460D46002468466C
:1060100002F067FB2946684602F05BFB69463046A2
:1060200005F0DEFD002802DA4FF0FF3404E0684698
:1060300002F05FFB0028F1D020467CBD10B510B106
:10604000FAF77BF90146084610BD00007FB5002134
:1060500021480091019102911E4A0391026001249E
:106060004FF480320461C0E90121047680F82010E9
:106070001A4AC0E90A210325C561C16080F83010C1
:106080004461FBF72FFE08B1FBF796FB0820CDE932
:1060900000040720029069460F48FBF77DFD08B118
:1060A000FBF78AFB092000900220019069460A480C
:1060B000FBF772FD08B1FBF77FFB0D20CDE9000572
:1060C00069460548FBF768FD002801D0FBF774FB23
:1060D0007FBD0000002001408C1A00200100000F4D
:1060E00010B516488AB01449016006210024C0E9A1
:1060F00001140904C0E903414FF4A0014161047691
:1061000044768476C47604774477FCF7E6F808B1E1
:10611000FBF752FB0E200990012001940294CDE977
:10612000064003940094089005946946049403483B
:10613000FBF7C2FE0AB010BD00640040F41A002054
:1061400010B517488AB01549016003210024C0E941
:1061500001144FF42021C0E903414FF48011416143
:10616000047644768476C47604774477FCF7B5F8F1
:1061700008B1FBF721FB02940E2001210094019449
:10618000039407910990CDE90504089104946946A8
:106190000348FBF791FE0AB010BD00000068004004
:1061A0001C1B0020214808B5016841F480010160F2
:1061B000016801F480010091016841F4001101605F
:1061C0000068002200F40010009005210C20FCF76C
:1061D00023FE0C20FCF712FE002205210D20FCF707
:1061E0001BFE0D20FCF70AFE002205210E20FCF705
:1061F00013FE0E20FCF702FE002205210F20FCF703
:106200000BFE0F20FCF7FAFD002205213A20FCF7D7
:1062100003FE3A20FCF7F2FD002205214620FCF7A0
:10622000FBFDBDE808404620FCF7E8BD30380240E1
:1062300070B505F053FB02F0DFF800221146012093
:1062400007F0DCF84B4C00221146A066012007F055
:10625000D5F80022E0661146012007F0CFF80022B1
:1062600020671146012007F0C9F8002360671A462D
:106270000121414807F082F90023A0671A46012155
:106280003E4807F07BF90023E0671A4601213C48AD
:1062900007F074F904F18005002328601A460121F3
:1062A000384807F06BF9686000221C210A2007F0CB
:1062B00017F8206500221C210A2007F011F86065FC
:1062C000002210210A2007F00BF8A06500221821F7
:1062D000142007F005F8206600221821142006F08B
:1062E000FFFF6066002208210A2006F0F9FFE06542
:1062F0000A21A06F07F07EF9C821E06F07F07AF954
:106300000A21286807F076F9C821686807F072F951
:106310001D4A00211D4807F0EBF81B4A6063243238
:1063200000211B4807F0E4F8174AA0634832002117
:10633000184807F0DDF8144AE0636C320021164873
:1063400007F0D6F8104A606490320021134807F035
:10635000CFF80D4AA064B4320021114807F0C8F804
:10636000094AE064D83200210E4807F0C1F82064E1
:1063700070BD000018000020758600088D8600089A
:1063800081860008998600089C2C0108497600083F
:106390005D81000879780008B1550008E56F0008B4
:1063A000A5190008F17700082DE9F04F87B01421F6
:1063B0006846F9F7B7FF70480024016841F0100102
:1063C0000160016801F010010591016841F0800150
:1063D0000160016801F080010591016841F004014C
:1063E0000160016801F004010591016841F00101BB
:1063F0000160016801F001010591016841F00201AD
:106400000160016801F002010591016841F0080195
:1064100001600068594E00F00800059000224BF61C
:1064200084713046FCF701FCDFF8549100224FF4F0
:106430000E614846FCF7F9FBDFF848A100224FF453
:106440002C715046FCF7F1FBDFF83C81002231153E
:106450004046FCF7EAFB0122170339464046FCF7A9
:10646000E4FBDFF828B1002208215846FCF7DDFBE9
:1064700040F6847000900125CDE90154694630460C
:106480000394FCF7D5FAE0200090CDE90154694669
:1064900048460394FCF7CCFA30200090CDE9015433
:1064A000694650460394FCF7C3FA4FF44050CDE9D7
:1064B000000569463046CDE90245FCF7B9FAE80324
:1064C000CDE900050320CDE9024069463046FCF7DE
:1064D000AFFA4FF4A0500090CDE901546946404610
:1064E0000394FCF7A5FA4FF420700226CDE90005CD
:1064F000CDE9024669465046FCF79AFA28028DE833
:10650000310069464846FCF793FA009769464846C9
:10651000CDE90145FCF78CFA40208DE83100694651
:106520005046FCF785FAEF0200970396CDE9015437
:1065300069464846FCF77CFA012239464846FCF792
:1065400074FB6F0200970396CDE9015469465046EB
:10655000FCF76EFA012239465046FCF766FB08202C
:106560000090CDE90154694658460394FCF760FA5F
:1065700007B0BDE8F08F0000303802400010024044
:10658000000002400008024000040240000C0240EB
:106590002DE9F04120480424204904700025416081
:1065A00005724FF47A76A0F8A26000F55277C0F831
:1065B00098704FF00808C560A0F8A48080F84041AA
:1065C00000F02CF9144800F0B3F9A7F5E270144973
:1065D000047041600572A0F8A260C0F89870C560B0
:1065E000A0F8A48080F8404100F018F9A7F5E27007
:1065F00000F09EF9084805F095FF0A4C012520613E
:1066000000B12570084805F08DFF6061002800D0BA
:106610006570BDE8F0810000CC1400206C1C0020E7
:10662000F41C002018000020501600200F4810B560
:106630000D4901604FF48271416000218160C160A9
:106640004FF400720161C0E90512C161016241624B
:1066500081620A21C162FCF7C7FE002803D0BDE8B1
:106660001040FBF7A9B810BD00380040441B0020C3
:1066700010B586B000241B48009401940294039442
:10668000049417490594016040F24731C0E90114B0
:106690004FF6FF71C0E903148461FDF775F808B186
:1066A000FBF78AF84FF48050009069460D48FDF7DB
:1066B000F7F808B1FBF780F808210A48FDF713FA4C
:1066C00008B1FBF779F8049404A906480594FDF78E
:1066D00013F8002801D0FBF76FF806B010BD0000DA
:1066E000000C00409C1B00200C4810B50A490160BA
:1066F0004FF4E1314160002181600C22C160C0E9AA
:1067000004128161C161FDF7A5FC002803D0BDE83A
:106710001040FBF751B810BD004C0040E41B0020B6
:106720000E4810B50C4901604FF4E1314160002181
:1067300081600C22C160C0E904128161C161FDF772
:1067400089FC08B1FBF738F8BDE810400122044984
:106750000248FDF785BE000000500040281C0020C4
:10676000F00000200C4810B50A4901604FF4E131F7
:106770004160002181600C22C160C0E90412816186
:10678000C161FDF767FC002803D0BDE81040FBF7AE
:1067900013B810BD001001406C1C00200E4810B54D
:1067A0000C4901604FF4E1314160002181600C220D
:1067B000C160C0E904128161C161FDF74BFC08B101
:1067C000FAF7FAFFBDE81040012204490248FDF73C
:1067D00047BE000000440040B01C0020F000002034
:1067E0000C4810B50A4901604FF4E13141600021C5
:1067F00081600C22C160C0E904128161C161FDF7B2
:1068000029FC002803D0BDE81040FAF7D5BF10BD21
:1068100000480040F41C0020FEE7000038B52D4D74
:1068200004462878022853D204F1BC0000F059FC39
:106830002078032802D0042808D0FEE7264A214603
:10684000264806F055FEC4F8AC001EE0224A214658
:106850002432234806F04CFE44F8AC0F2148009047
:1068600034F80A1C002220A0A3680CF06DF9A06087
:10687000AC3C40B3184A1021183A022006F030FD13
:10688000C4F8A80000B3D4F8AC00F0B11A480090E6
:106890000022052119A0D4F8B0300CF055F9C4F845
:1068A000B00098B10C4A01214832084606F0A6FD16
:1068B000C4F8B80058B107492878091D41F82040AC
:1068C000401C287038BDFEE7FEE7FEE7FEE7FEE766
:1068D000FEE70000D4010020082F0108C57F000852
:1068E000617E0008691401087854696D6572546905
:1068F0006D656F75740000001514010854696D65AD
:1069000072543335000000000FB410B5044600780F
:10691000042800D0FEE706F0E9FD069000231A46A1
:1069200003A9D4F8A8000BF0EBFA10BC5DF814FB37
:1069300010B5044690F84001012806D0032839D04C
:10694000022837D0042800D0FEE7E06818B1218A79
:106950000022FCF76AF92078032802D1D4F89800C5
:1069600080B16068FDF73CFA2028FAD194F8400124
:106970000428606807D0012204F1A601FDF770FD2C
:1069800078B1FEE7FEE7802204F1BC01FDF7F5F8DF
:1069900000B1FEE76068806B0068016821F00801C3
:1069A0000160207A0028207802D0042802D1FEE776
:1069B000032808D0002084F8930004F8940FA081E5
:1069C0006081208110BDFEE7FEE700002DE9F04F59
:1069D00087B0044693468A46084605A904AACDE92D
:1069E000002102AD06AE2A4656A12B1DF9F7D6FCB2
:1069F000042804D04FF0FF3007B0BDE8F08F00202E
:106A000015F820103154401C0428F9DB4FF001091F
:106A10004D464FF4427629464DA003F055FC207BAD
:106A200004F06AFF0BF008FF07464FF4FA7812E013
:106A30000BF002FFC01B40450AD9E06806EB40108E
:106A400002F040FB02464FA0E16803F03DFC09E084
:106A50000A2006F0D0FBE06806EB401002F032FBA3
:106A60000028E5D10023207B1A46012109F0BAFF56
:106A70000146E068814203D04EA003F025FC4DE0C2
:106A80004001083002F01EFB40F04001E068400188
:106A9000083002F07DFBE0684FF4A16101EB40108B
:106AA00002F010FB0746E0684FF4816101EB4010F3
:106AB00002F008FB07EB002081B247A003F004FCC2
:106AC0005A4651464DA003F0FFFB207B5A4606A9CB
:106AD00004F066FF0746E06806EB401002F0F2FAA9
:106AE0008046E0684FF4027101EB401002F0EAFAD0
:106AF00000F01F03424639464B4803F0E5FB012FE7
:106B000002D1B8F1170F15D048A0E16803F0DCFB03
:106B1000207B04F0F1FEC82006F06DFB6D1C48469A
:106B20004D457FF778AF01464FA003F0CDFB6FF0E6
:106B3000010061E75B46524659A0E16803F0C4FBDF
:106B4000002059E725642E25642E25642E25640037
:106B50005B4E6574776F726B436F6E6E6563745DC9
:106B600020617474656D70742025643A206F7065BF
:106B70006E696E6720736F636B65742E2E2E0D0A1F
:106B8000000000005761726E696E673A20736F6390
:106B90006B657420256420636C6F73652074696D68
:106BA000656F75742C2053523D3078253032580D66
:106BB0000A0000005B4E6574776F726B436F6E6EF8
:106BC0006563745D20736F636B657428292066614B
:106BD000696C65640D0A00005B4E6574776F726BBB
:106BE000436F6E6E6563745D206C6F63616C2070C3
:106BF0006F7274203D2025750D0A00005B4E657490
:106C0000776F726B436F6E6E6563745D20636F6E3A
:106C10006E656374696E6720746F2025733A25640E
:106C20002E2E2E0D0A000000443401085B4E6574C0
:106C3000776F726B436F6E6E6563745D20536F6325
:106C40006B657420256420636F6E6E656374696F75
:106C50006E206661696C65642C20636C6F73696E6D
:106C6000672E2E2E0D0A00005B4E6574776F726BD7
:106C7000436F6E6E6563745D204661696C65642068
:106C8000746F20636F6E6E656374206166746572E5
:106C900020256420617474656D7074730D0A0000A2
:106CA0005B4E6574776F726B436F6E6E6563745D78
:106CB00020536F636B657420256420636F6E6E656F
:106CC0006374656420746F2025733A25640D0A008F
:106CD000007B05F075B800000021C1600349016028
:106CE00003494160034981607047000073900008C8
:106CF0009B9000086D90000810B509F001FF00207E
:106D000010BD000038B50446B0F9AC00A834FAF75D
:106D10003DFDA08054F8A809008850B16421484383
:106D200000230090044A1946204600F045FCA4F8D0
:106D3000AC00002038BD00008D6E000810B5044680
:106D400006F030FA204606F0F1F9002010BD0000F0
:106D5000D0F80812097869B900210A4606E000BF98
:106D6000D0F80C3243F82120491CC9B290F8053202
:106D70008B42F5D80020704730B401EBC102846823
:106D800002254FF0FF3305EB42056353002384686F
:106D9000062505EB4202A35230BCC9B209F0D2BAB3
:106DA00030B401EBC102846804254FF0FF3305EBDA
:106DB000420563538368C9B213F8124024F00104FA
:106DC00003F8124030BC09F0BDBA00002DE9F843C9
:106DD000064640694FF4C0550489B0690789CCB1B3
:106DE000DFF83C80BC4215D8D6F8E4316A46294623
:106DF00030469847009941B90268C2F82C80026871
:106E0000C2F83C800068C0F85C806D1C641CADB2A8
:106E1000A4B2E7E73046BDE8F843002104F04AB8E1
:106E2000778500082DE9F04704464069002605896A
:106E3000A069B0F8088035BBBDE8F087A16806EB13
:106E4000C607022000EB470931F90900FAF79EFC5A
:106E5000A26822F80900A168042000EB470931F973
:106E60000900FAF793FCA268761CF6B222F8090032
:106E7000A1680020062201F81700A16802EB470272
:106E80006D1C8852ADB24545D8D9D5E73EB504460C
:106E9000D0F8A8000088A8B120686946007800F5FD
:106EA000E060ADF8000001208DF8030000208DF8AF
:106EB000020094F87C008DF8040094F8E10104F0DD
:106EC0001BFC3EBD34F9AC0FFAF760FC20803EBDE0
:106ED00000B587B014216846F9F724FA0C48002160
:106EE000026842F008020260006800F008000590A5
:106EF000082000900120CDE901010220039069469D
:106F00000448FBF795FD022000F006F807B000BD2D
:106F100030380240000C0240022804D1002208212F
:106F20000148FBF782BE7047000C024038B51D4691
:106F30001446D0F8E4316A469847009939B9017986
:106F4000A14204D900680C2101EB041145500098BE
:106F500038BD0000002280210148FBF766BE00001A
:106F600000100240012280210148FBF75EBE0000B4
:106F700000100240002220210148FBF756BE00000D
:106F800000080240012220210148FBF74EBE00000C
:106F900000080240012210210148FBF746BE000014
:106FA00000080240002280210148FBF73EBE00009D
:106FB00000000240012280210148FBF736BE00009C
:106FC00000000240002240210148FBF72EBE0000D5
:106FD00000000240012240210148FBF726BE0000CC
:106FE00000000240224D88B0687828B921A003F043
:106FF0006BF900200AF0BEF800273E4606F008F9BB
:1070000004460021286F06F0CBF9A0B900231A46E8
:1070100001A9686D06F032F968B9012000900DF100
:10702000140C1E489CE80E0005F004FB1C49059852
:1070300004F1C8064861E01B642814D3B44212D39B
:107040000021686F06F0ACF918B10CE0052006F0DD
:10705000D2F8E8780028F9D11149012210310F48FF
:1070600005F0B4FB27460A2006F0C5F8C6E7000085
:107070001800002041637175697265207269676844
:107080007452656376526177446174615074722002
:107090006661696C6564210D0A00000050160020CD
:1070A0004418002090F88120815490F88110491CE8
:1070B00001F07F0180F8811090F88210802906D0BD
:1070C000002280F88320491C80F88210704701213B
:1070D00080F8831010F8801F491C01F07F010170B7
:1070E0007047002100F8801F41708170C1707047A7
:1070F00090F88220AFF3008010B590F8823013B181
:107100000AB1802A01D9002010BD00230DE000BF84
:1071100090F88040045DCC5490F88040641C04F0EA
:107120007F045B1C80F88040DBB2934203D290F86E
:1071300082409C42ECD890F88210C91A80F88210E4
:10714000002180F88310FFF7CCFF184610BD000027
:107150002DE9FC41054640690F464088002833D0A0
:10716000C7EBC70101EB410105EB8104A96994F864
:10717000282049881044884226D86968134E51F85F
:107180003000806B90F800804FF0FF30A4F874005E
:10719000852084F82A0094F83200CDE90006238E79
:1071A00094F82910284609F0D6F9E662A26F2AB1B0
:1071B000414628469047E06AB04205D1F9B22846D8
:1071C000BDE8FC4109F002B8BDE8FC8100000405FF
:1071D0002DE9F04786B08946DDE90E648246052C2C
:1071E00011D0062C11D0072C11D00020029080B1B4
:1071F00000255046CDE9004508F093FE60B1A81E79
:1072000006B0BDE8F0870120F0E70220EEE7042099
:10721000ECE74FF0FF30F3E70495039500254FF4BA
:10722000FA7804AF0DE0012005F0E5FF6D1C45453F
:1072300007D902224946504604F098FB6FF003003C
:10724000DEE702AB03AA49465046009704F0CCFEA5
:107250000128E8D1052C04D0062C05D0072C08D134
:1072600005E00398307004E00398308001E0039853
:1072700030600020C4E7F0B585B00E46DDE90A14A1
:107280000746052C07D0062C07D0072C07D04FF057
:10729000FF3005B0F0BD012002E0022000E0042034
:1072A000002500900395CDE90141314638460AF0AA
:1072B000A5FC08B1A81EECE7049502E0012005F04A
:1072C0009AFF04AA3146384604F0C4FF0128F5D1DC
:1072D0000020DEE71FB5C1EBC10101EB410100EB6E
:1072E00081014A6B0AB98A6B4A630392012203AB9C
:1072F000CDE90032029201F13C0391F83220098E6F
:1073000003F066FE04B010BD70B5C1EBC10101EB26
:10731000410100EB81018C6BA018202801D9FF20CE
:1073200070BD002006E026181D5C0E44401C86F847
:107330003C50C0B29042F6D3886B10448863002062
:1073400070BD000038B504461248134B0068B0FB0E
:10735000F3F04FF47A73584300906068B0F5827F81
:107360000DD10B46009200228021204600F016F835
:1073700070B1606D40F020006065032038BD00985A
:1073800030B1401E009020688068C0430006F6D5EA
:10739000002038BD0001002000366E012DE9F843C1
:1073A0001E46914688460446089DFBF743FC401B59
:1073B000351AFBF73FFC074625480068C0F3CB3081
:1073C000684338E0701C37D0FBF734FCC01BA84280
:1073D00003D215B1009860B32CE02068416821F019
:1073E000E00141606068B0F5827F0BD1A068B0F524
:1073F000004F02D0B0F5806F04D12068016821F001
:1074000040010160A06AB0F5005F09D12068016801
:1074100021F4005101602068016841F400510160CD
:10742000012084F85100002084F850000320BDE8BA
:10743000F8830025401E00902068816838EA01002A
:1074400004D000214945BDD10020F0E70121F9E732
:10745000000100202DE9F0410F4604460026904629
:107460001D46D0F8B800711E0AF092FF207A00B1D4
:10747000FF2694F8A70000B1FE2617F0FF0001D008
:10748000F72801D9F72600E05EB175B20023A57494
:107490001A461946D4F8B8000AF032FD2846BDE86D
:1074A000F081C4F89850E074C7F30723380C2375B3
:1074B000010A61751FFA88F2A075170A06210026D5
:1074C000D0B2052B16D008DC012B11D0022B0FD027
:1074D000032B0DD0042B5FD10AE0062B13D04FF005
:1074E000070C04F113010F2B13D0102B54D133E0F0
:1074F000E7750CE0288800B1FF20E07584F818607B
:1075000084F8931048E02888000AE07528782076EF
:10751000F6E713095B061B0E120701D05B1CDBB2FA
:10752000E7752076637684F893C0002011E0C207E7
:1075300020F0010201D0AA5C01E0AA5A120A94F8D4
:1075400093707A5494F89320521C401C84F8932032
:1075500080B29842EBD31FE0E7752076500060764A
:1075600084F893C0002015E035F8103094F893703B
:107570001B0A7B5494F893305B1CDBB284F8933085
:1075800015F810705F5494F893305B1C401C84F81D
:10759000933080B28242E7D8204609F013F80023E6
:1075A0001A461946D4F8B8000AF0AAFC012084F85B
:1075B000A700A674002072E72DE9F05F8B462149F1
:1075C00082460026B1F900001C4691461C4D401C25
:1075D00008E000BFB9F1000F01D02A7852B1761C43
:1075E00036B21835864201DC082EF3DB4FF0FF304F
:1075F000BDE8F09F8846864201D1A8F8000004F05B
:10760000D3FC07464FF6FF7120468C4200D3084654
:10761000D8F80420BA4207D9D21B824204D93A18BA
:10762000C8F8042009F02CF9E019C5E903B0C5E950
:1076300001A90A986861012028703046D8E7000047
:10764000E48D0020E001002088B04749474803F05E
:1076500099FF28B946A002F037FE002009F08AFD04
:10766000FDF7BCFAFDF788FB404809F07DFA0122DE
:1076700011463E4805F0B3FB0BF0DEF8414D424C9D
:107680004FF6FF76069000231A466946206E05F0F5
:10769000F5FD002835D1009801281DD10020FAF70A
:1076A000FBF805280ED00027FDF76EF938B10A2047
:1076B00005F0A1FD7F1C0A2FF6DB34A000E039A005
:1076C00002F002FE0098012806D10198B04203D0D2
:1076D000FDF7B2FA01986862029840F6B731401E91
:1076E000884202D20298FDF71DFB009848B900209D
:1076F000FAF7D2F8052804D12FA002F0E5FDFDF736
:10770000AFF8206A0521B0FBF1F201FB120058B975
:10771000164808F03CFF2C48008828842B48006855
:10772000A8622B480068E862206A4FF4FA71B0FB47
:10773000F1F201FB120070B913480A30FDF7BEFAEE
:1077400008B1668101E0608918B1618921A002F069
:10775000BBFD60896884206A0A21401C206206A85B
:1077600009F0C2FC8FE7000020A1070000070020FD
:1077700043414E3120696E6974206661696C6564AD
:107780000D0A000044180020180000204B696E63A9
:107790006F20454E41424C455F4641494C45440DA2
:1077A0000A0000004B696E636F20454E41424C4514
:1077B0005F4F4B0D0A00000044697361626C6520E5
:1077C0006B696E636F0D0A00F6010020F80100205E
:1077D000FC0100204B696E636F206572726F725FEF
:1077E000636F64652069733A307825780D0A00006C
:1077F00008B5114C4FF47A751048FBF780FA0BF07E
:107800001BF8014620890090E388A2880CA002F0B2
:107810005BFDA0881E2805D2E088322802D220898C
:10782000322804D30CA002F04FFD09F029FA2846B3
:1078300005F0E1FCE0E700001800002048100020FF
:10784000743A256C75206D7320653A256420256493
:107850002025640D0A00000053797374656D205271
:10786000657365742064756520746F206572726F2E
:107870007273210D0A0000009AB0A14C4FF000086D
:1078800084F8028004F052FE012802D09DA002F08C
:107890001BFDA648FFF720FAA44E4FF47A7B4FF465
:1078A000007A4FF00109307BF9F788FF4FF4FA7541
:1078B00008E09FA002F008FDE088401CE080284618
:1078C00005F099FC01F082FAC007F2D047F230507F
:1078D000ADF8020003208DF8000068460AF050F869
:1078E000A07850B101F08CFA010001D097A041E0DE
:1078F0009FA002F0E9FC84F8028040F25B72A2A132
:107900008A48FFF763F840B1A3A002F0DDFCE088ED
:107910000A30E08084F802902EE006208DF86400A2
:10792000307B19AA072108F0C5FFA7494FF4FA6276
:10793000CDE900A1A1F500737C49CDF808A001F1C3
:107940001000FDF7CFFE5822A04903A8F8F7D1FC9C
:1079500004208DF814009EA006903C20ADF8240071
:1079600072488DF8269003A91030FDF7EAFE010059
:1079700006D09BA002F0A8FC584605F03CFC92E71C
:10798000A1A002F0A1FC6948A4F80680A34B002244
:10799000A3A11030FEF7DBFA010003D0A4A002F08F
:1079A00093FC02E0ADA002F08FFC60489B4B0022EC
:1079B000B1A11030FEF7CBFA20B10146B3A002F01E
:1079C00083FC02E0BCA002F07FFC5848934B0022ED
:1079D000C1A11030FEF7BBFA20B10146C2A002F0EF
:1079E00073FC02E0CBA002F06FFC0AF025FFBDF8AB
:1079F0002400D0494843B0FBFBF700BF01F0E6F993
:107A0000C0072BD0F0684FF4427101EB401001F039
:107A100059FB0546172831D0F0684FF4027101EB8D
:107A2000401001F04FFB00F01F000090F0684FF491
:107A3000A16101EB401001F045FB0746F0684FF4EF
:107A4000816101EB401001F03DFB07EB002083B2A8
:107A50002946B9A0009A02F037FC47E0C2A002F024
:107A600033FC32481030FDF795FF3048FFF730F90E
:107A7000C64984F8029081F8008014E72B486421FD
:107A80001030FEF7C0FA010006D5C1A002F01CFCC0
:107A9000E088401CE08029E00AF0CEFE054623483D
:107AA0001030FDF792FF78B10AF0C6FE401BB842D5
:107AB0000CD9C4A002F008FC1C481030FDF76AFF86
:107AC0001A48FFF705F9EEE6CCA0F3E7307B04F0A7
:107AD0009BFB504503D3D64805F098FA18B10A200D
:107AE00005F089FB8AE7D3A002F0EEFB0F481030C7
:107AF000FDF750FF0D48FFF7EBF884F80290D2E64F
:107B000018000020573535303020696E69742066C2
:107B100061696C65642C204D515454207461736B01
:107B200020696E76616C69642E0D0A005410002085
:107B300057616974696E6720666F722050485920DA
:107B40004C696E6B2E2E2E0D0A0000005735353015
:107B50003020696E6974206661696C65642C726599
:107B600073756C742069733A25640D0A0000000077
:107B7000573535303020696E697420636F6D706CD5
:107B8000657465642E0D0A003139322E3136382E77
:107B9000332E3130000000004D515454204E657496
:107BA000776F726B20636F6E6E65637420666169B8
:107BB0006C65642C207265747279205735353030CD
:107BC00020696E69740D0A00CC120020F02D0108A6
:107BD00053544D33325F436C69656E74000000008E
:107BE0004D51545420436F6E6E6563742066616915
:107BF0006C65642C2072633D25642C207265747260
:107C0000792031730D0A00004D51545420436F6E9A
:107C10006E6563746564210D0A00000005CE0008DE
:107C2000726F626F742F6770696F2F636D640000ED
:107C300053756273637269626520726F626F742F2D
:107C40006770696F2F636D64206661696C65642C71
:107C50002072633D25640D0A0000000053756273B5
:107C600063726962656420726F626F742F677069F6
:107C70006F2F636D640D0A00726F626F742F6772ED
:107C800069707065722F636D6400000053756273D4
:107C9000637269626520726F626F742F67726970B8
:107CA0007065722F636D64206661696C65642C2059
:107CB00072633D25640D0A005375627363726962D5
:107CC000656420726F626F742F677269707065727D
:107CD0002F636D640D0A0000726F626F742F7365FD
:107CE00072766F2F636D640053756273637269629D
:107CF0006520726F626F742F736572766F2F636D7C
:107D000064206661696C65642C2072633D25640D96
:107D10000A000000537562736372696265642072C1
:107D20006F626F742F736572766F2F636D640D0AC7
:107D30000000000080841E00536F636B6574206C2C
:107D40006F73742053523D30782530325820495299
:107D50003D307825303258204C6F63616C506F7223
:107D6000743D25750D0A0000504859204C696E6B12
:107D700020446F776E2C207265636F6E6E6563743E
:107D8000696E672E2E2E0D0A00000000C80100202B
:107D90004D5154545969656C642072657475726EE6
:107DA0006564206572726F722072633D25642C20B9
:107DB0007265636F6E6E656374696E672E2E2E0D2D
:107DC0000A0000004E6F20737563636573736675F8
:107DD0006C204D5154545969656C6420666F722053
:107DE000746F6F206C6F6E672C207265636F6E6EA0
:107DF000656374696E672E2E2E0D0A004D51545422
:107E00004973436F6E6E6563746564207265747543
:107E1000726E65642066616C73652C207265636F99
:107E20006E6E656374696E672E2E2E0D0A0000005B
:107E3000441800205075626C697368206661696C33
:107E400065642C207265636F6E6E656374696E671E
:107E500020696D6D6564696174656C790D0A000057
:107E600086B004464FF0FF394FF000084E464A46B0
:107E700001A9D4F8A8000AF0A1F9049800900DF126
:107E8000040C20469CE80E00FFF7E4FA314601207E
:107E900008F008FF454684F8128020B184F8A75006
:107EA0006FF007010AE0204604F0F8F894F8930018
:107EB00006280AD284F8A7506FF00501A174B4F81F
:107EC000A000401CA4F8A00010E000950023A846E4
:107ED0001A460321D4F8B4000AF098FE204609F0AF
:107EE000E3FA41B231B184F8A780A17400230322E0
:107EF000049864E0A1743146D4F8B8000AF048FA56
:107F0000207D052849DA012806D0022804D003285C
:107F100020D0042841D11DE00326002516E0E80703
:107F2000D4F8980025F0010704D0C15DAA191019F2
:107F3000C07C04E0AA19C05B1119000AC97C09F0D1
:107F400013FED4F898106D1CEDB2C853607DA842A2
:107F5000E5D822E0607D0326400884F84201002530
:107F600014E0A719397DF87C09F0FEFD0146D4F82C
:107F70009800B61CF6B220F81510B7F8130004EB01
:107F8000450140BA6D1CA1F84401EDB2607DB5EB2E
:107F9000500FE6D3012184F8411184F8A780A07C1A
:107FA00000287FF463AF00231A461946D4F8B800BE
:107FB00009F0A6FF002303226FF00A0104980AF0DB
:107FC00035FB53E704464FF0010B4FF0080900273B
:107FD0004FF0060AA77494F84001012801D0042844
:107FE00009D14FF0FF31012008F05CFE204604F07B
:107FF00055F8C01C0BD094F89300072809D2FA203A
:10800000A074B4F8A000401CA4F8A000E2E7FD2092
:10801000F6E7E07C217A8842DCD1204609F078FA44
:1080200005000DD0207D217AE174803020756575C2
:10803000032084F89300204608F0C4FAA574C9E729
:10804000A7744FF0FF31D4F8B8000AF0A1F9207DF1
:1080500005281AD008DC01280DD002280BD00328EF
:108060000DD004282ED10AE006283DD00F284DD08F
:10807000102827D14EE0204607F0B2F902E0204652
:1080800007F04AFA84F8A7001CE0A17D607D09F0A2
:108090006BFD0146E27D000901F00F01FF2A19D0B6
:1080A000D4F898200BFA01F332F810509D4322F8CF
:1080B000105000BF84F893A04D46204608F082FA85
:1080C00084F8A75000231A461946D4F8B80009F0DE
:1080D00017FF7FE7D4F898300BFA01F533F810203A
:1080E0002A4323F81020E5E7A17D607D09F03CFDDF
:1080F0000546217EE07D09F037FDD4F8981021F87F
:10810000150084F893A04D462046D7E7204607F097
:10811000C0F9B7E7B4F81500002590FA90F8B4F864
:108120001700E77546BA267684F893A00FE000BFE3
:1081300004EB4500C17E807E09F016FD014608EB88
:108140000500D4F898206D1CADB222F81010B5428D
:10815000EED394F893502046AD1CAFE788B04B495E
:108160004B4803F04DFA28B94AA002F0ADF80020C0
:1081700009F000F840F6B83005F03DF801F0D8FA03
:1081800001F012FC424808F0EFFC01221146404881
:1081900004F025FE0AF050FB434D444C4FF6FF76A9
:1081A000069000231A466946606E05F067F80028BD
:1081B00039D10398012810D1F9F76EFB05280CD0AE
:1081C0005FF0000701F084F920B17F1C0A2FF9DB72
:1081D00037A000E03CA002F077F80598401E1D286B
:1081E00002D8059801F0B6FB0398012812D1049833
:1081F000B04218D0F8F7CCFC9FED381B53EC112B94
:10820000F8F757FCF8F74AFD00EE100A01F0BEFA45
:1082100004986863039830B932A002F055F801F071
:1082200009FB01F0BDF8626A0520B2FBF0F100FB2A
:10823000112058B9164808F0AAF92F480088288656
:108240002E480068A8632E480068E863616A4FF40E
:10825000FA70B1FBF0F200FB121070B913480C3049
:1082600001F044FB08B1A68101E0A08918B1A18901
:1082700024A002F029F8A0896886606A0A21401CBF
:10828000606206A808F030FF8BE7000040420F0054
:10829000F40D002043414E3220696E6974206661FE
:1082A000696C65640D0A0000441800201800002065
:1082B0005A65726F45727220454E41424C455F4689
:1082C00041494C45440D0A005A65726F457272204F
:1082D000454E41424C455F4F4B0D0A0000000000E7
:1082E00000408F4044697361626C65207A65726FEB
:1082F0006572720D0A000000480900204C09002038
:10830000500900205A65726F657272206572726F33
:10831000725F636F64652069733A307825780D0A5F
:108320000000000008F033B910B54FF0E0200069FC
:108330000AF074FA012803D0BDE8104009F0EABC45
:1083400010BD000030B593B030216846F7F7EAFF62
:1083500014210CA8F7F7E6FF1E480025016841F03C
:1083600080510160006800F0805011901A48016847
:1083700041F4804101600068022400F480401190C3
:1083800001200090000401908001CDE906401020FA
:1083900008904FF4A870CDE9090404200B906846BA
:1083A000FAF76CFE08B172B6FEE70CA90F2081E85F
:1083B00031004FF4A0500F904FF4805010900521E1
:1083C0000CA8FAF75BFD002801D072B6FEE713B0E7
:1083D00030BD000040380240007000400248016893
:1083E00041F470010160704788ED00E00148FBF73F
:1083F000C6BA00009C1B002010B5FEF739F90D48E5
:1084000040F247310268916202684FF6FF71D16213
:10841000C1600268012151620268C91E11610068D1
:10842000C16841F00101C160BDE810400148FBF79F
:10843000F7B900009C1B00200148FBF7A0BA000020
:10844000781F0020F0B50268254C264D264E274F98
:10845000274B4FF0804CA04209D0604507D0A8427E
:1084600005D0B04203D0B84201D0984204D122F0E6
:10847000700E4A6842EA0E02A0421BD0604519D035
:10848000A84217D0B04215D0B84213D0984211D0AC
:10849000184DA8420ED0184DA8420BD0174DA84237
:1084A00008D0174DA84205D0164DA84202D0164D4F
:1084B000A84203D122F44075CA682A434D6922F0CC
:1084C00080022A4302608A68C2620A688262A0420D
:1084D00001D0984201D10969016301214161F0BDD8
:1084E000000001400004004000080040000C004073
:1084F00000040140004001400044014000480140A8
:1085000000180040001C00400020004010B58468A6
:1085100042EA032224F47F440A432243826010BDCE
:10852000826822F070020A4342F0070181607047BE
:1085300010B5036A046A24F001040462846924F01B
:10854000F00444EA021423F00A020A43846102623E
:1085500010BD10B5036A23F0100303628369046A37
:1085600023F4704343EA023224F0A00343EA0111EA
:108570008261016210BD2DE9F041044690F882004D
:1085800048B3022A03D0032A01D0052A23D1626905
:10859000A088127A00EBC200081AC0F3C705A168D0
:1085A00005EBC506022000EB4607C85FF9F7EEF8B9
:1085B000A168C853A168042000EB4607C85FF9F71B
:1085C000E5F8A168C853A168002001F81600294603
:1085D0002046FEF7D1FB0020BDE8F0812DE9F041F7
:1085E0004FF6FF7403F0E0FC204D024668688318E4
:1085F00000211F4815E00678F6070FD006699E4255
:108600001DD84669C6B1B2FBF6F706FB1727F61B65
:10861000032706610770A64200D23446491C09B2FE
:108620001830B5F90060B142E5DD20466C6008F015
:1086300027F900260E4C13E002260670EEE7F61A24
:108640000661E8E72078810707D520F00200207056
:10865000A26812B1E16860689047761C36B218349F
:10866000B5F900008642EDDDBDE8F081E0010020B3
:10867000E48D00200148806E04F00CBF180000203B
:108680000148006F04F006BF180000200148C06ECA
:1086900004F000BF180000200148406F04F0FABE4B
:1086A0001800002010B507F0EBFB002805D0D0E93A
:1086B0000021BDE810400846104710BD70B50546C2
:1086C0004FF47A7001FB00F40AF0B6F8C5E9000433
:1086D00070BD70B50D4604460AF0AEF8C4E9000559
:1086E00070BD10B504460AF0A7F820600020606055
:1086F00010BD10B504460AF09FF82168401A616861
:10870000884201D3012010BD002010BD10B50446E1
:108710000AF092F82168401A6168884201D300206B
:1087200010BD081A10BD00000148FBF75FBB000038
:10873000E41B00200148FBF759BB0000281C002067
:1087400010B5806B0021C185C184FBF719FB10BDFA
:1087500070B5846B2068406994F83D10C0F3C01078
:108760000025212904D118B1E584204600F0BBF88A
:108770002068406994F83E10C0F38010222904D18B
:1087800018B1E585204600F087F8206C40F0100015
:1087900020642046FBF7F4FA70BD10B50146806BEB
:1087A00009680968C9052FD40021C18501680C3109
:1087B00051E8002F22F4807241E80023002BF5D10C
:1087C0000168143151E8002F22F0010241E8002332
:1087D000002BF5D10168143151E8002F22F040023E
:1087E00041E80023002BF5D1202180F83E10016BD9
:1087F000012909D101680C3151E8002F22F0100243
:1088000041E80023002BF5D1016B012902D0FBF7D1
:108810003DFE10BD818DFBF7DBF910BD10B5806BFF
:10882000016B012902D0FBF773FE10BD818D490851
:10883000FBF7CEF910BD10B5806B0021C185202259
:1088400080F83E200163FBF715FA10BD10B5014614
:10885000806B09680968C90516D40021C1840168C4
:10886000143151E8002F22F0800241E80023002B50
:10887000F5D101680C3151E8002F42F0400241E887
:108880000023002BF5D110BDFBF704FF10BD10B580
:10889000806BFBF72DFF10BD01680C3151E8002FF4
:1088A00022F4907241E80023002BF5D101681431C5
:1088B00051E8002F22F0010241E80023002BF5D1FE
:1088C000016B012909D101680C3151E8002F22F018
:1088D000100241E80023002BF5D1202180F83E1042
:1088E00000210163704701680C3151E8002F22F02C
:1088F000C00241E80023002BF5D1202180F83D1073
:10890000704708B590F83E10222901D0022008BD1A
:1089100082684FF480539A4201D1016921B1816A82
:108920009A421BD04AB10AE00268816A5268C2F3D7
:1089300008020A80816A891C08E0026972B1026833
:10894000526802F07F020A70816A491C8162C18DFF
:10895000491E0904090CC18503D019E00268526858
:10896000F1E70168CA6822F02002CA600168CA689B
:1089700022F48072CA6001684A6922F001024A61E9
:10898000202180F83E10016B012903D0FBF77EFD0A
:10899000002008BD0021016301680C3151E8002F5F
:1089A00022F0100241E80023002BF5D101680A688B
:1089B000D20602D50A6849680091818DFBF708F953
:1089C000E6E7000070B5044600680169E26821F43A
:1089D0004051114301612169A068E269084361695E
:1089E000114308432168CA6849F20C639A43024361
:1089F000CA6020684169A26921F440711143416154
:108A000031492068884202D03049884202D1FAF7C1
:108A1000FFFA01E0FAF7ECFAE26900231921642574
:108A20003226B2F5004F626828D0A0FB0101930FF7
:108A30009200F7F727FC0146B0FBF5F06FF0180243
:108A4000504301EB800006EB0010B0FBF5F000F0A6
:108A5000F002B1FBF5F002EB0012B1FBF5F06FF0A4
:108A60001803584301EB800006EB0010B0FBF5F053
:108A700000F00F0021681044886070BDA0FB010168
:108A800092185B41F7F7FEFB0146B0FBF5F00201DF
:108A9000B1FBF5F06FF01803584301EB800006EBD3
:108AA000C000B0FBF5F000F0F80002EB4002B1FBB3
:108AB000F5F0584301EB800006EBC000B0FBF5F089
:108AC00000F00700D6E7000000100140001401404C
:108AD00038B581628285002513460446056422204C
:108AE00084F83E00A26B1B48D063A26B1A48106446
:108AF000A26B1A48D064A06B0A4605652168A06B7A
:108B0000091DF9F74BFF206801684068009084F860
:108B10003C5020680C3050E8001F41F4807140E860
:108B20000012002AF5D12068143050E8001F41F0EF
:108B3000010140E80012002AF5D12068143050E805
:108B4000001F41F0400140E80012002AF5D100204A
:108B500038BD00009B8700081D8800085187000869
:108B600081628285C28500210164222280F83E2034
:108B700080F83C100168CA6842F48072CA600168DB
:108B80004A6942F001024A610068C16841F020016F
:108B9000C160002070472DE9F041984617460E4607
:108BA0000446069D27E0681C25D02DB1FAF742F84F
:108BB000A0EB0800A8421ED920680C3050E8001F26
:108BC00021F4D07140E80012002AF5D12068143059
:108BD00050E8001F21F0010140E80012002AF5D101
:108BE000202084F83D0084F83E00002084F83C00FA
:108BF0000320BDE8F0812068006836EA000004D058
:108C00000020B842CFD00020F3E70120F9E70000B0
:108C10000148FBF7EBB800006C1C00200148FBF793
:108C2000E5B80000B01C00200148FBF7DFB80000E9
:108C3000F41C0020FEE7000030B587B0012009F0E9
:108C4000BCF8394948603949394807F08BFA394945
:108C5000394807F099FA3949394807F071FA394D1E
:108C60004FF48064002221462846F9F7DEFF0A20EF
:108C7000F9F7CCFE012221462846F9F7D6FF4FF43A
:108C80009670F9F7C3FE304B01AC0FCB84E80F00B0
:108C900001A9012002F02EFF401C1DD04FF46450AA
:108CA00000F010FA014629A001F00EFB01218DF819
:108CB000141000208DF815008DF816008DF817108F
:108CC00005A90A2002F016FF60B126A001F0FCFA07
:108CD0006FF0010007B030BD29A001F0F5FA4FF0A8
:108CE000FF30F7E7002469460F2002F003FF054636
:108CF0000346641C22469DF8001027A001F0E4FA08
:108D00006420F9F783FE9DF8000008B9322CEAD3FD
:108D100025B910F0FF0F01D00020DBE726A001F0FD
:108D2000D3FA6FF00200D5E7C801002089170108C7
:108D3000D9180108231A0108D51801087F1701085E
:108D40007B17010800040240682E010857353530B2
:108D5000302056657273696F6E3A20307825303254
:108D6000580D0A005365742050485920636F6E6691
:108D70006967206661696C6564210D0A0000000066
:108D800057495A4348495020496E697420666169C1
:108D90006C65642E0D0A00004C696E6B3A202564E8
:108DA0002C63686B5F636E743A25642C726573750F
:108DB0006C743A25640D0A004C696E6B206F6E204E
:108DC0006661696C6564210D0A00000038B50020F9
:108DD0008DF800002E218DF801108DF8020008F0AA
:108DE0007BFD00246D46285D00F020F9641C032CF7
:108DF000F9DB00F0F5F8044608F0C6FC204638BD63
:108E000070B50F4D00200122287011030D48F9F7AD
:108E10000CFFFFF711FF040004D001460AA001F087
:108E200053FA0AE011A001F04FFA0120287000F077
:108E30002BF800F039F800F0BDF8204670BD0000B6
:108E4000C801002000040240573535303020696EDB
:108E50006974206661696C65642C726573756C74E5
:108E60002069733A25640D0A00000000573535303B
:108E70003020696E697420737563636573736675FA
:108E80006C6C792E0D0A000000B587B018220549D8
:108E90006846F7F72EFA6946002002F005FE07B093
:108EA00000BD0000782E010800B589B003A901209B
:108EB00002F0FAFD9DF80F009DF811209DF81010AA
:108EC0008DE807009DF80E309DF80D209DF80C10E0
:108ED0001AA001F0F9F99DF8150000909DF81430E2
:108EE0009DF813209DF812101EA001F0EDF99DF8D9
:108EF000190000909DF818309DF817209DF8161065
:108F00001DA001F0E1F99DF81D0000909DF81C30B6
:108F10009DF81B209DF81A101CA001F0D5F99DF8B2
:108F2000210000909DF820309DF81F209DF81E1014
:108F30001BA001F0C9F909B000BD00004D41433A42
:108F400020253032583A253032583A253032583AB6
:108F5000253032583A253032583A253032580D0AE9
:108F6000000000004950203A2025642E25642E255B
:108F7000642E25640D0A0000534E203A2025642EED
:108F800025642E25642E25640D0A00004757203ADB
:108F90002025642E25642E25642E25640D0A0000EC
:108FA000444E533A2025642E25642E25642E2564D4
:108FB0000D0A0000094801680A6822F040020A60B0
:108FC00001680A6822F0380242F008020A6000686C
:108FD000016841F04001016070470000441B00201F
:108FE0000EB5FF208DF8080000208DF80400142035
:108FF0000090012301AA02A90448FAF789FA10B1E6
:1090000003A001F061F99DF804000EBD441B00208F
:1090100057353530302053504920726561642074D3
:10902000696D656F75740D0A0000000001B582B0AE
:1090300014200090012301AA02A90448FAF768FA53
:10904000002802D002A001F03FF90EBD441B002011
:109050005735353030205350492077726974652078
:1090600074696D656F75740D0A000000007B02F075
:10907000A7BE70B5054614460E46007B03F09EF869
:10908000002809D0A04200DD204682B2287B31466C
:10909000BDE8704006F0E2BF70BD2DE9F041154615
:1090A0000E460746002408E0281B82B23119387B9F
:1090B00007F0ACF8002802DD0444AC42F4DB2046A3
:1090C000BDE8F081F8B5144C0546E068804760695A
:1090D0008047616AC5F30740C5F3072699B1A26AC4
:1090E0008AB18DF800008DF801608DF802500321DF
:1090F00068469047E06980470546A0698047206937
:1091000080472846F8BD216A8847216A304688474B
:10911000216AE8B28847EDE79C0100202DE9F84379
:109120001A4C05461746E0688846804760698047C4
:10913000616AC5F30740C5F30726A1B1A26A92B1DF
:109140008DF800008DF801608DF80250032168460B
:109150009047626A394640469047A0698047206937
:109160008047BDE8F883216A8847216A30468847EE
:10917000216AE8B28847002505E0E069804708F8E1
:1091800005006D1CADB2BD42F7D3E6E79C0100209F
:10919000F8B5164C05460E46E06880476069804782
:1091A000A26A45F004058AB1280C8DF80000280A4F
:1091B0008DF801008DF802508DF803600421684697
:1091C0009047A069804720698047F8BD216AC5F3B0
:1091D00007408847216AC5F307208847216AE8B21B
:1091E0008847216A30468847EBE700009C01002051
:1091F000F8B51A4C05461646E0680F468047606988
:109200008047A26A45F004059AB1280C8DF8000049
:10921000280A8DF801008DF8025003216846904716
:10922000A26A314638469047A06980472069804746
:10923000F8BD216AC5F307408847216AC5F30720B6
:109240008847216AE8B28847002504E0216A785DF2
:1092500088476D1CADB2B542F8D3E5E79C0100200C
:1092600010B5FDF7AFFEBDE81040FDF7A3BE10B589
:10927000FDF7B0FEBDE81040FDF794BE41F201637A
:10928000C81A994262D023DC41F21403A1EB030017
:1092900099424FD009DCA1F5805108293CD2DFE882
:1092A00001F03F413B3B3B434547B0F57B7F47D017
:1092B00005DC042840D0B0F51B7F2DD13EE0A0F5A1
:1092C0004070ED383ED0A0F58070FF3824D13BE0EF
:1092D000B0F5206F46D013DC40F2FF33A0F2FF312F
:1092E000984239D006DCA0F58070FF3830D00128D4
:1092F00012D12FE0012931D0B1F5C06F0CD12FE090
:10930000A0F5206001382FD03F38B0F580402DD037
:1093100023282DD02B282DD01A481060002070470C
:10932000002028E0012026E0022024E0032022E0A3
:10933000042020E005201EE006201CE007201AE0A3
:10934000082018E0092016E00A2014E00B2012E0A3
:109350000C2010E00D200EE00E200CE00F200AE0A3
:10936000102008E0112006E0122004E0132002E0A3
:10937000142000E0152000211160034901EBC0001A
:109380007047000000000206983001089F2803D1B2
:10939000087808B10148704700207047300009067E
:1093A0002DE9FF472C4DE87800284FF0020027D127
:1093B0002A4F03900620388000240DF10C08CDE9D7
:1093C00000844FF400593B46224649462448029403
:1093D00001F0FEFD224807F041F80026322003F09C
:1093E0000AFF0120F8F760FA687803280BD0761C92
:1093F0000A2EF3DB1BA000F067FFEC706FF0020099
:1094000004B0BDE8F087052003F0F5FE3C80CDE90F
:109410000084124B002249461148029401F0D8FD05
:109420000F4807F01BF80026642003F0E4FE01203B
:10943000F8F73AFA6878022809D0761C0A2EF3DB8E
:1094400015A000F041FFEC706FF00100D8E71F4855
:1094500000F03AFF0020D3E7140000203E0900206E
:10946000F40D00205A65726F45727220656E61625C
:109470006C65206661696C65642C205245414459D5
:109480005F5357495443485F4F4E5F4641494C45EF
:10949000442E0D0A000000005A65726F457272205A
:1094A000656E61626C65206661696C65642C205331
:1094B00057495443485F4F4E5F44495341424C45DE
:1094C000445F4641494C45442E0D0A002C320108A8
:1094D0002DE9FF5F544CE07818B1012004B0BDE8DD
:1094E000F09F002635460120F8F7DEF96078002865
:1094F0003AD0C0B2022801D005283FD04B4F0620F9
:109500000DF10C0A38804FF00209CDE900A5CDE934
:1095100002594FF4005B56463B46002259464448E8
:1095200001F056FD4348434B002205600420CDE97D
:109530000250CDE9006542F201013D4801F048FDCD
:109540003B4806F08BFF00260120F8F7ADF9607864
:10955000032817D0761C0A2EF6DB37A000F0B4FEE5
:10956000E5706FF00200B9E7761C0A2EBBDB3FA066
:1095700000F0AAFEE5704FF0FF30AFE746A000F024
:10958000A3FE4EE0052003F036FE07213980CDE929
:1095900000A5CDE90259B8465746244B002259464A
:1095A000234801F015FD224806F058FF002601204F
:1095B000F8F77AF96078042809D0761C0A2EF6DBD1
:1095C00041A000F081FEE5706FF0030086E7052002
:1095D00003F011FE0F21A8F80010CDE90075134B20
:1095E000002259461248029501F0F2FC104806F09C
:1095F00035FF0026322003F0FEFD0120F8F754F974
:109600006078052809D0761C0A2EF3DB3AA000F01A
:109610005BFEE5706FF0040060E7444800F054FE24
:10962000E57000205AE70000140000203E090020E9
:10963000F40D0020400900205A65726F45727220B7
:10964000656E61626C65206661696C65642C205290
:10965000454144595F5357495443485F4F4E5F4615
:1096600041494C45442E0D0A000000005A65726FB6
:1096700045727220656E61626C65206661696C6519
:10968000642C204745545F5354415455535F464121
:10969000494C45442E0D0A005A65726F457272207E
:1096A00063757272656E742073746174757320696A
:1096B00073204F5045524154494F4E5F454E4142F1
:1096C0004C45440D0A0000005A65726F45727220C5
:1096D000656E61626C65206661696C65642C2053FF
:1096E000574954434845445F4F4E5F4641494C45B6
:1096F000442E0D0A000000005A65726F45727220F8
:10970000656E61626C65206661696C65642C204FD2
:109710005045524154494F4E5F454E41424C45449D
:109720005F4641494C45442E0D0A0000A431010812
:1097300010B50321144806F09DFF1349022081F85B
:10974000E1010021104807F049F87F210E4807F099
:1097500045F805210C4807F041F8022201210A488A
:1097600003F03DFB82220121074803F038FBC820AB
:1097700003F041FD80220121034803F030FBBDE8E6
:109780001040322003F037BDF40D0020F0B5244E18
:109790002F202DED028B85B030800024022003ADF8
:1097A000CDE90240CDE900540703B0EE408A3346CC
:1097B000224639461B4801F00BFC9FED1B0ADFEDEA
:1097C0001B0A1B4828EE000A194B0022791C80EE68
:1097D000201ABCEEC10A80ED000A0420CDE9024047
:1097E000CDE900540F4801F0F3FB0E4806F036FEB9
:1097F0003F203080CDE900543346002239460948E5
:10980000029401F0E5FB074806F028FE054806F043
:10981000BEFE052003F0EFFC05B0BDEC028BF0BDF1
:109820003E090020F40D0020000000490000B44370
:1098300040090020FEB50020062402ADCDE9005409
:10984000ADF80800034646F24006324601210D48B5
:10985000FDF7BEFC10B10CA000F036FDBDF808000D
:10986000CDE9005420F00400ADF808000023324692
:1098700001210448FDF7FFFC002802D00EA000F0F3
:1098800023FDFEBDF40D00205A65726F65727220D3
:1098900053444F207265616420534552564F5F43D5
:1098A00054524C5F574F52445F494E4445582046EE
:1098B00061696C65640D0A005A65726F45727220A9
:1098C00053444F20577269746520534552564F5F79
:1098D0004354524C5F574F52445F494E44455820C1
:1098E0004661696C65640D0A000000003EB50446DF
:1098F0000020ADF80800062102A8CDE900010023F0
:1099000046F23F0201210748FDF762FC28B106A09C
:1099100000F0DAFC6FF001003EBDBDF808002080C9
:1099200000203EBDF40D00205A65726F65727220F2
:1099300053444F2072656164204552524F525F4339
:109940004F44455F494E444558204661696C656403
:109950000D0A00001FB504210391F7F72AF99FEDC6
:109960000E1B53EC112BF7F732F8F7F74EF90C49B1
:109970000B4B0860002003A9CDE9001002460290BD
:1099800042F20201074801F023FB064806F066FD9B
:10999000044806F0FCFD1FBD3D0AD7A370C19640E8
:1099A00044090020F40D00202DE9F04F87B04FF05E
:1099B000010A8DF814A0052405AECDE9006446F235
:1099C000600700233A465146AC48FDF754FC10B1FD
:1099D000ABA000F079FC00258DF81450CDE90064AF
:1099E000A1462B463A460121A448FDF7F1FB10B1F0
:1099F000B0A000F069FC9DF81400012802D0B9A0C5
:109A000000F062FC43F6E300072403AECDE90064F6
:109A1000029046F28107039000233A4601219748BD
:109A2000FDF729FC10B1B8A000F04EFCCDE90064B0
:109A300000233A46012191480395FDF7C9FB10B177
:109A4000BEA000F041FCDDE90201814203D00A2101
:109A5000C7A000F039FC47F2C717CDE9006446F211
:109A60008308029700234246012184480397FDF7AB
:109A700002FC10B1CBA000F027FCCDE9006400236C
:109A8000424601217D480395FDF7A2FB10B1D1A00C
:109A900000F01AFCDDE90201814203D01421D9A0B3
:109AA00000F012FC02970397CDE9006446F28407A8
:109AB00000233A4601217148FDF7DDFB10B1DFA01C
:109AC00000F002FCCDE9006400233A4601216B4816
:109AD0000395FDF77DFB10B1E4A000F0F5FBDDE997
:109AE0000201814203D01421ECA000F0EDFB02AE94
:109AF00080200096CDE90140002341F205020121BA
:109B00005E48FDF7B8FB10B1F2A000F0DDFB4FF4AA
:109B10007A700096CDE90140002341F2060201214E
:109B20005648FDF7A8FB10B1F3A000F0CDFBFE48AE
:109B30000096CDE901400123B0464FF4C0521946CA
:109B40004E48FDF798FB10B1F8A000F0BDFB0DF1F9
:109B5000100BCDE900B957468DF810A04E460223F0
:109B60004FF4C05201214548FDF785FB10B1EFA02D
:109B700000F0AAFBAA468DF810505D46CDE90056CC
:109B80004FF4D05BB14600235A4601213B48FDF714
:109B900072FB10B1F1A000F097FBFC48CDF80080FB
:109BA000CDE90140012346465A4619463348FDF7A0
:109BB00062FB10B1E9A000F087FBF5480096CDE903
:109BC0000140B04602234FF4D05201212B48FDF74B
:109BD00052FB10B1E1A000F077FB4E46CDE90056F4
:109BE0004FF0020B8DF810B0A94600234FF4D0526D
:109BF00001212248FDF73FFB10B1D8A000F064FB23
:109C000040F28110CDF80080CDE9014001234546A6
:109C10004FF4C05219461948FDF72DFB10B1C3A0EF
:109C200000F052FBC0480095401CCDE901400123E3
:109C300041F6010219461148FDF71DFB10B1D5A0F0
:109C400000F042FBCDE90096B8468DF810704F4603
:109C5000022341F6010201210848FDF70CFB10B177
:109C6000CCA000F031FBD1468DF810A0002341F6C6
:109C7000012A524601210148A4E10000F40D002010
:109C80005A65726F4572722053444F20577269743F
:109C90006520534552564F5F574F524B5F4D4F44CF
:109CA000455F494E444558204661696C65640D0A1C
:109CB000000000005A65726F4572722053444F20B5
:109CC0007265616420534552564F5F574F524B5F48
:109CD0004D4F44455F494E444558204661696C6587
:109CE000640D0A005A65726F4572722073657420A4
:109CF000706F736974696F6E206D6F646520466163
:109D0000696C65640D0A00005A65726F6572722095
:109D100053444F2057726974652050524F46494C46
:109D200045445F56454C4F434954595F494E44455D
:109D300058204661696C65640D0A00005A65726FAF
:109D40006572722053444F20726561642050524FF7
:109D500046494C45445F56454C4F434954595F4929
:109D60004E444558204661696C65640D0A00000048
:109D70005A65726F657272207365742070726F66B7
:109D8000696C65642076656C6F6369747920746FA3
:109D900020256420647073204661696C65640D0A37
:109DA000000000005A65726F4572722053444F20C4
:109DB00057726974652050524F46494C45445F4183
:109DC00043435F494E444558204661696C65640DC4
:109DD0000A0000005A65726F4572722053444F208A
:109DE000726561642050524F46494C45445F41437F
:109DF000435F494E444558204661696C65640D0ACD
:109E0000000000005A65726F4572722073657420FD
:109E100070726F66696C656420616363656C6572FE
:109E20006174696F6E20746F202564206470737391
:109E3000204661696C65640D0A0000005A65726F06
:109E40004572722053444F205772697465205052F6
:109E50004F46494C45445F4445435F494E4445584D
:109E6000204661696C65640D0A0000005A65726FD6
:109E70004572722053444F20726561642050524FE6
:109E800046494C45445F4445435F494E444558204C
:109E90004661696C65640D0A000000005A65726FC6
:109EA000457272207365742070726F66696C6564A8
:109EB00020646563656C65726174696F6E20746F90
:109EC0002025642064707373204661696C65640D9D
:109ED0000A0000005A65726F4572722053444F2089
:109EE00064697361626C652053594E432046616911
:109EF0006C65640D0A0000005A65726F457272202D
:109F000053444F2064697361626C6520636F6D6DAB
:109F1000206379636C6520706572696F64204661A7
:109F2000696C65640D0A0000810100805A65726FDA
:109F30004572722053444F20577269746520545003
:109F4000444F315F504152414D5F494E4445582086
:109F50004661696C65640D0A000000005A65726F05
:109F60004572722053444F205772697465205450D3
:109F7000444F315F4D415050494E475F494E444533
:109F800058204661696C65640D0A0000100041604C
:109F9000200064605A65726F4572722053444F20EE
:109FA0005772697465205450444F325F504152419A
:109FB0004D5F494E444558204661696C65640D0A01
:109FC00000000000CDE90076FDF755F910B17BA047
:109FD00000F07AF985480095CDE901400123524609
:109FE00019468348FDF747F910B174A000F06CF9E9
:109FF000CDE900768DF810800023524601217C487F
:10A00000FDF739F910B16DA000F05EF94FF4C170A1
:10A010000095CDE90140012341F60102194674483B
:10A02000FDF729F918B1AFF2FC0000F04DF97148C5
:10A030000095CDE9014001234FF4A05219466C4828
:10A04000FDF719F910B16CA000F03EF9CDE90076EA
:10A050008DF8108002234FF4A05201216448FDF7CF
:10A060000AF910B164A000F02FF9CDE900764FF4A1
:10A07000B05A8DF810900023524601215C48FDF73C
:10A08000FAF810B168A000F01FF973480095CDE907
:10A0900001400123524619465548FDF7ECF810B12E
:10A0A00061A000F011F96D480095CDE9014002234F
:10A0B000524601214E48FDF7DEF810B15AA000F0DB
:10A0C00003F9CDE900768DF810B000235246012146
:10A0D0004748FDF7D0F810B153A000F0F5F840F272
:10A0E00001200095CDE9014001234FF4A05219460B
:10A0F0003F48FDF7C0F810B13FA000F0E5F83D483B
:10A100000095401CCDE90140012341F2014A52462D
:10A1100019463748FDF7AFF810B151A000F0D4F858
:10A12000CDE900768DF81080022352460121304897
:10A13000FDF7A1F810B14AA000F0C6F88DF8109014
:10A14000CDE9007641F2016900234A460121284801
:10A15000FDF791F810B14EA000F0B6F85848009500
:10A16000CDE9014001234A4619462148FDF783F80D
:10A1700010B147A000F0A8F8CDE900768DF8108066
:10A1800000234A4601211A48FDF775F810B140A096
:10A1900000F09AF840F202200095CDE90140012339
:10A1A000524619461248FDF766F8002802D02CA046
:10A1B00000F08AF807B0BDE8F08F00005A65726FB2
:10A1C0004572722053444F20577269746520545071
:10A1D000444F325F4D415050494E475F494E4445D0
:10A1E00058204661696C65640D0A000020006C60AF
:10A1F000F40D0020010200805A65726F45727220D2
:10A2000053444F205772697465205250444F315F58
:10A21000504152414D5F494E444558204661696C5A
:10A2200065640D0A000000005A65726F4572722065
:10A2300053444F205772697465205250444F315F28
:10A240004D415050494E475F494E44455820466164
:10A25000696C65640D0A00001000406020007A609F
:10A260005A65726F4572722053444F205772697459
:10A2700065205250444F325F504152414D5F494E2C
:10A28000444558204661696C65640D0A0000000071
:10A290005A65726F4572722053444F205772697429
:10A2A00065205250444F325F4D415050494E475FF8
:10A2B000494E444558204661696C65640D0A0000AA
:10A2C00020008160704700000FB4054B10B503A952
:10A2D000044A029800F0DEF910BC5DF814FB00009F
:10A2E00091BF00083C1000200FB47CB50C0009ADF4
:10A2F00001D0611E00E00021CDE90001064B6A4655
:10A300002946089800F0C6F9002C02D0009A0021D6
:10A3100011707CBC5DF814FBBDB000080907090E84
:10A32000002804DB00F1E02080F80014704700F002
:10A330000F0000F1E02080F8141D704730B528B1FF
:10A34000144C031F002021680A4605E0084630BD72
:10A350009A4203D810465268002AF9D1002800D04A
:10A3600041680BD00468A3EB0005A54204D11B682B
:10A370001C440346046002E0436000E023603AB1FD
:10A380001C68D51AA54203D115682C441C6052687C
:10A390005A6030BD4010002000B583B09FED060B21
:10A3A0000A4601468DED000B6846F6F738FD9DED37
:10A3B000000B03B000BD0000000000000000000022
:10A3C0002DE9F04782460F4C10480D4E0E4F001BF2
:10A3D0004FF0000820F007054FF001090022114658
:10A3E000504602F07FFB002802D1306810B10020F7
:10A3F000BDE8F0873C60C4E90058C6F80090EDE77E
:10A4000044100020AC8E002040100020A8900020B6
:10A4100002E008C8121F08C1002AFAD1704770472D
:10A42000002001E001C1121F002AFBD1704700008B
:10A430002DE9FF5F82B00021DDE90430020DDDF877
:10A4400040B0034318D044F61050A2F2FF3242430A
:10A450001514119801281FD0A5EB0B00401C5FEAD2
:10A46000000A4FF000064E4FDFF83891B0465046D4
:10A4700015D5CAF1000413E0119801244AA301285C
:10A4800001D16FEA0B010298119AC0E90031C0E9CD
:10A49000024206B0BDE8F09FCBF10000DFE70446C2
:10A4A0000021404A491842EB0450CDE9001012E067
:10A4B000E00707D032463B4640464946F6F787FA62
:10A4C0008046894632463B4610461946F6F77FFAE3
:10A4D00006460F466410002CEAD1DDE90401DDE9EF
:10A4E0000023BAF1000F06DAF6F771FA42464B463E
:10A4F000F6F76DFA05E0F6F7DCFA42464B46F6F75A
:10A50000D8FA04460E460022284BF6F7AFFB03D8D4
:10A510004FF0FF30014607E00022254B2046314630
:10A52000F6F7AEF9F6F74EFD102409E0002C0ADB31
:10A530000A220023F5F7A6FE039B30321A55641E4B
:10A5400050EA0102F2D1641C039AC4F111031444CD
:10A55000119A012A03D0012208430DD10AE00843D1
:10A5600004D000204FF0110B119072E7A3EB0B0504
:10A570006D1E0DE05B4504DD4FF0000205F10105A5
:10A5800004E003DA4FF00002A5F10105002AECD047
:10A5900002981199C0E90231C0E9004579E700004D
:10A5A000000014400000F03F300000000000F043C5
:10A5B0000000E03F2DE9F84F9946DDE90BA517466D
:10A5C000D0F8E4310A9E6A4698470446009800286D
:10A5D00003D12079B84202D81F48BDE8F88F3DB1B9
:10A5E000206800EB07100078C00701D01B48F4E793
:10A5F000B9F1000F0BD00420216800EB0718326876
:10A6000051F80800904205D930601548E5E74FF051
:10A610000060E2E7012000EB0710095C8AF80010F7
:10A620002068082101EB071150F8085041582A46CC
:10A630004846F5F75EFE9AF80000092809D121681E
:10A6400051F808003168884203D2002109F805104A
:10A650006D1C00203560C0E71100090601000106ED
:10A66000050004057047704730380A2801D20120E0
:10A6700070470020704770477047704770477047B9
:10A6800070477047016A0978002902D1812202F0DF
:10A69000A6BB70472DE9FF4F95B09A4688460646FF
:10A6A0000025EEE1252877D100242746F94A01212B
:10A6B000039400E0044316F8013F203B01FA03F045
:10A6C0001042F7D130782A2811D06FF02F0330785C
:10A6D000A0F13002092A16D8039A44F0020402EBD2
:10A6E000820203EB42021044761C0390EFE758F815
:10A6F000042B0392002A03DA504244F400540390DE
:10A7000044F00204761C30782E2816D116F8010F7A
:10A7100044F004042A280DD06FF02F023078A0F105
:10A720003003092B09D807EB870302EB4303C71853
:10A73000761CF3E758F8047B761C30786C280FD031
:10A7400006DC4C2817D068280DD06A2814D104E004
:10A75000742810D07A280FD10DE044F400140AE0D8
:10A7600044F4801401E044F440147278824202D12F
:10A7700004F58014761C761C307866280BD013DC28
:10A78000582877D009DC002875D04528F6D046280F
:10A79000F4D047281AD193E118E0632835D0642813
:10A7A00079D0652812D18BE1702873D008DC672836
:10A7B000F1D069286FD06E280DD06F2806D1ACE09B
:10A7C00073282CD0752874D0782853D05246179906
:10A7D00090476D1C54E1C4F30250022809D00328AD
:10A7E0000DD0D8F8001004280DD00D6008F1040831
:10A7F00046E1D8F80010EA17C1E90052F6E7D8F8A8
:10A8000000100D80F2E70D70F0E718F8041B8DF8CA
:10A81000001000208DF80100EB46012003E058F8FD
:10A8200004BB4FF0FF3061074FF0000102D40DE090
:10A8300009F101018946B9420FDA8145F8DB1BF8BD
:10A8400009100029F4D108E009F10101894681428B
:10A85000FADB1BF809100029F6D103985346A0EB48
:10A86000090721463846179A00F080FA284400EB81
:10A87000090507E044E008E10DE01BF8010B524632
:10A8800017999047B9F10109F7D253462146384646
:10A89000179AF2E039E00A21C4F302524FF0000B9C
:10A8A0000091022A06D058F8040BC117032A09D0D8
:10A8B0000AE023E008F1070020F00702F2E80201B5
:10A8C000904605E000B2C117042A01D140B2C11779
:10A8D000002906DA0A460021404261EB02012D22DE
:10A8E00002E0220504D52B228DF80420012203E08A
:10A8F000E20701D02022F7E7914657E00A2100E065
:10A9000010214FF0000B00910BE010214FF0000BD5
:10A9100044F004040827009103E008204FF0000BE6
:10A920000090C4F30252022A05D058F8040B00210B
:10A93000032A08D008E008F1070020F00702F2E837
:10A940000201904603E080B2042A00D1C0B24FF069
:10A95000000922072AD53278702A07D0DDF800C016
:10A960008CF0100C5CEA0B0C05D00EE040228DF848
:10A970000420012208E050EA010306D030238DF8BC
:10A9800004308DF8052002229146009B83F00803D5
:10A9900053EA0B030AD150EA010201D1620705D53F
:10A9A00030228DF804204FF001097F1E3278582A9A
:10A9B00004D039A20C920CAA02920BE03BA2F9E758
:10A9C0005B46009AF5F75EFC0C9B9B5C029A521E5C
:10A9D0000292137050EA0102F2D1029804A9081AF7
:10A9E00000F1200B600702D524F4803400E0012739
:10A9F0005F4502DDA7EB0B0000E0002000EB0B0140
:10AA0000009003984944401A0390E00306D453464B
:10AA10002146179A039800F0A9F90544002706E09B
:10AA200001A85246C05D179990476D1C7F1C4F4589
:10AA3000F6DBE0030CD553462146179A039800F045
:10AA400095F9054404E030205246179990476D1C53
:10AA50000099481E00900029F5DC08E00298029950
:10AA600052460078491C0291179990476D1CBBF122
:10AA70000001ABF1010BF1DC5BE100F065F905448D
:10AA8000761C307800287FF40DAE19B02846BDE85A
:10AA9000F08F000009280100303132333435363769
:10AAA000383961626364656600000000303132331A
:10AAB00034353637383941424344454600000000BA
:10AAC000600700D4062708F1070020F00700F0E82F
:10AAD0000223804603F0004C5FEA0C0001D097A0EF
:10AAE00009E0200501D596A005E0E00701D095A07A
:10AAF00001E0AFF24C001390307823F0004365285A
:10AB00000CD006DC452809D046281DD047287FD127
:10AB10003BE0662818D067287AD136E00021112F53
:10AB200001DB112000E0781CCDE9000104A90CA88C
:10AB3000FFF77EFCDDE90D010C9A4FF0000B07F1E9
:10AB40000109109200914EE04FF000400097CDE9CE
:10AB5000011004A90CA8FFF76BFCDDE90D020C9BAA
:10AB60000F994FF0000B91461093009211B9791C88
:10AB700000EB0109B7EB090003D4C0F1FF3B07F17B
:10AB80000109A9EB0700019042E0012F00DA01273B
:10AB90000021112F01DD112000E03846CDE9000130
:10ABA00004A90CA8FFF744FCDDE90D010C9A009103
:10ABB0004FF0000BB946109221070FD4009A4A4576
:10ABC00003DA914601E0A9F10109B9F1010F05DDB0
:10ABD000109AA9F10101515C3029F4D0B84202DA8F
:10ABE00010F1040F03DA0121CDE9011010E0002873
:10ABF00003DC8344A9EB000102E0411C494500DD70
:10AC00008946A0EB0B00401C01904FF000400290E1
:10AC1000200705D40198484502DB4FF0FF30019032
:10AC200000208DF84B0002980DF14B07B0F1004F5A
:10AC300025D002200C902B200D90029800280CDAD1
:10AC4000404202902D200D9007E00A210298F6F76D
:10AC500041F83031029007F8011D0C99481E0C9004
:10AC60000029F2DC02980028EFD1791E0D980870B7
:10AC7000307800F0200040F0450007F8020D11A8E0
:10AC8000C01BC01D02901398007800B1012000EB9A
:10AC90000901019801EBE071029801440398401A00
:10ACA000401E0390E00306D453462146179A0398AA
:10ACB00000F05CF805441398007818B152461799D3
:10ACC00090476D1CE00323D553462146179A0398FD
:10ACD00000F04CF805441BE0BBF1000F07DB0098C7
:10ACE000584504DD1098179910F80B0001E01799EA
:10ACF00030205246904701980BF1010B401E05F1A0
:10AD00000105019004D12E205246179990476D1CE1
:10AD1000B9F10001A9F10109DEDC05E017F8010B2A
:10AD20005246179990476D1C0299481E02900029BF
:10AD3000F4DC53462146179A03989EE62D00000046
:10AD40002B000000200000002DE9F0410446002502
:10AD50001E461746880404D405E039462020B04733
:10AD60006D1C641EF9D52846BDE8F0812DE9F0413F
:10AD7000044600251E469046C80301D5302700E052
:10AD80002027880404D505E041463846B0476D1CAD
:10AD9000641EF9D52846BDE8F0812DE9F04F85B055
:10ADA0001C4692460646DDF838B0DDF84080F6F7DE
:10ADB00053FD0546FE280DD2014602AB0222304665
:10ADC00001F0B3F928B102AA0221304601F091F94D
:10ADD00018B1FF2005B0BDE8F08F0AF0FF094FEA77
:10ADE0001A27B8F1000F28D00520CDE900405346BE
:10ADF0002A469DF80810304601F02EFE9DF80810F6
:10AE0000A020C1EBC10101EB410106EB810103AAC6
:10AE100081F873B08DF80C0010208DF80D908DF82E
:10AE200010008DF80E7005208DF80F400021115490
:10AE3000401CC0B20828FAD324E00320CDE900402A
:10AE400053462A469DF80810304601F005FE9DF84D
:10AE500008104020C1EBC10101EB410106EB81016B
:10AE600003AA81F873B08DF80C008DF80D908DF861
:10AE70000E7004208DF80F4000211154401CC0B208
:10AE80000828FAD39DF808100F98C1EBC10101EB17
:10AE9000410106EB8101134688672A4602213046AC
:10AEA00005F01DFB002895D09DF80810304605F0F0
:10AEB0008DF98EE72DE9FE4F04464069002589464D
:10AEC0000689A069078994F8820000280ED0002E18
:10AED0006AD0A846CDF80080CDF80480CDF808806F
:10AEE00060E005286ED00B2858D0FF20BDE8FE8F0B
:10AEF000606850F8360081690968002901DA0B2082
:10AF000024E0806AB9F1000F23D00178E9B3F02979
:10AF100025D8A26805EBC50112F811305B1CDBB225
:10AF200002F811300278934219D1A268204602F843
:10AF30001180CDF80080CDF804806A462946CDF80E
:10AF4000088000F0B9F90028D9D10520BE42C8D93F
:10AF50002AE00078FF2829D0FE2827D01CE00078BE
:10AF6000FC2818D105EBC50A0622A16802EB4A00AD
:10AF70000A182946204600F09FF90028A06810F81A
:10AF80001A1003D021F0010202E016E041F00102A4
:10AF900000F81A20B3E780B1BE4205D86D1C761CBC
:10AFA000EDB2B6B2BE42A3D900209FE7A06805EB80
:10AFB000C50110F81100C007EDE72946204605F04D
:10AFC000C1F99CE76A462946204605F074FA96E7DF
:10AFD0002DE9FF4F81B01546DDE90E76D0F8E4315A
:10AFE00080466A460299984704460098002803D193
:10AFF0002079A84203D82E4805B0BDE8F08F2EB1C5
:10B00000206800EB05100078022828D00121206874
:10B0100001EB051110F801A0042101EB05114658C0
:10B020000C2101EB051150F80190386808B1B042CD
:10B030003AD8D8F824205046049990470090002828
:10B04000DAD10820216800EB051B3A6851F80B00A3
:10B050000499F5F74EF9BAF1090F02D009E0154845
:10B06000CAE73868B04204D22368002253F80B10B4
:10B070000A543E60B9F1000F07D02A4621464046E7
:10B080004B46984700900028B6D1206800EB051089
:10B090000078400706D5D8F8E83140462A4602999C
:10B0A0009847A9E70020A7E703483E60A4E700000F
:10B0B0001100090602000106100007064A68002A6E
:10B0C00006D00A68531C0B6010704868401E486028
:10B0D00070477047002070472DE9F04F85B09046CB
:10B0E0000EAADDF84C9092E8100C1F460546202C65
:10B0F00011D8F6F7B1FB0646FE280DD2014602AB89
:10B100000222284601F011F828B102AA022128469D
:10B1100000F0EFFF18B1FF2005B0BDE8F08FB9F1E6
:10B12000000F13D00420CDE90070434632469DF84D
:10B130000810284601F090FC9DF80800C0EBC00004
:10B1400000EB400005EB8000046609E00220CDE939
:10B150000070434632469DF80810284601F07CFCFA
:10B160009DF80800C0EBC00000EB400005EB80003C
:10B1700044639DF808100020C1EBC10101EB4101BF
:10B1800005EB810181F873A00EE000BF9DF8082057
:10B190001BF80010C2EBC20202EB420205EB820276
:10B1A0000244401C82F83C10A042EFD303A9B9F13D
:10B1B000000F0DD0C2208DF80C000020C30024FA2F
:10B1C00003F20B18401CC0B21A710428F6D328E011
:10B1D000042C19D8C4F10400232242EA80009DF80F
:10B1E00008208DF80C00C2EBC20202EB42020420E0
:10B1F00005EB8202131893F838300B54401CC0B290
:10B200000828F7D394630CE021208DF80C0000206F
:10B21000C30024FA03F20B18401CC0B21A710428B0
:10B22000F6D39DF808108DF80D804FEA1820C1EB79
:10B23000C1018DF80E0001EB410105EB81018DF894
:10B240000F701198886703AB32460221284605F03B
:10B2500046F900283FF460AF9DF80810284604F036
:10B26000B5FF58E730B5044606480023026803E0FE
:10B2700012F8015B25705B1C8B42F9DB026008460B
:10B2800030BD0000D001002010B530B1036823B1FB
:10B29000D0E90121914201D204E0002010BD491CF7
:10B2A000816020B1914202D25C5C202CF7D991429E
:10B2B000F4D1491E816010BD2DE9F04F43698346EA
:10B2C000914618895B89C00000EBC102DBF80400DD
:10B2D000DB0003EBC1010F180244386889B0002677
:10B2E000D0F808A01068354680690088C0F30A01CC
:10B2F000A9F8001089F80260002004900590182138
:10B300003A6801EB061152581368190C13F0FF0448
:10B310002ED02B190793402B2AD8A4F1010C01231E
:10B3200003EBDC0CCDF818C01288CDE902030DF157
:10B33000200C0DF11808CDE9008CC2F3072204ABF4
:10B340005846FFF737F918B1FF2009B0BDE8F08F74
:10B3500009EBD502121D0092002005F00701CDE98E
:10B360000110002320461A4604A9F6F747F9079D65
:10B37000761C9AF80000F6B2B042BDD801206D1ECE
:10B3800000EBD50089F803000020DEE72DE9F0414D
:10B3900004460027104E1BE0A0892568C0050BD489
:10B3A000A06820B1FFF7F2FFA089C00504D420698E
:10B3B00010B1716888472761A089800504D4206A8C
:10B3C00010B17168884727627168204688472C460B
:10B3D000002CE1D1BDE8F08108000020002200F03F
:10B3E00064BF000030B50D4C0D4A0E4B0E4988B1BC
:10B3F0000A60056805B10D604B60406800B14860A7
:10B40000002088600868904203D14868984200D1C3
:10B410008C6030BD81E81C0030BD0000F1FF0008E9
:10B42000C1A300083DA300080800002010B5016872
:10B4300028208847040002D02821F4F773FF204613
:10B4400010BD0022114600F06FB800002DE9F04752
:10B4500088B00F4604469A4616461C216846F4F703
:10B4600061FF2F480025002C0560456055D08146BE
:10B47000E7B3CDE900470295D9E90212D9F81000E7
:10B480000491CDE9052009F10800FFF7CFFF5FEA3D
:10B4900000082BD000986F4608B1029808B1002729
:10B4A0000BE00198042808D903221EA10098F4F7A4
:10B4B00066FF10B90298C01C02903846FFF7E4FE00
:10B4C0000146404602F0EAFA68B1BAF1000F13D023
:10B4D0006846FFF7D9FEDDE90101814203D20299F6
:10B4E0000098405C40B14046FFF750FFDDE9011095
:10B4F00088420AD205460BE01EB102990098084422
:10B500003060404608B0BDE8F087081E00D0451EF8
:10B510000EB160193060C9E900450020F2E7000073
:10B5200000000020EFBBBF0070B515460E460400BA
:10B5300009D0F4F702FF411C2B4632462046BDE8F5
:10B540007040FFF783BF002070BD70B54FF6FF72EB
:10B5500000234AF201050EE0C45C6240012412F0AF
:10B56000010F4FEA520200D06A40641CE4B2082C7A
:10B57000F5D95B1CDBB28B42EED3100A40EA022005
:10B5800080B270BD10B50948F7F740F808B108A0BF
:10B5900005E002210548F6F70FFC20B10FA0FEF7E9
:10B5A00093FE002010BD012010BD0000F41A002001
:10B5B00043414E31207374617274206661696C6519
:10B5C000642C73746F7020537461727443616E5491
:10B5D0006573745461736B210D0A0000456E6162DE
:10B5E0006C652043414E31206E6F746966696361FA
:10B5F00074696F6E206661696C6564210D0A0000D4
:10B6000010B50948F7F702F808B108A005E00221D3
:10B610000548F6F7D1FB20B10FA0FEF755FE00203C
:10B6200010BD012010BD00001C1B002043414E3204
:10B63000207374617274206661696C65642C737424
:10B640006F7020537461727443616E5465737454E7
:10B6500061736B210D0A0000456E61626C652043C9
:10B66000414E32206E6F74696669636174696F6EF2
:10B67000206661696C6564210D0A000030B40A8897
:10B68000D3090F2B35D2DFE803F02D08181818184E
:10B6900018181818181F1F342600802A06D090F892
:10B6A0007F20002A25D030BC02F076BA90F88010B6
:10B6B00000291ED030BC03F07FBE90F88220002A03
:10B6C00017D030BC02F044BB90F87E20002A10D086
:10B6D00030BC02F04FBC90F88120002A09D030BC69
:10B6E00002F0B8BA026A1278002A02D030BC02F026
:10B6F00065BA30BC7047000030B50C463C4987B095
:10B7000091F8E121002182422FD12088CDE900016A
:10B710000291A07800B102200390E07804908DF8A7
:10B720001410F7F787FA054608E000BFF7F782FA2A
:10B73000401B642802D921882EA032E03548F6F754
:10B74000B8FC0028F2D006AB221D69463148F6F756
:10B7500045FB040043D02F48F6F735FC02462D4840
:10B760000068836821462CA034E03B4A92F8E1212E
:10B77000824239D12088CDE900010291A07800B140
:10B7800002200390E07804908DF81410F7F752FA35
:10B79000054609E0F7F74EFA401B642804D92188D2
:10B7A0002EA0FEF791FD17E03448F6F782FC002842
:10B7B000F0D006AB221D69463048F6F70FFB0400B7
:10B7C0000DD02E48F6F7FFFB02462C480068836830
:10B7D00021462BA0FEF778FD012007B030BD0A20DE
:10B7E00001F009FD0020F8E7014635A0D9E7000087
:10B7F0000007002043414E312054582074696D6584
:10B800006F75742C20434F422D49443D30782558A4
:10B810000D0A0000F41A002043414E3120545820F4
:10B820004552524F523A2048414C2073746174750E
:10B83000733D25642C2048414C5F43414E20657286
:10B84000726F723D3078256C782C205453523D3005
:10B8500078256C780D0A0000F40D002043414E322B
:10B860002054582074696D656F75742C20434F42C5
:10B870002D49443D307825580D0A00001C1B00203E
:10B8800043414E32205458204552524F523A20489C
:10B89000414C207374617475733D25642C204841BC
:10B8A0004C5F43414E206572726F723D3078256C5B
:10B8B000782C205453523D3078256C780D0A0000C6
:10B8C000496E76616C69642043414E2068616E6404
:10B8D0006C653A2025640D0A000000001CB5044880
:10B8E0000090044801906846FFF77CFD1CBD0000F5
:10B8F0008DFD0008FD0E010870B50446082802D928
:10B900004FF0FF3070BD4FF4847000EB44100546DB
:10B910001021FDF73DFC2846FDF7D4FB0028FAD1A5
:10B920004FF4027000EB44101F21FDF731FC0D496C
:10B930000120A0404A8882434A808A8882438A80C4
:10B940000949002021F814000649891D08554FF4C3
:10B95000427000EB44142046FDF7B4FB0028FAD1F6
:10B96000012070BD84010020D48D002038B514461C
:10B970000546F5F771FF0146FE2801D3852038BD45
:10B980006B462246284600F0FCFB08B1FF2038BD7C
:10B990009DF80010284604F019FC002038BD000076
:10B9A0002DE9F04117460E460446082803D94FF00A
:10B9B000FF30BDE8F08160014FF001080830FDF76D
:10B9C00081FB00F00F00012802D06FF00400F0E7C7
:10B9D0004FF4427000EB44100546FDF773FB13284B
:10B9E00002D06FF00200E4E73078717801EB0020BC
:10B9F000B17801EB0020F17801EB0020411C2CD044
:10BA000058B36FB340F6084000EB441004223146AF
:10BA1000FDF7EEFB41F20800390A00EB4410FDF798
:10BA2000B7FB41F20810F9B200EB4410FDF7B0FB90
:10BA30004FF4847000EB441006460421FDF7A8FB88
:10BA40003046FDF73FFB0028FAD1164908FA04F00A
:10BA5000498808421AD00020ABE76FF00B00A8E736
:10BA60006FF00A00A5E72046FDF72CFB000706D57E
:10BA700020460821FDF78CFB6FF00C0099E7284663
:10BA8000FDF720FB30B96FF0030092E74FF402702E
:10BA900000EB44142846FDF715FB1728E3D10120DD
:10BAA00087E700008401002010B50C4606281ED24E
:10BAB000DFE800F003070B101418204605F022FF02
:10BAC00013E0204605F086FE0FE02078BDE8104028
:10BAD00005F044BF05F0AAFE207006E0204605F000
:10BAE0004FFF02E0204605F0A4FE002010BD4FF0FD
:10BAF000FF3010BD2DE9F0410C46002102464F1EDB
:10BB000008464FF498554FF4A056102A63D2DFE848
:10BB100002F0080B17131A1E222C3645484C5950B8
:10BB2000555C05F044FF4DE014B1204604F10801D6
:10BB3000BDE8F04105F091BE208805F0FFFD41E031
:10BB400005F02AFE05E0208805F0CEFE3AE005F07B
:10BB500032FE208036E02088010A2846FDF718FBD7
:10BB600021783046FDF714FB2CE03046FDF7AAFAA9
:10BB700006462846FDF7A6FA06EB0020E9E7174837
:10BB800082782270C27862700279A2704279E27083
:10BB900082792271C0796071A17113E005F082FF92
:10BBA00010E0204605F093FF0CE0204605F03BFF37
:10BBB00008E02078BDE8F04105F0AEBF05F065FF74
:10BBC00005E020700020BDE8F08105F053FFC0B211
:10BBD00041B2491CF5D13846F5E700009C01002030
:10BBE0002DE9F0418EB088460546002404F0A2F904
:10BBF00000214F1E06460E2808D2DFE800F06B0732
:10BC00006B096B48486B076B076B076A044669E072
:10BC1000089108AA6969E8680292CDE9031007ABA8
:10BC20000AA8CDE9000305A8031D421C09A9801C30
:10BC3000F9F72CFE01285FD109988DF8140005AAA8
:10BC40000AA9284600F064F89DF81400F0B3012812
:10BC500002D0022808D037E0BDF818000090002379
:10BC60000422A968286906E0BDF8180000900023A6
:10BC70000522A9682869F9F775FF011E24DD4246EF
:10BC8000284604F0EEFB0446401C2CD022E0E86875
:10BC9000009001AA02A903A86B69F9F7A5FD012884
:10BCA00012D1BDF804000090052E10D00722002309
:10BCB000A9682869F9F756FF011E05DD42462846A6
:10BCC00004F0CFFB040005D03C460CE002E0062265
:10BCD000EDE72977284600F02DFF18B107A0FEF701
:10BCE000F3FAF1E744B1286A10B12846F9F720FDCC
:10BCF0000EB02046BDE8F0813446F9E76B6565700B
:10BD0000616C697665206661696C65640D0A000086
:10BD10002DE9FC479146884606464FF0FF34002542
:10BD200006EBC507B96AD1B34046F9F78AFE70BB86
:10BD3000D8E901100A18BB6A20E000BF90F800C0E3
:10BD4000BCF12F0F0AD02B290BD0232913D061452A
:10BD500018D12B2905D023290DD00DE02F2911D181
:10BD60000AE0411C01E0811C401C914204D2097888
:10BD70002F29F8D100E0501E401C5B1C197809B136
:10BD80009042DBD390420AD111F0FF0F07D1F86A3D
:10BD900028B1CDE90098F96A6846884700246D1CEF
:10BDA000052DBDDB601C07D1306D28B1CDE90098B1
:10BDB000316D6846884700242046BDE8FC870000B6
:10BDC0002DE9F0470446082803D94FF0FF30BDE8BD
:10BDD000F087600101250830FDF774F900F00F00CD
:10BDE000012801D0A81FF2E74FF4847000EB441043
:10BDF00006460821FDF7CCF9F6F71CFF074608E0D8
:10BE0000F6F718FFC01BC82803D91EA0FEF75CFA7E
:10BE100004E03046FDF756F90028F1D12048A5404E
:10BE20008188A94381804088054201D00020CEE767
:10BE3000F6F700FF07464FF4027000EB44164FF48C
:10BE400042706FF00C094FF4FA7800EB441512E0E1
:10BE50003046FDF737F9000704D52046FFF74CFDC3
:10BE60004846B4E7F6F7E6FEC01B404503D90DA0EF
:10BE7000FEF72AFAF1E72846FDF724F90028E7D172
:10BE80000120A4E7646973636F6E6E6563743A2082
:10BE9000536E5F43522074696D656F75740D0A00AF
:10BEA00084010020646973636F6E6E6563743A2069
:10BEB000534F434B5F434C4F5345442074696D656A
:10BEC0006F75742C20666F72636520636C6F736589
:10BED0000D0A000010B50446054B002241F2030193
:10BEE000FBF724F8D4F808120020087010BD0000F9
:10BEF000516D000870472DE9FE439946DDE90A7649
:10BF000015468846044602AB00F00FF990BB012DA0
:10BF100004D19DF80810204604F058F9022D29D1CB
:10BF20009DF80800C0EBC00000EB400004EB80006F
:10BF3000B0F97400F5F72AFC9DF80810C1EBC101B7
:10BF400001EB410104EB8101A1F874009DF8081098
:10BF50008520C1EBC10101EB410104EB810181F8B6
:10BF60002A009DF80800C0EBC00000EB400004EB85
:10BF70008000C662CDE900764B46424629462046FF
:10BF800004F0E9FA002800D0FF20BDE8FE8300009D
:10BF900013B54FF0FF33012269460248F8F7BAFAA9
:10BFA00000981CBDB01C002006480068406A064985
:10BFB0000A68904202D24FF6FF7318444968801A0B
:10BFC000084470479C1B0020341000200168A1F534
:10BFD0007F42FF3A03D0491C0160084670470121A7
:10BFE000FAE70068007870472DE9F8430025089FBC
:10BFF0001C46904606463D60F5F72EFC0146FE289D
:10C0000005D26B460222304600F08FF818B1852029
:10C010002560BDE8F8839DF80000C0EBC00000EB90
:10C02000400006EB800090F82A10012909D08029F1
:10C0300001D0852902D1C16A3960256090F82A00B3
:10C04000E7E7416B09B9816B41639DF80000216806
:10C05000C0EBC00000EB400006EB8000406B81426B
:10C0600002D28A202560D4E7206000200CE000BFC7
:10C07000C1EBC10101EB410106EB8101014491F8E3
:10C080003C2008F80020401C216881429DF80010E7
:10C09000EED8304604F09AF80120BAE770B50446AD
:10C0A00090F84001012802D16068F7F7E5FD94F8A7
:10C0B0003F1104F1BC0021B1FBF713F86FF002054A
:10C0C0000BE004F11301FBF713F884F89300B4F8C4
:10C0D0009C100546491CA4F89C1094F840010128C6
:10C0E00005D1012204F1A6016068F8F7B9F92846E4
:10C0F00070BD10B50023C3EBC30404EB440400EB94
:10C10000840494F82A402CB15B1C13F0FF03F2D096
:10C11000FF2010BD1370C3EBC30202EB420200EB21
:10C12000820080F82910002010BD70B50024C4EBF7
:10C13000C40505EB450500EB850595F82A606EB151
:10C14000852E0BD095F828608E4207D195F829509E
:10C15000954203D103B11C70002070BD641C14F023
:10C16000FF04E4D0FF2070BDC1EBC10101EB410130
:10C1700000EB8101486B08B1896B401A1060002008
:10C18000704770B50024C4EBC40505EB450500EB12
:10C19000850595F82A605EB195F828608E4207D132
:10C1A00095F82950954203D103B11C70002070BD51
:10C1B000641C14F0FF04E6D0FF2070BD2DE9F041AF
:10C1C00042F2086101EB401542F20871002601EBD2
:10C1D00040142846FCF776FF07462046FCF772FF1E
:10C1E00000EB072007043F0C09D02846FCF76AFF44
:10C1F00006462046FCF766FF00EB062086B2BE42EC
:10C20000E7D13046BDE8F0812DE9F04142F2080166
:10C2100001EB401542F20811002601EB40142846BC
:10C22000FCF750FF07462046FCF74CFF00EB0720C9
:10C2300007043F0C09D02846FCF744FF0646204679
:10C24000FCF740FF00EB062086B2BE42E7D1304645
:10C25000BDE8F08138B5054600208DF8000010607B
:10C2600014462846F5F7F8FA0146FE2805D26B4633
:10C2700002222846FFF759FF08B1852038BD9DF8F6
:10C280000010C1EBC10000EB400005EB8000C26A6A
:10C29000226090F82A000128F0D1284603F096FF8A
:10C2A000012038BD90F8410170472DE9F0418846E2
:10C2B000A8B3B8F1000F33D084680AB90AE0246843
:10C2C0006CB3216A59B34046F4F73EF80028F6D122
:10C2D00020E024681CB3266A5FEA0805F9D0002E26
:10C2E000F7D0B54218D002E098B16D1C761C2878C2
:10C2F000F3F7F9FF07463078F3F7F5FF8742287820
:10C30000F2D0F3F7F0FF05463078F3F7ECFF854203
:10C31000DFD124B1206A10B12046BDE8F081FFE7EB
:10C320000020FAE72DE9F84380462B4E0120032335
:10C330002A4C0D4640F2026C871E02B304F1300114
:10C3400008704B70A1F802C08880404603F059FF86
:10C35000E06B3034009094E80E004046FAF7D4FACF
:10C360003946012004F09EFC014610F10B0F29D044
:10C370001BA000BFFDF7A8FF0020BDE8F883174908
:10C38000203108704B70A1F802C08880404603F04D
:10C3900038FFE06A2034009094E80E004046FAF737
:10C3A000B3FA3946012004F07DFC014610F10B0F71
:10C3B00001D013A0DEE74046FFF774FF0028DCD071
:10C3C000306905E04046FFF76DFF0028D5D0706961
:10C3D000408828800120D0E718000020D4170020D2
:10C3E0005220726561642052454143484544206EA5
:10C3F0006F7469667956616C3A25640D0A00000015
:10C400004C20726561642052454143484544206E8A
:10C410006F7469667956616C3A25640D0A000000F4
:10C420002DE9F8430D462F4E03212F4C81464FF046
:10C43000010840F209634FF0020C0F1F0AB304F128
:10C44000300080F8008041704380A0F804C0484666
:10C4500003F0D7FEE06B3034009094E80E004846BD
:10C46000FAF752FA3946012004F01CFC014610F19B
:10C470000B0F2AD01DA000BFFDF726FF0020BDE84E
:10C48000F8831948203080F8008041704380A0F87C
:10C4900004C0484603F0B5FEE06A2034009094E8FA
:10C4A0000E004846FAF730FA3946012004F0FAFB4C
:10C4B000014610F10B0F01D013A0DDE74846FFF74E
:10C4C000F1FE0028DBD0306905E04846FFF7EAFEC0
:10C4D0000028D4D07069D0F802004FEA30402860BC
:10C4E0000120CCE718000020D417002052207265EC
:10C4F000616420504F53206E6F7469667956616C89
:10C500003A25640D0A0000004C20726561642050D9
:10C510004F53206E6F7469667956616C3A25640DCD
:10C520000A00000000F5A170704700000148007883
:10C5300070470000C80100202DE9F84380462B4ECB
:10C54000012003232A4C0D4640F2126C871E02B3D1
:10C5500004F1300108704B70A1F802C08880404699
:10C5600003F04FFEE06B3034009094E80E0040463C
:10C57000FAF7CAF93946012004F094FB014610F19C
:10C580000B0F29D01BA000BFFDF79EFE0020BDE8C9
:10C59000F8831749203108704B70A1F802C08880D9
:10C5A000404603F02EFEE06A2034009094E80E002E
:10C5B0004046FAF7A9F93946012004F073FB014619
:10C5C00010F10B0F01D013A0DEE74046FFF76AFE23
:10C5D0000028DCD0306905E04046FFF763FE002804
:10C5E000D5D07069408828800120D0E7180000204D
:10C5F000D4170020522072656164205741524E4981
:10C600004E47206E6F7469667956616C3A25640DE9
:10C610000A0000004C2072656164205741524E4967
:10C620004E47206E6F7469667956616C3A25640DC9
:10C630000A0000002DE9FF4F81B0080C1FFA82FCB0
:10C640009EB21022DFF82CA14B4C0E9D89B24FF404
:10C65000817704234FF0060B4FF001084FF4FA796D
:10C660000DB3012D7DD10AF1100528806980A5F850
:10C6700004C0EE8005F1200686F800807270778095
:10C68000B380B560DAF83C0057460090D7E90C1249
:10C690002B460198FAF738F94946012004F002FBCD
:10C6A00000283ED043E0334D28806980A5F804C0BF
:10C6B000EE8005F1200686F8008072707780B380E6
:10C6C000B560DAF82C0057460090D7E908122B46DF
:10C6D0000198FAF719F94946012004F0E3FA0B3002
:10C6E00005D026A0FDF7F0FDA088401CA080A5F88D
:10C6F000008086F801B04FF484717180A6F8048040
:10C70000B560F86A0090D7E908122B460198FAF74D
:10C71000FBF84946012004F0C5FA002827D117A0EC
:10C720001EE020A0FDF7D0FDA088401CA080A5F849
:10C73000008086F801B04FF484717180A6F80480FF
:10C74000B560F86B0090D7E90C122B460198FAF708
:10C75000DBF84946012004F0A5FA0B3007D011A000
:10C7600000E004E0FDF7B0FDA088401CA08005B00B
:10C77000BDE8F08FD4170020180000204C656674C7
:10C780002067726970706572206D6F6462757320C6
:10C7900071756572792074696D656F7574210D0A04
:10C7A00000000000526967687420677269707065E4
:10C7B00072206D6F64627573207175657279207473
:10C7C000696D656F7574210D0A0000002DE9FE4347
:10C7D00080460020471E364C0D460090ADF8040000
:10C7E000ADF808003E0CE2B101202870024669460F
:10C7F0004046FFF715FE002842D00098A8600122AD
:10C8000001A94046FFF78EFD002841D0BDF8040085
:10C81000A881012202A94046FFF78EFE00283FD0E2
:10C8200017E02870002269464046FFF7F9FDA8B1DD
:10C830000098A860002201A94046FFF773FDA8B147
:10C84000BDF80400A881002202A94046FFF774FE4B
:10C85000A0B1BDF80800E881BDE8FE8315A0FDF792
:10C8600033FDAF60A088401CA080E3E71BA0FDF76C
:10C870002BFDAE81A088401CA080E4E721A010E041
:10C880002AA0FDF721FDAF60A088401CA080B6E77C
:10C8900030A0FDF719FDAE81A088401CA080B8E74C
:10C8A00036A0FDF711FDEE81A088401CA080D3E7E3
:10C8B0001800002052656164206C65667420524542
:10C8C000475F5245414C54494D455F504F53206698
:10C8D00061696C6564210D0A000000004C207265DE
:10C8E0006164206C656674205245475F504F535F0A
:10C8F00052454143484544206661696C6564210D99
:10C900000A0000004C2072656164206C656674202A
:10C910005245475F5741524E494E475F494E464F39
:10C92000206661696C6564210D0A00005220726501
:10C930006164207269676874205245475F524541BF
:10C940004C54494D455F504F53206661696C656496
:10C95000210D0A0052207265616420726967687453
:10C96000205245475F504F535F524541434845442D
:10C97000206661696C6564210D0A000052207265B1
:10C980006164207269676874205245475F5741525D
:10C990004E494E475F494E464F206661696C65645B
:10C9A000210D0A00F8B505461A4B002241F2170185
:10C9B000FAF7BCFA002685F8E061344615E000BFBE
:10C9C000D5F8A00030F8240003041B0C0BD0642021
:10C9D0004343114A214628460096FAF7EDFDD5F863
:10C9E000A41021F81400641CE4B2D5F89C0000786F
:10C9F000A042E5D8D5F8A8000388002B09D0642010
:10CA00004343064A002128460093FAF7D5FDA5F8CE
:10CA1000AC00F8BD056D0008D11500088D6E00084A
:10CA200070B5054600240BE0D5F8A40030F91400D9
:10CA3000F4F7ACFED5F8A41021F81400641CE4B29D
:10CA4000D5F89C000078A042EED835F9AC0FF4F789
:10CA50009DFE288070BD00002DE9F8431746DDE9F2
:10CA60000896C1EBC102002502EB4202984600EB9A
:10CA70008204022E2CD0032E2AD0042E28D0052E7C
:10CA800026D0B4F97400F4F781FE00BFA4F8740056
:10CA900084F82870A4F8308084F8329084F82A60F2
:10CAA00084F82B506563A56384F85C5084F85D506E
:10CAB00084F85E502566656684F8685084F869508D
:10CAC00084F86A5084F873500020A567BDE8F883A5
:10CAD000024B034A0095FAF76FFDD7E7E093040095
:10CAE000517100082DE9F0410B3020F00706104D80
:10CAF00019E02068B04215D3B0420AD9871B201D27
:10CB0000D4F80480F3F7F5FBA019C0E90078286099
:10CB100004E060682860201DF3F7EBFB201D266011
:10CB2000BDE8F081251D2C68002CE2D10020F7E73C
:10CB3000401000207CB504468069002550B304F104
:10CB40005800FBF7D6FD04F1600618B93046FBF734
:10CB5000D0FDF8B1207F10B14FF0FF351AE06846E4
:10CB6000FBF7BFFD4FF47A716846FBF7B2FDA16891
:10CB70002069F9F7E5F8011E0CDD6A46204603F04E
:10CB800070FC050006D140F6B8313046FBF7A1FD38
:10CB90000120207728467CBD10B50446FFF702FF30
:10CBA0002046BDE8104000F0C1BA10B50446FFF7BA
:10CBB00037FF2046BDE8104000F0F4BAC1EBC101D8
:10CBC00030B501EB410100EB81018C6BA0182028EE
:10CBD00002D84D6BA84201D9FF2030BD002006E0ED
:10CBE00025180D4495F83C501D54401CC0B290428D
:10CBF000F6D3886B10448863002030BD3B4D2C6811
:10CC0000F6F78CF8FBF79EFBF9F7CEFBF4F79EFCEA
:10CC1000F9F71CFAF9F7C6FAF9F7A4FDF9F7BEFD22
:10CC2000F9F7DEFDF9F760FDF9F77AFD304931A03B
:10CC3000FDF74AFBFAF7C6F9FAF7BCF9FAF7AAF9D1
:10CC4000A00002D52DA0FDF73FFB200114D52FA099
:10CC5000FDF73AFBFAF786F9FAF794F930A0FDF7F9
:10CC600033FB42F21070F5F7D1FEFAF773F9FAF7D9
:10CC700081F931A0FDF728FBE00002D533A0FDF7D4
:10CC800023FB002C02DA36A0FDF71EFB286840F0DB
:10CC900080702860F9F724FAF9F7C8FCF9F750FA20
:10CCA000F8F7F0FCFAF714F9FCF7AAF8010003D042
:10CCB00030A0FDF709FB02E037A0FDF705FBF9F70F
:10CCC00067FC3D483B4901600621416040F2E2417A
:10CCD0008160F5F7E7FF08B172B6FEE700F0A0FA51
:10CCE000F9F7A6FA00F0AEFAFEE700007438024049
:10CCF000742C010825730D0A0000000049574447B1
:10CD00002072657365740D0A00000000506F77652E
:10CD1000722D6F6E2072657365740D0A000000003D
:10CD200041726D7320706F776572206F6E2073741F
:10CD30006172740D0A00000041726D7320706F778C
:10CD40006572206F6E20656E640D0A00536F667405
:10CD5000776172652072657365740D0A00000000CA
:10CD60004C6F772D706F7765722072657365740DE7
:10CD70000A000000573535303020696E697420662E
:10CD800061696C65642C726573756C742069733AA3
:10CD900025640D0A00000000573535303020696EDB
:10CDA0006974207375636365737366756C6C792E33
:10CDB0000D0A000000300040481000200EB541F47C
:10CDC000E061ADF8001001218DF8021000218DF80E
:10CDD000031090F8E1016946FEF78EFC0EBD0EB51A
:10CDE0000023ADF800308DF802308DF804200223C6
:10CDF0008DF805108DF8033090F8E1016946FEF7D3
:10CE00007BFC0EBDF0B500688FB08068FEF719FBA3
:10CE100006007DD01C216846F3F784FA55A1304600
:10CE2000FEF7DCFA4069009054A13046FEF7D6FACE
:10CE3000074654A13046FEF7D1FA544C0546BFB11F
:10CE400053A13846FEF7CAFA4069019053A138460B
:10CE5000FEF7C4FA4069029052A13846FEF7BEFAC6
:10CE60004069002303901A466946206D00F064FA79
:10CE7000BDB147A12846FEF7B1FA4069049047A129
:10CE80002846FEF7ABFA4069059046A12846FEF712
:10CE9000A5FA4069002306901A466946606D00F0C5
:10CEA0004BFA182107A8F3F73DFA40A13046FEF7E8
:10CEB00095FA07463FA13046FEF790FA0546BFB106
:10CEC0003EA13846FEF78AFA4069079030A13846FD
:10CED000FEF784FA406908903BA13846FEF77EFAD7
:10CEE0004069002309901A4607A9206E00F024FA31
:10CEF000CDB132A12846FEF771FA40690A9024A10B
:10CF00002846FEF76BFA40690B902FA1284600E0F7
:10CF10002DE0FEF763FA406900230C901A4607A93A
:10CF2000606E00F009FA00200D900E9029A13046A5
:10CF3000FEF754FA070017D028A1FEF74FFA05466E
:10CF400028A13846FEF74AFA75B168B169690D91B2
:10CF500040690E90024625A0FDF7B6F900231A4657
:10CF60000DA9E06D00F0E8F93046FEF70FFA0FB0BA
:10CF7000F0BD00006D6F6465000000006C656674B4
:10CF8000000000007269676874000000180000204B
:10CF9000706F736974696F6E00000000737065656F
:10CFA00064000000746F7271756500006B696E63D8
:10CFB0006F0000007A65726F6572720069735F6559
:10CFC0006E61626C6500000076656C6F63697479F0
:10CFD000000000006770696F0000000074797065E0
:10CFE0000000000073746174650000004750494FF1
:10CFF00020636D6420747970653D25642C20737402
:10D000006174653D25640D0A0000000010B59CB0F8
:10D0100000285AD090F842100DF14C0C90F8454081
:10D0200090F8443090F843208CE81E00D0E90E12AE
:10D030000DF13C0C90F8414090F840308CE81E0017
:10D040000DF12C0CC16A438E028E446B8CE81E00DD
:10D05000D0E90934018C0DF11C0C428C8CE81E00C7
:10D06000D0E905120DF10C0CC48B838B8CE81E00EB
:10D070008168C38982898DE80E004FF4007443688B
:10D08000144A21461448FDF72FF9002801DBA0427D
:10D0900003D312A0FDF718F916E000208DF85C000C
:10D0A0008DF85D008DF85E000B481990F3F745F997
:10D0B0001A90124817AAC1691148F8F7F1FC01004B
:10D0C00005D010A0FDF700F900201CB010BD012014
:10D0D000FBE70000E83201088C1800204D51545441
:10D0E000204A534F4E207061796C6F6164206F76D7
:10D0F0006572666C6F77210D0A0000001800002031
:10D10000641000204D515454207075626C6973682E
:10D1100020537973537461747573206661696C650B
:10D12000642C2072633D25640D0A000038B5044666
:10D130001A4B002241F20C01F9F7F8FE174B0022BE
:10D1400041F20D012046F9F7F1FED4F83C010388C5
:10D15000002B21D0D4F84001007800281CD0642096
:10D1600043430F4A002120460093FAF725FAA4F81A
:10D1700034010020211891F8B4200F2A08D0226829
:10D180001278824204D0D4F84021127881F84421E8
:10D19000401CC0B28028EDD338BD00003D6D0008B2
:10D1A000351B000810B50446B0F93401F4F7EEFA67
:10D1B000A4F8340110BD10B586B0202204AC04924E
:10D1C0000094012205ABCDE90132C1EBC10101EBB5
:10D1D000410100EB8104039204F13C0394F83220F6
:10D1E000218EFDF7E7F9002803D104986063002041
:10D1F000A06306B010BD10B5EFF3058111B16FF05B
:10D20000050403E0002408B103F048FF204610BDE8
:10D21000EFF3058008B105F015BB05F00DBB00006C
:10D22000EFF3058010B16FF0050070470448016806
:10D2300011B14FF0FF3070470121016000207047AD
:10D240005401002010B5EFF3058010B16FF0050018
:10D2500010BD08480168012902D04FF0FF3010BD11
:10D26000054A002182F8141D0221016004F054F8DF
:10D27000002010BD540100200BE000E0F8B51D4671
:10D280006FF003026FF002064FF00004EFF3058326
:10D29000A3B1F0B1E9B1E5B9002200926A4605F008
:10D2A00029F8012817D10098B0B10C494FF08050EF
:10D2B0000860BFF34F8FBFF36F8F0DE048B141B1EE
:10D2C0002A4604F07BFF012806D025B16FF0010447
:10D2D00002E0144600E034462046F8BD04ED00E0CC
:10D2E000F8B514464FF00005EFF3058212BB08B302
:10D2F00001B3A4B1D4E9023263B1502A1AD322692E
:10D30000C2B1676900FB01F6B74213D3009504F080
:10D3100080FD07E072B9226962B9626952B90022E0
:10D3200004F056FD050005D00CB1216800E0002195
:10D3300003F052FE2846F8BDF8B51D466FF0030213
:10D340006FF002064FF00004EFF30583ABB100B3BA
:10D35000F9B1F5B90022134600926A4604F080FE46
:10D36000012818D10098B8B10C494FF080500860DE
:10D37000BFF34F8FBFF36F8F0EE050B149B1002361
:10D380002A4604F0BDFD012806D025B16FF0010446
:10D3900002E0144600E034462046F8BD04ED00E00B
:10D3A000F8B50D460024211F4E1C002804D000BFF4
:10D3B000EFF30582A2B10DB10C461BE000216A46D5
:10D3C000009104F097FF012813D1009890B10A4909
:10D3D0004FF080500860BFF34F8FBFF36F8F09E0AD
:10D3E000294604F0D5FF012804D015B16FF00104DF
:10D3F00000E034462046F8BD04ED00E0F8B51446E0
:10D4000003460E464FF00005EFF3058098BB93B33B
:10D410009E423DD84CB1A0680028E06803D0502857
:10D4200036D3012002E008B132E00020012B05D004
:10D4300010B31846A26804F0A0FC20E040B103201D
:10D440000090002211460120A36804F0E2FC04E0F1
:10D4500003220021012004F0BBFC050018D086B196
:10D4600000231A46194604F04BFD012809D028462E
:10D4700003F0C6FD00250BE0184604F061FC050032
:10D4800006D00CB1216800E00021284603F0A4FD7D
:10D490002846F8BD38B50024E51E00280BD000BF93
:10D4A000EFF30581A9B100210091694604F037FE30
:10D4B000012815D102E06FF0030412E0009880B15A
:10D4C00009494FF080500860BFF34F8FBFF36F8F53
:10D4D00007E000231A46194604F012FD012800D087
:10D4E0002C46204638BD000004ED00E005F090B960
:10D4F0002DE9FF414FEA01034FF00005EFF30581ED
:10D50000039549BB40B38027182100244AB316680D
:10D5100006B1344696691EB13146761E382E02D2C7
:10D520001679F60703D0002004B0BDE8F0815669F3
:10D5300006B1B708D2F808C0BCF1000F0DD0D5680D
:10D540005C2D18D312693AB136B18DE806103A460F
:10D55000214605F040F803900DE0D6685EB91269E7
:10D560004AB903AACDE90012BAB2214605F006F87D
:10D57000012800D003950398D6E700002DE9FC4769
:10D580001C469046894607464FF00006EFF305809B
:10D5900058BB57B3082002F0F9FB050025D0C5E9B8
:10D5A0000078B9F1000F12D00122114B002094B184
:10D5B000216801B10846A16859B1E4682C2C11D347
:10D5C000CDE900312B46012105F0D8FA08E0002210
:10D5D000EBE7E16831B900932B46012105F0B4FA7D
:10D5E000060002D1284603F089FC3046BDE8FC87DE
:10D5F000A586000808B5EFF3058212B16FF00500AB
:10D6000008BD58B10022134600920A46042105F0D5
:10D61000FDFA012805D06FF0020008BD6FF003008D
:10D6200008BD002008BD2DE9F04107460025C86867
:10D630000C462E46B0F57A7F5BD2401CE060216834
:10D64000A068095C5B2954D1401CA0602046FDF70E
:10D650001BFE4CB1D4E90110884203D22268125C4F
:10D660005D2A33D0884203D3A068401EA06040E00A
:10D67000401E04F11008A0604046FDF7D7FE98B3A5
:10D680000DB3306046600646A068401CA06020468E
:10D69000FDF7FAFD2146304600F000FA30B320468F
:10D6A000FDF7F2FD14B3D4E90110884203D22168DA
:10D6B000095C2C29E0D06268904217D22168085C8E
:10D6C0005D2813D102E005462E46DDE7E068401EE6
:10D6D000E06005B16E602020C7E90250A068401CE0
:10D6E000A0600120BDE8F081FFE715B12846FDF7F5
:10D6F0004DFE0020F6E7034610B500200246995C77
:10D70000A1F13004092C01D830380AE0A1F141041C
:10D71000052C01D8373804E0A1F16104052C08D8A4
:10D7200057380844032A00D20001521C042AE6D3C9
:10D7300010BD002010BD00002DE9F0474FF000099A
:10D740002DED028B82B007460C004FF02E0A4846A2
:10D750004D46C846CDF8009041D02368DBB3D4E9EC
:10D76000012122E05E18865D342E1BD00ADCA6F172
:10D770002B06092E1CD2DFE806F0151B152F1B15F2
:10D7800015151500382E0DD006DC352E0AD0362E94
:10D7900008D0372E0CD105E0392E03D0452E01D00C
:10D7A000652E05D16D1C401C14B10E189642D9D3BC
:10D7B0002169681C8847060011D0A16820682A46A4
:10D7C00001443046F2F795FD06F80590B8F1000FD8
:10D7D00013D000200FE002E04FF00108E2E7002044
:10D7E00002B0BDEC028BBDE8F087315C2E2901D17F
:10D7F00006F800A0401CA842F7D369463046FCF763
:10D80000CBFD0098B0EE408AF0EE608A864203D1EC
:10D81000616930468847E2E79FED150B87ED068B7F
:10D8200053EC102B51EC180BF3F720FA02D86FF0E1
:10D8300000400FE09FED100B51EC180B53EC102B38
:10D84000F3F7FCF902D84FF0004003E051EC180B5D
:10D85000F3F7BCF978610820F8600099A068891B8B
:10D860000844A0606169304688470120B8E700009D
:10D870000000C0FFFFFFDF41000000000000E0C12A
:10D880002DE9F04107460026C8680C463546B0F53C
:10D890007A7F7BD2401CE060002C77D0D4E9011065
:10D8A000884273D22168095C7B296FD1401CA0603B
:10D8B0002046FDF7E9FCD4E90110884203D2226832
:10D8C000125C7D2A4FD08842A0F10100A0605DD299
:10D8D00004F110084046FDF7A9FDE8B30EB3286037
:10D8E00045600546CCB3D4E90110401C88424AD2B9
:10D8F000A0602046FDF7C8FC2146284600F048F805
:10D9000058B32046FDF7C0FC286928620020286132
:10D91000D4E90110884236D22168095C3A2932D113
:10D9200002E006463546DDE7401CA0602046FDF7D4
:10D93000ABFC2146284600F0B1F870B12046FDF757
:10D94000A3FCD4E90110884203D22168095C2C2988
:10D95000C0D06268904201E014E014E013D2216864
:10D96000085C7D280FD1E068401EE06006B175605C
:10D970004020C7E90260A068401CA0600120BDE80B
:10D98000F08103E016B13046FDF700FD0020F6E718
:10D990002DE9F84380468B6808684FF00009C418E9
:10D9A000CDF8009008680E46651CC15C641C2229F5
:10D9B0006ED10022716808E0BCF15C0F04D17F1CBD
:10D9C0008F4265D2521C641C641C271A8F4204D2F9
:10D9D00094F800C0BCF1220FEED1271A8F4257D223
:10D9E0002178222954D11844201A801A3169401C08
:10D9F000884707004CD0009737E029785C2905D08C
:10DA000000986D1C00F8011B00902EE00220611BA5
:10DA1000012939DB6A78662A14D008DC222A12D060
:10DA20002F2A10D05C2A0ED0622A2DD108E06E2A4F
:10DA30000ED0722A0ED0742A0ED0752A24D10DE091
:10DA4000082200E00C22009901F8012B00910BE064
:10DA50000A22F8E70D22F6E70922F4E76A46214692
:10DA6000284603F053F978B10544A542C5D300997F
:10DA700081F800901021C8E903173068201A401C73
:10DA8000B0600120BDE8F88317B171693846884756
:10DA900015B13068281AB0600020F3E770B50C00AB
:10DAA00005465ED0206800285BD0A16863680A1D27
:10DAB0009A4205D80844042231A1F2F760FC78B3F9
:10DAC000A0686268411D0126914206D8216805229E
:10DAD00008442DA1F2F753FC28B3A0686268011D29
:10DAE000914206D821680422084429A1F2F747FC94
:10DAF000E8B1D4E90101814203D22268525C222AB2
:10DB00001DD0814221D22268525C2D2A02D0303AA7
:10DB1000092A1AD821462846BDE87040FFF70CBEF6
:10DB20000420E86006E0EE60A068401D04E00220EA
:10DB30006E61E860A068001DA060012070BD2146F4
:10DB40002846BDE87040FFF723BF814203D2226818
:10DB5000525C5B2A07D0814203D22068405C7B285C
:10DB600007D0002070BD21462846BDE87040FFF771
:10DB70005ABD21462846BDE87040FFF781BE00002F
:10DB80006E756C6C0000000066616C7365000000CF
:10DB9000747275650000000038B5CA78082A0CD187
:10DBA00011F8042B02F07F0531F8022B11F8013B2C
:10DBB0000091D0F838422946A04738BD70B50446D8
:10DBC00090F87C007F2803D0052801D004283FD19D
:10DBD0004A791AB123681B789A4239D10979802988
:10DBE00025D009DC01291CD0022931D17F2801D0A0
:10DBF00005282DD1042126E081291ED0822927D194
:10DC00002046FEF7EEF9D4F89810054609B12046F3
:10DC100088472168FF2008702946204602F02AFD27
:10DC200010E07F2801D0042812D105210BE005283F
:10DC300001D004280CD17F2105E0D4F8941009B15B
:10DC40002046884700212046BDE8704002F0C6BD4E
:10DC500070BD00002DE9FE43044608784FF000082F
:10DC600000F07F068878012818D00879A51900F0FF
:10DC70007F07D4F84001007885F8440195F8B40096
:10DC8000B84207D0D4F8DC313A46314620469847AE
:10DC900085F8B47095F8B40038B32BE020680078AC
:10DCA000B04220D120684146007800F5E060ADF830
:10DCB000000001208DF803008DF8028094F87C208C
:10DCC0008DF8042094F8E03133B142F080008DF8F3
:10DCD000040084F8E01101E084F8E00194F8E10127
:10DCE0006946FDF709FDBDE8FE83D4F8D821314629
:10DCF0002046904795F8B4000F28F4D000251EE088
:10DD0000D4F8A00050F82510C1F30740864214D182
:10DD1000D4F8A4008FB230F91500F3F737FD642072
:10DD200007FB00F3094A29462046CDF80080F9F7A1
:10DD300043FCD4F8A41021F815006D1CEDB2D4F802
:10DD40009C000078A842DBD8CDE70000D115000880
:10DD50002DE9F04F894604460222002199F802007D
:10DD600089B00D4610B101287ED09AE06369A6699A
:10DD70009888B68820B994E0022A04D0042A0FD0EB
:10DD8000B042F9D98DE0B9F80020676857F830C083
:10DD9000DCF818C0DCF800C094450CD1B04210D8B3
:10DDA000DF886268F80000EBC50B002652F80B0014
:10DDB000D0F8088046E06D1C401C80B2EDB2B04245
:10DDC000E4D96EE0002003900490636853F80B20C0
:10DDD000182303EB0613D2585FEA020A65D09AF8BB
:10DDE000002012F0FF0207922AD00A44069299F806
:10DDF0000330B2EBC30F23D803AACDE9002001F012
:10DE0000070209EBD10103460290091D0798F3F7B9
:10DE1000F5FB07980121401E01EBE000059005AAE3
:10DE200000200092CDE90101DAF8000003ABC0F355
:10DE30000722010C2046FDF7CBF8B0BB0698C1B213
:10DE4000761CF6B298F80000B042BBD8E068F8B192
:10DE5000616851F83710896D0E88CEB130F9150020
:10DE6000F3F794FC002000E00CE00090642006FB37
:10DE700000F3294620462269F9F79EFBE16821F864
:10DE800015000EE06069A26901210089128930B98C
:10DE900007E001290AD004291BD005293CD0904273
:10DEA000F7D9002009B0BDE8F08F3BE0B9F80030A9
:10DEB000D4F8041051F83060B66936689E4201D13A
:10DEC000042116E06D1C401C80B2EDB29042F1D9E5
:10DED000E7E7616851F83010896A0B78FD2B07D0AD
:10DEE000D9B2FC2908D0FF291ED0FE291CD019E088
:10DEF00005219042CFD9D4E7A36805EBC50113F8FB
:10DF00001160F60706D0062000EB4100191894F8BE
:10DF1000E1012CE09042C4D86A4629462046FDF72C
:10DF2000CBF908B3FF20BDE7A16805EBC5060220C9
:10DF300000EB4607C85FF3F729FCA168C853A16846
:10DF4000042000EB4607C85FF3F720FCA168C85324
:10DF5000A06810F8161021F0010100F816102946EB
:10DF60002046F8F709FF9CE794F8E1016946FDF7C0
:10DF7000C3FB96E72DE9F04F8DB000268DF80860C1
:10DF80000C9604464069A36981460D4600881A88AC
:10DF90003146D8B14FF0040C904217D867680CEBAB
:10DFA000C00817F80880B8F1010F72D957F830701F
:10DFB000B5F80080BF693F68474502D1012703914A
:10DFC00025E0491C401CC9B280B2E5E7B9F802005F
:10DFD0005A88002100285CD00423904259D86768F1
:10DFE00003EBC00C17F80CC0BCF1030F51D957F864
:10DFF0003070B5F800C0BF6A3F68674511D1039122
:10E000006168022751F83000806B00780C90E87846
:10E010004FF00069082809D0CDE9006900233A468D
:10E020009CE0491C401CC9B280B2D6E702AB3A461C
:10E0300020460399FEF779F8E8B9012F02D0022FA4
:10E040000DD018E09DF80810C1EBC10101EB4101B2
:10E0500004EB810191F82A10042921D00BE09DF8EE
:10E060000810C1EBC10101EB410104EB810191F802
:10E070002A10052914D029794909DFF85484DFF8DA
:10E0800054A405F108020DF1180B089207296FD26C
:10E0900000E067E0DFE801F009FDFCFB86FAF9002B
:10E0A000297980297ED00621E7E7012F02D00028B8
:10E0B00079D051E0E8BB9DF80800C0EBC00000EB50
:10E0C000400004EB800090F82A10022944D1B0F9F6
:10E0D0007400411C1DD0F3F759FB9DF80810FE4B4E
:10E0E000C1EBC10101EB410104EB8101FB4AA1F845
:10E0F000740000969DF808102046F9F75DFA9DF827
:10E100000810C1EBC10101EB410104EB8101A1F851
:10E1100074009DF80800C0EBC00000EB400004EB69
:10E120008000018E059190F8328090F82B102879AC
:10E1300000E011E0C0F3001291427DD1C0F3420033
:10E14000C0F107026B1D0A929DF808102046F9F7EE
:10E15000DBF8002871D10CE00023FDE32046039991
:10E16000FDF7C9FE0DB0FF20BDE8F08F059BF4E37D
:10E17000F4E39DF808002021C0EBC00000EB400054
:10E1800004EB800090F82B0041EA00108DF8180095
:10E19000012059460E54401C0828FBD306AB3946D3
:10E1A000204601E0E3E322E0039A02F098F99DF8AB
:10E1B0000800C0EBC00000EB400004EB800090F8CA
:10E1C0002B1079B15FF0000180F82B102879C0077F
:10E1D0007DD09DF808102046F9F77CF820B1CDE9F4
:10E1E0000080C3E70121EFE79DF80810FEE39DF8EA
:10E1F0000800C0EBC00000EB400004EB800090F88A
:10E200002A100329A8D1B0F97400411C20D0F3F7DB
:10E21000BDFA9DF80810B04BC1EBC10101EB410103
:10E2200004EB8101AD4AA1F8740000969DF8081036
:10E230002046F9F7C1F901E09BE09BE09DF808104A
:10E24000C1EBC10101EB410104EB8101A1F87400B4
:10E250009DF80800C0EBC00000EB400004EB80001C
:10E26000018E059190F8328090F82B102879C0F338
:10E27000001291427DD1C0F34200C0F107026B1D34
:10E280000A929DF80810204604E0FDE3B6E35AE246
:10E290004FE13CE0F9F738F800286BD19DF8080011
:10E2A000C0EBC00000EB400004EB800191F82B00B4
:10E2B000F8B1002081F82B002979C9071BD000BFD5
:10E2C0009DF80800C0EBC00000EB400000E058E300
:10E2D00004EB8000B0F97400F3F758FA9DF80810C9
:10E2E000C1EBC10101EB410104EB8101A1F8740014
:10E2F000FBE10120DEE7602141EA00108DF8180003
:10E30000012059460E54401C0828FBD31AE2012F65
:10E310006CD000287FF4CDAE9DF80800C0EBC000A3
:10E3200000EB400004EB800090F82A100229F1D1A4
:10E33000B0F97400411C20D0F3F728FA9DF80810BA
:10E34000654BC1EBC10101EB410104EB8101634A63
:10E35000A1F8740000969DF808102046F9F72CF9F2
:10E360009DF80810C1EBC10101EB410104EB8101F3
:10E3700001E093E0B4E0A1F874009DF80810C1EB4F
:10E38000C10000EB400004EB8000028E059290F883
:10E3900032802A7990F82B00C2F3001290427DD18E
:10E3A0000AAA2046FDF7E0FE0A98002888D0072830
:10E3B0009DF80800C0EBC00000EB400004EB8001BA
:10E3C00091F82B006BD9E8B35FF0000081F82B00C7
:10E3D00000018DF818009DF808100BF101030722C9
:10E3E0002046FEF7EBFB00287AD18FE7B5F8051041
:10E3F000059195F807A040B102AA39462046FDF7DD
:10E4000078FE28B1CDE900A8B0E6CDE900A8ADE6D8
:10E410000220CDE900A09DF808102046059B039A34
:10E42000FEF71AFB28794108C90726D09DF8081085
:10E43000C0F38100C0F10400C1EBC1010A9001EBFF
:10E44000410100E051E004EB810148639DF80810B0
:10E450002046089B0A9AF8F757FF20BB9DF8081042
:10E460002046F8F737FF10B1CDE900A07EE69DF811
:10E470000810204601F0AAFE18E0C00716D0287A3E
:10E48000697AEA7A00EB0120A97A090401EB0261BA
:10E4900042180A929DF80810204601E0F7E126E0B4
:10E4A00002F08EF910B1CDE900A95FE660208DF889
:10E4B000180005988DF81900000A8DF81A008DF8DB
:10E4C0001BA0042059460E54401C0828FBD339E1F8
:10E4D0002100000800000305E093040051710008CA
:10E4E0009AE020460C9990474BE201206EE7B0B1CC
:10E4F0005FF0000081F82B000A9A0001C2F10703C7
:10E5000040EA4300401C8DF818009DF808100BF1FC
:10E5100001032046FEF752FB00287DD101E00120D7
:10E52000E8E759460A9800E00E54401C0828FBD33F
:10E5300008E1012F4DD000287FF4BBAD9DF8080005
:10E54000C0EBC00000EB400004EB800090F82A1004
:10E550000329F1D1B0F97400411C1DD0F3F716F96D
:10E560009DF80810FA4BC1EBC10101EB410104EB2E
:10E570008101F84AA1F8740000969DF80810204621
:10E58000F9F71AF89DF80810C1EBC10101EB410140
:10E5900004EB8101A1F874009DF80800C0EBC000F5
:10E5A00000EB400004EB8000B0F830A090F832801F
:10E5B00028794108C9076ED0C0F38100C0F1040278
:10E5C0000A929DF808102046089BF8F79DFEE0BBD4
:10E5D0006BE0B5F80510ED798A4650B102AA3946CC
:10E5E0002046FDF786FD30B15346CDE900583A4646
:10E5F000B4E50B46F9E70320CDE9005053469DF8FA
:10E6000008102046039AFEF727FA9DF808102046C6
:10E61000FEF7D1FD30B100E077E1CDE9005053467F
:10E620003A469BE50AAA9DF808102046FDF79CFD96
:10E630000A9A042A16D941208DF818008DF819A0DD
:10E640004FEA1A208DF81A0000E06DE08DF81C20CA
:10E65000100A8DF81D00100C8DF81E008DF81B504F
:10E66000100E59E2C2F10400432141EA80008DF806
:10E6700018008DF819A04FEA1A208DF81A008DF8AD
:10E680001B500BF104039DF808102046FEF796FA84
:10E6900010B1534658E134E00A985946001D01E094
:10E6A0000E54401C0828FBD339E19DF80800C0EB4C
:10E6B000C00000EB400004EB8000B0F97400F3F7F9
:10E6C00065F89DF80810C1EBC10101EB410104EBB5
:10E6D0008101A1F874009DF808100A98C1EBC101EE
:10E6E00001EB410104EB810148639DF80810012012
:10E6F000C1EBC10101EB410104EB810181F82A006A
:10E700006DE1C00715D0287A697AEA7A00EB01201A
:10E71000A97A090401EB026142180A929DF80810D7
:10E72000204602F04DF820B153463A46CDE9008923
:10E7300014E560208DF81800012059460E54401C45
:10E740000828FBD365E2012F5CD000287FF4B1AC30
:10E750009DF80800C0EBC00000EB400004EB800017
:10E7600090F82A100229F1D1B0F97400411C1DD093
:10E77000F3F70CF89DF80810754BC1EBC10101EBE4
:10E78000410104EB8101734AA1F8740000969DF8E1
:10E7900008102046F8F710FF9DF80810C1EBC101E2
:10E7A00001EB410104EB8101A1F874009DF8081010
:10E7B0000AAAC1EBC10000EB400004EB8000B0F8F6
:10E7C000308090F832502046FDF7CEFC0A9A002A9D
:10E7D0003FF476AD9DF80810072AC1EBC10000EBAD
:10E7E000400004EB800090F82B004FEA00107CD929
:10E7F0008DF818000BF1010307222046FEF7DEF921
:10E80000E8BB06E20028A1D19DF80800C0EBC000DB
:10E8100000EB400004EB800090F82A10032995D10A
:10E82000B0F97400411C1DD0F2F7B0FF9DF808103C
:10E83000474BC1EBC10101EB410104EB8101454AAA
:10E84000A1F8740000969DF808102046F8F7B4FE71
:10E850009DF80810C1EBC10101EB410104EB8101FE
:10E86000A1F874009DF80810C1EBC10000EB400056
:10E8700004EB8000028E059290F8328000E062E0A6
:10E880002A7990F82B00C2F30012904202D0CDE911
:10E89000008A6BE40AAA2046FDF766FC9DF8081082
:10E8A0000A9AC1EBC10000EB400004EB8000072A8C
:10E8B00090F82B004FEA00101AD98DF818000BF1D0
:10E8C000010307222046FEF779F9F0B99DF8080008
:10E8D000C0EBC00000EB400004EB800090F82B1070
:10E8E00021B1002180F82B1093E11FE00121F9E70D
:10E8F000C2F1070340EA4300401C8DF818000BF1F9
:10E9000001032046FEF75AF910B1CDE900892DE444
:10E9100059460A9800E00E54401C0828FBD306AB69
:10E9200039462046039A01F0DAFD5DE4C2F107039F
:10E9300040EA4300401C8DF818000BF1010320460B
:10E94000FEF73CF958B14346CDE900593A4605E493
:10E95000E09304005171000882E0FDE3FDE35946B5
:10E960000A9800E00E54401C0828FBD351E1AA7A13
:10E970002989012F62F31F41EA7A41EA026501D039
:10E9800018B195E20028D0D092E29DF80800C0EBC3
:10E99000C00000EB400004EB8000B0F97400F2F717
:10E9A000F5FE9DF80810C1EBC10101EB410104EB3C
:10E9B0008101A1F874009DF808108020C1EBC1010D
:10E9C00001EB410104EB810181F82A009DF8080068
:10E9D000C0EBC00000EB400004EB8000C5629DF876
:10E9E0000800C0EBC00000EB400000E0A6E004EB34
:10E9F0008000826F002A7FF474AD59E22979012FDB
:10EA000001F0030A0BD0BAF1000F7CD0BAF1020F6B
:10EA100079D0BAF1010F3FF453ACFFF79DBBBAF1C7
:10EA2000000F09D0BAF1010F79D0BAF1020F6CD002
:10EA3000BAF1030F69D03BE2B5F80510EE798946CB
:10EA400028B1287A7F2804D9FB480B4637E00B46CB
:10EA500006E002AA39462046FDF74BFB20B14B46A3
:10EA6000CDE900683A46C3E50520CDE900604B4694
:10EA70009DF808102046039AFDF7EEFF28799DF8CF
:10EA80000810C0F3800000E03EE2C1EBC10101EBE1
:10EA9000410104EB810181F85C009DF80810287A9F
:10EAA000C1EBC10101EB410104EB810181F85D0083
:10EAB0009DF808102046FEF77EFB20B14B46CDE9BD
:10EAC00000603A4694E50AAA9DF808102046FDF732
:10EAD0004BFB9DF808100A98C1EBC10101EB410105
:10EAE00004EB81010866C2208DF818008DF819909A
:10EAF0004FEA19208DF81A000A988DF81B608DF8DE
:10EB00001C00010A02E0EEE009E01BE08DF81D1098
:10EB1000010C8DF81E10000E8DF81F008CE30028EC
:10EB20007FF47BAF9DF80810C1EBC10000EB400003
:10EB300004EB800090F82A000528F1D1204601F06E
:10EB400045FBE8E30028EBD19DF80800C0EBC000CE
:10EB500000EB400004EB800090F82A100529DFD17B
:10EB6000B0F97400411C1DD0F2F710FE9DF808109A
:10EB7000B24BC1EBC10101EB410104EB8101B04A91
:10EB8000A1F8740000969DF808102046F8F714FDCF
:10EB90009DF80810C1EBC10101EB410104EB8101BB
:10EBA000A1F874009DF80800BAF1020FC0EBC00094
:10EBB00000EB400004EB8000018E059190F83210CC
:10EBC0000B9140D1A97980F85D1068790AAA00F00C
:10EBD0007F039DF808102046FDF7C6FA0A98C8B9C9
:10EBE0009DF80800C0EBC00000EB400004EB800083
:10EBF00090F8681099420DD190F86910C12040EA50
:10EC000081008DF81800012059460E54401C082838
:10EC1000FBD311E39DF80800C3EBC302C0EBC000B7
:10EC200000EB400004EB8000416E114481639DF8CD
:10EC30000800C0EBC00000EB400004EB8000406B1C
:10EC400081423FF6EAAE9DF808000125C0EBC00006
:10EC500000EB400004EB8000816B41661EE000BFCA
:10EC600081F868500AAA9DF808102046FDF77CFA42
:10EC70000A9807281FD98DF818500BF101030722B5
:10EC80009DF808102046FDF799FF08BB06AB3946F2
:10EC90002046039A01F023FC6D1CEDB29DF808009C
:10ECA000C0EBC00000EB400004EB800191F85D0078
:10ECB000A842D5D22FE345F080008DF818005D46BC
:10ECC0006B1C9DF8081020460A9AFDF777FF18B1D3
:10ECD0000B99CDE90019DCE50A9800E02E54401CA0
:10ECE0000828FBD3FCE000287FF497AE9DF80800CD
:10ECF000C0EBC00000EB400004EB800090F82A104D
:10ED00000429F1D1018E059190F832100B91B0F9E0
:10ED10007400411C1DD0F2F739FD9DF80810474BD7
:10ED2000C1EBC10101EB410104EB8101444AA1F8AF
:10ED3000740000969DF808102046F8F73DFC9DF8F9
:10ED40000810C1EBC10101EB410104EB8101A1F805
:10ED50007400BAF1000F07D0A8797F2820D936496E
:10ED60000B98CDE9000194E5287A7F28F7D89DF823
:10ED700008102879C1EBC10101EB410104EB8101CD
:10ED8000C0F3800081F85C009DF80810287AC1EB80
:10ED9000C10101EB410104EB810181F85D0051E00B
:10EDA0009DF808100AAAC1EBC10101EB410104EB77
:10EDB000810181F85D0068799DF8081000F07F03FB
:10EDC0002046FDF7D1F90A98C8B99DF80800C0EBB4
:10EDD000C00000EB400004EB800090F868109942FE
:10EDE0000DD190F86910C12040EA81008DF818001B
:10EDF000012059460E54401C0828FBD31CE29DF804
:10EE00000800C3EBC302C0EBC00000EB400004EB02
:10EE10008000416E114481639DF80800C0EBC00082
:10EE200000EB400004EB8000406B81420AD90B9953
:10EE3000CDE900182DE5000002000405E093040070
:10EE4000517100089DF808000125C0EBC00000EBDF
:10EE5000400004EB8000816B41661DE080F8685043
:10EE60000AAA9DF808102046FDF77EF90A9807289F
:10EE70001FD98DF818500BF1010307229DF80810D7
:10EE80002046FDF79BFE08BB06AB39462046039A99
:10EE900001F025FB6D1CEDB29DF80800C0EBC00031
:10EEA00000EB400004EB800090F85D10A942D5D241
:10EEB00031E245F080008DF818005D466B1C9DF82E
:10EEC000081020460A9AFDF779FE18B10B98CDE993
:10EED0000009DEE40A9800E02E54401C0828FBD309
:10EEE00006AB39462046039A01F0F9FA9DF808105E
:10EEF0000A98C1EBC10101EB410104EB8101C0F1B2
:10EF0000070081F8690006E24FF0100A012F3CD09B
:10EF100000287FF482AD9DF80800C0EBC00000EB34
:10EF2000400004EB8000B0F97400411C1DD0F2F7E2
:10EF30002DFC9DF80810C1EBC10101EB410104EB70
:10EF40008101A1F87400FE4BFE4A00969DF808105E
:10EF50002046F8F731FB9DF80810C1EBC10101EB29
:10EF6000410104EB8101A1F874009DF80810C1EB88
:10EF7000C10000EB400004EB800393F86A00E8B3A3
:10EF8000012874D0022873D0C5E1C0B3287910F0ED
:10EF9000010FBED1B5F805B095F8079002AA394621
:10EFA0002046FDF7A6F820B1CDE900985B463A4629
:10EFB000CDE40420CDE900905B469DF80810204682
:10EFC000039AFDF749FD9DF808100120C1EBC1012E
:10EFD00001EB410104EB810181F86A009DF8081002
:10EFE0002879C1EBC10101EB410104EB8101C0F3C0
:10EFF000800081F85C002879800701E0EAE027E0E2
:10F0000012D5287A697AEA7A00EB0120A97A0904F4
:10F0100001EB026108449DF80810C1EBC10101EB4E
:10F02000410104EB81010866A0208DF818008DF8DD
:10F030001CA08DF819B04FEA1B208DF81F608DF8C9
:10F040001A008DF81E608DF81B908DF81D60F3E09E
:10F050009DF80800C0EBC00000EB400004EB80000E
:10F0600090F86A10012904D0022940D053E1EAE067
:10F0700055E1B0F97400411C1DD0F2F787FB9DF8F3
:10F080000810AF4BC1EBC10101EB410104EB810161
:10F09000AC4AA1F8740000969DF808102046F8F7D5
:10F0A0008BFA9DF80810C1EBC10101EB410104EBA3
:10F0B0008101A1F87400287900F07F0800069DF80E
:10F0C0000800C0EBC00000EB400004EB800090F8AB
:10F0D000681001F1010105D5414575D1022180F883
:10F0E0006A10BEE0414571D180F86880FBE0297963
:10F0F000C9073FF492ACB0F97400411C1DD0F2F77F
:10F1000045FB9DF808108E4BC1EBC10101EB41019D
:10F1100004EB81018B4AA1F8740000969DF8081059
:10F120002046F8F749FA9DF80810C1EBC10101EB40
:10F13000410104EB8101A1F874009DF808102879C1
:10F14000C1EBC10202EB4202C0F3820004EB820376
:10F15000C0F10702204601E03AE016E16C33F8F70F
:10F16000D3F890BB9DF80800C0EBC00000EB400056
:10F1700004EB8000016E11B1826B91427ED1A1201F
:10F180008DF81800012059460E54401C0828FBD366
:10F1900006AB39462046039A01F0A1F99DF8081004
:10F1A0002046F8F797F800283FF41EA89DF80810AD
:10F1B000C1EBC10101EB410104EB810191F8322067
:10F1C000CDE900200B8E03E064E094E0A0E0038E24
:10F1D0003A4648E42879C00734D1012083F86A0010
:10F1E0009DF808102879C1EBC10101EB410104EB46
:10F1F0008101C0F3800081F85C002879800712D576
:10F20000287A697AEA7A00EB0120A97A090401EBED
:10F21000026108449DF80810C1EBC10101EB4101F6
:10F2200004EB81010866A3208DF8180001205946DF
:10F230000E54401C0828FBD306AB39462046039ADF
:10F2400001F04DF967E0287900F07F08000693F897
:10F25000680000F1010042D540451BD1022083F82F
:10F260006A009DF80810C1EBC10101EB410104EBFC
:10F27000810181F868809DF8080000E06FE0C0EB34
:10F28000C00000EB400004EB8000696840F86B1F91
:10F29000A9684160A2208DF818009DF8080006AB0F
:10F2A000C0EBC00000EB400004EB8000394690F852
:10F2B00068008DF819008DF81AA007968DF81B606C
:10F2C0002046039A01F00BF99DF80800C0EBC0003E
:10F2D00000EB400004EB800080F868601BE04045D4
:10F2E00016D183F868806B1D07229DF80810204610
:10F2F000F8F70AF860B19DF80800C0EBC00000EB19
:10F30000400004EB800090F83220CDE900295EE750
:10F31000B8F1100FBED00DB00020BDE8F08F2879F5
:10F32000C2073EF419AFC0F38200C0F107022046C5
:10F330006C33F7F7E9FF0028DDD19DF8080003E002
:10F34000E093040051710008C0EBC00000EB4000E6
:10F3500004EB8000016E39B1826B914204D090F8C9
:10F360003220CDE9002832E7A1208DF818000120D5
:10F3700059460E54401C0828FBD306AB394620469C
:10F38000039A01F0ACF8FEF79BBF0A4920B1CDE922
:10F39000006100233A460BE69DF80800C0EBC00070
:10F3A00000EB400004EB800090F83220CDE9002112
:10F3B0000DE700000100040570B5D0F8D011044637
:10F3C000884794F88200002809D001212046FBF7E5
:10F3D00071FD0546D4F8D41120468847284670BDF3
:10F3E0002DE9F0410446817D407D02F0BDFB0546DC
:10F3F000217EE07D02F0B8FB0246C0F3C700510752
:10F4000001D0401CC0B26075032184F89310E11C48
:10F41000123000230B5401261846103127E0EF1854
:10F42000BFB2D4F898E04FEA171C07F00F073EF878
:10F430001CC02CFA07FC5FEACC7794F8937006FAAC
:10F4400000FE17F801C002D04CEA0E0C01E02CEAD5
:10F450000E0C401CC0B207F801C0072805D994F86B
:10F46000937000207F1C84F893705B1C9BB29342C6
:10F47000D5D3500704D094F89300401C84F893002F
:10F4800094F893502046AD1C01F09CF868B2BDE89A
:10F49000F0812DE9F0470446817D407D02F064FB58
:10F4A0008146217EE07D02F05FFB064600200723B7
:10F4B0000146012524E004EB030C09EB010297B29D
:10F4C0009CF813C03A092CFA00FC1CF0010FD4F888
:10F4D00098C007F00F0705FA07F73CF8128002D032
:10F4E00048EA070801E028EA0708401CC0B22CF8E7
:10F4F0001280072802D900205B1CDBB2491C89B2AC
:10F50000B142D8D3062084F893000825204601F0A4
:10F5100059F82846BDE8F08770B50446817D407DE6
:10F5200002F022FB0546217EE07D02F01DFBC0B209
:10F530004100617503212A1884F8931004F1130027
:10F540001AE000BFD4F8981094F8933031F81510F1
:10F55000090A195494F89310491CC9B284F89310FD
:10F56000D4F8983013F815300B5494F89310491CC4
:10F570006D1C84F89310ADB2AA42E3D8CDB22046F8
:10F58000AD1C01F01FF868B270BD00002DE9F0411C
:10F59000134C0F460546E6682068001D01F01FFC6D
:10F5A000681C07D137B12168BDE8F0410D48091D3D
:10F5B00001F064BC20683544B5424560216805D23D
:10F5C000A06BBDE8F041091D01F040BC606B091D56
:10F5D00001F03CFCA06A854200D2A562BDE8F08142
:10F5E00004010020B02400202DE9F041054601F07F
:10F5F00051FC2D4CA068401CA06020682B4F10B11E
:10F60000606930B32BE02560A068012827D100266F
:10F6100006EB860007EB800001F00AFC761C382E12
:10F62000F6D3234801F004FC2148143001F000FC1B
:10F630001F48283001F0FCFB1D483C3001F0F8FB6E
:10F640001B48503001F0F4FB194860631430A0638C
:10F6500005E02068E96AC06A884200D82560606ACF
:10F66000401C60626864E86A2169884200D92061B0
:10F6700000EB800007EB8000291D01F0FFFB01F08B
:10F6800029FC606900280CD02068E96AC06A8842B9
:10F6900007D208494FF080500860BFF34F8FBFF387
:10F6A0006F8FBDE8F08100000401002000200020E1
:10F6B0006024002004ED00E038B501F0EBFB104CB5
:10F6C0002068C0B90F4801F0B3FB0E48143001F0B8
:10F6D000AFFB0C48E0601430206100200A4B009022
:10F6E00003F1500210211E2002F093FB206010B1A4
:10F6F00006A101F071FCBDE8384001F0EBBB000051
:10F7000040010020F4260020C4240020546D7251D2
:10F710000000000030B4026C0B46002A0BD0C16818
:10F720001144C1608468A14201D30168C16030BC4A
:10F730001846F0F7DEBD30BC70472DE9F041856B0F
:10F74000174604460026026C82B1C7B1E068F0F7A4
:10F75000D0FDE168206C091AE1602268914202D272
:10F76000A168081AE060022F16D017E02068A8B937
:10F77000A06803F0D3F806460020A0600EE06068A1
:10F78000F0F7B7FD216C606808446060A1688842AA
:10F7900004D32068606001E005B16D1E6D1CA56397
:10F7A0003046BDE8F08110B5044690F8590058B1D4
:10F7B00001280CD002280FD0502080F31188BFF30D
:10F7C0004F8FBFF36F8FFEE7206B01F097FB204652
:10F7D000BDE8104001F092BB10BD000010484FF48E
:10F7E000C041420706D0C01D0D4920F00700411A54
:10F7F000C1F5C0410B4A00230144C2E900030839A6
:10F80000183A21F0070111604B600B600B1AC0E938
:10F81000001393604FF00040536050617047000048
:10F82000D42D002070010020144E154CA6F29C47E8
:10F830004FF08058DFF84C9012E000BF01F02AFB37
:10F84000F068C568281D01F0CAFAA068401EA060D3
:10F850006068401E606001F03DFB2846FFF7A3FF93
:10F8600060680028EAD138680128F9D9C9F8008011
:10F87000BFF34F8FBFF36F8FF2E700009C2400208F
:10F880000401002004ED00E0002807D00021816081
:10F8900001600B460A46C16002F032BB70470000AF
:10F8A00070B51D46049C51B1C4F80020C4E90F0195
:10F8B0000121204602F0E0FA84F84C5070BD24602B
:10F8C000F4E700002DE9F05F8846DDE90B9415466A
:10F8D000834691009A460A9EA522206BF0F71BFDF5
:10F8E0006FF00301206B01EB8501084420F007074E
:10F8F000780707D0502080F31188BFF34F8FBFF3F4
:10F900006F8FFEE70025B8F1000F0FD05FF0000009
:10F91000221818F8001082F8341018F8001011B1ED
:10F92000401C1028F4D384F8435001E084F834508C
:10F93000382E00D33726E662C4E91365201D01F096
:10F9400082FA04F1180001F07EFA2461C6F1380051
:10F950006462A061656584F858505246594638463D
:10F9600000F0A0FA2060B9F1000F01D0C9F8004002
:10F97000BDE8F09F2DE9F0471E46DDE908941746E3
:10F980000D00804615D0002C11D0FFF795FE04F134
:10F990001801C4F8008081E86002201D01F053FACC
:10F9A000002F04D014F8280F40F004002070BDE8A8
:10F9B000F087502080F31188BFF34F8FBFF36F8F14
:10F9C000FEE7000030B5114900E011460A688242A6
:10F9D000FBD34B685C18844203D1406818444860EC
:10F9E000084643681C18944209D1084C183C246806
:10F9F000A24209D052681A4442600A681268026042
:10FA0000814200D0086030BD0460F9E77001002039
:10FA100070B5002441600B4D0061914206D8D11AA7
:10FA20008269914206D2011D286907E09A4203D2F9
:10FA3000994201D3012403E0011DE86801F006FAB0
:10FA4000204670BD4001002010B5044601F022FAA6
:10FA5000A06B28B15FF0000401F03CFA204610BD15
:10FA60000124F9E730B589B03C4D6EE004980028D8
:10FA700006DADDE90601059A90470498002864DB60
:10FA8000069C606910B1201D01F0A9F903A800F0DF
:10FA9000D7F8024604980A2857D2DFE800F0050597
:10FAA000052D334A05052D3394F8280040F0010058
:10FAB00084F828000599A069059B01442046FFF7BA
:10FAC000A7FF68B3216A2046884794F828004007BA
:10FAD0003BD5002000900598A169002342181946E3
:10FAE000204603F093F8D8B9502080F31188BFF373
:10FAF0004F8FBFF36F8FFEE714F8280F20F001003F
:10FB0000207022E094F8280040F0010084F82800DA
:10FB10000598A06128B1811813462046FFF778FFA9
:10FB200013E0502080F31188BFF34F8FBFF36F8F26
:10FB3000FEE794F82800810703D4204601F0DEF99F
:10FB400003E020F0010084F82800002204A92868BE
:10FB500002F034FB002889D109B030BD40010020FB
:10FB60002DE9FC410F46054601F01AFC01A800F002
:10FB700067F80446019818B102F084FFBDE8FC81E3
:10FB8000254EAFB130690068D0B30027291B3A4633
:10FB9000306801F061FA02F075FF0028EED11F49CC
:10FBA0004FF080500860BFF34F8FBFF36F8FE5E7D2
:10FBB000A542EBD802F066FFF0682746C068C4682B
:10FBC000201D01F00CF994F82800410719D5A0690F
:10FBD0002B4641193A462046FFF71AFFA8B10020EC
:10FBE0000346014600902A46204603F00FF860B90C
:10FBF000502080F31188BFF34F8FBFF36F8FFEE764
:10FC000007E020F0010084F82800216A2046884798
:10FC1000B4E70127BAE700004001002004ED00E04E
:10FC20000648416B096829B1416BC968C9684968D0
:10FC3000816270474FF0FF31FAE7000004010020B5
:10FC400070B5054602F0F8FD064E0446B0688442E1
:10FC500003D200F009F8012000E0002028602046CF
:10FC6000B46070BD40010020F8B5194D20E0C068B7
:10FC7000C4680668201D01F0B2F8216A2046884752
:10FC800094F82800400713D5A0693044B04206D943
:10FC900024616060211DE86801F0D8F808E00020C8
:10FCA0000346014600903246204602F0AFFF38B1CD
:10FCB000E86801680029DAD12969C5E90310F8BDAF
:10FCC000502080F31188BFF34F8FBFF36F8FFEE793
:10FCD0004001002008484068401C4FF0500080F36D
:10FCE000118804D0BFF34F8FBFF36F8FFEE7BFF3D0
:10FCF0004F8FBFF36F8FFEE778010020074CE0685D
:10FD0000016841B1C0680021D0F80000FFF728FF6A
:10FD1000FFF7A8FEF3E701210020F7E740010020EC
:10FD20002DE9F041044601F0B5F894F9455004F18D
:10FD3000240609E0606A48B1304602F06BFE08B163
:10FD400001F068FA6D1E6DB2002DF3DC4FF0FF3646
:10FD500084F8456001F0BEF801F09CF894F9445035
:10FD600004F1100709E0206948B1384602F052FE5C
:10FD700008B101F04FFA6D1E6DB2002DF3DC84F86E
:10FD80004460BDE8F04101F0A5B800002DE9F04164
:10FD90000546002701F004FB324E306808B9FFF732
:10FDA0001DFD706905424ED1C5B3083568070ED0F8
:10FDB00005F00700C0F108000544680707D050208F
:10FDC00080F31188BFF34F8FBFF36F8FFEE72DB322
:10FDD0007068854237D82348183001460C6801E026
:10FDE00020460C466168A94202D221680029F7D159
:10FDF00031688C4227D00768216801606068083745
:10FE0000411B10290FD96019420708D0502080F3F8
:10FE10001188BFF34F8FBFF36F8FFEE713E0416090
:10FE20006560FFF7CFFD61687068401A7060B26866
:10FE3000904200D2B060706901430020C4E9000123
:10FE4000F068401CF06002F01DFE780707D05020DB
:10FE500080F31188BFF34F8FBFF36F8FFEE73846F3
:10FE6000BDE8F081580100200449086818B108680D
:10FE7000026D521C026508687047000004010020F2
:10FE800010B5040006D001F005F8E46901F022F88D
:10FE9000204610BD502080F31188BFF34F8FBFF371
:10FEA0006F8FFEE710B5031F4FF080741C601B1F9F
:10FEB00021F001011960191F044B0B6014390A600D
:10FEC000091F6FF0020244380A6010BDD5FC00081B
:10FED000016811F8012B01601046704701684A78EB
:10FEE00011F8023B016002EB032210467047F0B5A7
:10FEF000054608680026101A17460C4601280CDD36
:10FF00000846FFF7EBFF686021680A18BA4204D878
:10FF1000A96021680126084420600020286030463E
:10FF2000F0BDFEB50025DDE908468DE87000FAF762
:10FF300034FFFEBD2DE9F84F044600278B463D46B1
:10FF40000846F8F7E3FB0346606D61690122066825
:10FF5000B0470646012847D181465846F8F7D6FBF8
:10FF600001268246B04604E008F10108B8F1040F0A
:10FF700011DC606D53460122D0F800C06946E047AD
:10FF8000012808D19DF8000000F07F0101FB065513
:10FF9000F6010006E8D460692946401CF5F73CFDEF
:10FFA00000EB0906E068801BA84202D26FF0010650
:10FFB0001AE0002D0DDD5846F8F7A8FB03466069EE
:10FFC0002A468119606D0668B047A84201D0002614
:10FFD0000AE06069A169007860F307073E0919B17A
:10FFE00004F16000F8F76AFB3046BDE8F88F0000C6
:10FFF0002DE9F04704008A4616D054F8047CD4F862
:020000040801F1
:1000000000903E1F564500D956462046FAF796F90D
:1000100005468846324621465046FCF763FD40B10E
:10002000C0F80090BDE8F087BDE8F0470846FAF751
:10003000C7B944E9017955B129686A18211F8A4274
:1000400002D9611B091F2960C5F80480EAE7024A4A
:10005000C2F80080E6E70000401000202DE9F74FCD
:1000600014460546082803D94FF0FF30BDE8FE8F3F
:10007000680101260830F9F725F800F00F00012883
:1000800001D0B01FF2E724B341F6086000EB451041
:10009000F9F718F84FF6FF7101EA8020A04200D26C
:1000A00004464FF4427000EB451841F60870DFF843
:1000B0008CA000EB451B06FA05F92846FCF77EF8F4
:1000C00006464046F8F7FEFF172816D01C2803D036
:1000D0000DE06FF00D00C9E7CEB92846FCF794F8A3
:1000E00007465846F8F7EEFFB7EB802F05D12846B4
:1000F000FBF702FC6FF00600B8E7BAF8021019EA45
:10010000010F02D01EB90020B0E7002ED5D0A642C4
:1001100000D2344622462846019901F0AAFA4FF44B
:10012000847000EB451005464021F9F731F8284668
:10013000F8F7C8FF0028FAD1204697E7840100208D
:10014000054A18B111B1C2E9030170470348D060F4
:1001500003481061704700009C01002077170108D8
:1001600079170108054A18B111B1C2E905017047B4
:100170000348506103489061704700009C010020D3
:100180008517010883170108074A10B513889C05D5
:10019000FDD518B111B1C2E9070110BD0348D06106
:1001A0000348106210BD00009C010020A91901083D
:1001B000AD19010870B5054600242146284600F017
:1001C00005F8641C14F0FF04F7D070BD7CB5002462
:1001D0000D4606460094234622460194FCF73CFC5B
:1001E000C5EBC50000EB4000002206EB8000811843
:1001F000521C81F83C40202AF9D380F82940C4627F
:100200007CBD002180F84111704700002DE9F74FB7
:1002100015460646082803D94FF0FF30BDE8FE8F8B
:10022000700101240830F8F74DFF00F00F0001289D
:1002300001D0A01FF2E775B14FF4427000EB4610F9
:100240000746F8F73FFF6FF0060B172806D01C286B
:1002500004D05846E2E76FF00D00DFE7DFF8E080FA
:10026000B440B8F80400044213D04FF4027000EB1D
:1002700046108146F8F726FF00F01F00C10627D57B
:1002800048461021F8F784FFB8F80410A143A8F8F5
:10029000041041F6087000EB4610F8F713FF4FF614
:1002A000FF7101EA8020854200D90546F2F7C2FCC1
:1002B00082463046FBF7A8FF81463846F8F702FF32
:1002C000172808D01C2806D03046FBF715FBC0E7DE
:1002D000000711D405E0B8F80200044203D04D45F0
:1002E00001D900209AE74D4510D9F2F7A3FCA0EB05
:1002F0000A00B0F5FA7F05D93046FBF7FDFA6FF03A
:100300000C008BE70520FCF776FFD2E72A46304643
:10031000019901F0DEF94FF4847000EB46100646B7
:100320002021F8F735FF3046F8F7CCFE0028FAD147
:10033000B8F8041028460C43A8F804406EE7000003
:10034000840100202DE9FF5F044690F88200894671
:1003500000B3A16809EBC90511F81500C00719D150
:100360006069018901EB090086B2606850F83600C7
:100370008069006800280DDB4FF00008CDF804808C
:10038000CDF8088001AA49462046CDF80C80FAF73E
:1003900093FF18B1002004B0BDE8F09FA0680621CB
:1003A00001EB4501415ABDF804204FF00A0B914280
:1003B00010D1092101EB45019DF80720415C9142D4
:1003C00008D10BEB45010844082202A9EFF7CAFF48
:1003D0000028E0D0606850F83600816D806B0E8890
:1003E0000788A6B1A168022000EB450A31F90A008E
:1003F000F1F7CCF9642006FB00F3164A4946204683
:10040000CDF80080F7F7D8F8A26822F80A00D7B133
:10041000A168042000EB4506885FF1F7B7F9642076
:100420004743B7FBFBF30C4A49462046CDF8008012
:10043000F7F7C2F8A1688853A06810F8151041F0CA
:10044000010100F8151001AA4946204600F033F8D2
:100450000120A0E7796D0008A16D00080021FAF7DE
:1004600029BD2DE9F04190460E4605464FF0FF3775
:1004700000240DE04046F8F749F903462869324662
:100480000119686DD0F804C0E047002807DB044478
:10049000B44204DA4046F8F72CF90028EAD0B44216
:1004A00007D105F15800A969F8F708F90020BDE85F
:1004B000F0813846FBE730B401EBC10106248368C4
:1004C00004EB4101194413680B6053684B60936857
:1004D0008B6090F8E10130BC1146FBF70DB93EB5D9
:1004E00090F87C40052C01D07F2C09D1012941696D
:1004F00008D0498821B111448269528891420ED9AD
:10050000FF203EBD09880029FAD011448269128873
:100510009142F5D8426852F83110896A03E0426886
:1005200052F8311089696A460988ADF80010002137
:100530008DF8021008218DF80310002155185C5C1D
:10054000491CC9B22C710829F8D390F8E101114671
:10055000FBF7D2F83EBD7CB58026DDE906548DF868
:1005600000608DF801301B0A8DF802308DF80440D0
:10057000230A8DF80530230C8DF80630230E8DF8F4
:1005800007308DF803506B46FFF7A9FF7CBD70B5AF
:10059000054600F006F804462846FEF70DFF204603
:1005A00070BD0EB5D0F8C8110988ADF80010002153
:1005B0008DF802108DF8031090F8E1016946FBF701
:1005C0009BF80EBD38B5044690F8931013300546DD
:1005D000FAF7BBFF94F89320010A515594F8931051
:1005E000491CC9B284F89310485594F89300401CF4
:1005F00084F89300E06838B16068F2F73AFB218A2A
:100600000122E068F2F711FB94F8400194F893207E
:1006100001286068294618D0F3F7D6FFFA21012097
:1006200000F040FB6068006801684906FCD5E0689E
:1006300030B1218A0022F2F7F8FA6068F2F700FB85
:1006400020780025042803D00CE0F4F703F8E5E750
:1006500002F0F2F80246009500230221D4F8B4001B
:1006600002F0D4FA84F89350B4F89E00401CA4F829
:100670009E0038BD2DE9FF4F4269002912887DD0C8
:100680007F297BD8FAB14368046853F83230247864
:100690009B6904F5C0651E68AE4201D0FF2C02D1F3
:1006A00001F5C0641C60436853F83220936A026805
:1006B0001D68127802F5B064A54201D0FF2A02D16C
:1006C00001F5B0621A603D4D426905F1200684696A
:1006D00096E8C0119288A4888DE8C01100236F4667
:1006E00012BB25E04668D0F8008056F8326098F8D2
:1006F00000B0D6F818A0DAF8006026F0604C06F0DA
:10070000604957F8236006EB0B08E04502D0BBF1C7
:10071000FF0F05D106EB010C4CEA090CCAF800C02A
:100720005B1C521CDBB292B2A24201D8042BD9D37B
:10073000002330354269846995E8E01012892489E4
:100740008DE8E0106D461ABB26E04668D0F800C080
:1007500056F832609CF800A0D6F81890D9F80070CE
:1007600027F0604607F0604855F8237007EB0A0C45
:10077000B44502D0BAF1FF0F06D100E01CE07E18AC
:1007800046EA0806C9F800605B1C521CDBB292B254
:10079000A24201D8042BD8D30268D0F814321278C0
:1007A0001D6802F18004A54201D0FF2A02D101F1A7
:1007B00080021A6000680170BDE8FF8F602F010899
:1007C000202A01D9FF207047C1EBC10101EB410193
:1007D00000EB810042630020704700007CB50446B6
:1007E00090F87C00884244D0244D31B1042930D0A7
:1007F00005291FD07F293FD10EE0D5E90001CDE9C1
:100800000001002084F87C006946204600F0C2F90F
:10081000D4F8841020468847D5E90201CDE90001CB
:100820007F2084F87C006946204600F0B3F9D4F8B4
:1008300088101CE000B3D5E90401CDE900010520D2
:1008400084F87C006946204600F0A4F9D4F88C10A6
:100850000DE088B1D5E90601CDE90001042084F856
:100860007C006946204600F095F9D4F890102046A7
:10087000884794F87C007CBDFF207CBD602F010878
:1008800030B50A4C2268536A09490D685B1B4D68F4
:100890002B444B604FF6FF73181A086050622068B3
:1008A000016841F00101016030BD00009C1B002087
:1008B000341000202DE9F04115460446082803D9DC
:1008C0004FF0FF30BDE8F081600142F60872083059
:1008D0006FF0040702EB441608296BD2DFE801F041
:1008E0006A0408111D26325F297841F2086002E08F
:1008F000297841F2085000EB441000BFF8F748FC9B
:100900004BE02888010A41F2082000EB4410F8F778
:100910003FFC297841F20830EDE740F6084000EB53
:10092000441004222946F8F763FC36E02888010ABF
:1009300041F2080000EB4410F8F72AFC297841F254
:100940000810D8E7F8F7BEFB00F00F0001282CD103
:100950003046F8F7B7FB10B16FF00100B2E74FF483
:10096000847000EB441005462221F8F711FC4FF487
:10097000027000EB44140BE02046F8F7A3FB0007DD
:1009800006D520460821F8F703FC6FF00C0099E724
:100990002846F8F797FB0028EED1012092E7F8F7F8
:1009A00091FB00F00F00012801D038468AE7297832
:1009B0003046A3E76FF0090084E70EB50168012215
:1009C000097841F4E061ADF8001000218DF80210C3
:1009D0008DF804108DF8032090F8E1016946FAF7CC
:1009E0008BFE0EBD2DE9F8431D4617460E46044604
:1009F000082803D94FF0FF30BDE8F883012E08D056
:100A0000022E0ED0032E0CD0042E0AD06FF004005C
:100A1000F2E7042269464FF47060F8F77FFB009814
:100A200048B169076FF00500E6D49DB1012E05D0ED
:100A3000022E0FD106E06FF00200DDE715F0210F66
:100A4000DAD007E0A90601D52906D5D5E90601D5F2
:100A50002906D1D52046FAF74FFF600105F0F001D5
:100A60004FF0010831430830F8F792FB224E57B996
:100A70003788781C80B2A0F57F413080F03902D1F0
:100A80004FF4404030804FF48160390A00EB44104D
:100A9000F8F77EFB4FF4A160F9B200EB4410F8F7D1
:100AA00077FB4FF4847000EB441007460121F8F700
:100AB0006FFB3846F8F706FB0028FAD108FA04F075
:100AC000718805F001028143A2400A437280B18817
:100AD0008143B1800949002021F814000649891D8D
:100AE00008554FF4427000EB44152846F8F7EAFA2F
:100AF0000028FAD060B27FE784010020D48D002066
:100B000038B50446B0F9C401401C02D0204600F0BC
:100B10002BF8134B002241F205012046F6F706FAA6
:100B20000F4B002241F206012046F6F7FFF9D4F8F8
:100B3000C8010068400011D5D4F8CC010068002835
:100B40000CD00A22B0FBF2F1B0FBF2F30091054A9F
:100B500000212046F6F730FDA4F8C40138BD00009E
:100B6000F96C00082583000810B5002304461A46D6
:100B700041F20501F6F7DAF900231A4641F20601BF
:100B80002046F6F7D3F9B4F9C401F0F7FFFDA4F855
:100B9000C40110BD2DE9F0410D460446497890F995
:100BA0007E000126002719B148B984F87E6006E06E
:100BB000012804D184F87E702046FFF7FBFAE8781C
:100BC000002894F8800006D060B984F88060204640
:100BD000FFF796FF06E0012804D184F880702046D4
:100BE000FFF7C2FF2879002894F8810006D060B989
:100BF00084F881602046FBF7CFFF06E0012804D18E
:100C000084F881702046FBF7D0FFA878002894F87C
:100C10007F0006D060B984F87F602046FBF75AF960
:100C200006E0012804D184F87F702046FBF762F9C2
:100C30006879002894F8820006D060B984F8826050
:100C40002046F6F7C3F806E0012804D184F8827044
:100C50002046F6F7E7F82878002894F87D0005D0BC
:100C6000002801D184F87D60BDE8F0810128FBD126
:100C700084F87D702046BDE8F041FFF79EBE00007D
:100C800072B6BFF34F8F05480168054A01F4E06171
:100C900011430160BFF34F8F00BFFDE70CED00E093
:100CA0000400FA0570B50C46064600F0F3F8154D41
:100CB0002868406D80B92968012081F858005CB12E
:100CC00001212046FEF762FC0F494FF0805008607A
:100CD000BFF34F8FBFF36F8F00F0FCF800F0DAF82E
:100CE0002868446D002034B116B12968486502E0D7
:100CF0002A68611E5165296881F8580000F0EAF8F9
:100D0000204670BD0401002004ED00E02DE9F0470D
:100D100005460027481B1646894606285DDBA81CA9
:100D2000FCF7E9FC0446A0F55C414FF48060814289
:100D300053D3A4F55841824651451AD2A81DA9EBB8
:100D400000014FF00C08062947DB01785C2944D1EB
:100D50004178752941D1801CFCF7CDFCA0F55C41A0
:100D600051453AD2C4F3090161F39F2000F5803068
:100D700002E04FF006082046802801D2012110E051
:100D8000B0F5006F02D20221C0270AE0B0F5803F23
:100D900002D20321E02704E0B0F5881F1DD2042110
:100DA000F0274A1E08E000BF00F0BF03346843F09C
:100DB00080038009A354521E12F0FF02F4D10129CE
:100DC00001D9384301E000F07F00326810703068CC
:100DD000084430604046BDE8F0870020FBE7D0E9DA
:100DE000013201699A60D0E901235A604A6882425F
:100DF00001D182684A60002202610868401E0860D2
:100E000008687047034B036003F15C0008608020B2
:100E1000106070471C270020044B036003F15C0046
:100E200008604FF48070106070470000782900203F
:100E300000F108014FF0FF32C0E90112C160016109
:100E400000210160704700210161704730B50B68D7
:100E50005A1C02D000F1080202E0026904E02246B6
:100E6000546825689D42FAD953684B6099608A603E
:100E7000516008610168491C016030BD42684A60E8
:100E800093688B6093685960916008610168491CA0
:100E900001607047502080F31188BFF34F8FBFF37C
:100EA0006F8F0A494868401C486001280CD10848E7
:100EB000006810F0FF0F07D0502080F31188BFF3B7
:100EC0004F8FBFF36F8FFEE770470000780100205F
:100ED00004ED00E00849486828B1401E486001D18F
:100EE00080F311887047502080F31188BFF34F8F33
:100EF000BFF36F8FFEE700007801002070B5002877
:100F00002AD0164DA0F1080460686969084207D12B
:100F1000502080F31188BFF34F8FBFF36F8FFEE730
:100F200022683AB1502080F31188BFF34F8FBFF38E
:100F30006F8FFEE78843606000F032FA606869688E
:100F4000084468602046FEF73DFD2869401C286182
:100F5000BDE8704001F096BD70BD00005801002052
:100F60004FF0E02000210161816105494FF47A7260
:100F70000968B1FBF2F1491E416107210161704727
:100F80000001002010B5EFF767F9114910280ED3C2
:100F900000F1E02090F8F0030A78904207D2502048
:100FA00080F31188BFF34F8FBFF36F8FFEE70948BF
:100FB0000068896800F4E060884207D9502080F317
:100FC0001188BFF34F8FBFF36F8FFEE710BD000096
:100FD000780100200CED00E010B5084B002200BFA6
:100FE00053F832401CB1521C082AF9D310BD43F803
:100FF000321003EBC201486010BD0000C01F00208A
:1010000010B504000AD000F013F894F84600002848
:101010000CD12046BDE81040FFF770BF502080F390
:101020001188BFF34F8FBFF36F8FFEE710BD000035
:10103000084A002102EBC1035B68834206D100200D
:1010400042F8310002EBC10148607047491C082991
:10105000F0D37047C01F002070B515460E460446F9
:10106000FFF718FF94F944100020491C01D184F8BF
:10107000440094F94510491C01D184F84500FFF75C
:1010800029FFA06B28B92A46314604F1240000F05C
:10109000DFF82046BDE87040FEF742BE10B5020002
:1010A00014D00F48006B38B1502080F31188BFF383
:1010B0004F8FBFF36F8FFEE700F072F900211046EB
:1010C000FEF764FA01F0DEFC002807D105494FF075
:1010D00080500860BFF34F8FBFF36F8F10BD0000CB
:1010E0000401002004ED00E070B50D4604000BD0B3
:1010F00095B11E4A106BB8B1502080F31188BFF330
:101100004F8FBFF36F8FFEE7502080F31188BFF33E
:101110004F8FBFF36F8FFEE7502080F31188BFF32E
:101120004F8FBFF36F8FFEE700F03AF9D268236864
:101130005919934204D98B420AD9914202D807E047
:101140008B42FAD9881A21600021FEF71FFA00E0CD
:10115000216001F097FC002807D105494FF080502D
:101160000860BFF34F8FBFF36F8F70BD0401002085
:1011700004ED00E070B50546FFF78CFE1E4C05B986
:101180002568281DFFF72BFEA86A18B105F1180085
:10119000FFF725FE606A401C60622068854207D127
:1011A000291D1648FFF76AFE6068401C606007E072
:1011B000A068401EA0602846FEF7F5FAFEF730FD55
:1011C000FFF788FE6069002814D02068854211D19D
:1011D000206B38B1502080F31188BFF34F8FBFF3DD
:1011E0006F8FFEE706494FF080500860BFF34F8FC6
:1011F000BFF36F8F70BD0000040100209C2400200D
:1012000004ED00E002490A6A0260C9684160704763
:101210000401002001490120C86170470401002039
:1012200010B50C4650B1094909681831FFF70EFE98
:101230002046BDE810400121FEF7A8B9502080F3F8
:101240001188BFF34F8FBFF36F8FFEE704010020BB
:1012500070B514460D4668B10A4909681831FFF7A0
:101260000DFE0CB14FF0FF3521462846BDE8704019
:10127000FEF78CB9502080F31188BFF34F8FBFF376
:101280006F8FFEE70401002070B504003ED0226D90
:10129000A2B1E06C884200D30146E06A884235D0B2
:1012A000012A33D11A4D2A6894420FD1502080F37D
:1012B0001188BFF34F8FBFF36F8FFEE7502080F38D
:1012C0001188BFF34F8FBFF36F8FFEE7E162A26912
:1012D000002A02DBC1F13801A1610E4E00EB800053
:1012E000616906EB8000814210D1201DFFF777FD78
:1012F000E06A2969884200D9286100EB800006EB8A
:101300008000211DBDE87040FFF7B8BD70BD000032
:10131000040100200020002030B587B00024039491
:1013200005AA04A903A80494FFF76CFDDDE90301F5
:101330000094CDE90110002315A11748059A01F08A
:101340004AF9164D0028E8621FD001F02FFC012851
:1013500009D0401C19D1502080F31188BFF34F8F62
:10136000BFF36F8FFEE7502080F31188BFF34F8FDC
:10137000BFF36F8F4FF0FF30A86201206861EC600F
:1013800007B0BDE8304000F04BBC07B030BD0000F6
:1013900049444C450000000029F8000804010020E1
:1013A0000248016B491C01637047000004010020E2
:1013B000164810B5016B11B10121C16110BD0021AA
:1013C000C1610169124A01E0B9B1491E01EB810313
:1013D00052F82330002BF7D001EB810302EB83029C
:1013E00002F1080453685B685360A34201D15B6853
:1013F0005360DA680260016110BD502080F31188EB
:10140000BFF34F8FBFF36F8FFEE700000401002092
:10141000002000202DE9F8430024124D8046274685
:101420002E1F1AE055F82400D0F8B020424513D101
:101430000178042907D100970023D0F8B4001A4698
:10144000032101F0E3FB55F8240000230322D0F828
:10145000AC00194601F0EAF8641C30788442E1DB04
:10146000BDE8F883D80100202DE9F0410D4D00249E
:1014700006466FF007082F1F0EE000BF55F8240046
:10148000D0F8B410B14206D1D0F8AC00002303224A
:10149000414601F0CBF8641C38788442EEDBBDE8AD
:1014A000F0810000D801002030B5044690F8930088
:1014B00004F111010144801E09884DBAC1B204F142
:1014C0001300FAF742F8A84205D034F8A00F401CE8
:1014D0002080FC2030BD217D080605D534F8A00F02
:1014E000401C2080FB2030BD084A0020135C8B424A
:1014F00001D1002030BD401CC0B20828F6D334F81A
:10150000A00F401C2080012030BD0000E82E010803
:101510002DE9F041044690F8930004F111010144D3
:10152000801E09884DBAC1B204F11300FAF70DF814
:10153000A84206D034F8A00F401C2080FC20BDE853
:10154000F0813F4A217D0020135C8B420DD14FF486
:101550008076052940D012DC012917D0022915D048
:10156000032953D0042969D150E0401CC0B2082897
:10157000EAD334F8A00F401C20800120DFE70629C1
:101580003BD00F2902D0102958D13FE0A17D607DCA
:1015900000F0EAFA0709217EE07D00F0E5FA05098E
:1015A000217EE07D00F0E0FA000700D06D1CB4F869
:1015B000A4107819884237D8217EE07D00F0D4FA53
:1015C000C508217EE07D00F0CFFA400700D06D1CF9
:1015D0006D1DB54230D831E0A17D607D00F0C4FAC8
:1015E0000509A17D607D00F0BFFA000700D06D1CE9
:1015F000B4F8A400A84217D320E0A17D607D00F0DC
:10160000B3FAB4F8A41081420ED317E0A17D607D37
:1016100000F0AAFA0546217EE07D00F0A5FAB4F8B4
:10162000A4202918914201D9022088E7052101EB65
:10163000400080B2B04201D9032080E700207EE75D
:10164000E82E01082DE9F04116460D4607464FF0F9
:10165000FF343046F7F74DF840B931463846FAF7CF
:10166000BFFA0446A84201D0002CF2DA2046BDE8B9
:10167000F0812DE9F0475FEA02088946064626D048
:1016800042F6081000EB46152846F7F71BFD074603
:1016900042F6080000EB46142046F7F713FD07EB6F
:1016A000002087B2380200EB461042464946183007
:1016B000F7F734FD07EB080086B2310A2046F7F74A
:1016C00067FDF1B22846BDE8F047F7F761BDBDE818
:1016D000F0872DE9F0475FEA02088946064626D0E2
:1016E00042F2085000EB46152846F7F7EBFC074698
:1016F00042F2084000EB46142046F7F7E3FC07EB04
:10170000002087B2380200EB4610424649461030AE
:10171000F7F76EFD07EB080086B2310A2046F7F7AF
:1017200037FDF1B22846BDE8F047F7F731BDBDE817
:10173000F087007870470170704700002DE9F04194
:10174000050A00F0F0014FF4A850F7F721FD00243E
:1017500001264FF4027700BF06FA04F0284204D0B5
:1017600007EB44101F21F7F713FD641CE4B2082CAB
:10177000F2D3BDE8F0817047704772B6704762B629
:101780007047704770470000012211030148F1F7CC
:101790004CBA00000004024010B54FF4A850F7F70F
:1017A00091FC00F0F0044FF4B850F7F78BFC04EB19
:1017B000002080B210BD10B54FF4B050F7F782FC96
:1017C00004464FF4C050F7F77DFC04EB002080B2D4
:1017D00010BD000010B50446014606224FF410600B
:1017E000F7F79CFC042204F10E019001F7F796FC38
:1017F000042204F10A014FF4A060F7F78FFC0422E1
:10180000A11D4FF47060F7F789FC07480178A174B7
:101810004178E17481782175C07860750248401E76
:101820000078A07510BD0000950100200020F7F79A
:1018300049BC70B504464FF4D850F7F743FC20700C
:101840004FF4D050F7F73EFC05464FF4C850F7F779
:1018500039FC05EB0020608070BD2DE9F0410D469C
:101860000646002400F0A3F84FF0FF38AEB1002286
:10187000B05C204444B2102C17DC521C52B2082A2F
:10188000F6DB002441F60877315D07EB4410F7F7EB
:101890007FFC641C64B2082CF6DBCDB10021084645
:1018A0002A5C114449B2102902DD4046BDE8F081AE
:1018B000401C40B20828F3DB002441F60866295D8D
:1018C00006EB4410F7F764FC641C64B2082CF6DBEA
:1018D0000020EBE7F7F784BB00224FF4805101486A
:1018E000F1F7A3B90004024010B5C1B2040A4FF4E5
:1018F000B050F7F74DFC2146BDE810404FF4C05002
:10190000F7F746BC10B50446014606224FF41060B6
:10191000F7F76EFC042204F10E019001F7F768FC62
:10192000042204F10A014FF4A060F7F761FC0422DD
:10193000A11D4FF47060F7F75BFC0748A17C0170B4
:10194000E17C4170217D8170617DC1700249A07D83
:10195000491E087010BD00009501002010B5044616
:1019600030F03A0002D04FF0FF3010BD0020F7F702
:10197000A9FB40EA04010020F7F70AFC002010BD93
:1019800010B5044601784FF4D850F7F701FC608891
:10199000010A4FF4C850F7F7FBFBA178BDE81040EF
:1019A0004FF4D050F7F7F4BB002070477047F0B504
:1019B00085B04FF41064062269462046F7F7AEFB67
:1019C0000422950102A92846F7F7A8FB4FF4A06668
:1019D000042203A93046F7F7A1FB4FF470670422F5
:1019E00004A93846F7F79AFB80210020F7F7D0FBCF
:1019F0000020F7F767FB062269462046F7F7F8FB59
:101A0000042202A92846F7F7F3FB042203A9304673
:101A1000F7F7EEFB042204A93846F7F7E9FB05B017
:101A2000F0BDF7F703BB10B504464FF43850F7F795
:101A300049FBC0F38011217000F038000122002121
:101A4000202811D038280FD0617010280ED0182807
:101A50000CD020280AD0A170082809D0182807D057
:101A6000202805D0E17010BD6270EEE7A270F3E7A8
:101A7000E27010BD10B500244FF43850F7F722FB88
:101A8000C00700D00124204610BD10B500244FF43B
:101A90003850F7F717FBC0F3C200062800D1012425
:101AA000204610BD10B54FF438542046F7F70AFB16
:101AB00020F080012046F7F76BFB2046F7F702FB8A
:101AC00040F080012046BDE81040F7F761BB10B53B
:101AD00002780021012A00D140214278012A06D053
:101AE000C2788078012A05D001280BD00CE041F0A3
:101AF000380109E0012802D041F0080104E041F07A
:101B0000180101E041F010014FF43850F7F740FBA5
:101B1000BDE81040FFF7C6BF70B504464FF4385615
:101B20003046F7F7CFFA41064FF0FF351AD520F0CF
:101B30003800012C10D040F038013046F7F728FB70
:101B4000FFF7B0FF3046F7F7BDFA012C07D000F0E1
:101B5000380038B1002070BD40F03001EDE700F0F2
:101B60003000F6E7284670BD61F3070260F30F22EC
:101B700090B2704770B504460E460846EEF7DDFB9E
:101B800005460146204600F00FF82A4631462068F7
:101B9000EEF7AFFB20682844206070BD026811702A
:101BA0000168491C0160704710B5CA17046801EB51
:101BB00012631A0A22700268521C026011700168D6
:101BC000491C016010BD70B5141E1E4605460BDD94
:101BD0001146FFF7E9FF224631462868EEF789FBF8
:101BE00028682044286070BD19B1BDE87040FFF737
:101BF000C1BFBDE870400021FFF7D6BFF0B587B088
:101C00000DF1300C4FF0000E9CE8F0004FF0010C8D
:101C1000CDE904C78DE87040F9F75EFA07B0F0BD72
:101C20001CB537480168374A914207D1502080F3EC
:101C30001188BFF34F8FBFF36F8FFEE70068314904
:101C4000491E884207D1502080F31188BFF34F8F7F
:101C5000BFF36F8FFEE72C4908780190FF200870D2
:101C600008788DF800009DF800009DF8002000F035
:101C7000F000904207D0502080F31188BFF34F8FBF
:101C8000BFF36F8FFEE79DF80000204C00F050007E
:101C900020700720A06005E09DF8002052008DF81C
:101CA0000020401E9DF800201206F5D4A0600328F5
:101CB00007D0502080F31188BFF34F8FBFF36F8F91
:101CC000FEE74FF44070A060019808700C48203087
:101CD000016841F470010160016841F070410160E8
:101CE000FFF73EF900206060EEF77EFA08480168D1
:101CF00041F040410160EEF763FA00201CBD000096
:101D000000ED00E071C20F4100E400E07801002026
:101D100034EF00E010B5502080F31188BFF34F8FEF
:101D2000BFF36F8F00F096FD18B104494FF080505B
:101D30000860002080F3118810BD000004ED00E071
:101D400010B50C4648B184420FD9502080F3118859
:101D5000BFF34F8FBFF36F8FFEE7502080F31188E2
:101D6000BFF34F8FBFF36F8FFEE70222002100F019
:101D70002FF8002800D0846310BD38B50C4648B158
:101D800084420FD9502080F31188BFF34F8FBFF3E7
:101D90006F8FFEE7502080F31188BFF34F8FBFF3A2
:101DA0006F8FFEE70221134600220091114600F0DA
:101DB00030F8002800D0846338BD10B502460021F9
:101DC000012000F005F80446FDF75EFD204610BD39
:101DD000F8B517460E46050013D005FB06F0503047
:101DE000FDF7D4FF04000AD0002084F8460004F177
:101DF00050023B46314628460094FDF751FD2046EF
:101E0000F8BD502080F31188BFF34F8FBFF36F8F61
:101E1000FEE738B5049D18B153B1CAB181B120E0D5
:101E2000502080F31188BFF34F8FBFF36F8FFEE711
:101E3000502080F31188BFF34F8FBFF36F8FFEE701
:101E4000502080F31188BFF34F8FBFF36F8FFEE7F1
:101E500039B1502080F31188BFF34F8FBFF36F8FDC
:101E6000FEE750241C46012384F846302B4600949C
:101E7000FDF716FD204638BD70B50D46040025D08F
:101E8000FFF708F8D4E90F20216802FB0011A160D8
:101E90000021A163216861600A46D4E90F01401E58
:101EA00000FB0121E16021464FF0FF3001F8440FB3
:101EB000487004F110008DB1FEF7BAFF04F1240060
:101EC000FEF7B6FFFFF706F8012070BD502080F343
:101ED0001188BFF34F8FBFF36F8FFEE72169002991
:101EE000F0D000F097FD0028ECD004494FF080506E
:101EF0000860BFF34F8FBFF36F8FE3E704ED00E09F
:101F00002DE9FF4782B01D468A464FF000080400C5
:101F100003D0BAF1000F08D011E0502080F31188EF
:101F2000BFF34F8FBFF36F8FFEE7206C38B15020A7
:101F300080F31188BFF34F8FBFF36F8FFEE7022D41
:101F40000AD1E06B012807D0502080F31188BFF33D
:101F50004F8FBFF36F8FFEE700F060FC3F4F4FF0F5
:101F600000094FF0805648B9049838B1502080F3EA
:101F70001188BFF34F8FBFF36F8FFEE7FEF78AFF25
:101F8000A06BE16B884207D3022D05D00498D0B135
:101F9000B8F1000F1AD01EE02A4651462046FDF740
:101FA000CCFB616A19B104F1240000F033FD20B1CB
:101FB0003E60BFF34F8FBFF36F8FFEF78BFF0120A3
:101FC00006B0BDE8F087FEF785FF22E06846FFF720
:101FD00019F94FF00108FEF77DFFFFF7E1F9FEF771
:101FE00059FF94F94400401C01D184F8449094F9BD
:101FF0004500401C01D184F84590FEF76BFF04A911
:10200000684600F081FA30B12046FDF789FE00F005
:1020100039FD0020D4E7FEF73DFFA06BE16B88425D
:1020200013D1FEF757FF04F110000499FFF7F8F8F9
:102030002046FDF775FE00F025FD00289ED13E608C
:10204000BFF34F8FBFF36F8F98E7FEF743FF204634
:10205000FDF766FE00F016FD90E7000004ED00E0DD
:102060002DE9F0471F4690468946040003D0B9F198
:10207000000F08D011E0502080F31188BFF34F8F7C
:10208000BFF36F8FFEE7206C38B1502080F31188CA
:10209000BFF34F8FBFF36F8FFEE7022F0AD1E06BC4
:1020A000012807D0502080F31188BFF34F8FBFF372
:1020B0006F8FFEE7FEF766FF5020EFF3118680F387
:1020C0001188BFF34F8FBFF36F8FA06BE16B884216
:1020D00006D3022F04D0002086F31188BDE8F087D4
:1020E00094F94550A06B3A4649462046FDF725FB3A
:1020F000681C04D06D1C84F845500120ECE7606A30
:102100000028FAD004F1240000F084FC0028F4D068
:10211000B8F1000FF1D00121C8F80010EDE770B55B
:102120000E46040009D0206C78B1502080F311884D
:10213000BFF34F8FBFF36F8FFEE7502080F31188FE
:10214000BFF34F8FBFF36F8FFEE7206848B9A068D9
:1021500038B1502080F31188BFF34F8FBFF36F8FDA
:10216000FEE7FEF70FFF5020EFF3118580F3118893
:10217000BFF34F8FBFF36F8FA16BE06B884218D90D
:1021800094F94500491CA163411C04D0401C84F80B
:10219000450001200EE0606A0028FAD004F1240016
:1021A00000F038FC0028F4D0002EF2D0012030607E
:1021B000EFE7002085F3118870BD00002DE9F74797
:1021C000002683B08A46040003D0BAF1000F08D07D
:1021D00011E0502080F31188BFF34F8FBFF36F8F52
:1021E000FEE7206C38B1502080F31188BFF34F8F89
:1021F000BFF36F8FFEE700F011FBDFF8F4804FF0C4
:1022000000094FF0805748B9059838B1502080F345
:102210001188BFF34F8FBFF36F8FFEE7FEF73AFED3
:10222000A56BC5B151462046FDF774FA6D1EA56336
:10223000206950B104F1100000F0ECFB28B1C8F89F
:102240000070BFF34F8FBFF36F8FFEF743FE012087
:1022500006B0BDE8F087059808B11EB106E0FEF7AC
:1022600039FE27E06846FEF7CDFF0126FEF732FE75
:10227000FFF796F8FEF70EFE94F94400401C01D1DA
:1022800084F8449094F94500401C01D184F84590AD
:10229000FEF720FE05A9684600F036F90028204622
:1022A0000AD0FDF73DFD00F0EDFB2046FDF7CCFB2D
:1022B0000028B3D00020CBE7FDF7C6FB90B104F1B6
:1022C00024000599FEF7ACFF2046FDF729FD00F03C
:1022D000D9FB0028A2D1C8F80070BFF34F8FBFF31D
:1022E0006F8F9BE72046FDF71BFD00F0CBFB95E7CA
:1022F00004ED00E02DE9F04790468946040003D044
:10230000B9F1000F08D011E0502080F31188BFF31D
:102310004F8FBFF36F8FFEE7206C38B1502080F3F2
:102320001188BFF34F8FBFF36F8FFEE7FEF72AFED2
:102330005020EFF3118680F31188BFF34F8FBFF366
:102340006F8FA76BF7B194F9445049462046FDF7CB
:10235000E1F97F1EA763681C04D06D1C84F844500B
:10236000012010E020690028FAD004F1100000F0EC
:1023700051FB0028F4D0B8F1000FF1D00121C8F8CA
:102380000010EDE7002086F31188BDE8F08700001B
:102390002DE9F343002683B00400354609D0206CB4
:1023A00078B1502080F31188BFF34F8FBFF36F8F48
:1023B000FEE7502080F31188BFF34F8FBFF36F8F7C
:1023C000FEE700F02BFADFF83C814FF000094FF0F8
:1023D000805748B9049838B1502080F31188BFF372
:1023E0004F8FBFF36F8FFEE7FEF754FDA06BC8B1B0
:1023F000401EA063206810B9FDF736FDA06020697B
:1024000050B104F1100000F005FB28B1C8F80070CD
:10241000BFF34F8FBFF36F8FFEF75CFD012005B058
:10242000BDE8F083049808B166B10FE03DB15020DB
:1024300080F31188BFF34F8FBFF36F8FFEE7FEF776
:1024400049FD5DE06846FEF7DDFE0126FEF742FD30
:10245000FEF7A6FFFEF71EFD94F94400401C01D1D3
:1024600084F8449094F94500401C01D184F84590CB
:10247000FEF730FD04A9684600F046F80028204623
:1024800012D0FDF74DFC00F0FDFA2046FDF7DCFA16
:102490000028A9D09DB3FEF7FDFC606A50B3206B05
:1024A0000068C0F1380126E0FDF7CEFAE0B12068FF
:1024B00038B9FEF7EFFCA06800F070FA0546FEF7A9
:1024C00009FD04F124000499FEF7AAFE2046FDF759
:1024D00027FC00F0D7FA002886D1C8F80070BFF3B7
:1024E0004F8FBFF36F8F7FE72046FDF719FC00F099
:1024F000C9FA79E70021A068FEF7C6FE9FE7FFE76B
:1025000000208CE704ED00E02DE9F0410C460500C9
:1025100011D0C4B1FEF7BEFC174BDA686E682068B4
:10252000911B471C17D02F681B6A9F4219D09642F7
:1025300017D8012410E0502080F31188BFF34F8F8B
:10254000BFF36F8FFEE7502080F31188BFF34F8FEA
:10255000BFF36F8FFEE70024FEF7BCFC2046BDE80A
:10256000F081884205D9401A20602846FEF74AFECD
:10257000F1E700202060DCE7040100202DE9FF5F87
:102580008346DDE90E87994616468A469000FDF798
:10259000FDFB05001CD05C20FDF7F8FB040014D007
:1025A0000020256384F85900CDE90240CDE9008779
:1025B0004B46324651465846FDF784F92046FDF712
:1025C00013F8012004B0BDE8F09F2846FEF796FC02
:1025D0004FF0FF30F6E7F0B585B0DDE90B640A9DFA
:1025E000A6B1DCB15C2700972663022684F8596007
:1025F000002604AFCDE90246CDE90057FDF762F9A8
:102600002046FCF7F1FF049805B0F0BD502080F3A0
:102610001188BFF34F8FBFF36F8FFEE7502080F319
:102620001188BFF34F8FBFF36F8FFEE72DE9F041A5
:102630001F4690460D46012690B10446FEF72AFC3F
:102640000FB1606D386094F85800022184F858107A
:10265000B8F1050F19D2DFE808F0230B0E141200B1
:10266000502080F31188BFF34F8FBFF36F8FFEE7C9
:10267000616D294301E0616D491C616510E002282C
:1026800001D065650CE0002634E0616D491C07D07F
:10269000502080F31188BFF34F8FBFF36F8FFEE799
:1026A000012827D1201DFEF79AFB154DE06A296904
:1026B000884200D92861134900EB800001EB8000BB
:1026C000211DFEF7DBFBA06A38B1502080F3118892
:1026D000BFF34F8FBFF36F8FFEE7E06A2968C96AC7
:1026E000884207D908494FF080500860BFF34F8FE8
:1026F000BFF36F8FFEF7EEFB3046BDE8F0810000C0
:10270000040100200020002004ED00E02DE9F04746
:102710001F46DDF8209092460D4604004FF0010858
:102720001AD0FEF72FFC5020EFF3118680F31188AA
:10273000BFF34F8FBFF36F8F0FB1606D386094F8A8
:102740005800022184F85810BAF1050F1AD2DFE8B8
:102750000AF0240B0E141200502080F31188BFF3EE
:102760004F8FBFF36F8FFEE7616D294301E0616D0D
:10277000491C616511E0022801D065650DE04FF04C
:10278000000839E0616D491C07D0502080F31188A2
:10279000BFF34F8FBFF36F8FFEE701282CD1A06AE4
:1027A00038B1502080F31188BFF34F8FBFF36F8F84
:1027B000FEE7144D286B18B104F1180112480DE022
:1027C000201DFEF70CFBE06A2969884200D92861C8
:1027D0000E4900EB800001EB8000211DFEF74EFB4F
:1027E000E06A2968C96A884206D90120B9F1000F58
:1027F00001D0C9F80000E86186F311884046BDE8C1
:10280000F087000004010020882400200020002020
:102810000148006870470000040100200548416934
:1028200019B1006B18B100207047012070470220D9
:1028300070470000040100200148C0687047000094
:102840000401002010B5FEF79DFB0148C06810BDD3
:10285000040100202DE9F0412E4C0027206B28B107
:10286000A069401CA0613846BDE8F081E668761C8E
:10287000E66013D1606B006838B1502080F3118896
:10288000BFF34F8FBFF36F8FFEE7606BA16B616388
:10289000A063206A401C2062FDF7C2F9A06ADFF83D
:1028A0007880864209D3606B0068A0B1606BC06815
:1028B000C5686868864211D2A0622068C06A00EBD1
:1028C000800158F82100012800D90127E06900287B
:1028D000C9D00127C7E74FF0FF30EDE7281DFEF70D
:1028E0007EFAA86A18B105F11800FEF778FAE86ACE
:1028F0002169884200D9206100EB800108EB81004A
:10290000291DFEF7BBFAE86A2168C96A8842CAD362
:102910000127C8E7040100200020002070B5040052
:102920004FF0000133D01B4D2868844207D050205F
:1029300080F31188BFF34F8FBFF36F8FFEE7206DD9
:1029400038B1401E2065E36CE26A9A421FD040B164
:102950001DE0502080F31188BFF34F8FBFF36F8FBE
:10296000FEE7201DFEF73BFAE06CE062C0F13800A4
:10297000A061E06A2969884200D92861064900EB14
:10298000800001EB8000211DFEF778FA0121084646
:1029900070BD0000040100200020002070B504007C
:1029A0004FF000002BD0194DE16A2A68D26A91429B
:1029B00026D2A069002804DB2868C06AC0F138006C
:1029C000A061134E01EB8101606906EB8101884231
:1029D00011D1201DFEF703FA2868C06AE062296958
:1029E000884200D9286100EB800006EB8000211DA1
:1029F000FEF744FA02E02868C06AE062012070BD78
:102A0000E16C2A68D26A9142F8D370BD04010020BB
:102A10000020002070B5C068C46854B104F11800EB
:102A20000646FEF7DCF9144D286B50B131461348C9
:102A300015E0502080F31188BFF34F8FBFF36F8FE5
:102A4000FEE7201DFEF7CBF9E06A2969884200D92C
:102A500028610B4900EB800001EB8000211DFEF78F
:102A60000DFAE06A2968C96A884202D90120E86142
:102A700070BD002070BD00000401002088240020EB
:102A8000002000202DE9F0472C4D00242746286B1C
:102A900038B1FEF7FFF9286B401E2863286B40B160
:102AA00046E0502080F31188BFF34F8FBFF36F8F44
:102AB000FEE7A968224E0120D1B3A6F591698046B0
:102AC0003068E0B1F068C46804F11800FEF787F9D7
:102AD000201DFEF784F9E06A2969884200D928613F
:102AE00000EB800109EB8100211DFEF7C7F9E06AC8
:102AF0002968C96A8842E3D3C5F81C80E0E70CB1B5
:102B0000FDF78EF8AC694CB14FEA0806FFF7A2FE5C
:102B100000B1EE61641EF9D10020A861E86938B106
:102B20000849012738070860BFF34F8FBFF36F8F45
:102B3000FEF7D0F93846BDE8F08700000401002018
:102B40008824002004ED00E02DE9FC4781461E4664
:102B5000174688462C200A9DFDF718F904000AD074
:102B6000002084F82800CDE9005433463A46414617
:102B70004846FCF7FFFE2046BDE8FC877CB52C26C6
:102B8000DDE90654009644B1022684F82860CDE9B8
:102B90000054FCF7EFFE20467CBD502080F31188E6
:102BA000BFF34F8FBFF36F8FFEE7000010B586B005
:102BB000FCF782FD114C2068B8B10020039004900E
:102BC00005AA04A903A8FEF727F9DDE903213720A8
:102BD0008DE8070000230AA10B48059AFFF7FBFCCC
:102BE000606010B106B0012010BD502080F3118844
:102BF000BFF34F8FBFF36F8FFEE70000400100204F
:102C0000546D722053766300FDFC00082DE9FF41EE
:102C10001E46134602000A9D4FF0000016D0144CC9
:102C20002768002F0FD0CDE900130292062917DA8A
:102C3000FFF7F4FD02284FF000030FD00022694691
:102C40002068FFF75DF904B0BDE8F081502080F303
:102C50001188BFF34F8FBFF36F8FFEE72A46EEE771
:102C60000023324669463846FFF7FAF9EBE70000E1
:102C70004001002044575F32303236303130360068
:102C80000D0A0052533233322072656365697665EE
:102C900064206D73673A0D0A00000000703201086D
:102CA0000000000000000000000000000000000024
:102CB00000080000180000000000000000000000F4
:102CC0008032010800000000000000000000000049
:102CD00000000000000800001800000000000000D4
:102CE00000000000CC3201080000000000000000DD
:102CF00000000000000000000008000018000000B4
:102D000000000000000000009C32010800000000EC
:102D100000000000000000000000000000040000AF
:102D2000200000000000000000000000AC3201089C
:102D30000000000000000000000000000000000093
:102D4000000400002000000000000000000000005F
:102D500090320108000000000000000000000000A8
:102D60000000000000020000180000000000000049
:102D700000000000C0320108000000000000000058
:102D80000000000000000000000200000800000039
:102D900000000000000000004D51544300000000FE
:102DA000040000000000000000000000000000001F
:102DB0003C0001004D51545700000000000000008D
:102DC0000000000000000000000000000000000003
:102DD00000000000000000000000000000000000F3
:102DE00000000000000000000000000000000000E3
:102DF0004D5154430000000004000000000000009A
:102E000000000000000000003C0001004D5154573C
:102E100000000000000000000000000000000000B2
:102E200000000000000000000000000000000000A2
:102E30000000000000000000000000000000000092
:102E4000000000000000000000061016000610162A
:102E5000000000000000000001020304060708094A
:102E60000000000001020304080000000000000050
:102E700008000000000000000008DC112233C0A898
:102E8000037BFFFFFF00C0A801010808080801003C
:102E90004D515443000000000400000000000000F9
:102EA00000000000000000003C0001004D5154579C
:102EB0000000000000000000000000000000000012
:102EC0000000000000000000000000000000000002
:102ED00000000000000000000000000000000000F2
:102EE00000000000000000000102030405060F10AE
:102EF00098340108000000000000000000000000FD
:102F000000000000000000008834010800000000FC
:102F100000000000000000000000000000020000AF
:102F2000180000000000000000000000AC340108A0
:102F30000000000000000000000000000000000091
:102F4000000400002000000000000000000000005D
:102F5000C034010800000000000000000000000074
:102F6000010000000000000000010101010001005B
:102F7000000101010101000000000000010001004A
:102F80000002000000030000000400000005000033
:102F90008001000080020000800300008004000027
:102FA0000000000018020020010000102C02002088
:102FB0000100011048020020010005105C02002001
:102FC0000100061070020020010007108802002096
:102FD00001001410B4020020050018101403002092
:102FE000040080126803002007000014EC03002096
:102FF000070001146804002003000016A00400204C
:1030000002000116D4040020070000185805002013
:1030100007000118D40500200300001A0C06002048
:103020000200011A2C060020010000203C060020AE
:10303000010001204C060020010002205C06002057
:10304000010040606C060020010041607C06002009
:10305000010064608C06002001006C609C0600206A
:1030600001007860AC06002001007A60BC060020F8
:1030700001008160CC0600200100FF600000070015
:1030800008000A000C000E000000070009000B00F9
:103090000D000F001B0000005C0900200100001063
:1030A00070090020010001108C09002001000510AA
:1030B000A009002001000610B4090020010007103B
:1030C000CC09002001001410F80900200500181098
:1030D000580A002004008012AC0A002007000014E7
:1030E000300B002007000114AC0B00200300001679
:1030F000E40B002002000116180C00200700001845
:103100009C0C002007000118180D00200300001A75
:10311000500D00200200011A700D00200100002057
:10312000800D002001000120900D002001000220F0
:10313000A00D002001004160B00D0020010064607E
:10314000C00D002001006C600000070008000A00AC
:103150000C000E000000070009000B000D000F001E
:103160001600DDDDDDDDDCBBBBDDDDDDDDDDDDDD78
:10317000DDDD98888888888888887777777777886A
:1031800088888555555666666666666666666668AC
:1031900088888333333222222222222222222228AA
:1031A000888D00005A65726F457272206375727265
:1031B000656E7420737461747573206973204F5049
:1031C00045524154494F4E5F454E41424C45442C77
:1031D00020656E61626C6520636F6D706C657465EF
:1031E000642E0D0A000000004B696E636F2063754A
:1031F0007272656E742073746174757320697320C4
:103200005357495443485F4F4E5F44495341424CE2
:1032100045442C2064697361626C6520636F6D7036
:103220006C657465642E0D0A000000005A65726FAB
:103230004572722063757272656E74207374617466
:103240007573206973205357495443485F4F4E5F4D
:1032500044495341424C45442C2064697361626C7B
:103260006520636F6D706C657465642E0D0A0000D7
:103270006B696E636F4374726C5461736B00000012
:103280007A65726F6572724374726C5461736B000D
:103290006770696F5461736B000000006C65667441
:1032A000477269707065725461736B007269676808
:1032B00074477269707065725461736B000000002E
:1032C0006D6F6E69746F725461736B006D7174749D
:1032D0005461736B00000000726F626F742F73741F
:1032E00061747573000000007B226C6566745F6713
:1032F000726970706572223A7B226578705F706FB8
:1033000073223A25752C22706F73223A25752C2270
:1033100072656163686564223A25752C2277617253
:103320006E696E67223A25757D2C22726967687412
:103330005F67726970706572223A7B226578705F90
:10334000706F73223A25752C22706F73223A25759F
:103350002C2272656163686564223A25752C227798
:1033600061726E696E67223A25757D2C22737973BE
:103370005F6B696E636F223A7B227374617475733D
:103380005F776F7264223A25752C226572726F72B4
:103390005F636F6465223A25752C226578705F70D3
:1033A0006F73223A256C642C22706F736974696F95
:1033B0006E223A256C642C2276656C6F6369747991
:1033C000223A256C647D2C227379735F7A65726F63
:1033D000657272223A7B227374617475735F776FC2
:1033E0007264223A25752C226572726F725F636F68
:1033F0006465223A25752C226578705F706F7322A0
:103400003A256C642C22706F736974696F6E223A6E
:10341000256C642C2276656C6F63697479223A2579
:103420006C647D2C226770696F5F696E223A5B2540
:10343000642C25642C25642C25642C25642C25649F
:103440005D7D00005B4E6574776F726B436F6E6ECF
:103450006563745D20636F6E6E65637428292072E6
:103460006573756C743D25642C20536E5F53523D1B
:103470003078253032582C20536E5F49523D3078D9
:10348000253032580D0A00005461736B4D6F646231
:103490007573536C6176650051756575654D6F6424
:1034A00062757354656C656772616D005461736B0E
:1034B0004D6F646275734D61737465720000000036
:1034C0004D6F64427573537068720000EC340108EC
:1034D00000000020481000007C130008203901087B
:1034E000481000206084000020A400088113C1A3BC
:1034F0001B083D0413F1FF0220080C1FD8320124E1
:1035000001484818525334383541207472616E7343
:103510006D697420746573742E0D0A180A154218AB
:103520000A104318C132018210037924F41AAA0147
:10353000510216C05008010257353530301E77173A
:10354000010879041A85041A83041A33041A37040B
:1035500001205BFFFF04012B1492010223020732BA
:103560000413140282201B020594319A281441226C
:1035700080124059305A441C2440420F59140A11F9
:1035800058149A6C4419407918DA845C39161A0375
:1035900058A24669885AA22C69ACDAA410DAA8109D
:1035A000DAAC105AB010195F112301065A8158691C
:1035B000605B04038C5930DA08106A0C1059305AD9
:1035C0001010194B112A8111B16954DA5444DA5898
:1035D000446A5C1019453202DA5E20DA6020DA6251
:1035E000209A64840A158284DAD884DADC44DAE02A
:1035F00064DAE220DAE420DAE6205AE810291C1224
:1036000010144160207B6460E08A043C297C6A607D
:1036100010598C5A6410292C12207A6C38DA9828A8
:103620005A9C1029E81A01690A11FFE8DAC0346AC5
:10363000C41059209AC88C29ACDACA20DACC20DA16
:10364000CE209AD0840A150284CB4405846A48109F
:1036500059206A4C105964DA4E20DA5020DA522090
:103660005A5410291C22101320207B0120E0D97C01
:10367000DACC105AD010292C12207A0238CB04064A
:10368000286A08105984CBE80120DAEC106AF0109F
:1036900059305AF4105A02106AF610192D2930DAEE
:1036A000F8106AFC104A03301905495059206A0481
:1036B0001069A0D9206A0C10111AFF01E1E9121A51
:1036C000102C5EA42F0108DCE413C5A21F087C3077
:1036D000010888041A94041AA01C134D48024C08CF
:1036E0006982720F1367A61B0885041A79048BD3AD
:1036F000B06C1A989C1A9C04133C091B20A0082942
:10370000381A65240A270F0101561AFF011A778813
:103710001A80941A8204018023FFFF1A44881A58E1
:10372000041A83981A7F041A7B041A7D044113F546
:10373000464C08D5B00C4102100119111A3C3C1A34
:1037400040041A28040A2184D45A815C011C2302F3
:103750000732048B5809504B0205809A6C144122A1
:1037600080124059305A881C2440420F5914AA9C98
:103770003059149AB0149A8118DAC85C4916D99C49
:1037800059885AE62C69ACDAE810DAEC10DAF01055
:103790005AF41032031B010688595869605B480AC5
:1037A0008C5930DA4C106A501059305A5410194B59
:1037B000112A81110911B4DA9844DA9C446AA010E4
:1037C00019453202DAA220DAA420DAA6209AA884C7
:1037D0000A158284CB1C0B846A201059206A24109D
:1037E0005964DA2620DA2820DA2A205A2C10291CDB
:1037F0001210144160207B6460E0D97CDAA4105A76
:10380000A810292C12207A6C38DADC285AE010290A
:10381000E81A01690A11FFE8CB040C346A08105950
:10382000206A0C1059C8DA0E20DA1020DA12205A59
:10383000141029840A150284DA8884DA8C44DA9018
:1038400064DA9220DA9420DA96205A9810291C2201
:10385000101320207B0120E0CA0D7CDA10105A14CE
:1038600010292C12207A0238DA48286A4C10598420
:10387000CB3E0920DA40105A44105A02306A4810F0
:10388000191D3950D9106A5040111AFF01E1E9128F
:103890001A542C5E98300108D09413C5A21F084812
:1038A00031010854041A60041A961C138D93024CBB
:1038B000086982720F1367A61B0885041A79048BA6
:1038C000D3B06C1ADC9C1AE0041330101B20E408FF
:1038D00029381A65240A270F0101561AFF011A77A1
:1038E000881AC4941AC604018023FFFF1A88881A14
:1038F0009C041A83981A7F041A7B041A7D044113CE
:103900007D924C08D5B00C4102100119111A803C6F
:103910001A84041A6C040A21C8D45A815C01140068
:040000050800018965
:00000001FF
