:020000040800F2
:10000000A894002061020008C9690008F3460008AE
:10001000196800086D150008A58B00080000000095
:10002000000000000000000000000000A101000826
:100030008917000800000000FD01000899820008EF
:100040007B0200087B0200087B0200087B0200089C
:100050007B0200087B0200087B0200087B0200088C
:100060007B0200087B0200087B0200087B0200087C
:100070009D160008A9160008B5160008C11600084C
:100080007B0200087B0200087B0200087B0200085C
:10009000711500087B0200087B0200087B02000843
:1000A0007B0200087B0200087B0200087B0200083C
:1000B0007B0200087B0200087B0200087B0200082C
:1000C0007B0200087B0200087B0200087B0200081C
:1000D0007B020008818B00088D8B0008998B00083B
:1000E0007B0200087B0200087B0200087B020008FC
:1000F0007B0200087B0200087B0200087B020008EC
:100100007B0200087B0200085D8300087B02000878
:1001100099860008A5860008A98300087B020008CC
:100120007B0200087B020008CD1600087B02000855
:100130007B0200087B0200087B0200087B020008AB
:100140007D1500087B0200087B0200087B02000886
:100150007B0200087B020008D91600087B02000819
:100160007B0200087B0200087B0200087B0200087B
:100170007B0200087B0200087B02000800000000F0
:100180007B0200087B020008DFF810D000F032FF8D
:10019000004800476DCB0008AFF30080A894002012
:1001A0002C4B19680868B0E8F04F80F30988BFF35A
:1001B0006F8F4FF0000080F311887047000000003F
:1001C00008480068006880F308884FF0000080F35A
:1001D000148862B661B6BFF34F8FBFF36F8F00DF35
:1001E00000BF00BF08ED00E0DFF80C00016841F43B
:1001F00070010160704700BF88ED00E0EFF30980F7
:10020000BFF36F8F134B1A681EF0100F08BF20ED5D
:10021000108A20E9F04F106009B44FF0500080F3CD
:100220001188BFF34F8FBFF36F8F10F0F7FF4FF0C0
:10023000000080F3118809BC19680868B0E8F04F25
:100240001EF0100F08BFB0EC108A80F30988BFF3CE
:100250006F8F704704010020EFF3058070470000A6
:100260000648804706480047FEE7FEE7FEE7FEE750
:10027000FEE7FEE7FEE7FEE7FEE7FEE74D83000848
:10028000890100082DE9F05F0546002092469B4653
:1002900088460646814640241BE02846414647469C
:1002A000224600F03CFD53465A46C01A914110D3F5
:1002B00011461846224600F023FD2D1A67EB01086F
:1002C0004F4622460120002100F01AFD17EB0009DD
:1002D0004E41201EA4F10104DFDC484631462A4687
:1002E0004346BDE8F09FA0F14101192900D8203014
:1002F000704740EA01039B0703D009E008C9121FB9
:1003000008C0042AFAD203E011F8013B00F8013BCF
:10031000521EF9D27047D2B201E000F8012B491EFB
:10032000FBD270470022F6E710B513460A46044692
:100330001946FFF7F0FF204610BD421C10F8011BC4
:100340000029FBD1801A704710B5002200E0521C32
:10035000835C8C5CA34201D1002BF8D1D8B2E1B20E
:10036000401A10BD30B504460020034600E05B1C77
:10037000934203D2E05CCD5C401BF8D030BD30B579
:1003800005460020034600E05B1C934205D2EC5C6E
:10039000C85C201A01D1002CF6D130BD0FB400B5D5
:1003A0008DB010A909900B9000914FF0FF300A908A
:1003B00000200C9005480690054807906A4609A859
:1003C0000F9900F0E3FC0DB05DF814FBA90D0008D7
:1003D000C70D00082DE9FF5F1D464FF0FF3BD5E933
:1003E000014691465F464FF00008A9697F1C0198BD
:1003F0008847296A824688470028F6D1BAF1FF3F2C
:100400000CD024F4C064002E19DD600614D5BAF1B6
:100410002B0F09D0BAF12D0F0ED103E0584604B0CE
:10042000BDE8F09F44F48064A9697F1C0198884767
:10043000761E8246002E02DDBAF1300F03D0B9F1EC
:10044000000F26D032E0A969761E44F400747F1CA8
:10045000019888478246002E05DDBAF1780F06D054
:10046000BAF1580F03D0B9F1000F10D01EE0B9F166
:10047000000F02D0B9F1100F18D1A969761E24F42B
:1004800000747F1C019888478246102002E00820F3
:1004900000E00A20814609E008FB0908A969761EE8
:1004A00044F400747F1C019888478246002E05DDC5
:1004B0004946504600F055FC0028EDDAE9690198FC
:1004C0008847A00502D46FF00100A8E7E00725D116
:1004D000600613D5600502D5C8F1000000E0404673
:1004E00029680A1D2A600968220501D5087015E0EF
:1004F000220701D5088011E008600FE02868011D7F
:1005000029600068210502D580F8008006E02107F7
:1005100002D5A0F8008001E0C0F8008038467EE7F0
:100520002DE9FF4F087883B09946FF2805D0491C74
:100530002D2804D00024002008E000200BE0012436
:10054000F9E700EB800003EB4000491C0B78FF2B20
:10055000F7D104B1404200230293147819461D4696
:100560002D2C01D02B2C04D1521C2D2C13D0002467
:100570000294AA461478FF2C0FD00A25A3FB057815
:1005800001FB05814FF0000C03FB0C11521CE31919
:100590004AEB0101EEE70124EAE7814453EA010056
:1005A00002D019F5C87F06DA03980021C0E90011CE
:1005B00007B0BDE8F08F0025AE4E2F46DFF8B882B9
:1005C000184600F0F3FCCDE90001B9F1000002DAB1
:1005D000C9F1000400E004460023A74A1AEB030B0C
:1005E00042EB045A12E0E00707D02A463346384669
:1005F000414600F0ECF9074688462A463346104645
:10060000194600F0E4F905460E466410002CEAD1C4
:10061000DDE90001B9F1000F5A46534606DA00F051
:1006200048FA3A46434600F044FA05E000F0CFF9B4
:100630003A46434600F0CBF9029A0AB181F00041F4
:10064000039AC2E90001B3E72DE9FF4F1F468DB0C1
:10065000D7E901464FF0FF382E2045464FF00009FC
:100660000B90B9696D1C0E988847396A8246884795
:100670000028F6D1BAF1FF3F0AD024F4D064002E4E
:1006800011DDBAF12B0F08D0BAF12D0F0BD102E01A
:10069000404611B08DE744F48064B9696D1C0E9832
:1006A00088478246761E6946600501D52D2000E008
:1006B0002B208DF8000001F1010B0DF1200809E05D
:1006C000B9696D1C0E98884782460F9844F40074EF
:1006D000761E0560002E02DDBAF1300FF0D00B99C6
:1006E0008A453ED144F0800406E00F99681CA9F1C8
:1006F000010944F400740860B9696D1C761E0E98F7
:10070000884782463028F0D02BE00B998A4505D1E6
:10071000200603D444F08004761E18E0504609F009
:100720005BFF08B30DF11301761E44F400748B4592
:1007300008D2AAF130000BF8010B200607D5A9F169
:10074000010003E0200602D409F101008146A00562
:1007500002D50F99681C0860B9696D1C0E9888470E
:100760008246002ED1DC53E0002E51DDBAF1650F38
:1007700002D0BAF1450F4BD1A00549D5B9696D1C1E
:1007800024F44074761E0E9888478246002E0CDDB5
:100790002B2804D0BAF12D0F07D144F48074B96925
:1007A0006D1C0E9888478246761EE00501D52D21E6
:1007B00000E02B2108F8011BCDF82C8021E00DF181
:1007C0002901761E44F4007488450CD2AAF1300049
:1007D00010F0FF0088F8000002D10B99884509D974
:1007E00008F1010806E0E00501D5244801E042F2E5
:1007F0000F708146B9696D1C0E98884782460F9824
:100800000560002E04DD504609F0E6FE0028D6D132
:10081000F9690E988847FF208BF8000088F80000DF
:100820000020069007904B466A4608A906A8FFF7E5
:1008300077FEA00502D46FF001002AE714F0240F20
:100840000AD0E00714D1DDE906123868031D3B60C9
:100850000068C0E900120BE0DDE9060100F01EFAB5
:100860000146E00704D13868021D3A600068016063
:1008700028460EE7000014400000F03FF1D8FFFFCB
:100880002DE9FE4F804681EA0300C00F0C46009020
:1008900021F0004123F00045B8EB0200A94105D248
:1008A0004046214690461C460B46024623F0004037
:1008B000104347D0270DC7F30A00C3F30A51029033
:1008C000401A019040286BDAC3F3130040F4801BF8
:1008D0000098924620B10023D2EB030A63EB0B0B86
:1008E00001985946C0F14002504600F009FA064608
:1008F0000D4650465946019A00F021FA10EB0800C7
:100900006141002487EA115284EAE7731A4340D018
:10091000009A62B3019A012A4FEA075215DC001BC4
:1009200061EB02014FF0004202EA0752CDE90042BA
:10093000001C41F5801132462B4600F0E9FA03B065
:10094000BDE8F08F40462146F9E7001B61EB02014C
:10095000001C41F5801300185B412018A2F5001718
:1009600047EB030140EAD570B6196D4111E06D08FF
:100970004FEA360645EAC0754FEA0752001B61EBA5
:100980000201001C41F5801149084FEA30000019AE
:10099000514132462B4603B0BDE8F04F00F0A9BAF2
:1009A0000098012240000023D0EB020263EBE073C9
:1009B000009821464FEAE074B8EB000061EB0401B7
:1009C000E9E783F000435BE781F0004158E72DE958
:1009D000FE4F81EA030404F0004421F0004100943A
:1009E0004FF0000B23F0004350EA01045ED052EABE
:1009F00003045BD0C3F30A54C1F30A552C44A4F298
:100A0000F3340194A0FB0254C1F3130141F48011AB
:100A1000C3F3130343F4801301FB024400FB034EB2
:100A2000840A970A44EA815447EA8357A4FB07687B
:100A300002958D0A05FB07854FEA932C04FB0C54A5
:100A40002705029D4FEA065847EA1637B5EB080519
:100A50006EEB070C870E920E47EA811742EA83126B
:100A6000A7FB0201B6EB0B0164EB00042B0D43EA7C
:100A70000C335E1844EB1C50DA465146E7FB02018A
:100A8000C5F313044FEA0B3343EA14534FEA04321D
:100A9000019C43EA0603A4F10C040294009CCDE9F6
:100AA00000B400F035FA03B0BDE8F08F0020014635
:100AB000F9E72DE9F04D81EA030404F0004B21F041
:100AC000004514464FF0000A23F0004150EA0502A9
:100AD00020D054EA01021DD0C5F30A570246C5F3DF
:100AE0001303C1F31300C1F30A5640F4801543F415
:100AF0008013A7EB0608101BD64608F2FD3873EBEF
:100B0000050002D308F1010801E092185B41B8F139
:100B1000000F03DA00200146BDE8F08D00204FF4FD
:100B20008011064684460EE0171B73EB050705D3BC
:100B3000121B63EB050306434CEA010C49084FEA1C
:100B4000300092185B4150EA0107EDD152EA0300F0
:100B500012D082EA040083EA0501084305D0101B85
:100B6000AB4106D20122002306E000224FF00043F1
:100B700002E06FF0010253101AEB06004CEB085133
:100B800010EB0A0041EB0B01BDE8F04D00F0B1B9EC
:100B90000EB5C10F80EAE0700844CA07002140F298
:100BA00033438DE80E000A460B4600F0B1F903B05E
:100BB00000BD0EB540F2334102910021CDE9001194
:100BC0000A460B4600F0A4F903B000BD70B5C1F3AE
:100BD0000A5201F000450024C1F3130140F2FF3333
:100BE00041F480119A4201DA002070BD40F2334393
:100BF0009A42A2F2334203DC524200F090F800E045
:100C000090402C43F1D0404270BDC1F30A5210B560
:100C1000C1F3130140F2FF3341F480119A4201DA2B
:100C2000002010BD40F233439A42A2F2334203DC6B
:100C3000524200F074F810BD904010BD30B5041E53
:100C400071F1000404DB4FF00044404264EB010109
:100C5000141E73F1000405DB1C464FF000435242A2
:100C600063EB04038B4208BF824230BD30B5041EE3
:100C700071F1000404DB4FF00044404264EB0101D9
:100C8000141E73F1000405DB1C464FF00043524272
:100C900063EB0403994208BF904230BD01F000436A
:100CA00030B421F0004150EA010206D00A0DA2F54D
:100CB0006072C1F31301002A02DC30BC00207047CF
:100CC000440F44EAC104C100E01830BC00EBC2503C
:100CD00000F0D8B830B50B46014600202022012490
:100CE00009E021FA02F59D4205D303FA02F5491BFA
:100CF00004FA02F52844151EA2F10102F1DC30BD10
:100D0000202A04DB203A00FA02F1002070479140CB
:100D1000C2F1200320FA03F3194390407047202AC0
:100D200004DB203A21FA02F00021704721FA02F395
:100D3000D040C2F120029140084319467047202A52
:100D400006DBCB17203A41FA02F043EAE07306E0F3
:100D500041FA02F3D040C2F1200291400843194603
:100D600070473A2800D2303820F02002412A01D3BF
:100D7000A2F13700884201D34FF0FF3070470000E6
:100D8000026811441378016018467047D160044925
:100D900051610449116200211161114600F042B90C
:100DA000810D000819100008426842B1016811F86D
:100DB000013B23B1521EC0E90012184670470121C1
:100DC000C160881E704742685AB1C368016843B960
:100DD00083688B4205D0491E521CC0E900120020D6
:100DE00070474FF0FF3070470FB4002300B589B053
:100DF0000CA900910B996FF00042CB601E4B06933B
:100E00001E4B07930423CDE901321D4A0892024686
:100E10006B460020FFF718FC09B05DF814FB70B5B5
:100E200086B006464FF0FF300091CDE90101002069
:100E300015460C4604903246694604A8FFF7D4FFD5
:100E400002460498211825B108B1084600E0204662
:100E50002860049800280DD0002A02DD00988842FE
:100E600008D0081B0094CDE901043246694604A865
:100E7000FFF7BAFF06B070BDA90D0008C70D000846
:100E8000191000080029A8BF7047401C490008BF7E
:100E900020F00100704710B4B0FA80FC00FA0CF0AA
:100EA00050EA010404BF10BC704749B1CCF12004E2
:100EB00021FA04F411FA0CF118BF0121214308436F
:100EC000A3EB0C01CB1D4FEA00614FEA102042BF9B
:100ED000002010BC704700EBC35010440029A4BF91
:100EE00010BC7047401C490008BF20F0010010BC36
:100EF000704710B5141E73F1000408DA401C41F16C
:100F0000000192185B411A4301D120F0010010BD8D
:100F10002DE9F04D92469B4611B1B1FA81F202E003
:100F2000B0FA80F220329046FFF7EAFE04460F4600
:100F300040EA0A0041EA0B0153465A46084313D0DF
:100F4000114653EA010019D0C8F140025046FFF79C
:100F5000E6FE05460E46504659464246FFF7D0FE8D
:100F6000084305D0012004E020463946BDE8F08D55
:100F70000020054346EAE0762C4337430A98630590
:100F8000E40AA0EB08000022FD0A44EA47540A30B4
:100F900002D500200146E9E7010510196941DDE9A4
:100FA000084500196941BDE8F04DA2E70EB540F2D1
:100FB000334202920022CDE900221346FFF7A8FF38
:100FC00003B000BDC1F30A52C1F3130140F2FF3375
:100FD00041F480119A4202DA00200146704740F243
:100FE00033439A42A2F2334202DC5242FFF797BEE9
:100FF000FFF786BE064C074D06E0E06840F00103AF
:1010000094E8070098471034AC42F6D3FFF7C0F8D5
:101010003833010858330108C0B24FF4F05100F0E2
:1010200099B900002DE9F34F8BB04FF0000801F1A2
:101030000C000C464FF0010B46460DF1080A0190DA
:101040006269012101989047051E2DD0252D2CD0D5
:10105000216A8847C0B16269012101989047216ADD
:1010600088470028F7D1411E62690198904700E047
:10107000761CA1690B988847216A88470028F7D118
:10108000E1690B988847DBE7A1690B988847074619
:10109000A84201D1761CD3E7E1690B9888477F1CF1
:1010A00002D1B8F1000F6FD047E1002762693D46D9
:1010B0003946019890472A2804D162690121019894
:1010C00090470125DFF888926269012101989047D5
:1010D000A0F130010A290AD24F45E5DC07EB870170
:1010E00000EB4107303FDFD445F01005ECE7E9069F
:1010F00001D46FF000476C280AD04C2814D068281F
:1011000015D06A280DD074281CD07A281AD01DE07A
:1011100062690121019890476C2802D045F00405CE
:1011200014E045F002050DE045F020050AE0626993
:10113000012101989047682802D045F0080505E094
:1011400045F400656269012101989047C4E901579F
:1011500065283DD019DC58287AD00CDC452837D0DA
:1011600004DC252826D0412831D131E046282FD073
:1011700047282CD12CE05B2877D0612828D0632821
:101180007CD0642823D15AE0D1E06F2848D008DC15
:1011900066281DD067281BD0692821D06E2816D15B
:1011A00027E0702845D0732868D0752847D0782864
:1011B0000DD14DE0A1690B988847054625283FF4DD
:1011C00069AFE1690B9888476D1C3FF46AAFB4E0E2
:1011D00023466A466FF001000B99FFF735FA9FE04E
:1011E00045F040006060A80723464FF0000236D467
:1011F0003EE0E8077FF447AF2068011D21600068EA
:10120000290501D506701BE7290701D5068017E7D8
:10121000A90703D5F117C0E9006111E706600FE7E0
:1012200045F040006060A80723464FF0080216D43E
:101230001EE040F60E0125EA0100606016E045F070
:1012400040006060A80723464FF00A0207D40FE071
:1012500045F040006060A80708D5234610226FF0D3
:1012600001000B99AFF300805AE007E023461022FB
:101270006FF001000B99FFF7ADF851E04FF0000956
:101280004F464B46632802D05B2807D041E02079C7
:10129000C00601D40120A06001273AE06269012163
:1012A000019890475E2805D14FF0010962694946CF
:1012B00001989047216939B900210A46534643F8FD
:1012C0002120491C0829FADBB0B3216969B9C1178B
:1012D00000EBD16253110AEB830122F01F02821A44
:1012E00001200B68904003430B6062690121019863
:1012F00090475D28E8D1B9F1000F09D00020514690
:1013000051F82020D24341F82020401C0828F7DB68
:1013100002AB224600976FF001000B99AFF30080FB
:1013200000280CDA401C08D1BBF1000F05D04FF0AB
:10133000FF300DB0BDE8F08FFFE74046F9E7E90761
:1013400001D108F1010806444FF0000B78E60000D7
:10135000CCCCCC0C7F2801D9002208E0064A02EB55
:101360005002C007127800D1120902F00F020120CA
:101370009040084070470000CE2F010870B58C18CF
:1013800010F8015B15F0070301D110F8013B2A1199
:1013900006D110F8012B03E010F8016B01F8016B86
:1013A0005B1EF9D12B0705D40023521E0DD401F882
:1013B000013BFAE710F8013BCB1A921C03E013F84B
:1013C000015B01F8015B521EF9D5A142D8D3002080
:1013D00070BD0000464910B54A6822F440324A60A8
:1013E0004A6843681A434A6001684A6822F4807276
:1013F0004A6001684A68036942EA03224A60016858
:101400004A6822F040724A6001684A6883681A4359
:101410004A6001688A6822F400628A6001688A680A
:10142000C3681A438A60816A6FF07062D1420168B2
:101430008A6822F070628A6001688A680CD0836AC8
:101440001A438A6001688A6822F040528A60016803
:101450008A68C36A1A4301E022F040528A60016838
:101460008A6822F002028A6001688A68037E42EA82
:1014700043028A6090F82010002901684A680FD062
:1014800042F400624A6001684A6822F460424A609D
:1014900001684A68174C436A04EB43331A4301E07E
:1014A00022F400624A600168CA6A22F47002CA62C9
:1014B0000168CA6A838B104C04EB03531A43CA6257
:1014C00001688A6822F400728A6001688A6890F86C
:1014D000303042EA43228A6001688A6822F48062DE
:1014E0008A6001688A68406942EA8020886010BD8D
:1014F0000023014000E0FFFF0000F0FF0122910205
:10150000014801F092BB000000100240012251028C
:10151000014801F08ABB00000010024001221102C4
:10152000014801F082BB00000010024001220421AA
:10153000014801F07ABB0000001002400122D102F4
:10154000014801F072BB00000010024010B5FFF727
:10155000E5FFFFF7DBFFFFF7D1FFFFF7EFFFFFF737
:10156000E5FFBDE81040C82001F050BAFEE70000DA
:10157000014800F0B4BD0000F41A0020014800F05A
:10158000AEBD00001C1B002010B54FF48071034855
:1015900001F046FB012800D0002010BD00000240F1
:1015A00010B54021034801F03BFB012800D000208A
:1015B00010BD00000008024010B54FF480510348F0
:1015C00001F02EFB012800D0002010BD00000240D9
:1015D00030B4D0F8A020D0F8A4404FF0FF3352F838
:1015E000212024F81130C2F307420121831883F827
:1015F000B410D0F8B03030BC114618472DE9F04F88
:101600009946DDE90A5A4FF0FF3BDDF824C041E07E
:10161000AB1A5BB20C78002B03DD00BF04FA03F4B5
:1016200003E0C3F1000324FA03F4E6B202DDC5F1DE
:10163000080301E0C2F10803DCB2844200D9044689
:1016400005EB0408FF2707FA08F3C5F10805EF408A
:101650003B439CF800509E431D4035432244D2B288
:101660008CF80050072A07D90022B9F1000F01D0E9
:101670005B4600E00123194408F0FF05072D07D958
:101680000025BAF1000F01D05B4600E001239C4425
:10169000001BC0B20028BBD1BDE8F08F014801F0AB
:1016A00043B80000B81E0020014801F03DB800001A
:1016B000381D0020014801F037B80000181F002035
:1016C000014801F031B80000981D0020014801F0E8
:1016D0002BB80000F81D0020014801F025B80000DB
:1016E000581E002001681823CAB2103AB2FBF3F268
:1016F000054B6FF30901032A9B5CC36500D9091DE3
:101700008165084670470000B42C010810B50146F9
:1017100000208B698A6A4FF0C07453B1B3F5005F43
:1017200015D072B1012A0CD0022A0AD0032A09D19D
:1017300004E01AB1012A06D0022A03D1C96AC901FC
:1017400000D5012010BDC96AA142FAD010BD002AFF
:10175000F7D0012AF2D0022AF3D0032AF3D010BD29
:1017600030B50468256825F4802525600468636029
:101770008368402B036803D099600068C26030BD65
:101780009A600068C16030BD70470000411C0CD0F9
:101790000749B1F90020904201D1521E0A80054A42
:1017A00000EB4000002102F830104FF0FF3070478E
:1017B000E0010020E48D002072B6FEE770B504461B
:1017C0004FF4027000EB44101F2107F099FC4FF416
:1017D000847000EB4410102107F092FC4FF442702B
:1017E000002500EB44160A200BF0BDFC304607F044
:1017F00021FC020008D06D1C322DF4DB2146BDE82F
:10180000704004A008F018BD2146BDE870400DA04E
:1018100008F012BD536F636B657420256420636C00
:101820006F73652074696D656F75742C206C6173BE
:10183000742073746174653D3078253032580D0A18
:1018400000000000536F636B657420256420434CD7
:101850004F5345440D0A0000F0B5034640694288E5
:101860009869448842B10020042611E05D6806EBC7
:10187000C207EF5D032F01D8FF20F0BD55F83250AD
:10188000AD6B2D788D42F8D0521C401C92B2C0B284
:10189000A242EBD9FE20F0BD024908B1487870475A
:1018A00008787047140000202DE9F05F0127384CBC
:1018B000022603254FF004084FF005094FF0060AF1
:1018C0004FF0070B00B333480EF019FE01200BF068
:1018D0004AFC3148008810F04F0F47D000F04F010C
:1018E000402945D000F06F00212843D0232843D061
:1018F000272844D0072845D00F2946D0082901D1F0
:1019000008206070BDE8F09F24480EF0F8FD01202B
:101910000BF029FC2248008810F04F0F14D000F083
:101920004F01402912D000F06F00212810D0232849
:1019300010D0272811D0072812D00F2913D008293A
:10194000E0D108202070DDE72770DBE72670D9E7BB
:101950002570D7E784F80080D4E784F80090D1E7B9
:1019600084F800A0CEE784F800B0CBE76770C9E741
:101970006670C7E76570C5E784F80180C2E784F840
:101980000190BFE784F801A0BCE784F801B0B9E793
:1019900014000020F40D002048090020000700205A
:1019A000F60100201CB52E4D2E4C4FF47A76002304
:1019B0001A466946E86D0BF019FC30B9009979B107
:1019C00001292CD028A008F037FCFFF7DDFD84F8B2
:1019D0004000FFF7F1FD84F84100002833D034E0E7
:1019E00028A0019908F028FC019860B1012810D0C6
:1019F0000228EAD12AA008F01FFC03F031FE30468D
:101A00000BF0B1FBE1E72CA008F016FC03F03AFE66
:101A1000DBE72FA008F010FC03F048FEEFE732A050
:101A2000019908F009FC019838B10128CDD135A001
:101A300008F002FC07F0D3FBC7E738A008F0FCFB76
:101A400007F0C6FBC1E703F01DFEFFF7A9FD84F810
:101A5000420008B903F016FE64200BF084FBA6E7F1
:101A600018000020441800205B4750494F5D205566
:101A70006E6B6E6F776E20747970653D25640D0A0C
:101A8000000000005B4750494F2D4C494654494ED9
:101A9000475D2073746174653D25640D0A00000084
:101AA0004C696674696E67205455524E5F444F57B7
:101AB0004E207365740D0A004C696674696E672068
:101AC000484F4C445F4F4E207365740D0A00000070
:101AD0004C696674696E67205455524E5F555020AC
:101AE0007365740D0A0000005B4750494F2D574144
:101AF000524E494E475D2073746174653D25640DF7
:101B00000A000000576172696E67204C49474854CB
:101B10005F4F4E207365740D0A00000057617269B3
:101B20006E67204C494748545F4F464620736574A2
:101B30000D0A000070B50546D0F83C01008818B3C6
:101B400000242E1996F8B4000F2818D028680078C1
:101B5000A04214D096F8440140B9D5F8382112B10A
:101B6000214628469047012086F8B40096F84401A3
:101B70002146401E86F8440128460BF0D7F8641C25
:101B8000E4B2802CDDD370BDB5F93401FFF7FEFD62
:101B9000A5F8340170BD000078B50024009490F8D9
:101BA0003C20012A19D0012280F83C200A68072332
:101BB0000568092A13D9EE680A3A02EB42029340FB
:101BC0009E43EE600B788A680A3B03EB43039A401E
:101BD0000368DD682A43DA6010E0022078BD2E69D0
:101BE00002EB420293409E432E610B788A6803EB1E
:101BF00043039A4003681D692A431A614A681F23F8
:101C0000072A13D205686E6B521E02EB82029340C4
:101C10009E436E630B790A885B1E92B203EB8303CB
:101C20009A4003685D6B2A435A6327E005680D2AD2
:101C300012D22E6BD21F02EB820293409E432E6380
:101C40000B790A88DB1F92B203EB83039A40036887
:101C50001D6B2A431A6311E0EE6A0D3A02EB820211
:101C600093409E43EE620B790A880D3B92B203EBE0
:101C700083039A400368DD6A2A43DA62164B0568DB
:101C8000144A9D4206D10D68122D03D1556845F4C2
:101C90008005556005689D4218D10B68102B01D056
:101CA000112B13D1536843F40003536009681029C2
:101CB0000CD10A490A4A0968B1FBF2F101EB810132
:101CC000490000E0491E00910029FBD180F83C400A
:101CD000002078BD002301400020014000010020C9
:101CE00040420F0070B504004FF0000503D0206C97
:101CF000002610B107E0012070BD204600F01CF85E
:101D0000666484F83C60206CC00610D4206C20F41B
:101D1000885040F0020020642046FFF75BFB6664B9
:101D2000206C20F0020040F00100206400E001255A
:101D300084F83C60284670BD30B587B00446142155
:101D40006846FEF7EFFA1849206888422AD11748FA
:101D50000025016841F480710160006800F4807022
:101D6000059012481438016841F0040101600168CF
:101D700001F004010591016841F002010160006871
:101D8000032400F00200059008208DE83100694628
:101D9000074800F04DFE009469460648CDE901452C
:101DA00000F046FE07B030BD00200140443802403C
:101DB000000802400004024090F82020012A07D0C9
:101DC000022A05D0416A41F4802141620120704716
:101DD000006842690A43426100207047F0B590F8FC
:101DE00020500468A468012D05D0022D03D0416A5B
:101DF00041F480215DE014F0406F01D1E50055D53C
:101E0000C4F30164022C03D9416A41F4000150E09B
:101E10000125A5401D608D684FF4C0739DB1CE684B
:101E200035434E6845EAC605066803EB0417F551CD
:101E30004FF4C275076805EB04150E697E51097DE4
:101E4000012905D009E00E88CD6845EA4655EBE743
:101E500001684E5946F480764E511179D5795679FC
:101E600041EA056195792D0445EA062529434FF499
:101E7000C676056806EB0416A9511178D57841EAB3
:101E80000561957852782D0445EA022211434FF4FA
:101E9000C475026805EB04155151006803EB041189
:101EA000425842F0010242500020F0BD416A41F424
:101EB000001141620120F0BD10B590F82020012AE8
:101EC00007D0022A05D0416A41F4802141620120F5
:101ED00010BD3B48D0F8002242F00102C0F80022B9
:101EE000D0F8002222F47C52C0F80022D0F8002260
:101EF0004B6A42EA0322C0F800220A7D02F01F0367
:101F000001229A40D0F81C329343C0F81C32CB69AE
:101F1000B3B9D0F80C329343C0F80C328C894B68BB
:101F200064F31F434C6900EBC404C4F840320C89CD
:101F30000B6864F31F434C6900EBC404C4F84432DB
:101F4000CB69012B16D1D0F80C321343C0F80C32F8
:101F50000C884B6864F31F434C6900EBC404C4F85D
:101F600040320C89CB6864F31F434C6900EBC40416
:101F7000C4F844328B69002BD0F804320ED01343DE
:101F8000C0F804320B69002BD0F8143208D0134388
:101F9000C0F81432096A012904D008E09343EFE73E
:101FA0009343F5E7D0F81C121143C0F81C12D0F887
:101FB000001221F00101C0F80012002010BD000045
:101FC000006400407047406A704730B590F8204088
:101FD000012C05D0022C03D0416A41F480215DE040
:101FE0000468002955D02469A40754D04FF4D8744C
:101FF000056804EB01142D5915F00405956005687A
:102000002D594ED0ED08556005682C5904F0020496
:10201000D4604FF4DA74056804EB01142D5905F00F
:102020000F05156105682D59C5F3072595610568EC
:102030002C59240C54614FF4DC72046802EB011239
:10204000A4581C700468A458240A5C700468A4583E
:10205000240C9C700468A258120EDA704FF4DE72E1
:10206000046802EB0112A4581C710468A458240AE5
:102070005C710468A458240C9C710468A258120E68
:10208000DA71006881B1016941F02001016100202D
:1020900030BDE468A8E7416A41F4001141620120C3
:1020A00030BD6D0D1560AFE7C16841F02001C16022
:1020B000EDE70246002092F82010012901D0022904
:1020C0000CD111688A68520100D501208A6812017A
:1020D00000D5401C8968C90000D5401C70472DE917
:1020E000F05F0546006800244669D0F804908768D0
:1020F000D0F80CB0D0F810A0D0F81880F10748D074
:10210000F90714D001218160B80703D5284600F0F3
:10211000AAFA0CE0780702D54FF4006407E038070C
:1021200002D54FF4805402E0284600F09BFAF805EF
:1021300016D529684FF480708860B80503D5284605
:1021400000F093FA0CE0780502D544F4005407E05F
:10215000380502D544F4804402E0284600F084FAB1
:10216000F80316D529684FF480308860B80303D58A
:10217000284600F07CFA0CE0780302D544F40044D1
:1021800007E0380302D544F4803402E0284600F02A
:102190006DFA300707D55FEACB6004D529681020B7
:1021A00044F40074C86070074FF0080707D55FEA71
:1021B0000B7004D52868C760284600F099F9B0076D
:1021C00006D52868C068800702D0284600F092F93A
:1021D000700607D55FEACA6004D52968102044F468
:1021E00080640861B00607D55FEA0A7004D52868E4
:1021F0000761284600F006FAF00606D5286800694F
:10220000800702D0284600F0FEF9B00308D55FEA47
:10221000C96005D5296810204860284600F0F4F907
:10222000F00307D55FEA097004D52868476028469F
:1022300000F01EFA300446D55FEA497040D5F0053B
:1022400004D55FEAC87001D044F00104B00504D59C
:102250005FEA887001D544F00204700504D55FEA96
:10226000487001D544F00404300529D518F0700FEA
:1022700026D008F07000402815D006DC102809D0C0
:1022800020280AD0302816D10AE050280ED0602825
:1022900011D10EE044F008040DE044F010040AE00F
:1022A00044F0200407E044F0400404E044F08004DB
:1022B00001E044F480742868816921F07001816133
:1022C000296804204860002C05D0686A20436862B1
:1022D0002846FFF777FEBDE8F09F70B5040003D0F5
:1022E00094F8200010B104E0012070BD204600F0F9
:1022F00081F82068016841F00101016000F09AFC5A
:102300000546052604E000F095FC401B0A2811D87C
:1023100020684068C007F6D02068016821F00201FB
:10232000016000F087FC05460BE000F083FC401BD9
:102330000A2806D9606A40F40030606284F82060A0
:10234000D2E7206840688007EFD4207E012820680B
:1023500001683DD021F080010160607E0128206885
:10236000016838D021F040010160A07E012820687A
:10237000016833D021F020010160E07E012820684F
:1023800001682ED041F010010160207F01282068F3
:10239000016829D021F008010160607F01282068D0
:1023A000016824D021F004010160D4E9020108434E
:1023B000D4E90412114308436168491E08432168A7
:1023C000C86100206062012084F82000002070BDF8
:1023D00041F08001C0E741F04001C5E741F0200134
:1023E000CAE721F01001CFE741F00801D4E741F03E
:1023F0000401D9E7F0B587B0044614216846FDF71B
:1024000091FF364B3648DFF8D0E05968D4F800C069
:10241000334A03250226092710300024491CF445BD
:1024200022D15960012907D1016841F00071016092
:10243000006800F000700590106840F0080010601F
:102440001068CDE9005600F00800CDE90470694637
:102450002448CDE9024500F0EBFA002205211420C2
:1024600000F0DAFC142032E0DFF87CE0F44530D1F3
:10247000D0F800C04CF0806CC0F800C0D0F800C0AC
:1024800001290CF0806CCDF814C0596007D10168A7
:1024900041F000710160006800F000700590106864
:1024A00040F002001060106802AB00F002000590DE
:1024B0006020CDE9000683E8B00069460B4800F0D3
:1024C000B7FA00220521402000F0A6FC402000F0D1
:1024D00095FC07B0F0BD000000640040E80000205B
:1024E00030380240000C0240006800400004024006
:1024F0007047000070B500683C49002401253C4E3F
:102500008CB0884235D11C2103A8FDF70BFF0A943B
:102510000B94009401940AAB03AA0021354802945D
:10252000FFF753FD00285DD1059804285AD0039881
:10253000ADF800000698022819D000208DF802009E
:1025400007988DF8030002460AA901A8FDF7D1FEFD
:1025500028480399203802C0079900F8011B0AA9EE
:10256000079AFDF7C6FE35706946234838E001201A
:10257000E4E72249884235D11C2103A8FDF7D2FEA9
:102580001C480A940B94009401940AAB03AA0021FE
:1025900028300294FFF719FD002823D1059804285C
:1025A00020D00398ADF80000069802281CD0002027
:1025B0008DF8020007988DF8030002460AA901A8C9
:1025C000FDF797FE0B480399103802C0079900F8F1
:1025D000011B0AA9079AFDF78CFE75706946084829
:1025E00009F004F80CB070BD0120E1E70064004080
:1025F000E8000020F41A00200007002000680040D6
:10260000F40D0020704770477047000070B5044615
:1026100090F82000012804D0606A40F40020606235
:1026200018E0022084F820002068016821F00101F0
:10263000016000F0FFFA05460EE000BF00F0FAFA74
:10264000401B0A2808D9606A40F400306062052007
:1026500084F82000012070BD20684068C007EDD1DB
:10266000606270BD70477047704770477047704731
:1026700070472DE9F0410446876D00F0DBFA06460D
:1026800094F835000025022806D08020606584F883
:1026900034500120BDE8F0812068016821F0160166
:1026A00001602068416921F080014161206C08B916
:1026B000A06C20B12068016821F008010160206849
:1026C000016821F0010101600CE000F0B3FA801B09
:1026D000052807D920206065032084F8350084F898
:1026E0003450D7E720680068C007EED194F85C103A
:1026F0003F208840B860012084F8350084F83450C9
:102700000020C7E790F83510022903D080214165E9
:1027100001207047052180F835100068016821F01C
:1027200001010160002070472DE9F84304464FF095
:102730000009CDF8009063484FF41651A56D00686C
:10274000B0FBF1F72E6894F85C10082000FA01F154
:1027500031420FD021680A6852070BD50A6822F06F
:1027600004020A6094F85C108840A860606D40F034
:102770000100606594F85C104FF0010808FA01F060
:10278000304208D021684969090604D5A860606D07
:1027900040F00200606594F85C10042088403042EC
:1027A00008D021680968890704D5A860606D40F0E9
:1027B0000400606594F85C1010208840304218D006
:1027C00021680968090714D5A860206801684903D1
:1027D00004D50068000308D5A16C07E00168C905AD
:1027E00003D4016821F008010160216C09B1204681
:1027F000884794F85C1020208840304231D021680E
:102800000968C9062DD5A86094F835000528206808
:10281000016806D0490347D5006800031DD4616CE8
:102820001CE021F0160101602068416921F080015F
:102830004161206C08B9A06C20B12068016821F0CA
:102840000801016094F85C103F208840A86084F87B
:10285000358084F83490216D1FE0E16B09B120468A
:102860008847606D00282BD0606DC00714D005200C
:1028700084F835002068016821F0010101600098AA
:10288000401C0090B84203D820680068C007F6D109
:1028900084F8358084F83490E16C002910D001B0C0
:1028A0002046BDE8F04308470168C905D5D4016852
:1028B00021F01001016084F8358084F83490CCE771
:1028C000BDE8F883000100202DE9F041044600F046
:1028D000B1F906465CB1022084F83500002584F881
:1028E00034502068016821F0010101600DE00120F1
:1028F000BDE8F08100F09EF9801B052805D9202055
:102900006065032084F83500F2E720680068C0079E
:10291000F0D12268116820480140D4E9010318432E
:10292000D4E903363343184363691843A369184352
:10293000E3691843236A18430843616A042903D1F1
:10294000D4E90B1319430843106020684069666A94
:1029500020F0070130460E43012704280CD1A06A5D
:102960000643E06A40B12046FEF7D0FE20B1402089
:10297000606584F83570BAE7206846612046FEF746
:10298000B1FE94F85C203F2191408160656584F838
:1029900035700020ACE700003F8010F02DE9F041D9
:1029A0000446866D90F83400002501280DD00120E2
:1029B00084F8340094F835700020012F07D084F893
:1029C000340002252846BDE8F0810220FBE70227FB
:1029D00084F8357060652046FEF7C2FE94F85C10FE
:1029E0003F208840B0602068016841F01601016016
:1029F000206C20B12068016841F008010160206866
:102A0000016841F001010160DCE7000070B5044697
:102A100000F010F90546601C02D004480078044418
:102A200000F008F9401BA042FAD370BDF40000206A
:102A30002DE9F84FDFF8BCA1002201250AF1040BB3
:102A400003264FF00F090BF1040E00BF0B6805FAC7
:102A500002F42340A34270D10F7907F00307012F3E
:102A600001D0022F16D187684FEA420806FA08FC07
:102A700027EA0C07D1F80CC00CFA08FC4CEA070C4A
:102A8000C0F808C04768A7430C79C4F30014944009
:102A90003C4344600C79E443A4070AD0C4684FEA7D
:102AA000420C06FA0CF7BC438F6807FA0CF7274371
:102AB000C7600C7904F00304022C12D1D40800EB97
:102AC000840CDCF820405707FF0E09FA07F824EAC7
:102AD0000804D1F8108008FA07F848EA0408CCF88E
:102AE000208004684FEA420C06FA0CF7BC430F79C9
:102AF00007F0030707FA0CF7274307604C6814F444
:102B0000403F70D03C4C276847F4804727602468DA
:102B100022F0030704F480440094384C07EB040CC3
:102B2000DCF8084897074FEA177809FA08F7BC431A
:102B3000334FB84202D1002724E054E0314FB8426D
:102B400001D101271EE0304FB84201D1022719E020
:102B50002E4FB84201D1032714E02D4FB84201D1C6
:102B600004270FE02B4FB84201D105270AE02A4F76
:102B7000B84201D1062705E0284FB84201D1072706
:102B800000E0082707FA08F72743CCF80878DAF8B6
:102B900000405746D1F804C09C435FEACC3C00D5C6
:102BA0001C433C60DBF800405F46D1F804C09C4306
:102BB0005FEA8C3C00D51C433C60DEF80040774661
:102BC000D1F804C09C435FEACC2C00D51C433C6088
:102BD000084F0C373C68D1F804C09C435FEA8C2C4A
:102BE00000D51C433C60521C102AFFF42FAFBDE8F7
:102BF000F88F0000003C01404438024000300140A2
:102C0000000002400004024000080240000C0240A4
:102C1000001002400014024000180240001C024054
:102C20000069084000D0012070470AB181617047F7
:102C30000904FBE70148806870470000F4000020A9
:102C400090F83C10012912D0012100F83C1F2421EA
:102C5000417050F83C1CCA6822F00C0242F0040299
:102C6000CA6020214170002101700846704702208F
:102C7000704790F83C10012912D0012100F83C1F48
:102C80002421417050F83C1CCA6822F00C0242F02A
:102C90000802CA6020214170002101700846704777
:102CA0000220704770B5040011D021684CF6CC406A
:102CB0000860216845F255500860D4E90001416080
:102CC0002168A0688860FFF7B5FF05460DE0012088
:102CD00070BD00BFFFF7AEFF401B312805D920684B
:102CE000C068800701D0032070BD2068C0688007DD
:102CF000F0D121684AF6AA200860002070BD006863
:102D00004AF6AA210160002070470000024881684D
:102D10000278114481607047F40000200B4810B520
:102D2000016841F400710160016841F48061016053
:102D3000016841F480710160032000F08DF80F20DC
:102D400000F006F800F03EF8002010BD003C024004
:102D500010B5014688B00022362000F05DF836201C
:102D600000F04CF813480024016841F010010160A4
:102D7000006805A900F010000690684600F018F9F8
:102D800000F036F90C494000B0FBF1F10C480B4A59
:102D9000491E026040F2E732C0E90324C0E9011491
:102DA00000F0F2FC10B1012008B010BD044800F0A2
:102DB00037FDF9E74038024040420F000010004064
:102DC000781F00200C4882B0016841F48041016006
:102DD000006800F4804000900748001F016841F03F
:102DE000805101600068002200F0805000900F21A7
:102DF000901E02B000F010B844380240002809DBF1
:102E000000F01F02012191404009800000F1E02004
:102E1000C0F8001170470000F0B40E4B1B680C4660
:102E2000C3F30223C3F10705042D00D90425191D9E
:102E3000072901D2002300E0DB1E012606FA05F176
:102E4000491E214099409E40761E16403143F0BCF9
:102E500007F01CBA0CED00E0064900F00702086814
:102E60004FF6FF03184040EA0220034A104308606F
:102E7000704700000CED00E00000FA052DE9F04776
:102E80000E46050065D0DFF81481D8F80000F7B2CF
:102E900000F00700B04207D288F80070D8F80000B0
:102EA00000F00700B04254D128683D4C810712D58C
:102EB000400703D5206840F4E050206028780007E0
:102EC00003D5206840F4604020602068A96820F0A5
:102ED000F000084320602878C0072DD0304968688A
:102EE0000839012812D0022813D0032811D009680C
:102EF000890700292DDA216821F0030101432160AF
:102F0000FFF798FE814641F2883A0EE0096889038E
:102F1000EFE709688901ECE7FFF78CFEA0EB0901F8
:102F2000514502D90320BDE8F0872068696800F0A8
:102F30000C00B0EB810FEFD1D8F80010404601F043
:102F40000701B14207D90770006800F00700B042DE
:102F500001D00120E7E72878400705D52068E96817
:102F600020F4E050084320602878000706D5206848
:102F7000296920F4604040EAC100206000F058F860
:102F80002168084AC1F30311515CC8400649086032
:102F900006480068FFF7DCFE0020C4E7003C024062
:102FA00008380240BC2C010800010020F800002075
:102FB0000F2202600C4A136803F003034360136896
:102FC00003F0F0038360136803F4E053C3601268F6
:102FD0004FF4E05303EAD20202610448006800F0B3
:102FE000070008607047000008380240003C0240BB
:102FF0000448054900680968044AC1F38221515C0C
:10300000C84070470001002008380240CC2C01085D
:103010000448054900680968044AC1F34231515C1B
:10302000C84070470001002008380240CC2C01083D
:10303000104810B5006810F00C010F4818D0042992
:1030400016D0082914D10B4C241F216801F03F022F
:10305000216821680023C1F38811A1FB0001FDF75D
:1030600011F92168C1F30141491C4900B0FBF1F09D
:1030700010BD0000083802400024F4002DE9F84F8C
:1030800004006ED02078DFF84C93C007A9F1040546
:103090004AD009F104000168C1F38101012908D077
:1030A0000068C0F3810002280AD1D9F8000040026C
:1030B00006D52868800337D560680028E1D033E062
:1030C0006068B0F5803F10D0B0F5A02F286810D010
:1030D00020F480302860286820F480202860606810
:1030E000A8B1FFF7A7FD06460DE0286840F4803040
:1030F000F4E740F480202860F7E700BFFFF79AFD6F
:10310000801B642873D828688003F7D50CE0FFF78C
:1031100091FD064605E000BFFFF78CFD801B64288B
:10312000F0D828688003F7D42078DFF8AC828007D5
:103130004FF0000A3ED5A748001D016811F00C0FA2
:1031400008D00068C0F3810002280BD1D9F8000034
:10315000400207D42868800716D5E068012800D10E
:1031600012E033E1E068B8B10120C8F80000FFF7D1
:1031700061FD064605E000BFFFF75CFD801B0228ED
:10318000C0D828688007F7D52868216920F0F800A2
:1031900040EAC10028600DE0C8F800A0FFF74AFD32
:1031A000064604E0FFF746FD801B02281FD828686A
:1031B0008007F7D42078000722D5864F87486169B9
:1031C000703771B101210160FFF734FD064604E05C
:1031D000FFF730FD801B022809D838688007F7D533
:1031E0000EE0C0F800A0FFF725FD064605E082E0EE
:1031F000FFF720FD801B02287DD838688007F7D4B0
:103200002078400768D5DFF8CCB100270BF13C0BE4
:10321000DBF80000C0000BD4DBF8001041F0805157
:10322000CBF80010DBF80000012700F08050009080
:103230006B4E3068C00510D4306840F48070306048
:10324000FFF7F8FC009005E0FFF7F4FC0099401A46
:10325000022850D83068C005F6D55E4EA0686C369E
:1032600001280FD00528306810D020F00100306010
:10327000306820F004003060A068B8B1FFF7DAFCD5
:1032800000900FE0306840F00100F4E740F00400E7
:103290003060F7E7FFF7CEFC0099411A41F2883021
:1032A000814266D830688007F4D50EE0FFF7C2FC93
:1032B000009007E0FFF7BEFC0099411A41F2883008
:1032C000814256D830688007F4D42FB1DBF8001063
:1032D00021F08051CBF80010A069C8B33D49091D09
:1032E0000968C1F3810102294AD00228504607D05B
:1032F000C8F8600000E03CE0FFF79CFC04463BE0BF
:103300004746C8F86000FFF795FC064605E000BF99
:10331000FFF790FC801B02282BD828688001F7D487
:10332000D4E907010843A16A2E4A490802EB01418A
:10333000626A41EA8211084394F82C1040EA016164
:10334000C9F8001001203866FFF774FC044606E057
:103350003EE000BFFFF76EFC001B022809D828687A
:103360008001F7D534E000BFFFF764FC001B0228A2
:1033700002D90320BDE8F88F28688001F4D427E043
:103380000128F7D0D9F80000E26900F480019142E9
:103390001CD1226A00F03F01914217D147F6C0715B
:1033A000626A0140B1EB821F10D1A26A4FF0FF3375
:1033B00000F4403103EB5202B1EB024F06D194F816
:1033C0002C1000F07060B0EB016F01D00120D1E74C
:1033D0000020CFE70438024000004742800E4742F9
:1033E000007000400000FFFF70B5040009D0606A63
:1033F000002540B125616561A56294F8510040B196
:103400000CE0012070BD6068B0F5827FF4D0E5610A
:10341000F2E784F85050204600F044F8022084F887
:1034200051002068016821F040010160A0882189D5
:1034300000F4827001F404410843A18901F40061A1
:103440000843217C01F002010843217D01F00101C4
:103450000843218B01F400710843217F01F03801FA
:10346000084394F8201001F080010843218D01F4F5
:103470000051084321680860A069042101EA104056
:1034800094F8241001F01001084321684860206876
:10349000C16921F40061C1616565012084F85100B2
:1034A000002070BD10B586B0044614216846FCF7B4
:1034B00039FF14492068884221D11348002102684D
:1034C00042F480420260006800F4804005900E489B
:1034D0001038026842F002020260006800F0020048
:1034E00005904FF4604000900220CDE901010320D7
:1034F00003900520049069460448FFF799FA06B046
:1035000010BD000000380040403802400004024076
:103510002DE9F84F044690F8500000270A9E1D46FA
:1035200092468B464FF0010901280ED0012084F805
:103530005000FFF77FFB804694F851006168012836
:103540000CD0B1F5827F07D102E00220BDE8F88FF0
:10355000A16809B9042801D00227C2E0BBF1000F1D
:1035600027D0BAF1000F24D01DB394F851000428DD
:1035700002D0052084F8510000206065C4F838A00E
:10358000E587A587C4F830B0E586A5862064606429
:1035900020680168490603D4016841F040010160D8
:1035A000E068B0F5006F606805D0E8B3012D46D043
:1035B0007FE0012795E008B1012D39D1206B21680A
:1035C0000088C860206B801C2063E08E401EE0866F
:1035D0002EE02068816889070FD5E18E69B1B9F1C5
:1035E000010F0AD1216B0988C160206B801C206308
:1035F000E08E401EE0864FF0000920688168C90710
:103600000CD0E18F51B1C068A16B0880A06B801C09
:10361000A063E08F401EE0874FF00109FFF70AFB2F
:10362000A0EB0800B04200E009E001D3701C50D1CB
:10363000E08E0028CDD1E08F0028CAD13FE0206B7A
:10364000216800780873206B401C2063E08E401EC8
:10365000E0862EE02068816889070FD5E18E69B188
:10366000B9F1010F0AD1216B09780173206B401C5D
:103670002063E08E401EE0864FF0000920688168DC
:10368000C9070CD0E18F51B1C068A16B0870A06B65
:10369000401CA063E08F401EE0874FF00109FFF758
:1036A000C9FAA0EB0800B04202D3701C01D010E0B0
:1036B0007EB1E08E0028CDD1E08F0028CAD14246ED
:1036C0003146204603F00AFE28B10127202060651C
:1036D00007E0032705E0A06818B92068C168806882
:1036E0000090012084F85100002084F850003846F2
:1036F0002CE770477047000070B590F83C20012A15
:1037000032D0012480F83C40022280F83D2003683A
:103710005A689D6822F070060A6832435A60134B5B
:1037200002689A4214D0B2F1804F11D0104B9A42E5
:103730000ED0104B9A420BD00F4B9A4208D00F4B31
:103740009A4205D00E4B9A4202D00E4B9A4204D1B7
:10375000496825F080031943916080F83D400021BD
:1037600080F83C10084670BD022070BD000001408A
:103770000004004000080040000C0040000401402C
:10378000004001400018004010B5040003D094F838
:103790003D0010B107E0012010BD002084F83C007E
:1037A000204600F01FF8022084F83D00211D20680B
:1037B00004F000FE012084F8460084F83E0084F8FE
:1037C0003F0084F8400084F8410084F8420084F807
:1037D000430084F8440084F8450084F83D0000204C
:1037E00010BD000008B500680B49884212D10B4893
:1037F000016841F0080101600068002200F0080043
:10380000009005213220FFF707FBBDE80840322079
:10381000FFF7F4BA08BD0000000C00404038024039
:1038200090F83D10012901D001207047022180F855
:103830003D100168CA6842F00102CA60006811497F
:10384000884214D0B0F1804F11D00F4988420ED079
:103850000E4988420BD00E49884208D00D49884253
:1038600005D00D49884202D00C49884204D18168B4
:1038700001F00701062903D0016841F00101016050
:103880000020704700000140000400400008004094
:10389000000C0040000401400040014000180040BE
:1038A00070B5044690F83C000025012817D0012689
:1038B00084F83C60022084F83D002068826822F091
:1038C000770222F47F4282600868502838D00DDCED
:1038D00020284FD005DC90B3102811D14AE00220F7
:1038E00070BD302846D040280AD13BE060282FD058
:1038F00070280DD0B0F5805F03D0B0F5005F12D016
:10390000012584F83D60002084F83C00284670BD05
:10391000CB68D1E90121206804F0B0FD20688168FE
:1039200041F0770109E0CB68D1E90121206804F07A
:10393000A5FD2068816841F480418160E1E719E0DC
:10394000CA684968206804F0ABFD5021206806E091
:10395000CA684968206804F0B4FD6021206804F05A
:1039600097FDCEE7CA684968206804F099FD4021B8
:103970002068F4E7226801461046F0E7704770B50A
:103980000446006801694FF00005C943890715D452
:10399000C168C943890711D4E91E0161012020775C
:1039A000206880698007204602D0FFF7E7FF04E027
:1039B00000F098F8204600F0C2F8257720680169E9
:1039C000C943490717D4C168C943490713D46FF0E5
:1039D00004010161022020772068806910F4407F93
:1039E000204602D0FFF7CAFF04E000F07BF8204633
:1039F00000F0A5F8257720680169C943090716D4A6
:103A0000C168C943090712D46FF00801016104209D
:103A100020772068C0698007204602D0FFF7AEFFFC
:103A200004E000F05FF8204600F089F82577206870
:103A30000169C943C90617D4C168C943C90613D46B
:103A40006FF010010161082020772068C06910F430
:103A5000407F204602D0FFF791FF04E000F042F8DB
:103A6000204600F06CF8257720680169C943C90732
:103A700008D1C168C943C90704D1891E0161204624
:103A800000F05EF820680169C943090609D4C168DD
:103A9000C943090605D46FF0800101612046FFF794
:103AA00028FE20680169C943490609D4C168C94391
:103AB000490605D46FF040010161204600F05CF832
:103AC00020680169C94389060BD4C168C9438906C6
:103AD00007D46FF0200101612046BDE87040FFF778
:103AE00009BE70BD704770B50D46040003D094F850
:103AF0003D0010B107E0012070BD002084F83C00BB
:103B0000204600F01BF8022084F83D00211D2068AB
:103B100004F050FC2068016821F00801016054F8AD
:103B2000460B016829430160012004F81F09E07574
:103B30002076E0762077A075002070BD7047704732
:103B400010B5044600680949884205D1084800219B
:103B50000160416004F0FAFC06492068884203D104
:103B6000BDE81040FFF7D2B810BD0000000C0040C7
:103B70003410002000100040704738B5044690F81B
:103B80003E00202822D181B17AB194F83C0001286E
:103B90001CD0012084F83C002063204604F050FF34
:103BA000002803D1216B012901D0012038BD2168F3
:103BB0000A684968009121680C3151E8002F42F0F1
:103BC000100241E80023002BF5D138BD022038BD9A
:103BD0007CB50022254B01921446234D1B7835E01D
:103BE00055F82460766886422FD155F8240090F865
:103BF0004031042B2CD139B380F83E1155F8240004
:103C000080F83F2102E000BF00F082F855F8243030
:103C1000802203F1BC015868FFF7AFFF002855F878
:103C200024004068F0D1806B0068016821F0080131
:103C3000016001A8009055F8240000230322D0F869
:103C4000AC0019460EF098FC02E0641C9C42C7DBF5
:103C50000198002807D006494FF080500860BFF354
:103C60004F8FBFF36F8F7CBDD8010020D40100209F
:103C700004ED00E07047000070B5044620680C3089
:103C800050E8001F21F4907140E80012002AF5D19D
:103C90002068143050E8001F21F0010140E80012B4
:103CA000002AF5D1206B012809D120680C3050E89A
:103CB000001F21F0100140E80012002AF5D1206811
:103CC00040694FF0200241064FF0000015D52168F1
:103CD000143151E8003F23F0400341E80035002D46
:103CE000F5D1A16B49B109480865A06BFEF70AFD43
:103CF00050B1A06B016D884706E0E08584F83E2056
:103D000020632046FFF7B6FF002070BDA78700089C
:103D100010B504460068406994F83D10C0F3C01027
:103D2000212911D180B12068143050E8001F21F002
:103D3000800140E80012002AF5D1606B08B1FEF75F
:103D400098FC204604F087FD2068406994F83E10F6
:103D5000C0F38010222911D180B12068143050E8BE
:103D6000001F21F0400140E80012002AF5D1A06BAD
:103D700008B1FEF77EFC204604F046FD002010BD91
:103D800070B516490024144D097822E055F8242016
:103D9000526882421CD155F8240090F84001042852
:103DA00002D070BDFFF7B4FF55F82430802203F134
:103DB000BC015868FFF7E1FE002855F82400406870
:103DC000F0D1806B0068016821F00801016070BDCE
:103DD000641C8C42DADB70BDD8010020D4010020C5
:103DE00010F83D1F4078084370470000F8B501689F
:103DF00004460868CA684B6910F00F0F4FF00005C1
:103E000059D003F0010602F49077374365D0C1071B
:103E100005D0D10503D5216C41F001012164410792
:103E200005D5D90703D0216C41F002012164810737
:103E300005D5D90703D0216C41F0040121640107A5
:103E400007D502F02001314303D0216C41F0080175
:103E50002164216C00293AD0800604D5900602D551
:103E6000204604F006FD20684069216CC0F38010F4
:103E7000090700D460B3204604F0C6FC20684069FE
:103E8000400621D52068143050E8001F21F0400181
:103E900040E80012002AF5D1A06BA8B16C49016579
:103EA000A06BFEF72FFC002811D0A06B016D01B0B4
:103EB000BDE8F040084783060FD593060DD5204690
:103EC000BDE8F84004F0D5BC2046FFF759FFF8BD27
:103ED0002046FFF755FF2564F8BD266B2023012EF1
:103EE00079D1C60677D5D60675D50868486800909A
:103EF0004869400640D5A16B086840680004000C82
:103F0000EAD0A28D8242E7D9E085C869B0F5807F0A
:103F10002DD020680C3050E8001F21F4807140E85B
:103F20000012002AF5D12068143050E8001F21F05B
:103F3000010140E80012002AF5D12068143050E851
:103F4000001F21F0400140E80012002AF5D184F85A
:103F50003E30256320680C3050E8001F21F010012E
:103F600040E80012002AF5D1A06BFEF782FBA08D7D
:103F7000E18D401A81B229E0A08DE18D401A81B215
:103F8000E08D0028A8D00029A6D020680C3050E889
:103F9000002F22F4907240E80026002EF5D1206810
:103FA000143050E8002F22F0010240E80026002ED5
:103FB000F5D184F83E30256320680C3050E8002F9E
:103FC00022F0100240E80023002BF5D12046FFF735
:103FD000FFFDF8BDFFE705062BD5150629D594F89A
:103FE0003D002128F5D1A068B0F5805F01D120699E
:103FF000B0B1206A411C2162216800784860E08CE1
:10400000401E0004000CE084E3D12068C16821F068
:104010008001C1602068C16841F04001C160D8E7FB
:10402000206A0088C0F308004860206A801C206273
:10403000E5E74006CDD55006CBD5CA68204622F02C
:104040004002CA6084F83D3000F024FBC1E7000064
:10405000B186000870B5040004D094F83D00002536
:1040600010B106E0012070BD84F83C50204600F0FD
:1040700023F8242084F83D002068C16821F4005111
:10408000C160204604F056FC2068016921F490418B
:1040900001612068416921F02A0141612068C168FD
:1040A00041F40051C1602564202084F83D0084F86B
:1040B0003E00002070BD00002DE9F04F87B004469F
:1040C00014216846FCF72EF9D848D849D64B103849
:1040D0002268DFF85CE300264F0505154FF0020863
:1040E0004FF003094FF0080C4FF0400B9A425CD19F
:1040F0000A68B24642F400220A60096801F400210D
:104100000591016841F004010160006802AA00F015
:10411000040005904FF44060CDE9000882E84012A9
:1041200069467046FEF784FCDFF80C83C1494046BF
:10413000C8F80010C0E90176C0E90365C8F814604A
:10414000C8F81860C8F81C60C8F82060C8F8246077
:10415000FEF7BAFB08B1FDF72FFBB74EB548C4F820
:10416000388060363030C8F8384086E88108C6E9C3
:1041700003A5C6F814A0C6F818A0C6F81CA0C6F877
:1041800020A03046C6F824A0FEF79EFB08B1FDF73C
:1041900013FB6663002205213420B463FEF73CFE66
:1041A0003420FEF72BFEA548A6E0A54B9A4233D15A
:1041B0000A6842F480120A60096801F480110591CE
:1041C000016841F004010160016801F004010591FA
:1041D000016841F0080101600068029600F00800E3
:1041E00005909814CDE90008CDE9039C6446694622
:1041F0007046FEF71DFC0420CDE900080296CDE9CB
:10420000039469468F48FEF713FC002205213520F0
:10421000FEF702FE35209AE08B4B4FF0070C4FF073
:10422000010A9A4271D181490026091D0A6842F0AB
:1042300010020A60096801F010010591016841F05F
:1042400001010160006801AA00F001000590581505
:1042500000900220CDF810C082E84102E046694695
:104260007A48FEF7E5FB0220CDE90050CDF808A022
:10427000CDE9039869467548FEF7DAFBDFF8B881A7
:10428000734908F1C0084046C8F80010C0E901763B
:10429000C0E90365C8F81460C8F81860C8F81C6065
:1042A000C8F82060C8F82460FEF70EFB08B1FDF7DF
:1042B00083FA6748674EC4F838807830C8F83840C9
:1042C00086E881080020C6E903057061B061F061ED
:1042D000306270623046FEF7F7FA08B1FDF76CFA0B
:1042E0006663002205212520B463FEF795FD252095
:1042F000FEF784FD514888300068C16841F0100124
:10430000C16007B0BDE8F08FFFE7534B9A4221D15F
:104310000A6842F400320A60096801F4003105912C
:10432000016841F0080101600068694600F008007A
:10433000059060208DE80105CDE9039C4148FEF71A
:1043400077FB002205212620FEF766FD2620FEF7DA
:1043500055FDD6E7414B9A42D3D10A68002642F474
:1043600080220A60096801F480210591016841F00A
:1043700008010160006801AA00F008000590981586
:1043800000900220CDF810C082E84102E046694664
:104390002C48FEF74DFB4FF4007000900220CDE951
:1043A000010ACDE9039869462648FEF741FBDFF88C
:1043B000A480204908F1600818394046C8F8001068
:1043C000C0E90176C0E90365C8F81460C8F8186050
:1043D000C8F81C60C8F82060C8F82460FEF774FABA
:1043E00008B1FDF7E9F91B4E1248C4F83880C03611
:1043F0001830C8F8384086E881080020C6E903056F
:104400007061B061F061306270623046FEF75CFA54
:1044100008B1FDF7D1F96663002205212720B463B6
:10442000FEF7FAFC272092E7004C0040403802409B
:104430000008024040600240381D0020E41B0020BC
:1044400000500040000C02400010014000000240FB
:1044500040640240581E00200044004000480040D4
:1044600090F83E30202B0ED159B152B190F83C302B
:10447000012B08D0012380F83C300023036304F0B3
:1044800027BB012070470220704700007CB5002642
:104490001D49019634461B4D097825E055F8242026
:1044A000526882421FD155F8240090F8401101292A
:1044B0001CD190F8A610BC3002F0C0FD55F8243095
:1044C000012203F1A6015868FFF7CAFF0EF0F0F8C9
:1044D0000246009655F8240001AB0721D0F8B00041
:1044E0000EF0CAFA02E0641C8C42D7DB0198002867
:1044F00007D006494FF080500860BFF34F8FBFF3DD
:104500006F8F7CBDD8010020D401002004ED00E0B5
:10451000704700002DE9F843044690F83D001F461F
:1045200016460D4620284CD1C5B1BEB194F83C00CA
:10453000012846D0012084F83C004FF00008C4F860
:104540004080212084F83D00FEF774FBA68481465C
:10455000E684A068B0F5805F03D004E00120BDE8E8
:10456000F883206928B12E465FF0000584F83C806E
:104570000EE00026FAE78021204604F0C4FAA0B934
:10458000AEB116F8010B21684860E08C401EE08453
:10459000E08C4B464FF0000200970028EBD14FF023
:1045A0004001204604F0AFFA30B10320D7E735F8D8
:1045B000020BC0F30800E6E7202084F83D0000204D
:1045C000CDE70220CBE7000070B5044690F83D002F
:1045D000202836D191B38AB394F83C00012830D01A
:1045E000012084F83C002162A284E2840025256435
:1045F000212084F83D00636B1348D863636B134834
:104600001864636B1248D864606B134605652668AE
:10461000606B321DFEF7C2F921686FF04000086040
:1046200084F83C502068143050E8001F41F08001AD
:1046300040E80012002AF5D1002070BDFFE70120FC
:10464000FBE70220F9E70000BD870008FF870008AC
:10465000C186000890F83D30202B18D1A9B1A2B135
:1046600090F83C30012B12D001628284C284002178
:104670000164212280F83D2080F83C100068C16868
:1046800041F08001C1600020704701207047022086
:10469000704700001CB5144B00210191114A1B7892
:1046A00012E000BF52F82140646884420BD101A897
:1046B000009052F8210000231A46D0F8AC001946A9
:1046C0000DF05AFF02E0491C9942EBDB01980028EB
:1046D00007D006494FF080500860BFF34F8FBFF3FB
:1046E0006F8F1CBDD8010020D401002004ED00E034
:1046F0007047FEE741F60103C81A994270D034DCD6
:1047000041F21803A1EB030099426BD015DC41F292
:104710000603A1EB030099425CD009DCB1F5805F90
:1047200052D06FF48050081850D0042848D14FE080
:10473000012851D00E2843D150E0B0F5BD6F59D0BB
:104740000ADCB0F51A7F4FD0B0F57A7F4ED0A0F5D5
:104750004070E93834D14BE0A0F5A060E9384BD087
:10476000A0F58070FF382BD148E044F64003C11A11
:10477000984253D016DCB0F5006F49D009DCA0F5A3
:104780008070FF383ED001283ED0B0F5C06F17D101
:104790003CE0A0F5006001383CD03E38B0F5804FD9
:1047A0000ED139E0392941D006DC232938D02B2914
:1047B00038D0372904D137E0402939D0BE2939D043
:1047C0002048106000207047002034E0012032E0D3
:1047D000022030E003202EE004202CE005202AE017
:1047E0000EE0FFE7062026E0072024E0082022E074
:1047F000092020E00A201EE00B201CE00C201AE01B
:104800000D2018E00E2016E00F2014E0102012E01A
:10481000112010E012200EE013200CE014200AE01A
:10482000152008E0162006E0172004E0182002E01A
:10483000192000E01A2000211160034901EBC0009B
:104840007047000000000206102E01089F2803D1C7
:10485000087808B101487047002070473000090609
:104860002DE9FF472B4DA87800284FF0020027D1F3
:10487000294F03900620388000240DF10C08CDE963
:1048800000844FF400593B4622464946234802948F
:1048900006F056FB21480BF099FD0026322008F067
:1048A00062FC0020FDF700F8287803280BD0761C66
:1048B0000A2EF3DB1AA005F0BFFCAC706FF002000B
:1048C00004B0BDE8F087052008F04DFC3C80CDE940
:1048D0000084114B002249461048029406F030FB38
:1048E0000E480BF073FD00260020FCF7DDFF287852
:1048F000022809D0761C0A2EF6DB15A005F09CFCD8
:10490000AC706FF00100DBE71E4805F095FC00205D
:10491000D6E7000014000020E80100200007002076
:104920004B696E636F20656E61626C6520666169BC
:104930006C65642C2052454144595F535749544398
:10494000485F4F4E5F4641494C45442E0D0A0000DA
:104950004B696E636F20656E61626C65206661698C
:104960006C65642C205357495443485F4F4E5F4455
:10497000495341424C45445F4641494C45442E0D04
:104980000A000000543001082DE9FF5F504CA07868
:1049900000284FF001003DD10026A07035460020D0
:1049A000FCF782FF2078002837D04A4F06200DF10F
:1049B0000C0A38804FF00209CDE900A5CDE9025973
:1049C0004FF4005B56463B4600225946424806F0EB
:1049D000B7FA4248414B002205600420CDE902505D
:1049E000CDE9006542F201013B4806F0A9FA3A48D8
:1049F0000BF0ECFC00260020FCF756FF2078032883
:104A000015D0761C0A2EF6DB35A005F015FCA57036
:104A10006FF0020004B0BDE8F09F761C0A2EBEDBEA
:104A20003BA005F009FCA5704FF0FF30F2E7052030
:104A300008F099FB07213980CDE900A5CDE902599D
:104A4000B8465746234B00225946234806F078FAC9
:104A500021480BF0BBFC00260020FCF725FF207846
:104A6000042809D0761C0A2EF6DB34A005F0E4FBFE
:104A7000A5706FF00300CDE7052008F074FB0F214F
:104A8000A8F80010CDE90075124B002259461248D3
:104A9000029506F055FA10480BF098FC00263220DB
:104AA00008F061FB0020FCF7FFFE2078052809D004
:104AB000761C0A2EF3DB2CA005F0BEFBA5706FF070
:104AC0000400A7E735A005F0B7FBA5700020A1E71B
:104AD00014000020E801002000070020EC01002065
:104AE0004B696E636F20656E61626C6520666169FB
:104AF0006C65642C2052454144595F5357495443D7
:104B0000485F4F4E5F4641494C45442E0D0A000018
:104B10004B696E636F20656E61626C6520666169CA
:104B20006C65642C204745545F5354415455535F82
:104B30004641494C45442E0D0A0000004B696E6306
:104B40006F20656E61626C65206661696C65642CBE
:104B50002053574954434845445F4F4E5F464149AF
:104B60004C45442E0D0A00004B696E636F20656E44
:104B700061626C65206661696C65642C204F5045EC
:104B8000524154494F4E5F454E41424C45445F4669
:104B900041494C45442E0D0A000000004B696E63EC
:104BA0006F2063757272656E7420737461747573AF
:104BB000206973204F5045524154494F4E5F454E36
:104BC00041424C45442C20656E61626C6520636FE8
:104BD0006D706C657465642E0D0A000010B50221BD
:104BE00014480BF0FFFC1349012081F8E10100217A
:104BF00010480BF0ABFD7F210E480BF0A7FD0521FF
:104C00000C480BF0A3FD022201210A4808F09FF88E
:104C100082220121074808F09AF8C82008F0A3FA78
:104C200080220121034808F092F8BDE810403220AC
:104C300008F099BA000700202DE9FF411C4E80467C
:104C40002F2030800024022003ADCDE90240CDE9C1
:104C500000540703334622463946164806F070F9D9
:104C6000154904200B46C1F80080CDE90240CDE98A
:104C700000540022791C0F4806F062F90D480BF031
:104C8000A5FB3F203080CDE9005433460022394651
:104C90000848029406F054F906480BF097FB0548C3
:104CA0000BF02DFC052008F05EFABDE8FF81000046
:104CB000E801002000070020EC0100203EB5054679
:104CC0000020ADF80800062102A8CDE9000100236C
:104CD00046F23F020121074802F046FA040004D0E0
:104CE00005A005F0A9FA20463EBDBDF808002880C1
:104CF000F9E70000000700204B696E636F20534402
:104D00004F2072656164204552524F525F434F44B9
:104D1000455F494E444558204661696C65640D0AFB
:104D2000000000001FB504210391FBF742FF9FED37
:104D30000E1B53EC112BFBF74AFEFBF766FF0C49E9
:104D40000B4B0860002003A9CDE900100246029039
:104D500042F20201074806F0F3F806480BF036FB72
:104D600004480BF0CCFB1FBD2D7AA702EE79D14091
:104D700008020020000700202DE9F04F87B04FF017
:104D800001088DF81480052705ACCDE9004746F2EF
:104D9000600500232A464146B84802F038FA10B1AF
:104DA000B7A005F049FA00268DF81460CDE9004758
:104DB00033462A460121B14802F0D6F910B1BCA011
:104DC00005F03AFA9DF81400012802D0C4A005F0BD
:104DD00033FACC48072403ADCDE90054029046F2E3
:104DE0008109039000234A460121A44802F00FFAEA
:104DF00010B1C5A005F020FACDE9005400234A46C1
:104E000001219E48039602F0AFF910B1CBA005F046
:104E100013FADDE90201814204D04FF4FA71D3A004
:104E200005F00AFA4DF2B710CDE90054029046F2AF
:104E30008309039000234A460121904802F0E7F9D4
:104E400010B1D6A005F0F8F9CDE9005400234A4688
:104E500001218A48039602F087F910B1DAA005F023
:104E6000EBF9DDE90201814203D03221E1A005F036
:104E7000E3F9ED48CDE90054029046F2840903902D
:104E800000234A4601217D4802F0C1F910B1E7A094
:104E900005F0D2F9CDE9005400234A4601217748B4
:104EA000039602F061F910B1EBA005F0C5F9DDE958
:104EB0000201814203D0C821F2A005F0BDF90DF135
:104EC0000809FD48CDE90094012302904FF4A05257
:104ED00019466A4802F09BF910B1F8A005F0ACF948
:104EE00045468DF810800DF11008CDE900870223AA
:104EF0004FF4A0520121614802F089F910B1EFA0EE
:104F000005F09AF9CDE900874FF4B05B8DF8106099
:104F100000235A460121594802F079F910B1F2A054
:104F200005F08AF9FC48CDF80090CDE90140012355
:104F30005A461946514802F06AF910B1EAA005F044
:104F40007BF9F648A246CDF80090CDE901A04C4689
:104F500002234FF4B0520121484802F058F910B131
:104F6000E1A005F069F90220CDE900878DF8100075
:104F7000B946C34600234FF4B05201213F4802F026
:104F800046F910B1D8A005F057F940F2012000947D
:104F9000CDE901A0012357464FF4A05219463748E6
:104FA00002F035F910B1C5A005F046F9C24802A9D2
:104FB000CDE90017401C01230290BA4641F201429C
:104FC00019462E4802F023F910B1D5A005F034F9A6
:104FD000CDE900B9A8468DF810504C465D46022335
:104FE00041F201420121254802F011F910B1CCA093
:104FF00005F022F9CDE9005441F2016BB1468DF87C
:10500000106000235A4601211C4802F000F910B13B
:10501000CEA005F011F9D94802AF0097CDE901A063
:10502000012356465A461946144802F0F0F810B1CA
:10503000C6A005F001F9CDE900548DF810800023D9
:105040005A4601210D4802F0E2F810B1BFA005F068
:10505000F3F840F202200097CDE90160012341F20C
:1050600001421946054802F0D2F810B1ACA005F093
:10507000E3F8C34801234FF4C05A83E1000700203E
:105080004B696E636F2053444F20577269746520DB
:10509000534552564F5F574F524B5F4D4F44455FFC
:1050A000494E444558204661696C65640D0A00000C
:1050B0004B696E636F2053444F20726561642053C7
:1050C0004552564F5F574F524B5F4D4F44455F49D6
:1050D0004E444558204661696C65640D0A00000025
:1050E0004B696E636F2073657420706F73697469A8
:1050F0006F6E206D6F6465204661696C65640D0A92
:1051000000000000938888004B696E636F20534451
:105110004F2057726974652050524F46494C4544A0
:105120005F56454C4F434954595F494E44455820BA
:105130004661696C65640D0A000000004B696E638E
:105140006F2053444F20726561642050524F46498E
:105150004C45445F56454C4F434954595F494E4472
:105160004558204661696C65640D0A004B696E63A1
:105170006F207365742070726F66696C6564207649
:10518000656C6F6369747920746F20256420727078
:105190006D204661696C65640D0A00004B696E63A1
:1051A0006F2053444F2057726974652050524F4608
:1051B000494C45445F4143435F494E44455820466E
:1051C00061696C65640D0A004B696E636F2053441E
:1051D0004F20726561642050524F46494C45445FF0
:1051E0004143435F494E444558204661696C6564BC
:1051F0000D0A00004B696E636F2073657420707236
:105200006F66696C656420616363656C6572617467
:10521000696F6E20746F2025642072706D20466166
:10522000696C65640D0A0000DC4603004B696E631F
:105230006F2053444F2057726974652050524F4677
:10524000494C45445F4445435F494E4445582046D8
:1052500061696C65640D0A004B696E636F2053448D
:105260004F20726561642050524F46494C45445F5F
:105270004445435F494E444558204661696C656426
:105280000D0A00004B696E636F20736574207072A5
:105290006F66696C656420646563656C65726174D2
:1052A000696F6E20746F2025642072706D204661D6
:1052B000696C65640D0A0000210000084B696E638B
:1052C0006F2053444F205772697465205250444FE9
:1052D000315F504152414D5F494E4445582046612F
:1052E000696C65640D0A00004B696E636F2053445E
:1052F0004F205772697465205250444F315F4D41C1
:105300005050494E475F494E444558204661696CAC
:1053100065640D0A000000001000406020007A6003
:105320004B696E636F2053444F2057726974652038
:105330005250444F325F504152414D5F494E4445B7
:1053400058204661696C65640D0A00004B696E6304
:105350006F2053444F205772697465205250444F58
:10536000325F4D415050494E475F494E44455820A9
:105370004661696C65640D0A0000000020008160D0
:10538000810100800097CDE90160524619466148CD
:1053900001F03DFF10B160A004F04EFFCDE90054D4
:1053A0008DF810800223D34652460121594801F05E
:1053B0002EFF10B158A004F03FFFCA468DF81090A0
:1053C000CDE900544FF4D05900234A4601215148F9
:1053D00001F01DFF10B15BA004F02EFF654800979F
:1053E000CDE9016001234A4619464A4801F00FFF02
:1053F00010B154A004F020FF5F480097CDE9016090
:1054000002234A460121434801F001FF10B14DA09B
:1054100004F012FF0220CDE900548DF810000023A3
:105420004A4601213B4801F0F2FE10B145A004F0CC
:1054300003FF40F281100097CDE9016001235A4635
:105440001946344801F0E3FE10B133A004F0F4FE35
:105450004A480097CDE90160012341F6010BB946A6
:105460005A4619462B4801F0D2FE10B144A004F070
:10547000E3FECDE9005447468DF8108002235A46DA
:105480000121244801F0C3FE10B13DA004F0D4FE78
:105490008DF810A0CDE9005441F6012A00235246B0
:1054A00001211C4801F0B3FE10B135A004F0C4FE88
:1054B0003E48B046CDF80090CDE9018001234E462C
:1054C00052461946134801F0A2FE10B12CA004F078
:1054D000B3FECDE900548DF810700023524601212F
:1054E0000C4801F094FE10B125A004F0A5FE4FF485
:1054F000C1700096CDE9018001235A46194605483E
:1055000001F085FE002802D01DA004F095FE07B032
:10551000BDE8F08F000700204B696E636F20534495
:105520004F205772697465205450444F315F504189
:1055300052414D5F494E444558204661696C65644F
:105540000D0A00004B696E636F2053444F20577261
:10555000697465205450444F315F4D415050494E5D
:10556000475F494E444558204661696C65640D0AA1
:105570000000000010004160200063608201008094
:105580004B696E636F2053444F20577269746520D6
:105590005450444F325F504152414D5F494E444553
:1055A00058204661696C65640D0A000020006C603B
:1055B0001E4D88B0287828B91DA004F03DFE0020BB
:1055C0000BF00EFD00273E4607F0DAFD04460021F1
:1055D000A86E07F09DFEA0B900231A4601A9286D08
:1055E00007F004FE68B9002000900DF1080C1A487D
:1055F0009CE80E0006F0D6FF1849029804F1C80690
:105600004860E01B64280CD3B4420AD30021E86E42
:1056100007F07EFE28B9002210490F4807F08EF8E7
:1056200027460A2007F09FFDCEE700001800002063
:1056300041637175697265206C6566745265637645
:1056400052617744617461507472206661696C655F
:1056500064210D0A00000000CC1400204418002032
:1056600010B500224FF400610448FDF7DEFA012274
:10567000BDE8104051020248FDF7D7BA00000240D1
:105680000008024010B500224FF400610548FDF704
:10569000CCFABDE8104000224FF400710248FDF73B
:1056A000C4BA0000000002400008024010B5012208
:1056B000D1020548FDF7B9FABDE8104000224FF4C9
:1056C00000710248FDF7B1BA000002400008024034
:1056D00000210A4600EBC103491C9A620529F9DB47
:1056E000704700002DE9F0410446DDE90765069F9B
:1056F000416500214FEA010004EBC10C491CCCF8C4
:1057000028000529F8DB206266616062C4E9012790
:10571000C4E90353207720650120206004F158007C
:1057200002F097FF04F16000BDE8F04102F091BF84
:10573000002101770162416A002901D0FFF7C8BF4B
:10574000704708B56A4600F001F808BD2DE9F04140
:1057500098B016460F4604464FF0FF38454658228B
:1057600020496846FAF7C5FD206A80BB16A802F0FA
:1057700070FF16A8616802F064FF07B96F46398BA5
:10578000A161B87E606204F1600002F04FFF3A460A
:10579000A168206900F00AFA011E1EDD16AA204643
:1057A0000AF017FE050018D116AA022120460BF0B8
:1057B0007FFE02280AD10027377077703146701CAF
:1057C000E368626900F034F8012801D0454604E03E
:1057D000357815B901202062277718B02846BDE832
:1057E000F0810000FC2C01082DE9FC41074615461C
:1057F0000E460024684600930AF022FB60F307047B
:10580000C4F3C00030702009387001A9009800F07E
:10581000F9F80099019A014400910A44511A0229A9
:1058200004DB68460AF012FB28800120BDE8FC81F9
:105830002DE9FC41074600240E46254668460092A5
:105840000AF0FEFA0146204661F30700000902282B
:1058500019D101A9009800F0D5F80099054608442F
:10586000019900900144081A02280CDB68460AF0EE
:10587000E7FA60F3070404F00100387068460AF0A4
:10588000DFFA307001252846BDE8FC812DE9FC5F78
:105890008046DDE90EA00024CDE9000499461746B4
:1058A0000E462546DDF834B068460AF0C9FA60F3C2
:1058B0000704200903282CD1C4F3C00188F8001084
:1058C000C4F34100306004F00100387001A9009871
:1058D00000F098F800990546084401990090441892
:1058E000224669460C980AF0BAFA90B10098201A3C
:1058F0000FD43068002804DD68460AF0A7FAA9F83A
:1059000000000098211ACAF8001000990125CBF870
:1059100000102846BDE8FC9F2DE9FC4781460A9807
:10592000002400909A4616468846254668460AF0A6
:1059300087FA0146204661F307000009092826D1AD
:1059400001A9009800F05EF8009905460844019905
:1059500000904718381A022819DB68460AF076FAD0
:10596000A9F8000034600EE03168414502DD4FF0D7
:10597000FF350CE068460AF063FA31688B00491C79
:1059800031604AF803000098B842EDD3012528465B
:10599000BDE8FC877CB504464FF0FF35684602F051
:1059A00058FE6846616802F04CFEA168206900F06C
:1059B000C4F9011E04DD6A4620460AF00AFD0546C8
:1059C0002046FFF7B5FE28467CBD006A7047F8B553
:1059D000012500240E4607460C60641C042C0FDCD5
:1059E00001216846B84701280AD19DF800003168B6
:1059F00000F07F0202FB0511ED0131600006ECD4DE
:105A00002046F8BD024A10600248FFF7E0BF0000E0
:105A1000D0010020D5B1000810B503460020CA17F8
:105A200001EB526424F07F02891ACAB2E111002905
:105A300002DD00BF42F080021A5400F10100EEDCEA
:105A400010BD70B504680E4624B12046FAF775FC07
:105A5000054601E0D0E901543046FAF76EFC854274
:105A600005D12A4631462046FAF789FC08B10020C4
:105A700070BD012070BD0000401C802801DA401C70
:105A80007047B0F5804F01DA801C704703498842A7
:105A900001DAC01C7047001D70470000FFFF1F00A7
:105AA0002DE9F04306464FF0FF37006A89B01546EE
:105AB0003C464FF00009884678B307A802F0C9FDBC
:105AC00007A8716802F0BDFD2878012801D00228DE
:105AD00003D1304606F032FAA880D5E90201CDE9BB
:105AE0000501CDE90289CDF81090A9886878CDE943
:105AF00000012B780022B168306900F024F9011E02
:105B000029DD07AA30460AF064FC040021D1287878
:105B1000012803D0022813D01BE01CE007AA0421AF
:105B200030460BF0C5FC042811D1F068009001AAA2
:105B300002A903A87369FFF757FE012807D108E0FF
:105B400007AA072130460BF0B3FC0728EDD03C46EE
:105B500001E0601C02D13046FFF7EAFD09B02046A3
:105B6000BDE8F083F8B50024069E054600900429A0
:105B700001DAA01EF8BD62F3071463F3C304062A1A
:105B800024F0060000D1801CC1B268460BF03CFF37
:105B900002210098FFF740FF009908440090314629
:105BA00068460BF037FF0098401BF8BD2DE9F8431D
:105BB00007460090884614460025104600F082F8FB
:105BC0008146FFF759FF404502DDA81EBDE8F88376
:105BD0002E46314666F30701684610310BF014FF7C
:105BE00049460098FFF718FF009908440090207A72
:105BF00004281DD02FA168460BF0F2FE0321684651
:105C00000BF002FFA07E66F3070560F34105E07E1E
:105C100008B145F00405680707D594F83D0060F326
:105C2000C40594F83C0060F34515206C40B905E0CC
:105C300022A168460BF0D4FE0421E0E7A06C08B175
:105C400045F08005E06C08B9606D08B145F040058D
:105C5000294668460BF0D8FE218B68460BF0DAFE29
:105C600004F10C0168460EC90BF0E3FEE07E68B15A
:105C70002434684694E80E00243C0BF0DAFE3034FD
:105C8000684694E80E00303C0BF0D3FE280605D59C
:105C900004F1400168460EC90BF0CBFE680605D53D
:105CA0004C34684694E80E000BF0C3FE0098C01B0D
:105CB0008CE700004D514973647000004D515454FD
:105CC0000000000070B50446007A0025032802D0C9
:105CD000042802D002E00C2500E00A2504F10C00A3
:105CE00007C800F0ABF90544E07EAD1C78B1243460
:105CF00094E80700243C00F0A1F93034064694E80B
:105D00000700303C00F09AF9304405442D1D206C0A
:105D100008B9A16C29B1D4E9111200F08FF905443A
:105D2000AD1CE06C08B9616D29B1D4E9141200F022
:105D300085F90544AD1C284670BD0E2200F0B3B8AD
:105D40000C2200F0B0B82DE9FC5F1C46129ECDE994
:105D50000060DDF838B09046DDF830A0DDE90F23B3
:105D6000894607465946204600F030F80546FFF7B9
:105D700083FE484503DD6FF00100BDE8FC9F302144
:105D800068F3C30164F342016AF3000101A80BF058
:105D90003BFE29460198FFF73FFE01990844019018
:105DA000DDE90F23594601A80BF043FE002C03DD6B
:105DB00001A80D990BF02EFE324611990198FAF7C1
:105DC00098FA019830440190C01BD6E770B50E4692
:105DD000114604461A463046049D00F02FF9284427
:105DE000801C002C00DD801C70BD00002DE9FF4FE1
:105DF00083B0064610A8894690E8800900249246A0
:105E0000254641463846009600F036F80190FFF7E7
:105E100033FE484503DDA01E07B0BDE8F08F64F3F4
:105E2000070480346AF3C30424F00600801CC1B266
:105E300068460BF0E9FDDDE90001FFF7EDFD009993
:105E400008440090684606990BF0E4FD0FE000BF9F
:105E500005EB450108EB810090E80E0068460BF069
:105E6000E8FD1BF8251068460BF0CEFD6D1CBD4209
:105E7000EEDB0098801BCFE72DE9F04102250F46AD
:105E8000064600240AE000BF04EB440007EB800054
:105E900007C800F0D3F80544641CED1CB442F3DBE2
:105EA0002846BDE8F08138B5002304460090022959
:105EB00001DA981E38BD194663F3070162F3071132
:105EC00068460BF0A1FD00210098FFF7A5FD0099A1
:105ED00008440090001B38BD2DE9F047174689465D
:105EE00006464FF0FF35002406EBC408D8F828001A
:105EF00018B14946FAF728FA30B1641C052CF3DBD7
:105F000017B3681C0DD01FE0002F06D106EBC401AB
:105F10004FF000008862C8F82C004FF000050DD14A
:105F200012E04FF0000400BF06EBC400806A20B10D
:105F300004F10104052CF7DB06E00025052C03DA4B
:105F400006EBC400C0E90A972846BDE8F0871CB5F7
:105F500001AC009400F001F81CBD2DE9FF478CB0A6
:105F6000002605460796089606914FF0FF38189FC1
:105F7000006A9A468946444620B309A802F069FBA4
:105F800009A8696802F05DFB284605F0D7FF83B2D7
:105F90000EAA06A901208DE807000022A968286939
:105FA000FFF724FF011E27DD09AA28460AF011FA8F
:105FB00004001FD109AA092128460BF079FA092803
:105FC00001D0444618E002963E70E9686869CDE960
:105FD00000013B4602AA012103A8FFF79DFC01280E
:105FE00008D13878802805D0524649462846FFF720
:105FF00073FF0446601C02D12846FFF799FB10B0DE
:106000002046BDE8F0877CB506460D46002468466C
:1060100002F01FFB2946684602F013FB6946304632
:1060200005F096FD002802DA4FF0FF3404E06846E0
:1060300002F017FB0028F1D020467CBD10B510B14E
:10604000FAF77BF90146084610BD00007FB5002134
:1060500021480091019102911E4A0391026001249E
:106060004FF480320461C0E90121047680F82010E9
:106070001A4AC0E90A210325C561C16080F83010C1
:106080004461FBF72FFE08B1FBF796FB0820CDE932
:1060900000040720029069460F48FBF77DFD08B118
:1060A000FBF78AFB092000900220019069460A480C
:1060B000FBF772FD08B1FBF77FFB0D20CDE9000572
:1060C00069460548FBF768FD002801D0FBF774FB23
:1060D0007FBD0000002001408C1A00200100000F4D
:1060E00010B516488AB01449016006210024C0E9A1
:1060F00001140904C0E903414FF4A0014161047691
:1061000044768476C47604774477FCF7E6F808B1E1
:10611000FBF752FB0E200990012001940294CDE977
:10612000064003940094089005946946049403483B
:10613000FBF7C2FE0AB010BD00640040F41A002054
:1061400010B517488AB01549016003210024C0E941
:1061500001144FF42021C0E903414FF48011416143
:10616000047644768476C47604774477FCF7B5F8F1
:1061700008B1FBF721FB02940E2001210094019449
:10618000039407910990CDE90504089104946946A8
:106190000348FBF791FE0AB010BD00000068004004
:1061A0001C1B0020214808B5016841F480010160F2
:1061B000016801F480010091016841F4001101605F
:1061C0000068002200F40010009005210C20FCF76C
:1061D00023FE0C20FCF712FE002205210D20FCF707
:1061E0001BFE0D20FCF70AFE002205210E20FCF705
:1061F00013FE0E20FCF702FE002205210F20FCF703
:106200000BFE0F20FCF7FAFD002205213A20FCF7D7
:1062100003FE3A20FCF7F2FD002205214620FCF7A0
:10622000FBFDBDE808404620FCF7E8BD30380240E1
:1062300070B505F00BFB02F097F800221146012023
:1062400007F094F84B4C00221146A066012007F09D
:106250008DF80022E0661146012007F087F8002241
:1062600020671146012007F081F8002360671A4675
:106270000121414807F03AF90023A0671A4601219D
:106280003E4807F033F90023E0671A4601213C48F5
:1062900007F02CF904F18005002328601A4601213B
:1062A000384807F023F9686000221C210A2006F014
:1062B000CFFF206500221C210A2006F0C9FF60657F
:1062C000002210210A2006F0C3FFA0650022182139
:1062D000142006F0BDFF206600221821142006F0CD
:1062E000B7FF6066002208210A2006F0B1FFE065D2
:1062F0000A21A06F07F036F9C821E06F07F032F9E4
:106300000A21286807F02EF9C821686807F02AF9E1
:106310001D4A00211D4807F0A3F81B4A6063243280
:1063200000211B4807F09CF8174AA063483200215F
:10633000184807F095F8144AE0636C3200211648BB
:1063400007F08EF8104A606490320021134807F07D
:1063500087F80D4AA064B4320021114807F080F894
:10636000094AE064D83200210E4807F079F8206429
:1063700070BD000018000020E5850008FD850008BC
:10638000F185000809860008082B0108E17500085E
:10639000CD80000811780008B15500087D6F000815
:1063A000A5190008897700082DE9F04F87B014215E
:1063B0006846F9F7B7FF70480024016841F0100102
:1063C0000160016801F010010591016841F0800150
:1063D0000160016801F080010591016841F004014C
:1063E0000160016801F004010591016841F00101BB
:1063F0000160016801F001010591016841F00201AD
:106400000160016801F002010591016841F0080195
:1064100001600068594E00F00800059000224BF61C
:1064200084713046FCF701FCDFF8549100224FF4F0
:106430000E614846FCF7F9FBDFF848A100224FF453
:106440002C715046FCF7F1FBDFF83C81002231153E
:106450004046FCF7EAFB0122170339464046FCF7A9
:10646000E4FBDFF828B1002208215846FCF7DDFBE9
:1064700040F6847000900125CDE90154694630460C
:106480000394FCF7D5FAE0200090CDE90154694669
:1064900048460394FCF7CCFA30200090CDE9015433
:1064A000694650460394FCF7C3FA4FF44050CDE9D7
:1064B000000569463046CDE90245FCF7B9FAE80324
:1064C000CDE900050320CDE9024069463046FCF7DE
:1064D000AFFA4FF4A0500090CDE901546946404610
:1064E0000394FCF7A5FA4FF420700226CDE90005CD
:1064F000CDE9024669465046FCF79AFA28028DE833
:10650000310069464846FCF793FA009769464846C9
:10651000CDE90145FCF78CFA40208DE83100694651
:106520005046FCF785FAEF0200970396CDE9015437
:1065300069464846FCF77CFA012239464846FCF792
:1065400074FB6F0200970396CDE9015469465046EB
:10655000FCF76EFA012239465046FCF766FB08202C
:106560000090CDE90154694658460394FCF760FA5F
:1065700007B0BDE8F08F0000303802400010024044
:10658000000002400008024000040240000C0240EB
:106590002DE9F04120480424204904700025416081
:1065A00005724FF47A76A0F8A26000F55277C0F831
:1065B00098704FF00808C560A0F8A48080F84041AA
:1065C00000F02CF9144800F0B3F9A7F5E270144973
:1065D000047041600572A0F8A260C0F89870C560B0
:1065E000A0F8A48080F8404100F018F9A7F5E27007
:1065F00000F09EF9084805F04DFF0A4C0125206186
:1066000000B12570084805F045FF6061002800D002
:106610006570BDE8F0810000CC1400206C1C0020E7
:10662000F41C002018000020501600200F4810B560
:106630000D4901604FF48271416000218160C160A9
:106640004FF400720161C0E90512C161016241624B
:1066500081620A21C162FCF7C7FE002803D0BDE8B1
:106660001040FBF7A9B810BD00380040441B0020C3
:1066700010B586B000241B48009401940294039442
:10668000049417490594016040F24731C0E90114B0
:106690004FF6FF71C0E903148461FDF775F808B186
:1066A000FBF78AF84FF48050009069460D48FDF7DB
:1066B000F7F808B1FBF780F808210A48FDF713FA4C
:1066C00008B1FBF779F8049404A906480594FDF78E
:1066D00013F8002801D0FBF76FF806B010BD0000DA
:1066E000000C00409C1B00200C4810B50A490160BA
:1066F0004FF4E1314160002181600C22C160C0E9AA
:1067000004128161C161FDF7A5FC002803D0BDE83A
:106710001040FBF751B810BD004C0040E41B0020B6
:106720000E4810B50C4901604FF4E1314160002181
:1067300081600C22C160C0E904128161C161FDF772
:1067400089FC08B1FBF738F8BDE810400122044984
:106750000248FDF785BE000000500040281C0020C4
:10676000F00000200C4810B50A4901604FF4E131F7
:106770004160002181600C22C160C0E90412816186
:10678000C161FDF767FC002803D0BDE81040FBF7AE
:1067900013B810BD001001406C1C00200E4810B54D
:1067A0000C4901604FF4E1314160002181600C220D
:1067B000C160C0E904128161C161FDF74BFC08B101
:1067C000FAF7FAFFBDE81040012204490248FDF73C
:1067D00047BE000000440040B01C0020F000002034
:1067E0000C4810B50A4901604FF4E13141600021C5
:1067F00081600C22C160C0E904128161C161FDF7B2
:1068000029FC002803D0BDE81040FAF7D5BF10BD21
:1068100000480040F41C0020FEE7000038B52D4D74
:1068200004462878022853D204F1BC0000F025FC6D
:106830002078032802D0042808D0FEE7264A214603
:10684000264806F00DFEC4F8AC001EE0224A2146A0
:106850002432234806F004FE44F8AC0F214800908F
:1068600034F80A1C002220A0A3680CF0A3F8A06052
:10687000AC3C40B3184A1021183A022006F0E8FC5C
:10688000C4F8A80000B3D4F8AC00F0B11A480090E6
:106890000022052119A0D4F8B0300CF08BF8C4F810
:1068A000B00098B10C4A01214832084606F05EFD5E
:1068B000C4F8B80058B107492878091D41F82040AC
:1068C000401C287038BDFEE7FEE7FEE7FEE7FEE766
:1068D000FEE70000D4010020742D0108357F000878
:1068E000D17D0008D51201087854696D657254692C
:1068F0006D656F75740000008112010854696D6543
:1069000072543335000000000FB410B5044600780F
:10691000042800D0FEE706F0A1FD069000231A46E9
:1069200003A9D4F8A8000BF021FA10BC5DF814FB01
:1069300010B5044690F84001012806D0032839D04C
:10694000022837D0042800D0FEE7E06818B1218A79
:106950000022FCF76AF92078032802D1D4F89800C5
:1069600080B16068FDF73CFA2028FAD194F8400124
:106970000428606807D0012204F1A601FDF770FD2C
:1069800078B1FEE7FEE7802204F1BC01FDF7F5F8DF
:1069900000B1FEE76068806B0068016821F00801C3
:1069A0000160207A0028207802D0042802D1FEE776
:1069B000032808D0002084F8930004F8940FA081E5
:1069C0006081208110BDFEE7FEE700002DE9F04F59
:1069D00087B0044693468A46084605A904AACDE92D
:1069E000002102AD06AE2A4645A12B1DF9F7D6FCC3
:1069F000042804D04FF0FF3007B0BDE8F08F00202E
:106A000015F820103154401C0428F9DB4FF001091F
:106A10004D464FF4427629463CA003F00DFC207B06
:106A200004F022FF0BF03EFE07464FF4FA7812E026
:106A30000BF038FEC01B40450AD9E06806EB401059
:106A400002F0F8FA02463EA0E16803F0F5FB09E027
:106A50000A2006F088FBE06806EB401002F0EAFA34
:106A60000028E5D1207B00235A46012109F0F0FEE1
:106A7000E168884203D03EA003F0DEFB2DE05A46D9
:106A8000514644A003F0D8FB207B5A4606A904F0E7
:106A90003FFF0746E06806EB401002F0CBFA804665
:106AA000E0684FF4027101EB401002F0C3FA00F00D
:106AB0001F0342463946424803F0BEFB012F02D174
:106AC000B8F1170F14D03FA0E16803F0B5FB207BAD
:106AD00004F0CAFEC82006F046FB6D1C48464D4532
:106AE00099DD014646A003F0A7FB6FF0010083E7A4
:106AF0005B46524650A0E16803F09EFB00207BE716
:106B000025642E25642E25642E2564005B4E657455
:106B1000776F726B436F6E6E6563745D2061747422
:106B2000656D70742025643A206F70656E696E67BC
:106B300020736F636B65742E2E2E0D0A000000000B
:106B40005761726E696E673A20736F636B6574206C
:106B5000256420636C6F73652074696D656F75744F
:106B60002C2053523D3078253032580D0A00000059
:106B70005B4E6574776F726B436F6E6E6563745DA9
:106B800020736F636B65742829206661696C656486
:106B90000D0A00005B4E6574776F726B436F6E6E0B
:106BA0006563745D20636F6E6E656374696E6720E4
:106BB000746F2025733A25642E2E2E0D0A000000D6
:106BC000B03201085B4E6574776F726B436F6E6E07
:106BD0006563745D20536F636B6574202564206367
:106BE0006F6E6E656374696F6E206661696C656453
:106BF0002C20636C6F73696E672E2E2E0D0A0000B9
:106C00005B4E6574776F726B436F6E6E6563745D18
:106C1000204661696C656420746F20636F6E6E65D9
:106C200063742061667465722025642061747465E4
:106C30006D7074730D0A00005B4E6574776F726B34
:106C4000436F6E6E6563745D20536F636B65742074
:106C5000256420636F6E6E656374656420746F20B5
:106C600025733A25640D0A00007B05F061B8000029
:106C70000021C1600349016003494160034981600B
:106C800070470000E38F00080B900008DD8F0008BC
:106C900010B509F06BFE002010BD000038B50446A9
:106CA000B0F9AC00A834FAF771FDA08054F8A80937
:106CB000008850B16421484300230090044A1946DB
:106CC000204600F045FCA4F8AC00002038BD0000D0
:106CD000256E000810B5044606F01CFA204606F0A2
:106CE000DDF9002010BD0000D0F80812097869B95C
:106CF00000210A4606E000BFD0F80C3243F82120FC
:106D0000491CC9B290F805328B42F5D80020704773
:106D100030B401EBC102846802254FF0FF3305EB6C
:106D20004205635300238468062505EB4202A35203
:106D300030BCC9B209F0BEBA30B401EBC1028468FC
:106D400004254FF0FF3305EB420563538368C9B256
:106D500013F8124024F0010403F8124030BC09F08B
:106D6000A9BA00002DE9F843064640694FF4C05522
:106D70000489B0690789CCB1DFF83C80BC4215D8E2
:106D8000D6F8E4316A46294630469847009941B919
:106D90000268C2F82C800268C2F83C800068C0F823
:106DA0005C806D1C641CADB2A4B2E7E73046BDE860
:106DB000F843002104F036B8E78400082DE9F047D5
:106DC0000446406900260589A069B0F8088035BBF3
:106DD000BDE8F087A16806EBC607022000EB470973
:106DE00031F90900FAF7D2FCA26822F80900A1687B
:106DF000042000EB470931F90900FAF7C7FCA26843
:106E0000761CF6B222F80900A1680020062201F8DB
:106E10001700A16802EB47026D1C8852ADB24545D0
:106E2000D8D9D5E73EB50446D0F8A8000088A8B167
:106E300020686946007800F5E060ADF800000120A8
:106E40008DF8030000208DF8020094F87C008DF886
:106E5000040094F8E10104F007FC3EBD34F9AC0FE6
:106E6000FAF794FC20803EBD00B587B01421684637
:106E7000F9F758FA0C480021026842F00802026053
:106E8000006800F008000590082000900120CDE97E
:106E900001010220039069460448FBF7C9FD022066
:106EA00000F006F807B000BD30380240000C024088
:106EB000022804D1002208210148FBF7B6BE704722
:106EC000000C024038B51D461446D0F8E4316A463D
:106ED0009847009939B90179A14204D900680C2179
:106EE00001EB04114550009838BD000000228021BC
:106EF0000148FBF79ABE00000010024001228021E9
:106F00000148FBF792BE0000001002400022202141
:106F10000148FBF78ABE0000000802400122202140
:106F20000148FBF782BE0000000802400122102148
:106F30000148FBF77ABE00000008024000228021D1
:106F40000148FBF772BE00000000024001228021D0
:106F50000148FBF76ABE0000000002400022402109
:106F60000148FBF762BE0000000002400122402100
:106F70000148FBF75ABE000000000240224D88B0D5
:106F8000687828B921A003F057F900200AF028F802
:106F900000273E4606F0F4F804460021286F06F06C
:106FA000B7F9A0B900231A4601A9686D06F01EF9C9
:106FB00068B9012000900DF1140C1E489CE80E00E9
:106FC00005F0F0FA1C49059804F1C8064861E01B79
:106FD000642814D3B44212D30021686F06F098F9E4
:106FE00018B10CE0052006F0BEF8A8780028F9D109
:106FF0001149012210310F4805F0A0FB27460A2055
:1070000006F0B1F8C6E70000180000204163717572
:107010006972652072696768745265637652617738
:1070200044617461507472206661696C6564210DFD
:107030000A000000501600204418002090F881201B
:10704000815490F88110491C01F07F0180F8811073
:1070500090F88210802906D0002280F88320491CF5
:1070600080F882107047012180F8831010F8801F8B
:10707000491C01F07F0101707047002100F8801F5A
:1070800041708170C170704790F88220AFF300802A
:1070900010B590F8823013B10AB1802A01D90020CE
:1070A00010BD00230DE000BF90F88040045DCC547B
:1070B00090F88040641C04F07F045B1C80F88040E2
:1070C000DBB2934203D290F882409C42ECD890F815
:1070D0008210C91A80F88210002180F88310FFF70F
:1070E000CCFF184610BD00002DE9FC410546406963
:1070F0000F464088002833D0C7EBC70101EB4101A0
:1071000005EB8104A96994F8282049881044884235
:1071100026D86968134E51F83000806B90F80080D3
:107120004FF0FF30A4F87400852084F82A0094F80A
:107130003200CDE90006238E94F82910284609F084
:10714000C2F9E662A26F2AB1414628469047E06A3A
:10715000B04205D1F9B22846BDE8FC4108F0EEBFC7
:10716000BDE8FC81000004052DE9F04786B08946A2
:10717000DDE90E648246052C11D0062C11D0072CB7
:1071800011D00020029080B100255046CDE9004585
:1071900008F07FFE60B1A81E06B0BDE8F0870120B0
:1071A000F0E70220EEE70420ECE74FF0FF30F3E7D2
:1071B0000495039500254FF4FA7804AF0DE0012003
:1071C00005F0D1FF6D1C454507D9022249465046BE
:1071D00004F084FB6FF00300DEE702AB03AA49462C
:1071E0005046009704F0B8FE0128E8D1052C04D0E1
:1071F000062C05D0072C08D105E00398307004E078
:107200000398308001E0039830600020C4E7F0B5B7
:1072100085B00E46DDE90A140746052C07D0062C7A
:1072200007D0072C07D04FF0FF3005B0F0BD01208C
:1072300002E0022000E00420002500900395CDE943
:107240000141314638460AF00FFC08B1A81EECE7B0
:10725000049502E0012005F086FF04AA3146384675
:1072600004F0B0FF0128F5D10020DEE71FB5C1EB27
:10727000C10101EB410100EB81014A6B0AB98A6B44
:107280004A630392012203ABCDE90032029201F17D
:107290003C0391F83220098E03F052FE04B010BD79
:1072A00070B5C1EBC10101EB410100EB81018C6BB9
:1072B000A018202801D9FF2070BD002006E0261864
:1072C0001D5C0E44401C86F83C50C0B29042F6D380
:1072D000886B10448863002070BD000038B50446F8
:1072E0001248134B0068B0FBF3F04FF47A73584325
:1072F00000906068B0F5827F0DD10B4600920022AD
:107300008021204600F016F870B1606D40F020003A
:107310006065032038BD009830B1401E00902068A1
:107320008068C0430006F6D5002038BD000100206B
:1073300000366E012DE9F8431E4691468846044604
:10734000089DFBF777FC401B351AFBF773FC0746DB
:1073500025480068C0F3CB30684338E0701C37D054
:10736000FBF768FCC01BA84203D215B1009860B3BC
:107370002CE02068416821F0E00141606068B0F5D0
:10738000827F0BD1A068B0F5004F02D0B0F5806FBE
:1073900004D12068016821F040010160A06AB0F5C5
:1073A000005F09D12068016821F400510160206864
:1073B000016841F400510160012084F8510000206F
:1073C00084F850000320BDE8F8830025401E00909B
:1073D0002068816838EA010004D000214945BDD108
:1073E0000020F0E70121F9E7000100202DE9F0413C
:1073F0000F460446002690461D46D0F8B800711E80
:107400000AF0FCFE207A00B1FF2694F8A70000B134
:10741000FE2617F0FF0001D0F72801D9F72600E07B
:107420005EB175B20023A5741A461946D4F8B800A7
:107430000AF09CFC2846BDE8F081C4F89850E0743E
:10744000C7F30723380C2375010A61751FFA88F208
:10745000A075170A06210026D0B2052B16D008DC2D
:10746000012B11D0022B0FD0032B0DD0042B5FD199
:107470000AE0062B13D04FF0070C04F113010F2B79
:1074800013D0102B54D133E0E7750CE0288800B1FD
:10749000FF20E07584F8186084F8931048E028888D
:1074A000000AE07528782076F6E713095B061B0EC4
:1074B000120701D05B1CDBB2E7752076637684F897
:1074C00093C0002011E0C20720F0010201D0AA5CA5
:1074D00001E0AA5A120A94F893707A5494F893200F
:1074E000521C401C84F8932080B29842EBD31FE0DA
:1074F000E77520765000607684F893C0002015E090
:1075000035F8103094F893701B0A7B5494F893303C
:107510005B1CDBB284F8933015F810705F5494F85C
:1075200093305B1C401C84F8933080B28242E7D8D1
:10753000204608F0FFFF00231A461946D4F8B80089
:107540000AF014FC012084F8A700A674002072E75A
:107550002DE9F05F8B46214982460026B1F90000F3
:107560001C4691461C4D401C08E000BFB9F1000FBD
:1075700001D02A7852B1761C36B21835864201DC29
:10758000082EF3DB4FF0FF30BDE8F09F88468642BF
:1075900001D1A8F8000004F0BFFC07464FF6FF71C8
:1075A00020468C4200D30846D8F80420BA4207D9B6
:1075B000D21B824204D93A18C8F8042009F018F9FD
:1075C000E019C5E903B0C5E901A90A98686101207D
:1075D00028703046D8E70000E48D0020E00100204C
:1075E00088B04749474803F085FF28B946A002F014
:1075F00023FE002009F0F4FCFDF7F0FAFDF7BCFBD8
:10760000404809F0E7F9012211463E4805F09FFB8A
:107610000BF048F8414D424C4FF6FF7606900023A0
:107620001A466946206E05F0E1FD002835D1009824
:1076300001281DD10020FAF72FF905280ED00027C8
:10764000FDF7A2F938B10A2005F08DFD7F1C0A2F45
:10765000F6DB34A000E039A002F0EEFD009801282E
:1076600006D10198B04203D0FDF7E6FA01986862AE
:10767000029840F6B731401E884202D20298FDF7C8
:1076800051FB009848B90020FAF706F9052804D103
:107690002FA002F0D1FDFDF7E3F8206A0521B0FB31
:1076A000F1F201FB120058B9164808F028FF2C48E7
:1076B000008828842B480068A8622B480068E8628C
:1076C000206A4FF4FA71B0FBF1F201FB120070B9BD
:1076D00013480A30FDF7F2FA08B1668101E06089CB
:1076E00018B1618921A002F0A7FD60896884206A31
:1076F0000A21401C206206A809F02CFC8FE700003C
:1077000020A107000007002043414E3120696E6927
:1077100074206661696C65640D0A000044180020DD
:10772000180000204B696E636F20454E41424C4566
:107730005F4641494C45440D0A0000004B696E63A9
:107740006F20454E41424C455F4F4B0D0A000000F3
:1077500044697361626C65206B696E636F0D0A002A
:10776000F6010020F8010020FC0100204B696E6347
:107770006F206572726F725F636F64652069733A20
:10778000307825780D0A000008B5114C4FF47A7551
:107790001048FBF7B4FA0AF085FF014620890090F3
:1077A000E388A2880CA002F047FDA0881E2805D21D
:1077B000E088322802D22089322804D30CA002F0BB
:1077C0003BFD09F093F9284605F0CDFCE0E7000009
:1077D0001800002048100020743A256C75206D7345
:1077E00020653A25642025642025640D0A000000E8
:1077F00053797374656D2052657365742064756583
:1078000020746F206572726F7273210D0A00000080
:107810009AB004F043FE012802D089A002F00CFDCA
:107820009148FFF725FA904D904C4FF47A774FF03E
:107830000008287BF9F7C2FF4FF4FA7608E08CA025
:1078400002F0FAFCE088401CE080304605F08BFC3A
:1078500001F074FAC007F2D047F23050ADF80200E0
:1078600003208DF80000684609F0C0FF40F25B720B
:1078700086A17D48FFF7AAF8002812D087A002F061
:10788000DBFCE0880A30E08001F072FA010001D0F0
:107890008EA035E096A002F0CFFC384605F063FCE0
:1078A000C7E7E86842F6087101EB4010062101F0D5
:1078B00027FC96494FF40070CDE90001A1F5007353
:1078C000694902904FF4FA6201F11000FDF70AFFD6
:1078D00058228F4903A8F8F70CFD04208DF81400F6
:1078E0008CA006903C20ADF8240001208DF82600E5
:1078F0005D4803A91030FDF724FF010003D089A0E3
:1079000002F09AFCC9E791A002F096FC5648A4F850
:107910000680934B002293A11030FEF718FB010064
:1079200003D094A002F088FC02E09DA002F084FC49
:107930004D488B4B0022A1A11030FEF708FB01003F
:1079400003D0A3A002F078FC02E0ACA002F074FC2B
:107950004548834B0022B1A11030FEF7F8FA010030
:1079600003D0B2A002F068FC02E0BBA002F064FC0D
:107970000AF098FEBDF82400BF495FF000064843B6
:10798000B0FBF7F901F0DAF9C0070BD0E8684FF463
:10799000427101EB401001F04DFB014617280FD05A
:1079A000B6A03FE0C1A002F047FC2F481030FDF721
:1079B000F1FF2D48FFF758F9C54981F8008038E7F5
:1079C000294864211030FEF71EFB010006D5C1A036
:1079D00002F032FCE088401CE08025E00AF062FE04
:1079E000824621481030FDF7F0FF50B10AF05AFEF0
:1079F000A0EB0A01494506D9C3A000BF02F01CFC58
:107A000012E0CFA0FAE7DB4805F0B8FA08B100268B
:107A100012E0761C3146D8A002F00EFC032E0BDBE0
:107A20003146E0A002F008FC0F481030FDF7B2FF2D
:107A30000D48FFF719F9FCE60A2005F094FBA1E7D1
:107A4000573535303020696E6974206661696C6520
:107A5000642C204D515454207461736B20696E76F0
:107A6000616C69642E0D0A0054100020180000207B
:107A700057616974696E6720666F7220504859209B
:107A80004C696E6B2E2E2E0D0A0000003139322EFD
:107A90003136382E322E3130000000004D51545412
:107AA000204E6574776F726B20636F6E6E656374C2
:107AB000206661696C65642C207265747279205748
:107AC0003535303020696E69740D0A005735353010
:107AD0003020696E6974206661696C65642C72651A
:107AE00073756C742069733A25640D0A00000000F8
:107AF000573535303020696E69742073756363655E
:107B0000737366756C6C792E0D0A0000CC12002020
:107B10005C2C010853544D33325F436C69656E74BD
:107B2000000000004D51545420436F6E6E65637425
:107B3000206661696C65642C2072633D25642C208D
:107B400072657472792031730D0A00004D515454DE
:107B500020436F6E6E6563746564210D0A0000003A
:107B600075CD0008726F626F742F6770696F2F6335
:107B70006D64000053756273637269626520726F91
:107B8000626F742F6770696F2F636D64206661691F
:107B90006C65642C2072633D25640D0A00000000B2
:107BA0005375627363726962656420726F626F7489
:107BB0002F6770696F2F636D640D0A00726F626FBB
:107BC000742F677269707065722F636D64000000B6
:107BD00053756273637269626520726F626F742F8E
:107BE000677269707065722F636D64206661696C7D
:107BF00065642C2072633D25640D0A005375627321
:107C000063726962656420726F626F742F67726954
:107C1000707065722F636D640D0A0000726F626F81
:107C2000742F736572766F2F636D64005375627382
:107C3000637269626520726F626F742F736572760A
:107C40006F2F636D64206661696C65642C207263BC
:107C50003D25640D0A00000053756273637269620A
:107C6000656420726F626F742F736572766F2F6315
:107C70006D640D0A0000000080841E00536F636B6A
:107C80006574206C6F737420287374617475733D10
:107C9000307825303258292C207265636F6E6E65FE
:107CA0006374696E672E2E2E0D0A0000504859200D
:107CB0004C696E6B20446F776E2C207265636F6E1B
:107CC0006E656374696E672E2E2E0D0A000000002B
:107CD000C80100204D5154545969656C6420726587
:107CE0007475726E6564206572726F722072633D86
:107CF00025642C207265636F6E6E656374696E67B0
:107D00002E2E2E0D0A0000004E6F207375636365E2
:107D1000737366756C204D5154545969656C6420B9
:107D2000666F7220746F6F206C6F6E672C207265A7
:107D3000636F6E6E656374696E672E2E2E0D0A007A
:107D40004D5154544973436F6E6E6563746564207E
:107D500072657475726E65642066616C73652C2043
:107D60007265636F6E6E656374696E672E2E2E0D7D
:107D70000A000000441800205075626C6973682086
:107D8000726F626F7420737973207374617475738A
:107D9000206661696C65642028636E743D256429E2
:107DA0000D0A00005075626C697368206661696C29
:107DB00065642025642074696D65732C2072656389
:107DC0006F6E6E656374696E672E2E2E0D0A00004D
:107DD00086B004464FF0FF394FF000084E464A4641
:107DE00001A9D4F8A8000AF01FF9049800900DF139
:107DF000040C20469CE80E00FFF7F8FA31460120FB
:107E000008F086FE454684F8128020B184F8A75019
:107E10006FF007010AE0204604F0F8F894F89300A8
:107E200006280AD284F8A7506FF00501A174B4F8AF
:107E3000A000401CA4F8A00010E000950023A84674
:107E40001A460321D4F8B4000AF016FE204609F0C1
:107E500061FA41B231B184F8A780A17400230322F2
:107E6000049864E0A1743146D4F8B8000AF0C6F969
:107E7000207D052849DA012806D0022804D00328ED
:107E800020D0042841D11DE00326002516E0E80794
:107E9000D4F8980025F0010704D0C15DAA19101983
:107EA000C07C04E0AA19C05B1119000AC97C09F062
:107EB00091FDD4F898106D1CEDB2C853607DA842B6
:107EC000E5D822E0607D0326400884F842010025C1
:107ED00014E0A719397DF87C09F07CFD0146D4F83F
:107EE0009800B61CF6B220F81510B7F8130004EB92
:107EF000450140BA6D1CA1F84401EDB2607DB5EBBF
:107F0000500FE6D3012184F8411184F8A780A07CAA
:107F100000287FF463AF00231A461946D4F8B8004E
:107F200009F024FF002303226FF00A0104980AF0ED
:107F3000B3FA53E704464FF0010B4FF0080900274E
:107F40004FF0060AA77494F84001012801D00428D4
:107F500009D14FF0FF31012008F0DAFD204604F08E
:107F600055F8C01C0BD094F89300072809D2FA20CA
:107F7000A074B4F8A000401CA4F8A000E2E7FD2023
:107F8000F6E7E07C217A8842DCD1204609F0F6F958
:107F900005000DD0207D217AE17480302075657553
:107FA000032084F89300204608F0C4FAA574C9E7BA
:107FB000A7744FF0FF31D4F8B8000AF01FF9207D04
:107FC00005281AD008DC01280DD002280BD0032880
:107FD0000DD004282ED10AE006283DD00F284DD020
:107FE000102827D14EE0204607F0B2F902E02046E3
:107FF00007F04AFA84F8A7001CE0A17D607D09F033
:10800000E9FC0146E27D000901F00F01FF2A19D0C9
:10801000D4F898200BFA01F332F810509D4322F85F
:10802000105000BF84F893A04D46204608F082FA15
:1080300084F8A75000231A461946D4F8B80009F06E
:1080400095FE7FE7D4F898300BFA01F533F810204D
:108050002A4323F81020E5E7A17D607D09F0BAFCF2
:108060000546217EE07D09F0B5FCD4F8981021F892
:10807000150084F893A04D462046D7E7204607F028
:10808000C0F9B7E7B4F81500002590FA90F8B4F8F5
:108090001700E77546BA267684F893A00FE000BF74
:1080A00004EB4500C17E807E09F094FC014608EB9C
:1080B0000500D4F898206D1CADB222F81010B5421E
:1080C000EED394F893502046AD1CAFE788B04B49EF
:1080D0004B4803F04DFA28B94AA002F0ADF8002051
:1080E00008F07EFF40F6B83005F03DF801F0D8FA10
:1080F00001F012FC424808F06DFC01221146404894
:1081000004F025FE0AF0CEFA434D444C4FF6FF76BC
:10811000069000231A466946606E05F067F800284D
:1081200039D10398012810D1F9F7B6FB05280CD0F6
:108130005FF0000701F084F920B17F1C0A2FF9DB02
:1081400037A000E03CA002F077F80598401E1D28FB
:1081500002D8059801F0B6FB0398012812D10498C3
:10816000B04218D0F8F714FD9FED381B53EC112BDB
:10817000F8F79FFCF8F792FD00EE100A01F0BEFA46
:1081800004986863039830B932A002F055F801F002
:1081900009FB01F0BDF8626A0520B2FBF0F100FBBB
:1081A000112058B9164808F0AAF92F4800882886E7
:1081B0002E480068A8632E480068E863616A4FF49F
:1081C000FA70B1FBF0F200FB121070B913480C30DA
:1081D00001F044FB08B1A68101E0A08918B1A18992
:1081E00024A002F029F8A0896886606A0A21401C50
:1081F000606206A808F0AEFE8BE7000040420F0068
:10820000F40D002043414E3220696E69742066618E
:10821000696C65640D0A00004418002018000020F5
:108220005A65726F45727220454E41424C455F4619
:1082300041494C45440D0A005A65726F45727220DF
:10824000454E41424C455F4F4B0D0A000000000077
:1082500000408F4044697361626C65207A65726F7B
:108260006572720D0A000000480900204C090020C8
:10827000500900205A65726F657272206572726FC4
:10828000725F636F64652069733A307825780D0AF0
:108290000000000008F033B910B54FF0E02000698D
:1082A0000AF0F2F9012803D0BDE8104009F068BCDB
:1082B00010BD000030B593B030216846F8F732F8B1
:1082C00014210CA8F8F72EF81E480025016841F08B
:1082D00080510160006800F0805011901A480168D8
:1082E00041F4804101600068022400F48040119054
:1082F00001200090000401908001CDE9064010208B
:1083000008904FF4A870CDE9090404200B9068464A
:10831000FAF7B4FE08B172B6FEE70CA90F2081E8A7
:1083200031004FF4A0500F904FF480501090052171
:108330000CA8FAF7A3FD002801D072B6FEE713B02F
:1083400030BD000040380240007000400248016823
:1083500041F470010160704788ED00E00148FBF7CF
:108360000EBB00009C1B002010B5FEF781F90D48E4
:1083700040F247310268916202684FF6FF71D162A4
:10838000C1600268012151620268C91E1161006862
:10839000C16841F00101C160BDE810400148FBF730
:1083A0003FBA00009C1B00200148FBF7E8BA000020
:1083B000781F0020F0B50268254C264D264E274F29
:1083C000274B4FF0804CA04209D0604507D0A8420F
:1083D00005D0B04203D0B84201D0984204D122F077
:1083E000700E4A6842EA0E02A0421BD0604519D0C6
:1083F000A84217D0B04215D0B84213D0984211D03D
:10840000184DA8420ED0184DA8420BD0174DA842C7
:1084100008D0174DA84205D0164DA84202D0164DDF
:10842000A84203D122F44075CA682A434D6922F05C
:1084300080022A4302608A68C2620A688262A0429D
:1084400001D0984201D10969016301214161F0BD68
:10845000000001400004004000080040000C004003
:108460000004014000400140004401400048014038
:1084700000180040001C00400020004010B5846837
:1084800042EA032224F47F440A432243826010BD5F
:10849000826822F070020A4342F00701816070474F
:1084A00010B5036A046A24F001040462846924F0AC
:1084B000F00444EA021423F00A020A4384610262CF
:1084C00010BD10B5036A23F0100303628369046AC8
:1084D00023F4704343EA023224F0A00343EA01117B
:1084E0008261016210BD2DE9F041044690F88200DE
:1084F00048B3022A03D0032A01D0052A23D1626996
:10850000A088127A00EBC200081AC0F3C705A16860
:1085100005EBC506022000EB4607C85FF9F736F900
:10852000A168C853A168042000EB4607C85FF9F7AB
:108530002DF9A168C853A168002001F8160029464A
:108540002046FEF7E5FB0020BDE8F0812DE9F04173
:108550004FF6FF7403F0E0FC204D02466868831874
:1085600000211F4815E00678F6070FD006699E42E5
:108570001DD84669C6B1B2FBF6F706FB1727F61BF6
:10858000032706610770A64200D23446491C09B28F
:108590001830B5F90060B142E5DD20466C6008F0A6
:1085A00027F900260E4C13E002260670EEE7F61AB5
:1085B0000661E8E72078810707D520F002002070E7
:1085C000A26812B1E16860689047761C36B2183430
:1085D000B5F900008642EDDDBDE8F081E001002044
:1085E000E48D00200148806E04F00CBF18000020CC
:1085F0000148006F04F006BF180000200148C06E5B
:1086000004F000BF180000200148406F04F0FABEDB
:108610001800002010B507F0EBFB002805D0D0E9CA
:108620000021BDE810400846104710BD70B5054652
:108630004FF47A7001FB00F40AF034F8C5E9000445
:1086400070BD70B50D4604460AF02CF8C4E900056B
:1086500070BD10B504460AF025F820600020606067
:1086600010BD10B504460AF01DF82168401A616873
:10867000884201D3012010BD002010BD10B5044672
:108680000AF010F82168401A6168884201D300207E
:1086900010BD081A10BD00000148FBF7A7BB000081
:1086A000E41B00200148FBF7A1BB0000281C0020B0
:1086B00010B5806B0021C185C184FBF761FB10BD43
:1086C00070B5846B2068406994F83D10C0F3C01009
:1086D0000025212904D118B1E584204600F0BBF81B
:1086E0002068406994F83E10C0F38010222904D11C
:1086F00018B1E585204600F087F8206C40F01000A6
:1087000020642046FBF73CFB70BD10B50146806B32
:1087100009680968C9052FD40021C18501680C3199
:1087200051E8002F22F4807241E80023002BF5D19C
:108730000168143151E8002F22F0010241E80023C2
:10874000002BF5D10168143151E8002F22F04002CE
:1087500041E80023002BF5D1202180F83E10016B69
:10876000012909D101680C3151E8002F22F01002D3
:1087700041E80023002BF5D1016B012902D0FBF762
:1087800085FE10BD818DFBF723FA10BD10B5806BFF
:10879000016B012902D0FBF7BBFE10BD818D49089A
:1087A000FBF716FA10BD10B5806B0021C1852022A1
:1087B00080F83E200163FBF75DFA10BD10B501465D
:1087C000806B09680968C90516D40021C184016855
:1087D000143151E8002F22F0800241E80023002BE1
:1087E000F5D101680C3151E8002F42F0400241E818
:1087F0000023002BF5D110BDFBF74CFF10BD10B5C9
:10880000806BFBF775FF10BD01680C3151E8002F3C
:1088100022F4907241E80023002BF5D10168143155
:1088200051E8002F22F0010241E80023002BF5D18E
:10883000016B012909D101680C3151E8002F22F0A8
:10884000100241E80023002BF5D1202180F83E10D2
:1088500000210163704701680C3151E8002F22F0BC
:10886000C00241E80023002BF5D1202180F83D1003
:10887000704708B590F83E10222901D0022008BDAB
:1088800082684FF480539A4201D1016921B1816A13
:108890009A421BD04AB10AE00268816A5268C2F368
:1088A00008020A80816A891C08E0026972B10268C4
:1088B000526802F07F020A70816A491C8162C18D90
:1088C000491E0904090CC18503D019E002685268E9
:1088D000F1E70168CA6822F02002CA600168CA682C
:1088E00022F48072CA6001684A6922F001024A617A
:1088F000202180F83E10016B012903D0FBF7C6FD53
:10890000002008BD0021016301680C3151E8002FEF
:1089100022F0100241E80023002BF5D101680A681B
:10892000D20602D50A6849680091818DFBF750F99B
:10893000E6E7000070B5044600680169E26821F4CA
:108940004051114301612169A068E26908436169EE
:10895000114308432168CA6849F20C639A430243F1
:10896000CA6020684169A26921F4407111434161E4
:1089700031492068884202D03049884202D1FAF752
:1089800047FB01E0FAF734FBE26900231921642573
:108990003226B2F5004F626828D0A0FB0101930F88
:1089A0009200F7F76FFC0146B0FBF5F06FF018028C
:1089B000504301EB800006EB0010B0FBF5F000F037
:1089C000F002B1FBF5F002EB0012B1FBF5F06FF035
:1089D0001803584301EB800006EB0010B0FBF5F0E4
:1089E00000F00F0021681044886070BDA0FB0101F9
:1089F00092185B41F7F746FC0146B0FBF5F0020127
:108A0000B1FBF5F06FF01803584301EB800006EB63
:108A1000C000B0FBF5F000F0F80002EB4002B1FB43
:108A2000F5F0584301EB800006EBC000B0FBF5F019
:108A300000F00700D6E700000010014000140140DC
:108A400038B58162828500251346044605642220DC
:108A500084F83E00A26B1B48D063A26B1A481064D6
:108A6000A26B1A48D064A06B0A4605652168A06B0A
:108A7000091DF9F793FF206801684068009084F8A9
:108A80003C5020680C3050E8001F41F4807140E8F1
:108A90000012002AF5D12068143050E8001F41F080
:108AA000010140E80012002AF5D12068143050E896
:108AB000001F41F0400140E80012002AF5D10020DB
:108AC00038BD00000B8700088D870008C1860008AC
:108AD00081628285C28500210164222280F83E20C5
:108AE00080F83C100168CA6842F48072CA6001686C
:108AF0004A6942F001024A610068C16841F0200100
:108B0000C160002070472DE9F041984617460E4697
:108B10000446069D27E0681C25D02DB1FAF78AF897
:108B2000A0EB0800A8421ED920680C3050E8001FB6
:108B300021F4D07140E80012002AF5D120681430E9
:108B400050E8001F21F0010140E80012002AF5D191
:108B5000202084F83D0084F83E00002084F83C008A
:108B60000320BDE8F0812068006836EA000004D0E8
:108B70000020B842CFD00020F3E70120F9E7000041
:108B80000148FBF733B900006C1C00200148FBF7DB
:108B90002DB90000B01C00200148FBF727B90000E8
:108BA000F41C0020FEE7000030B587B0012009F07A
:108BB0003AF8394948603949394807F08BFA394958
:108BC000394807F099FA3949394807F071FA394DAF
:108BD0004FF48064002221462846FAF726F80A203E
:108BE000F9F714FF012221462846FAF71EF84FF440
:108BF0009670F9F70BFF304B01AC0FCB84E80F00F8
:108C000001A9012002F02EFF401C1DD04FF464503A
:108C100000F010FA014629A001F00EFB01218DF8A9
:108C2000141000208DF815008DF816008DF817101F
:108C300005A90A2002F016FF60B126A001F0FCFA97
:108C40006FF0010007B030BD29A001F0F5FA4FF038
:108C5000FF30F7E70024C820F9F7D8FE69460F2057
:108C600002F000FF05460346641C22469DF80010F2
:108C700025A001F0E1FA9DF8000008B9322CEAD3F2
:108C800025B910F0FF0F01D00020DBE726A001F08E
:108C9000D3FA6FF00200D5E7C8010020F5150108EE
:108CA000451701088F18010841170108EB15010845
:108CB000E715010800040240D42C0108573535306F
:108CC000302056657273696F6E3A203078253032E5
:108CD000580D0A005365742050485920636F6E6622
:108CE0006967206661696C6564210D0A00000000F7
:108CF00057495A4348495020496E69742066616952
:108D00006C65642E0D0A00004C696E6B3A20256478
:108D10002C63686B5F636E743A25642C726573759F
:108D20006C743A25640D0A004C696E6B206F6E20DE
:108D30006661696C6564210D0A00000038B5002089
:108D40008DF800002E218DF801108DF8020008F03A
:108D5000F9FC00246D46285D00F020F9641C032C0A
:108D6000F9DB00F0F5F8044608F044FC204638BD75
:108D700070B50F4D00200122287011030D48F9F73E
:108D800054FFFFF711FF040004D001460AA001F0D0
:108D900053FA0AE011A001F04FFA0120287000F008
:108DA0002BF800F039F800F0BDF8204670BD000047
:108DB000C801002000040240573535303020696E6C
:108DC0006974206661696C65642C726573756C7476
:108DD0002069733A25640D0A0000000057353530CC
:108DE0003020696E6974207375636365737366758B
:108DF0006C6C792E0D0A000000B587B01822054969
:108E00006846F7F776FA6946002002F005FE07B0DB
:108E100000BD0000E42C010800B589B003A90120C1
:108E200002F0FAFD9DF80F009DF811209DF810103A
:108E30008DE807009DF80E309DF80D209DF80C1070
:108E40001AA001F0F9F99DF8150000909DF8143072
:108E50009DF813209DF812101EA001F0EDF99DF869
:108E6000190000909DF818309DF817209DF81610F5
:108E70001DA001F0E1F99DF81D0000909DF81C3047
:108E80009DF81B209DF81A101CA001F0D5F99DF843
:108E9000210000909DF820309DF81F209DF81E10A5
:108EA0001BA001F0C9F909B000BD00004D41433AD3
:108EB00020253032583A253032583A253032583A47
:108EC000253032583A253032583A253032580D0A7A
:108ED000000000004950203A2025642E25642E25EC
:108EE000642E25640D0A0000534E203A2025642E7E
:108EF00025642E25642E25640D0A00004757203A6C
:108F00002025642E25642E25642E25640D0A00007C
:108F1000444E533A2025642E25642E25642E256464
:108F20000D0A0000094801680A6822F040020A6040
:108F300001680A6822F0380242F008020A600068FC
:108F4000016841F04001016070470000441B0020AF
:108F50000EB5FF208DF8080000208DF804001420C5
:108F60000090012301AA02A90448FAF7D1FA10B12E
:108F700003A001F061F99DF804000EBD441B002020
:108F80005735353030205350492072656164207464
:108F9000696D656F75740D0A0000000001B582B03F
:108FA00014200090012301AA02A90448FAF7B0FA9C
:108FB000002802D002A001F03FF90EBD441B0020A2
:108FC0005735353030205350492077726974652009
:108FD00074696D656F75740D0A000000007B02F006
:108FE000A7BE70B5054614460E46007B03F09EF8FA
:108FF000002809D0A04200DD204682B2287B3146FD
:10900000BDE8704006F0E2BF70BD2DE9F0411546A5
:109010000E460746002408E0281B82B23119387B2F
:1090200007F0ACF8002802DD0444AC42F4DB204633
:10903000BDE8F081F8B5144C0546E06880476069EA
:109040008047616AC5F30740C5F3072699B1A26A54
:109050008AB18DF800008DF801608DF8025003216F
:1090600068469047E06980470546A06980472069C7
:1090700080472846F8BD216A8847216A30468847DC
:10908000216AE8B28847EDE79C0100202DE9F8430A
:109090001A4C05461746E068884680476069804755
:1090A000616AC5F30740C5F30726A1B1A26A92B170
:1090B0008DF800008DF801608DF80250032168469C
:1090C0009047626A394640469047A06980472069C8
:1090D0008047BDE8F883216A8847216A304688477F
:1090E000216AE8B28847002505E0E069804708F872
:1090F00005006D1CADB2BD42F7D3E6E79C01002030
:10910000F8B5164C05460E46E06880476069804712
:10911000A26A45F004058AB1280C8DF80000280ADF
:109120008DF801008DF802508DF803600421684627
:109130009047A069804720698047F8BD216AC5F340
:1091400007408847216AC5F307208847216AE8B2AB
:109150008847216A30468847EBE700009C010020E1
:10916000F8B51A4C05461646E0680F468047606918
:109170008047A26A45F004059AB1280C8DF80000DA
:10918000280A8DF801008DF80250032168469047A7
:10919000A26A314638469047A069804720698047D7
:1091A000F8BD216AC5F307408847216AC5F3072047
:1091B0008847216AE8B28847002504E0216A785D83
:1091C00088476D1CADB2B542F8D3E5E79C0100209D
:1091D00010B5FDF7C3FEBDE81040FDF7B7BE10B5F2
:1091E000FDF7C4FEBDE81040FDF7A8BE41F20163E3
:1091F000C81A994262D023DC41F21403A1EB0300A8
:1092000099424FD009DCA1F5805108293CD2DFE812
:1092100001F03F413B3B3B434547B0F57B7F47D0A7
:1092200005DC042840D0B0F51B7F2DD13EE0A0F531
:109230004070ED383ED0A0F58070FF3824D13BE07F
:10924000B0F5206F46D013DC40F2FF33A0F2FF31BF
:10925000984239D006DCA0F58070FF3830D0012864
:1092600012D12FE0012931D0B1F5C06F0CD12FE020
:10927000A0F5206001382FD03F38B0F580402DD0C8
:1092800023282DD02B282DD01A481060002070479D
:10929000002028E0012026E0022024E0032022E034
:1092A000042020E005201EE006201CE007201AE034
:1092B000082018E0092016E00A2014E00B2012E034
:1092C0000C2010E00D200EE00E200CE00F200AE034
:1092D000102008E0112006E0122004E0132002E034
:1092E000142000E0152000211160034901EBC000AB
:1092F0007047000000000206042F01089F2803D1D8
:10930000087808B10148704700207047300009060E
:109310002DE9FF472C4DE87800284FF0020027D1B7
:109320002A4F03900620388000240DF10C08CDE967
:1093300000844FF400593B46224649462448029493
:1093400001F0FEFD224807F041F80026322003F02C
:109350000AFF0120F8F7A8FA687803280BD0761CDA
:109360000A2EF3DB1BA000F067FFEC706FF0020029
:1093700004B0BDE8F087052003F0F5FE3C80CDE9A0
:109380000084124B002249461148029401F0D8FD96
:109390000F4807F01BF80026642003F0E4FE0120CC
:1093A000F8F782FA6878022809D0761C0A2EF3DBD7
:1093B00015A000F041FFEC706FF00100D8E71F48E6
:1093C00000F03AFF0020D3E7140000203E090020FF
:1093D000F40D00205A65726F45727220656E6162ED
:1093E0006C65206661696C65642C20524541445966
:1093F0005F5357495443485F4F4E5F4641494C4580
:10940000442E0D0A000000005A65726F45727220EA
:10941000656E61626C65206661696C65642C2053C1
:1094200057495443485F4F4E5F44495341424C456E
:10943000445F4641494C45442E0D0A0098300108CE
:109440002DE9FF5F544CE07818B1012004B0BDE86D
:10945000F09F002635460120F8F726FA60780028AC
:109460003AD0C0B2022801D005283FD04B4F062089
:109470000DF10C0A38804FF00209CDE900A5CDE9C5
:1094800002594FF4005B56463B4600225946444879
:1094900001F056FD4348434B002205600420CDE90E
:1094A0000250CDE9006542F201013D4801F048FD5E
:1094B0003B4806F08BFF00260120F8F7F5F96078AD
:1094C000032817D0761C0A2EF6DB37A000F0B4FE76
:1094D000E5706FF00200B9E7761C0A2EBBDB3FA0F7
:1094E00000F0AAFEE5704FF0FF30AFE746A000F0B5
:1094F000A3FE4EE0052003F036FE07213980CDE9BA
:1095000000A5CDE90259B8465746244B00225946DA
:10951000234801F015FD224806F058FF00260120DF
:10952000F8F7C2F96078042809D0761C0A2EF6DB19
:1095300041A000F081FEE5706FF0030086E7052092
:1095400003F011FE0F21A8F80010CDE90075134BB0
:10955000002259461248029501F0F2FC104806F02C
:1095600035FF0026322003F0FEFD0120F8F79CF9BC
:109570006078052809D0761C0A2EF3DB3AA000F0AB
:109580005BFEE5706FF0040060E7444800F054FEB5
:10959000E57000205AE70000140000203E0900207A
:1095A000F40D0020400900205A65726F4572722048
:1095B000656E61626C65206661696C65642C205221
:1095C000454144595F5357495443485F4F4E5F46A6
:1095D00041494C45442E0D0A000000005A65726F47
:1095E00045727220656E61626C65206661696C65AA
:1095F000642C204745545F5354415455535F4641B2
:10960000494C45442E0D0A005A65726F457272200E
:1096100063757272656E74207374617475732069FA
:1096200073204F5045524154494F4E5F454E414281
:109630004C45440D0A0000005A65726F4572722055
:10964000656E61626C65206661696C65642C20538F
:10965000574954434845445F4F4E5F4641494C4546
:10966000442E0D0A000000005A65726F4572722088
:10967000656E61626C65206661696C65642C204F63
:109680005045524154494F4E5F454E41424C45442E
:109690005F4641494C45442E0D0A00001030010838
:1096A00010B50321144806F09DFF1349022081F8EC
:1096B000E1010021104807F049F87F210E4807F02A
:1096C00045F805210C4807F041F8022201210A481B
:1096D00003F03DFB82220121074803F038FBC8203C
:1096E00003F041FD80220121034803F030FBBDE877
:1096F0001040322003F037BDF40D0020F0B5244EA9
:109700002F202DED028B85B030800024022003AD88
:10971000CDE90240CDE900540703B0EE408A33465C
:10972000224639461B4801F00BFC9FED1B0ADFED7A
:109730001B0A1B4828EE000A194B0022791C80EEF8
:10974000201ABCEEC10A80ED000A0420CDE90240D7
:10975000CDE900540F4801F0F3FB0E4806F036FE49
:109760003F203080CDE90054334600223946094875
:10977000029401F0E5FB074806F028FE054806F0D4
:10978000BEFE052003F0EFFC05B0BDEC028BF0BD82
:109790003E090020F40D0020000000490000B44301
:1097A00040090020FEB50020062402ADCDE900549A
:1097B000ADF80800034646F24006324601210D4846
:1097C000FDF7D2FC10B10CA000F036FDBDF808008A
:1097D000CDE9005420F00400ADF808000023324623
:1097E00001210448FDF713FD002802D00EA000F06F
:1097F00023FDFEBDF40D00205A65726F6572722064
:1098000053444F207265616420534552564F5F4365
:1098100054524C5F574F52445F494E44455820467E
:1098200061696C65640D0A005A65726F4572722039
:1098300053444F20577269746520534552564F5F09
:109840004354524C5F574F52445F494E4445582051
:109850004661696C65640D0A000000003EB504466F
:109860000020ADF80800062102A8CDE90001002380
:1098700046F23F0201210748FDF776FC28B106A019
:1098800000F0DAFC6FF001003EBDBDF8080020805A
:1098900000203EBDF40D00205A65726F6572722083
:1098A00053444F2072656164204552524F525F43CA
:1098B0004F44455F494E444558204661696C656494
:1098C0000D0A00001FB504210391F7F772F99FED0F
:1098D0000E1B53EC112BF7F77AF8F7F796F90C49B2
:1098E0000B4B0860002003A9CDE90010024602904E
:1098F00042F20201074801F023FB064806F066FD2C
:10990000044806F0FCFD1FBD3D0AD7A370C1964078
:1099100044090020F40D00202DE9F04F87B04FF0EE
:10992000010A8DF814A0052405AECDE9006446F2C5
:10993000600700233A465146AC48FDF768FC10B179
:10994000ABA000F079FC00258DF81450CDE900643F
:10995000A1462B463A460121A448FDF705FC10B16B
:10996000B0A000F069FC9DF81400012802D0B9A055
:1099700000F062FC43F6E300072403AECDE9006487
:10998000029046F28107039000233A46012197484E
:10999000FDF73DFC10B1B8A000F04EFCCDE900642D
:1099A00000233A46012191480395FDF7DDFB10B1F4
:1099B000BEA000F041FCDDE90201814203D00A2192
:1099C000C7A000F039FC47F2C717CDE9006446F2A2
:1099D0008308029700234246012184480397FDF73C
:1099E00016FC10B1CBA000F027FCCDE900640023E9
:1099F000424601217D480395FDF7B6FB10B1D1A089
:109A000000F01AFCDDE90201814203D01421D9A043
:109A100000F012FC02970397CDE9006446F2840738
:109A200000233A4601217148FDF7F1FB10B1DFA098
:109A300000F002FCCDE9006400233A4601216B48A6
:109A40000395FDF791FB10B1E4A000F0F5FBDDE913
:109A50000201814203D01421ECA000F0EDFB02AE24
:109A600080200096CDE90140002341F2050201214A
:109A70005E48FDF7CCFB10B1F2A000F0DDFB4FF427
:109A80007A700096CDE90140002341F206020121DF
:109A90005648FDF7BCFB10B1F3A000F0CDFBFE482B
:109AA0000096CDE901400123B0464FF4C05219465B
:109AB0004E48FDF7ACFB10B1F8A000F0BDFB0DF176
:109AC000100BCDE900B957468DF810A04E46022381
:109AD0004FF4C05201214548FDF799FB10B1EFA0AA
:109AE00000F0AAFBAA468DF810505D46CDE900565D
:109AF0004FF4D05BB14600235A4601213B48FDF7A5
:109B000086FB10B1F1A000F097FBFC48CDF8008077
:109B1000CDE90140012346465A4619463348FDF730
:109B200076FB10B1E9A000F087FBF5480096CDE97F
:109B30000140B04602234FF4D05201212B48FDF7DB
:109B400066FB10B1E1A000F077FB4E46CDE9005670
:109B50004FF0020B8DF810B0A94600234FF4D052FD
:109B600001212248FDF753FB10B1D8A000F064FB9F
:109B700040F28110CDF80080CDE901400123454637
:109B80004FF4C05219461948FDF741FB10B1C3A06C
:109B900000F052FBC0480095401CCDE90140012374
:109BA00041F6010219461148FDF731FB10B1D5A06D
:109BB00000F042FBCDE90096B8468DF810704F4694
:109BC000022341F6010201210848FDF720FB10B1F4
:109BD000CCA000F031FBD1468DF810A0002341F657
:109BE000012A524601210148A4E10000F40D0020A1
:109BF0005A65726F4572722053444F2057726974D0
:109C00006520534552564F5F574F524B5F4D4F445F
:109C1000455F494E444558204661696C65640D0AAC
:109C2000000000005A65726F4572722053444F2045
:109C30007265616420534552564F5F574F524B5FD8
:109C40004D4F44455F494E444558204661696C6517
:109C5000640D0A005A65726F457272207365742034
:109C6000706F736974696F6E206D6F6465204661F3
:109C7000696C65640D0A00005A65726F6572722026
:109C800053444F2057726974652050524F46494CD7
:109C900045445F56454C4F434954595F494E4445EE
:109CA00058204661696C65640D0A00005A65726F40
:109CB0006572722053444F20726561642050524F88
:109CC00046494C45445F56454C4F434954595F49BA
:109CD0004E444558204661696C65640D0A000000D9
:109CE0005A65726F657272207365742070726F6648
:109CF000696C65642076656C6F6369747920746F34
:109D000020256420647073204661696C65640D0AC7
:109D1000000000005A65726F4572722053444F2054
:109D200057726974652050524F46494C45445F4113
:109D300043435F494E444558204661696C65640D54
:109D40000A0000005A65726F4572722053444F201A
:109D5000726561642050524F46494C45445F41430F
:109D6000435F494E444558204661696C65640D0A5D
:109D7000000000005A65726F45727220736574208E
:109D800070726F66696C656420616363656C65728F
:109D90006174696F6E20746F202564206470737322
:109DA000204661696C65640D0A0000005A65726F97
:109DB0004572722053444F20577269746520505287
:109DC0004F46494C45445F4445435F494E444558DE
:109DD000204661696C65640D0A0000005A65726F67
:109DE0004572722053444F20726561642050524F77
:109DF00046494C45445F4445435F494E44455820DD
:109E00004661696C65640D0A000000005A65726F56
:109E1000457272207365742070726F66696C656438
:109E200020646563656C65726174696F6E20746F20
:109E30002025642064707373204661696C65640D2D
:109E40000A0000005A65726F4572722053444F2019
:109E500064697361626C652053594E4320466169A1
:109E60006C65640D0A0000005A65726F45727220BD
:109E700053444F2064697361626C6520636F6D6D3C
:109E8000206379636C6520706572696F6420466138
:109E9000696C65640D0A0000810100805A65726F6B
:109EA0004572722053444F20577269746520545094
:109EB000444F315F504152414D5F494E4445582017
:109EC0004661696C65640D0A000000005A65726F96
:109ED0004572722053444F20577269746520545064
:109EE000444F315F4D415050494E475F494E4445C4
:109EF00058204661696C65640D0A000010004160DD
:109F0000200064605A65726F4572722053444F207E
:109F10005772697465205450444F325F504152412A
:109F20004D5F494E444558204661696C65640D0A91
:109F300000000000CDE90076FDF769F910B17BA0C3
:109F400000F07AF985480095CDE901400123524699
:109F500019468348FDF75BF910B174A000F06CF965
:109F6000CDE900768DF810800023524601217C480F
:109F7000FDF74DF910B16DA000F05EF94FF4C1701E
:109F80000095CDE90140012341F6010219467448CC
:109F9000FDF73DF918B1AFF2FC0000F04DF9714842
:109FA0000095CDE9014001234FF4A05219466C48B9
:109FB000FDF72DF910B16CA000F03EF9CDE9007667
:109FC0008DF8108002234FF4A05201216448FDF760
:109FD0001EF910B164A000F02FF9CDE900764FF41E
:109FE000B05A8DF810900023524601215C48FDF7CD
:109FF0000EF910B168A000F01FF973480095CDE983
:10A0000001400123524619465548FDF700F910B1A9
:10A0100061A000F011F96D480095CDE901400223DF
:10A02000524601214E48FDF7F2F810B15AA000F057
:10A0300003F9CDE900768DF810B0002352460121D6
:10A040004748FDF7E4F810B153A000F0F5F840F2EE
:10A0500001200095CDE9014001234FF4A05219469B
:10A060003F48FDF7D4F810B13FA000F0E5F83D48B7
:10A070000095401CCDE90140012341F2014A5246BE
:10A0800019463748FDF7C3F810B151A000F0D4F8D5
:10A09000CDE900768DF81080022352460121304828
:10A0A000FDF7B5F810B14AA000F0C6F88DF8109091
:10A0B000CDE9007641F2016900234A460121284892
:10A0C000FDF7A5F810B14EA000F0B6F8584800957D
:10A0D000CDE9014001234A4619462148FDF797F88A
:10A0E00010B147A000F0A8F8CDE900768DF81080F7
:10A0F00000234A4601211A48FDF789F810B140A013
:10A1000000F09AF840F202200095CDE901400123C9
:10A11000524619461248FDF77AF8002802D02CA0C2
:10A1200000F08AF807B0BDE8F08F00005A65726F42
:10A130004572722053444F20577269746520545001
:10A14000444F325F4D415050494E475F494E444560
:10A1500058204661696C65640D0A000020006C603F
:10A16000F40D0020010200805A65726F4572722062
:10A1700053444F205772697465205250444F315FE9
:10A18000504152414D5F494E444558204661696CEB
:10A1900065640D0A000000005A65726F45727220F6
:10A1A00053444F205772697465205250444F315FB9
:10A1B0004D415050494E475F494E444558204661F5
:10A1C000696C65640D0A00001000406020007A6030
:10A1D0005A65726F4572722053444F2057726974EA
:10A1E00065205250444F325F504152414D5F494EBD
:10A1F000444558204661696C65640D0A0000000002
:10A200005A65726F4572722053444F2057726974B9
:10A2100065205250444F325F4D415050494E475F88
:10A22000494E444558204661696C65640D0A00003A
:10A2300020008160704700000FB4054B10B503A9E2
:10A24000044A029800F0DEF910BC5DF814FB00002F
:10A2500001BF00083C1000200FB47CB50C0009AD14
:10A2600001D0611E00E00021CDE90001064B6A46E5
:10A270002946089800F0C6F9002C02D0009A002167
:10A2800011707CBC5DF814FB2DB000080907090EA5
:10A29000002804DB00F1E02080F80014704700F093
:10A2A0000F0000F1E02080F8141D704730B528B190
:10A2B000144C031F002021680A4605E0084630BD03
:10A2C0009A4203D810465268002AF9D1002800D0DB
:10A2D00041680BD00468A3EB0005A54204D11B68BC
:10A2E0001C440346046002E0436000E023603AB18E
:10A2F0001C68D51AA54203D115682C441C6052680D
:10A300005A6030BD4010002000B583B09FED060BB1
:10A310000A4601468DED000B6846F6F780FD9DED7F
:10A32000000B03B000BD00000000000000000000B2
:10A330002DE9F04782460F4C10480D4E0E4F001B82
:10A340004FF0000820F007054FF0010900221146E8
:10A35000504602F07FFB002802D1306810B1002087
:10A36000BDE8F0873C60C4E90058C6F80090EDE70E
:10A3700044100020AC8E002040100020A890002047
:10A3800002E008C8121F08C1002AFAD170477047BE
:10A39000002001E001C1121F002AFBD1704700001C
:10A3A0002DE9FF5F82B00021DDE90430020DDDF808
:10A3B00040B0034318D044F61050A2F2FF3242439B
:10A3C0001514119801281FD0A5EB0B00401C5FEA63
:10A3D000000A4FF000064E4FDFF83891B046504665
:10A3E00015D5CAF1000413E0119801244AA30128ED
:10A3F00001D16FEA0B010298119AC0E90031C0E95E
:10A40000024206B0BDE8F09FCBF10000DFE7044652
:10A410000021404A491842EB0450CDE9001012E0F7
:10A42000E00707D032463B4640464946F6F7CFFAAA
:10A430008046894632463B4610461946F6F7C7FA2B
:10A4400006460F466410002CEAD1DDE90401DDE97F
:10A450000023BAF1000F06DAF6F7B9FA42464B4686
:10A46000F6F7B5FA05E0F6F724FB42464B46F6F759
:10A4700020FB04460E460022284BF6F7F7FB03D8D4
:10A480004FF0FF30014607E00022254B20463146C1
:10A49000F6F7F6F9F6F796FD102409E0002C0ADB32
:10A4A0000A220023F5F7EEFE039B30321A55641E94
:10A4B00050EA0102F2D1641C039AC4F1110314445E
:10A4C000119A012A03D0012208430DD10AE0084362
:10A4D00004D000204FF0110B119072E7A3EB0B0595
:10A4E0006D1E0DE05B4504DD4FF0000205F1010536
:10A4F00004E003DA4FF00002A5F10105002AECD0D8
:10A5000002981199C0E90231C0E9004579E70000DD
:10A51000000014400000F03F300000000000F04355
:10A520000000E03F2DE9F84F9946DDE90BA51746FD
:10A53000D0F8E4310A9E6A469847044600980028FD
:10A5400003D12079B84202D81F48BDE8F88F3DB149
:10A55000206800EB07100078C00701D01B48F4E723
:10A56000B9F1000F0BD00420216800EB0718326806
:10A5700051F80800904205D930601548E5E74FF0E2
:10A580000060E2E7012000EB0710095C8AF8001088
:10A590002068082101EB071150F8085041582A465D
:10A5A0004846F5F7A6FE9AF80000092809D1216867
:10A5B00051F808003168884203D2002109F80510DB
:10A5C0006D1C00203560C0E711000906010001067E
:10A5D000050004057047704730380A2801D2012071
:10A5E000704700207047704770477047704770474A
:10A5F00070477047016A0978002902D1812202F070
:10A60000A6BB70472DE9FF4F95B09A46884606468F
:10A610000025EEE1252877D100242746F94A0121BB
:10A62000039400E0044316F8013F203B01FA03F0D5
:10A630001042F7D130782A2811D06FF02F033078EC
:10A64000A0F13002092A16D8039A44F0020402EB62
:10A65000820203EB42021044761C0390EFE758F8A5
:10A66000042B0392002A03DA504244F4005403906E
:10A6700044F00204761C30782E2816D116F8010F0B
:10A6800044F004042A280DD06FF02F023078A0F196
:10A690003003092B09D807EB870302EB4303C718E4
:10A6A000761CF3E758F8047B761C30786C280FD0C2
:10A6B00006DC4C2817D068280DD06A2814D104E095
:10A6C000742810D07A280FD10DE044F400140AE069
:10A6D00044F4801401E044F440147278824202D1C0
:10A6E00004F58014761C761C307866280BD013DCB9
:10A6F000582877D009DC002875D04528F6D04628A0
:10A70000F4D047281AD193E118E0632835D06428A3
:10A7100079D0652812D18BE1702873D008DC6728C6
:10A72000F1D069286FD06E280DD06F2806D1ACE02B
:10A7300073282CD0752874D0782853D05246179996
:10A7400090476D1C54E1C4F30250022809D003283D
:10A750000DD0D8F8001004280DD00D6008F10408C1
:10A7600046E1D8F80010EA17C1E90052F6E7D8F838
:10A7700000100D80F2E70D70F0E718F8041B8DF85B
:10A78000001000208DF80100EB46012003E058F88E
:10A7900004BB4FF0FF3061074FF0000102D40DE021
:10A7A00009F101018946B9420FDA8145F8DB1BF84E
:10A7B00009100029F4D108E009F10101894681421C
:10A7C000FADB1BF809100029F6D103985346A0EBD9
:10A7D000090721463846179A00F080FA284400EB12
:10A7E000090507E044E008E10DE01BF8010B5246C3
:10A7F00017999047B9F10109F7D2534621463846D7
:10A80000179AF2E039E00A21C4F302524FF0000B2C
:10A810000091022A06D058F8040BC117032A09D068
:10A820000AE023E008F1070020F00702F2E8020145
:10A83000904605E000B2C117042A01D140B2C11709
:10A84000002906DA0A460021404261EB02012D226E
:10A8500002E0220504D52B228DF80420012203E01A
:10A86000E20701D02022F7E7914657E00A2100E0F5
:10A8700010214FF0000B00910BE010214FF0000B66
:10A8800044F004040827009103E008204FF0000B77
:10A890000090C4F30252022A05D058F8040B00219C
:10A8A000032A08D008E008F1070020F00702F2E8C8
:10A8B0000201904603E080B2042A00D1C0B24FF0FA
:10A8C000000922072AD53278702A07D0DDF800C0A7
:10A8D0008CF0100C5CEA0B0C05D00EE040228DF8D9
:10A8E0000420012208E050EA010306D030238DF84D
:10A8F00004308DF8052002229146009B83F0080366
:10A9000053EA0B030AD150EA010201D1620705D5CF
:10A9100030228DF804204FF001097F1E3278582A2A
:10A9200004D039A20C920CAA02920BE03BA2F9E7E8
:10A930005B46009AF5F7A6FC0C9B9B5C029A521EA4
:10A940000292137050EA0102F2D1029804A9081A87
:10A9500000F1200B600702D524F4803400E00127C9
:10A960005F4502DDA7EB0B0000E0002000EB0B01D0
:10A97000009003984944401A0390E00306D45346DC
:10A980002146179A039800F0A9F90544002706E02C
:10A9900001A85246C05D179990476D1C7F1C4F451A
:10A9A000F6DBE0030CD553462146179A039800F0D6
:10A9B00095F9054404E030205246179990476D1CE4
:10A9C0000099481E00900029F5DC08E002980299E1
:10A9D00052460078491C0291179990476D1CBBF1B3
:10A9E0000001ABF1010BF1DC5BE100F065F905441E
:10A9F000761C307800287FF40DAE19B02846BDE8EB
:10AA0000F08F0000092801003031323334353637F9
:10AA100038396162636465660000000030313233AA
:10AA2000343536373839414243444546000000004A
:10AA3000600700D4062708F1070020F00700F0E8BF
:10AA40000223804603F0004C5FEA0C0001D097A07F
:10AA500009E0200501D596A005E0E00701D095A00A
:10AA600001E0AFF24C001390307823F000436528EA
:10AA70000CD006DC452809D046281DD047287FD1B8
:10AA80003BE0662818D067287AD136E00021112FE4
:10AA900001DB112000E0781CCDE9000104A90CA81D
:10AAA000FFF77EFCDDE90D010C9A4FF0000B07F17A
:10AAB0000109109200914EE04FF000400097CDE95F
:10AAC000011004A90CA8FFF76BFCDDE90D020C9B3B
:10AAD0000F994FF0000B91461093009211B9791C19
:10AAE00000EB0109B7EB090003D4C0F1FF3B07F10C
:10AAF0000109A9EB0700019042E0012F00DA0127CC
:10AB00000021112F01DD112000E03846CDE90001C0
:10AB100004A90CA8FFF744FCDDE90D010C9A009193
:10AB20004FF0000BB946109221070FD4009A4A4506
:10AB300003DA914601E0A9F10109B9F1010F05DD40
:10AB4000109AA9F10101515C3029F4D0B84202DA1F
:10AB500010F1040F03DA0121CDE9011010E0002803
:10AB600003DC8344A9EB000102E0411C494500DD00
:10AB70008946A0EB0B00401C01904FF00040029072
:10AB8000200705D40198484502DB4FF0FF300190C3
:10AB900000208DF84B0002980DF14B07B0F1004FEB
:10ABA00025D002200C902B200D90029800280CDA62
:10ABB000404202902D200D9007E00A210298F6F7FE
:10ABC00089F83031029007F8011D0C99481E0C904D
:10ABD0000029F2DC02980028EFD1791E0D98087048
:10ABE000307800F0200040F0450007F8020D11A871
:10ABF000C01BC01D02901398007800B1012000EB2B
:10AC00000901019801EBE071029801440398401A90
:10AC1000401E0390E00306D453462146179A03983A
:10AC200000F05CF805441398007818B15246179963
:10AC300090476D1CE00323D553462146179A03988D
:10AC400000F04CF805441BE0BBF1000F07DB009857
:10AC5000584504DD1098179910F80B0001E017997A
:10AC600030205246904701980BF1010B401E05F130
:10AC70000105019004D12E205246179990476D1C72
:10AC8000B9F10001A9F10109DEDC05E017F8010BBB
:10AC90005246179990476D1C0299481E0290002950
:10ACA000F4DC53462146179A03989EE62D000000D7
:10ACB0002B000000200000002DE9F0410446002593
:10ACC0001E461746880404D405E039462020B047C4
:10ACD0006D1C641EF9D52846BDE8F0812DE9F041D0
:10ACE000044600251E469046C80301D5302700E0E3
:10ACF0002027880404D505E041463846B0476D1C3E
:10AD0000641EF9D52846BDE8F0812DE9F04F85B0E5
:10AD10001C4692460646DDF838B0DDF84080F6F76E
:10AD20009BFD0546FE280DD2014602AB02223046AD
:10AD300001F0B3F928B102AA0221304601F091F9DD
:10AD400018B1FF2005B0BDE8F08F0AF0FF094FEA07
:10AD50001A27B8F1000F28D00520CDE9004053464E
:10AD60002A469DF80810304601F02EFE9DF8081086
:10AD7000A020C1EBC10101EB410106EB810103AA57
:10AD800081F873B08DF80C0010208DF80D908DF8BF
:10AD900010008DF80E7005208DF80F400021115421
:10ADA000401CC0B20828FAD324E00320CDE90040BB
:10ADB00053462A469DF80810304601F005FE9DF8DE
:10ADC00008104020C1EBC10101EB410106EB8101FC
:10ADD00003AA81F873B08DF80C008DF80D908DF8F2
:10ADE0000E7004208DF80F4000211154401CC0B299
:10ADF0000828FAD39DF808100F98C1EBC10101EBA8
:10AE0000410106EB8101134688672A46022130463C
:10AE100005F01DFB002895D09DF80810304605F080
:10AE20008DF98EE72DE9FE4F0446406900258946DD
:10AE30000689A069078994F8820000280ED0002EA8
:10AE40006AD0A846CDF80080CDF80480CDF80880FF
:10AE500060E005286ED00B2858D0FF20BDE8FE8F9B
:10AE6000606850F8360081690968002901DA0B2012
:10AE700024E0806AB9F1000F23D00178E9B3F0290A
:10AE800025D8A26805EBC50112F811305B1CDBB2B6
:10AE900002F811300278934219D1A268204602F8D4
:10AEA0001180CDF80080CDF804806A462946CDF89F
:10AEB000088000F0B9F90028D9D10520BE42C8D9D0
:10AEC0002AE00078FF2829D0FE2827D01CE000784F
:10AED000FC2818D105EBC50A0622A16802EB4A003E
:10AEE0000A182946204600F09FF90028A06810F8AB
:10AEF0001A1003D021F0010202E016E041F0010235
:10AF000000F81A20B3E780B1BE4205D86D1C761C4C
:10AF1000EDB2B6B2BE42A3D900209FE7A06805EB10
:10AF2000C50110F81100C007EDE72946204605F0DD
:10AF3000C1F99CE76A462946204605F074FA96E76F
:10AF40002DE9FF4F81B01546DDE90E76D0F8E431EA
:10AF500080466A460299984704460098002803D123
:10AF60002079A84203D82E4805B0BDE8F08F2EB155
:10AF7000206800EB05100078022828D00121206805
:10AF800001EB051110F801A0042101EB0511465851
:10AF90000C2101EB051150F80190386808B1B0425E
:10AFA0003AD8D8F8242050460499904700900028B9
:10AFB000DAD10820216800EB051B3A6851F80B0034
:10AFC0000499F5F796F9BAF1090F02D009E015488E
:10AFD000CAE73868B04204D22368002253F80B1045
:10AFE0000A543E60B9F1000F07D02A462146404678
:10AFF0004B46984700900028B6D1206800EB05101A
:10B000000078400706D5D8F8E83140462A4602992C
:10B010009847A9E70020A7E703483E60A4E700009F
:10B020001100090602000106100007064A68002AFE
:10B0300006D00A68531C0B6010704868401E4860B8
:10B0400070477047002070472DE9F04F85B090465B
:10B050000EAADDF84C9092E8100C1F460546202CF5
:10B0600011D8F6F7F9FB0646FE280DD2014602ABD1
:10B070000222284601F011F828B102AA022128462E
:10B0800000F0EFFF18B1FF2005B0BDE8F08FB9F177
:10B09000000F13D00420CDE90070434632469DF8DE
:10B0A0000810284601F090FC9DF80800C0EBC00095
:10B0B00000EB400005EB8000046609E00220CDE9CA
:10B0C0000070434632469DF80810284601F07CFC8B
:10B0D0009DF80800C0EBC00000EB400005EB8000CD
:10B0E00044639DF808100020C1EBC10101EB410150
:10B0F00005EB810181F873A00EE000BF9DF80820E8
:10B100001BF80010C2EBC20202EB420205EB820206
:10B110000244401C82F83C10A042EFD303A9B9F1CD
:10B12000000F0DD0C2208DF80C000020C30024FABF
:10B1300003F20B18401CC0B21A710428F6D328E0A1
:10B14000042C19D8C4F10400232242EA80009DF89F
:10B1500008208DF80C00C2EBC20202EB4202042070
:10B1600005EB8202131893F838300B54401CC0B220
:10B170000828F7D394630CE021208DF80C00002000
:10B18000C30024FA03F20B18401CC0B21A71042841
:10B19000F6D39DF808108DF80D804FEA1820C1EB0A
:10B1A000C1018DF80E0001EB410105EB81018DF825
:10B1B0000F701198886703AB32460221284605F0CC
:10B1C00046F900283FF460AF9DF80810284604F0C7
:10B1D000B5FF58E730B5044606480023026803E08F
:10B1E00012F8015B25705B1C8B42F9DB026008469C
:10B1F00030BD0000D001002010B530B1036823B18C
:10B20000D0E90121914201D204E0002010BD491C87
:10B21000816020B1914202D25C5C202CF7D991422E
:10B22000F4D1491E816010BD2DE9F04F436983467A
:10B23000914618895B89C00000EBC102DBF804006D
:10B24000DB0003EBC1010F180244386889B0002607
:10B25000D0F808A01068354680690088C0F30A015C
:10B26000A9F8001089F802600020049005901821C8
:10B270003A6801EB061152581368190C13F0FF04D9
:10B280002ED02B190793402B2AD8A4F1010C0123AF
:10B2900003EBDC0CCDF818C01288CDE902030DF1E8
:10B2A000200C0DF11808CDE9008CC2F3072204AB85
:10B2B0005846FFF737F918B1FF2009B0BDE8F08F05
:10B2C00009EBD502121D0092002005F00701CDE91F
:10B2D0000110002320461A4604A9F6F78FF9079DAE
:10B2E000761C9AF80000F6B2B042BDD801206D1E5F
:10B2F00000EBD50089F803000020DEE72DE9F041DE
:10B3000004460027104E1BE0A0892568C0050BD419
:10B31000A06820B1FFF7F2FFA089C00504D420691E
:10B3200010B1716888472761A089800504D4206A1C
:10B3300010B17168884727627168204688472C469B
:10B34000002CE1D1BDE8F08108000020002200F0CF
:10B3500064BF000030B50D4C0D4A0E4B0E4988B14C
:10B360000A60056805B10D604B60406800B1486037
:10B37000002088600868904203D14868984200D154
:10B380008C6030BD81E81C0030BD000061FF00080A
:10B3900031A30008ADA200080800002010B5016824
:10B3A00028208847040002D02821F4F7BBFF20465C
:10B3B00010BD0022114600F06FB800002DE9F047E3
:10B3C00088B00F4604469A4616461C216846F4F794
:10B3D000A9FF2F480025002C0560456055D0814607
:10B3E000E7B3CDE900470295D9E90212D9F8100078
:10B3F0000491CDE9052009F10800FFF7CFFF5FEACE
:10B4000000082BD000986F4608B1029808B10027B9
:10B410000BE00198042808D903221EA10098F4F734
:10B42000AEFF10B90298C01C02903846FFF7E4FE48
:10B430000146404602F0EAFA68B1BAF1000F13D0B3
:10B440006846FFF7D9FEDDE90101814203D2029986
:10B450000098405C40B14046FFF750FFDDE9011025
:10B4600088420AD205460BE01EB1029900980844B2
:10B470003060404608B0BDE8F087081E00D0451E89
:10B480000EB160193060C9E900450020F2E7000004
:10B4900000000020EFBBBF0070B515460E4604004B
:10B4A00009D0F4F74AFF411C2B4632462046BDE83E
:10B4B0007040FFF783BF002070BD70B54FF6FF727C
:10B4C00000234AF201050EE0C45C6240012412F040
:10B4D000010F4FEA520200D06A40641CE4B2082C0B
:10B4E000F5D95B1CDBB28B42EED3100A40EA022096
:10B4F00080B270BD10B50948F7F788F808B108A008
:10B5000005E002210548F6F757FC20B10FA0FEF731
:10B5100093FE002010BD012010BD0000F41A002091
:10B5200043414E31207374617274206661696C65A9
:10B53000642C73746F7020537461727443616E5421
:10B540006573745461736B210D0A0000456E61626E
:10B550006C652043414E31206E6F7469666963618A
:10B5600074696F6E206661696C6564210D0A000064
:10B5700010B50948F7F74AF808B108A005E002211C
:10B580000548F6F719FC20B10FA0FEF755FE002084
:10B5900010BD012010BD00001C1B002043414E3295
:10B5A000207374617274206661696C65642C7374B5
:10B5B0006F7020537461727443616E546573745478
:10B5C00061736B210D0A0000456E61626C6520435A
:10B5D000414E32206E6F74696669636174696F6E83
:10B5E000206661696C6564210D0A000030B40A8828
:10B5F000D3090F2B35D2DFE803F02D0818181818DF
:10B6000018181818181F1F342600802A06D090F822
:10B610007F20002A25D030BC02F076BA90F8801046
:10B6200000291ED030BC03F07FBE90F88220002A93
:10B6300017D030BC02F044BB90F87E20002A10D016
:10B6400030BC02F04FBC90F88120002A09D030BCF9
:10B6500002F0B8BA026A1278002A02D030BC02F0B6
:10B6600065BA30BC7047000030B50C463C4987B025
:10B6700091F8E121002182422FD12088CDE90001FB
:10B680000291A07800B102200390E07804908DF838
:10B690001410F7F7CFFA054608E000BFF7F7CAFA2B
:10B6A000401B642802D921882EA032E03548F6F7E5
:10B6B00000FD0028F2D006AB221D69463148F6F79E
:10B6C0008DFB040043D02F48F6F77DFC02462D4841
:10B6D0000068836821462CA034E03B4A92F8E121BF
:10B6E000824239D12088CDE900010291A07800B1D1
:10B6F00002200390E07804908DF81410F7F79AFA7E
:10B70000054609E0F7F796FA401B642804D921881A
:10B710002EA0FEF791FD17E03448F6F7CAFC00288A
:10B72000F0D006AB221D69463048F6F757FB0400FF
:10B730000DD02E48F6F747FC02462C480068836877
:10B7400021462BA0FEF778FD012007B030BD0A206E
:10B7500001F009FD0020F8E7014635A0D9E7000017
:10B760000007002043414E312054582074696D6514
:10B770006F75742C20434F422D49443D3078255835
:10B780000D0A0000F41A002043414E312054582085
:10B790004552524F523A2048414C2073746174759F
:10B7A000733D25642C2048414C5F43414E20657217
:10B7B000726F723D3078256C782C205453523D3096
:10B7C00078256C780D0A0000F40D002043414E32BC
:10B7D0002054582074696D656F75742C20434F4256
:10B7E0002D49443D307825580D0A00001C1B0020CF
:10B7F00043414E32205458204552524F523A20482D
:10B80000414C207374617475733D25642C2048414C
:10B810004C5F43414E206572726F723D3078256CEB
:10B82000782C205453523D3078256C780D0A000056
:10B83000496E76616C69642043414E2068616E6494
:10B840006C653A2025640D0A000000001CB5044810
:10B850000090044801906846FFF77CFD1CBD000085
:10B86000FDFC0008690D010870B50446082802D9DE
:10B870004FF0FF3070BD4FF4847000EB441005466C
:10B880001021FDF73DFC2846FDF7D4FB0028FAD136
:10B890004FF4027000EB44101F21FDF731FC0D49FD
:10B8A0000120A0404A8882434A808A8882438A8055
:10B8B0000949002021F814000649891D08554FF454
:10B8C000427000EB44142046FDF7B4FB0028FAD187
:10B8D000012070BD84010020D48D002038B51446AD
:10B8E0000546F5F7B9FF0146FE2801D3852038BD8E
:10B8F0006B462246284600F0FCFB08B1FF2038BD0D
:10B900009DF80010284604F019FC002038BD000006
:10B910002DE9F04117460E460446082803D94FF09A
:10B92000FF30BDE8F08160014FF001080830FDF7FD
:10B9300081FB00F00F00012802D06FF00400F0E757
:10B940004FF4427000EB44100546FDF773FB1328DB
:10B9500002D06FF00200E4E73078717801EB00204C
:10B96000B17801EB0020F17801EB0020411C2CD0D4
:10B9700058B36FB340F6084000EB44100422314640
:10B98000FDF7EEFB41F20800390A00EB4410FDF729
:10B99000B7FB41F20810F9B200EB4410FDF7B0FB21
:10B9A0004FF4847000EB441006460421FDF7A8FB19
:10B9B0003046FDF73FFB0028FAD1164908FA04F09B
:10B9C000498808421AD00020ABE76FF00B00A8E7C7
:10B9D0006FF00A00A5E72046FDF72CFB000706D50F
:10B9E00020460821FDF78CFB6FF00C0099E72846F4
:10B9F000FDF720FB30B96FF0030092E74FF40270BF
:10BA000000EB44142846FDF715FB1728E3D101206D
:10BA100087E700008401002010B50C4606281ED2DE
:10BA2000DFE800F003070B101418204605F0A0FE15
:10BA300013E0204605F004FE0FE02078BDE810403A
:10BA400005F0C2BE05F028FE207006E0204605F095
:10BA5000CDFE02E0204605F022FE002010BD4FF092
:10BA6000FF3010BD2DE9F0410C46002102464F1E6B
:10BA700008464FF498554FF4A056102A63D2DFE8D9
:10BA800002F0080B17131A1E222C3645484C595049
:10BA9000555C05F0C2FE4DE014B1204604F10801EA
:10BAA000BDE8F04105F00FBE208805F07DFD41E0C6
:10BAB00005F0A8FD05E0208805F04CFE3AE005F011
:10BAC000B0FD208036E02088010A2846FDF718FBEB
:10BAD00021783046FDF714FB2CE03046FDF7AAFA3A
:10BAE00006462846FDF7A6FA06EB0020E9E71748C8
:10BAF00082782270C27862700279A2704279E27014
:10BB000082792271C0796071A17113E005F000FFA4
:10BB100010E0204605F011FF0CE0204605F0B9FECC
:10BB200008E02078BDE8F04105F02CBF05F0E3FE09
:10BB300005E020700020BDE8F08105F0D1FEC0B224
:10BB400041B2491CF5D13846F5E700009C010020C0
:10BB50002DE9F0418EB088460546002404F0A2F994
:10BB600000214F1E06460E2808D2DFE800F06B07C2
:10BB70006B096B48486B076B076B076A044669E003
:10BB8000089108AA6969E8680292CDE9031007AB39
:10BB90000AA8CDE9000305A8031D421C09A9801CC1
:10BBA000F9F774FE01285FD109988DF8140005AAF1
:10BBB0000AA9284600F064F89DF81400F0B30128A3
:10BBC00002D0022808D037E0BDF81800009000230A
:10BBD0000422A968286906E0BDF818000090002337
:10BBE0000522A9682869F9F7BDFF011E24DD424638
:10BBF000284604F0EEFB0446401C2CD022E0E86806
:10BC0000009001AA02A903A86B69F9F7EDFD0128CC
:10BC100012D1BDF804000090052E10D00722002399
:10BC2000A9682869F9F79EFF011E05DD42462846EE
:10BC300004F0CFFB040005D03C460CE002E00622F5
:10BC4000EDE72977284600F02DFF18B107A0FEF791
:10BC5000F3FAF1E744B1286A10B12846F9F768FD14
:10BC60000EB02046BDE8F0813446F9E76B6565709B
:10BC7000616C697665206661696C65640D0A000017
:10BC80002DE9FC479146884606464FF0FF340025D3
:10BC900006EBC507B96AD1B34046F9F7D2FE70BBCF
:10BCA000D8E901100A18BB6A20E000BF90F800C074
:10BCB000BCF12F0F0AD02B290BD0232913D06145BB
:10BCC00018D12B2905D023290DD00DE02F2911D112
:10BCD0000AE0411C01E0811C401C914204D2097819
:10BCE0002F29F8D100E0501E401C5B1C197809B1C7
:10BCF0009042DBD390420AD111F0FF0F07D1F86ACE
:10BD000028B1CDE90098F96A6846884700246D1C7F
:10BD1000052DBDDB601C07D1306D28B1CDE9009841
:10BD2000316D6846884700242046BDE8FC87000046
:10BD30002DE9F0470446082803D94FF0FF30BDE84D
:10BD4000F087600101250830FDF774F900F00F005D
:10BD5000012801D0A81FF2E74FF4847000EB4410D3
:10BD600006460821FDF7CCF9F6F764FF074608E020
:10BD7000F6F760FFC01BC82803D91EA0FEF75CFAC7
:10BD800004E03046FDF756F90028F1D12048A540DF
:10BD90008188A94381804088054201D00020CEE7F8
:10BDA000F6F748FF07464FF4027000EB44164FF4D5
:10BDB00042706FF00C094FF4FA7800EB441512E072
:10BDC0003046FDF737F9000704D52046FFF74CFD54
:10BDD0004846B4E7F6F72EFFC01B404503D90DA037
:10BDE000FEF72AFAF1E72846FDF724F90028E7D103
:10BDF0000120A4E7646973636F6E6E6563743A2013
:10BE0000536E5F43522074696D656F75740D0A003F
:10BE100084010020646973636F6E6E6563743A20F9
:10BE2000534F434B5F434C4F5345442074696D65FA
:10BE30006F75742C20666F72636520636C6F736519
:10BE40000D0A000010B50446054B002241F2030123
:10BE5000FBF738F8D4F808120020087010BD000075
:10BE6000E96C000870472DE9FE439946DDE90A7642
:10BE700015468846044602AB00F00FF990BB012D31
:10BE800004D19DF80810204604F058F9022D29D15C
:10BE90009DF80800C0EBC00000EB400004EB800000
:10BEA000B0F97400F5F772FC9DF80810C1EBC10100
:10BEB00001EB410104EB8101A1F874009DF8081029
:10BEC0008520C1EBC10101EB410104EB810181F847
:10BED0002A009DF80800C0EBC00000EB400004EB16
:10BEE0008000C662CDE900764B4642462946204690
:10BEF00004F0E9FA002800D0FF20BDE8FE8300002E
:10BF000013B54FF0FF33012269460248F8F702FBF0
:10BF100000981CBDB01C002006480068406A064915
:10BF20000A68904202D24FF6FF7318444968801A9B
:10BF3000084470479C1B0020341000200168A1F5C4
:10BF40007F42FF3A03D0491C016008467047012137
:10BF5000FAE70068007870472DE9F8430025089F4C
:10BF60001C46904606463D60F5F776FC0146FE28E5
:10BF700005D26B460222304600F08FF818B18520BA
:10BF80002560BDE8F8839DF80000C0EBC00000EB21
:10BF9000400006EB800090F82A10012909D0802982
:10BFA00001D0852902D1C16A3960256090F82A0044
:10BFB000E7E7416B09B9816B41639DF80000216897
:10BFC000C0EBC00000EB400006EB8000406B8142FC
:10BFD00002D28A202560D4E7206000200CE000BF58
:10BFE000C1EBC10101EB410106EB8101014491F874
:10BFF0003C2008F80020401C216881429DF8001078
:10C00000EED8304604F09AF80120BAE770B504463D
:10C0100090F84001012802D16068F7F72DFE94F8EE
:10C020003F1104F1BC0021B1FBF727F86FF00205C6
:10C030000BE004F11301FBF727F884F89300B4F840
:10C040009C100546491CA4F89C1094F84001012856
:10C0500005D1012204F1A6016068F8F701FA28462B
:10C0600070BD10B50023C3EBC30404EB440400EB24
:10C07000840494F82A402CB15B1C13F0FF03F2D027
:10C08000FF2010BD1370C3EBC30202EB420200EBB2
:10C09000820080F82910002010BD70B50024C4EB88
:10C0A000C40505EB450500EB850595F82A606EB1E2
:10C0B000852E0BD095F828608E4207D195F829502F
:10C0C000954203D103B11C70002070BD641C14F0B4
:10C0D000FF04E4D0FF2070BDC1EBC10101EB4101C1
:10C0E00000EB8101486B08B1896B401A1060002099
:10C0F000704770B50024C4EBC40505EB450500EBA3
:10C10000850595F82A605EB195F828608E4207D1C2
:10C1100095F82950954203D103B11C70002070BDE1
:10C12000641C14F0FF04E6D0FF2070BD2DE9F0413F
:10C1300042F2086101EB401542F20871002601EB62
:10C1400040142846FCF776FF07462046FCF772FFAE
:10C1500000EB072007043F0C09D02846FCF76AFFD4
:10C1600006462046FCF766FF00EB062086B2BE427C
:10C17000E7D13046BDE8F0812DE9F04142F20801F7
:10C1800001EB401542F20811002601EB401428464D
:10C19000FCF750FF07462046FCF74CFF00EB07205A
:10C1A00007043F0C09D02846FCF744FF064620460A
:10C1B000FCF740FF00EB062086B2BE42E7D13046D6
:10C1C000BDE8F08138B5054600208DF8000010600C
:10C1D00014462846F5F740FB0146FE2805D26B467B
:10C1E00002222846FFF759FF08B1852038BD9DF887
:10C1F0000010C1EBC10000EB400005EB8000C26AFB
:10C20000226090F82A000128F0D1284603F096FF1A
:10C21000012038BD90F8410170472DE9F041884672
:10C22000A8B3B8F1000F33D084680AB90AE02468D3
:10C230006CB3216A59B34046F4F786F80028F6D16A
:10C2400020E024681CB3266A5FEA0805F9D0002EB6
:10C25000F7D0B54218D002E098B16D1C761C287852
:10C26000F4F741F807463078F4F73DF8874228782C
:10C27000F2D0F4F738F805463078F4F734F8854210
:10C28000DFD124B1206A10B12046BDE8F081FFE77C
:10C290000020FAE72DE9F84380462B4E01200323C6
:10C2A0002A4C0D4640F2026C871E02B304F13001A5
:10C2B00008704B70A1F802C08880404603F059FF17
:10C2C000E06B3034009094E80E004046FAF71CFB17
:10C2D0003946012004F01CFC014610F10B0F29D057
:10C2E0001BA000BFFDF7A8FF0020BDE8F883174999
:10C2F000203108704B70A1F802C08880404603F0DE
:10C3000038FFE06A2034009094E80E004046FAF7C7
:10C31000FBFA3946012004F0FBFB014610F10B0F3C
:10C3200001D013A0DEE74046FFF774FF0028DCD001
:10C33000306905E04046FFF76DFF0028D5D07069F1
:10C34000408828800120D0E718000020D417002062
:10C350005220726561642052454143484544206E35
:10C360006F7469667956616C3A25640D0A000000A5
:10C370004C20726561642052454143484544206E1B
:10C380006F7469667956616C3A25640D0A00000085
:10C390002DE9F8430D462F4E03212F4C81464FF0D7
:10C3A000010840F209634FF0020C0F1F0AB304F1B9
:10C3B000300080F8008041704380A0F804C04846F7
:10C3C00003F0D7FEE06B3034009094E80E0048464E
:10C3D000FAF79AFA3946012004F09AFB014610F167
:10C3E0000B0F2AD01DA000BFFDF726FF0020BDE8DF
:10C3F000F8831948203080F8008041704380A0F80D
:10C4000004C0484603F0B5FEE06A2034009094E88A
:10C410000E004846FAF778FA3946012004F078FB16
:10C42000014610F10B0F01D013A0DDE74846FFF7DE
:10C43000F1FE0028DBD0306905E04846FFF7EAFE50
:10C440000028D4D07069D0F802004FEA304028604C
:10C450000120CCE718000020D4170020522072657C
:10C46000616420504F53206E6F7469667956616C19
:10C470003A25640D0A0000004C207265616420506A
:10C480004F53206E6F7469667956616C3A25640D5E
:10C490000A00000000F5A170704700000148007814
:10C4A00070470000C80100202DE9F84380462B4E5C
:10C4B000012003232A4C0D4640F2126C871E02B362
:10C4C00004F1300108704B70A1F802C0888040462A
:10C4D00003F04FFEE06B3034009094E80E004046CD
:10C4E000FAF712FA3946012004F012FB014610F166
:10C4F0000B0F29D01BA000BFFDF79EFE0020BDE85A
:10C50000F8831749203108704B70A1F802C0888069
:10C51000404603F02EFEE06A2034009094E80E00BE
:10C520004046FAF7F1F93946012004F0F1FA0146E4
:10C5300010F10B0F01D013A0DEE74046FFF76AFEB3
:10C540000028DCD0306905E04046FFF763FE002894
:10C55000D5D07069408828800120D0E718000020DD
:10C56000D4170020522072656164205741524E4911
:10C570004E47206E6F7469667956616C3A25640D7A
:10C580000A0000004C2072656164205741524E49F8
:10C590004E47206E6F7469667956616C3A25640D5A
:10C5A0000A0000002DE9FF4F81B0080C1FFA82FC41
:10C5B0009EB21022DFF82CA14B4C0E9D89B24FF495
:10C5C000817704234FF0060B4FF001084FF4FA79FE
:10C5D0000DB3012D7DD10AF1100528806980A5F8E1
:10C5E00004C0EE8005F1200686F800807270778026
:10C5F000B380B560DAF83C0057460090D7E90C12DA
:10C600002B460198FAF780F94946012004F080FA98
:10C6100000283ED043E0334D28806980A5F804C04F
:10C62000EE8005F1200686F8008072707780B38076
:10C63000B560DAF82C0057460090D7E908122B466F
:10C640000198FAF761F94946012004F061FA0B30CC
:10C6500005D026A0FDF7F0FDA088401CA080A5F81D
:10C66000008086F801B04FF484717180A6F80480D0
:10C67000B560F86A0090D7E908122B460198FAF7DE
:10C6800043F94946012004F043FA002827D117A0B6
:10C690001EE020A0FDF7D0FDA088401CA080A5F8DA
:10C6A000008086F801B04FF484717180A6F8048090
:10C6B000B560F86B0090D7E90C122B460198FAF799
:10C6C00023F94946012004F023FA0B3007D011A0CA
:10C6D00000E004E0FDF7B0FDA088401CA08005B09C
:10C6E000BDE8F08FD4170020180000204C65667458
:10C6F0002067726970706572206D6F646275732057
:10C7000071756572792074696D656F7574210D0A94
:10C710000000000052696768742067726970706574
:10C7200072206D6F64627573207175657279207403
:10C73000696D656F7574210D0A0000002DE9FE43D7
:10C7400080460020471E364C0D460090ADF8040090
:10C75000ADF808003E0CE2B101202870024669469F
:10C760004046FFF715FE002842D00098A86001223D
:10C7700001A94046FFF78EFD002841D0BDF8040016
:10C78000A881012202A94046FFF78EFE00283FD073
:10C7900017E02870002269464046FFF7F9FDA8B16E
:10C7A0000098A860002201A94046FFF773FDA8B1D8
:10C7B000BDF80400A881002202A94046FFF774FEDC
:10C7C000A0B1BDF80800E881BDE8FE8315A0FDF723
:10C7D00033FDAF60A088401CA080E3E71BA0FDF7FD
:10C7E0002BFDAE81A088401CA080E4E721A010E0D2
:10C7F0002AA0FDF721FDAF60A088401CA080B6E70D
:10C8000030A0FDF719FDAE81A088401CA080B8E7DC
:10C8100036A0FDF711FDEE81A088401CA080D3E773
:10C820001800002052656164206C656674205245D2
:10C83000475F5245414C54494D455F504F53206628
:10C8400061696C6564210D0A000000004C2072656E
:10C850006164206C656674205245475F504F535F9A
:10C8600052454143484544206661696C6564210D29
:10C870000A0000004C2072656164206C65667420BB
:10C880005245475F5741524E494E475F494E464FCA
:10C89000206661696C6564210D0A00005220726592
:10C8A0006164207269676874205245475F52454150
:10C8B0004C54494D455F504F53206661696C656427
:10C8C000210D0A00522072656164207269676874E4
:10C8D000205245475F504F535F52454143484544BE
:10C8E000206661696C6564210D0A00005220726542
:10C8F0006164207269676874205245475F574152EE
:10C900004E494E475F494E464F206661696C6564EB
:10C91000210D0A00F8B505461A4B002241F2170115
:10C92000FAF7D0FA002685F8E061344615E000BF3A
:10C93000D5F8A00030F8240003041B0C0BD06420B1
:10C940004343114A214628460096FAF701FED5F8DE
:10C95000A41021F81400641CE4B2D5F89C000078FF
:10C96000A042E5D8D5F8A8000388002B09D06420A0
:10C970004343064A002128460093FAF7E9FDA5F84B
:10C98000AC00F8BD9D6C0008D1150008256E0008AC
:10C9900070B5054600240BE0D5F8A40030F914006A
:10C9A000F4F7F4FED5F8A41021F81400641CE4B2E6
:10C9B000D5F89C000078A042EED835F9AC0FF4F71A
:10C9C000E5FE288070BD00002DE9F8431746DDE93B
:10C9D0000896C1EBC102002502EB4202984600EB2B
:10C9E0008204022E2CD0032E2AD0042E28D0052E0D
:10C9F00026D0B4F97400F4F7C9FE00BFA4F874009F
:10CA000084F82870A4F8308084F8329084F82A6082
:10CA100084F82B506563A56384F85C5084F85D50FE
:10CA200084F85E502566656684F8685084F869501D
:10CA300084F86A5084F873500020A567BDE8F88335
:10CA4000024B034A0095FAF783FDD7E7E093040011
:10CA5000E97000082DE9F0410B3020F00706104D79
:10CA600019E02068B04215D3B0420AD9871B201DB7
:10CA7000D4F80480F3F73DFCA019C0E900782860E1
:10CA800004E060682860201DF3F733FC201D266059
:10CA9000BDE8F081251D2C68002CE2D10020F7E7CD
:10CAA000401000207CB504468069002550B304F195
:10CAB0005800FBF7D6FD04F1600618B93046FBF7C5
:10CAC000D0FDF8B1207F10B14FF0FF351AE0684675
:10CAD000FBF7BFFD4FF47A716846FBF7B2FDA16822
:10CAE0002069F9F72DF9011E0CDD6A46204603F096
:10CAF00070FC050006D140F6B8313046FBF7A1FDC9
:10CB00000120207728467CBD10B50446FFF702FFC0
:10CB10002046BDE8104000F0C1BA10B50446FFF74A
:10CB200037FF2046BDE8104000F0F4BAC1EBC10168
:10CB300030B501EB410100EB81018C6BA01820287E
:10CB400002D84D6BA84201D9FF2030BD002006E07D
:10CB500025180D4495F83C501D54401CC0B290421D
:10CB6000F6D3886B10448863002030BD3B4D2C68A1
:10CB7000F6F7D4F8FBF79EFBF9F716FCF4F7E6FCA2
:10CB8000F9F764FAF9F70EFBF9F7ECFDF9F706FE91
:10CB9000F9F726FEF9F7A8FDF9F7C2FD304931A0F3
:10CBA000FDF74AFBFAF7DAF9FAF7D0F9FAF7BEF926
:10CBB000A00002D52DA0FDF73FFB200114D52FA02A
:10CBC000FDF73AFBFAF79AF9FAF7A8F930A0FDF762
:10CBD00033FB42F21070F5F719FFFAF787F9FAF70D
:10CBE00095F931A0FDF728FBE00002D533A0FDF751
:10CBF00023FB002C02DA36A0FDF71EFB286840F06C
:10CC000080702860F9F76CFAF9F710FDF9F798FAD7
:10CC1000F8F738FDFAF728F9FCF7AAF8010003D075
:10CC200030A0FDF709FB02E037A0FDF705FBF9F79F
:10CC3000AFFC3D483B4901600621416040F2E241C2
:10CC40008160F6F72FF808B172B6FEE700F0A0FA9F
:10CC5000F9F7EEFA00F0AEFAFEE700007438024091
:10CC6000E02A010825730D0A0000000049574447D7
:10CC70002072657365740D0A00000000506F7765BF
:10CC8000722D6F6E2072657365740D0A00000000CE
:10CC900041726D7320706F776572206F6E207374B0
:10CCA0006172740D0A00000041726D7320706F771D
:10CCB0006572206F6E20656E640D0A00536F667496
:10CCC000776172652072657365740D0A000000005B
:10CCD0004C6F772D706F7765722072657365740D78
:10CCE0000A000000573535303020696E69742066BF
:10CCF00061696C65642C726573756C742069733A34
:10CD000025640D0A00000000573535303020696E6B
:10CD10006974207375636365737366756C6C792EC3
:10CD20000D0A000000300040481000200EB541F40C
:10CD3000E061ADF8001001218DF8021000218DF89E
:10CD4000031090F8E1016946FEF78EFC0EBD0EB5AA
:10CD50000023ADF800308DF802308DF80420022356
:10CD60008DF805108DF8033090F8E1016946FEF763
:10CD70007BFC0EBDF0B500688FB08068FEF719FB34
:10CD800006007DD01C216846F3F7CCFA55A1304649
:10CD9000FEF7DCFA4069009054A13046FEF7D6FA5F
:10CDA000074654A13046FEF7D1FA544C0546BFB1B0
:10CDB00053A13846FEF7CAFA4069019053A138469C
:10CDC000FEF7C4FA4069029052A13846FEF7BEFA57
:10CDD0004069002303901A466946206D00F064FA0A
:10CDE000BDB147A12846FEF7B1FA4069049047A1BA
:10CDF0002846FEF7ABFA4069059046A12846FEF7A3
:10CE0000A5FA4069002306901A466946606D00F055
:10CE10004BFA182107A8F3F785FA40A13046FEF730
:10CE200095FA07463FA13046FEF790FA0546BFB196
:10CE30003EA13846FEF78AFA4069079030A138468D
:10CE4000FEF784FA406908903BA13846FEF77EFA67
:10CE50004069002309901A4607A9206E00F024FAC1
:10CE6000CDB132A12846FEF771FA40690A9024A19B
:10CE70002846FEF76BFA40690B902FA1284600E088
:10CE80002DE0FEF763FA406900230C901A4607A9CB
:10CE9000606E00F009FA00200D900E9029A1304636
:10CEA000FEF754FA070017D028A1FEF74FFA0546FF
:10CEB00028A13846FEF74AFA75B168B169690D9143
:10CEC00040690E90024625A0FDF7B6F900231A46E8
:10CED0000DA9E06D00F0E8F93046FEF70FFA0FB04B
:10CEE000F0BD00006D6F6465000000006C65667445
:10CEF00000000000726967687400000018000020DC
:10CF0000706F736974696F6E0000000073706565FF
:10CF100064000000746F7271756500006B696E6368
:10CF20006F0000007A65726F6572720069735F65E9
:10CF30006E61626C6500000076656C6F6369747980
:10CF4000000000006770696F000000007479706570
:10CF50000000000073746174650000004750494F81
:10CF600020636D6420747970653D25642C20737492
:10CF70006174653D25640D0A0000000010B59CB089
:10CF800000285AD090F842100DF14C0C90F8454012
:10CF900090F8443090F843208CE81E00D0E90E123F
:10CFA0000DF13C0C90F8414090F840308CE81E00A8
:10CFB0000DF12C0CC16A438E028E446B8CE81E006E
:10CFC000D0E90934018C0DF11C0C428C8CE81E0058
:10CFD000D0E905120DF10C0CC48B838B8CE81E007C
:10CFE0008168C38982898DE80E004FF4007443681C
:10CFF000144A21461448FDF72FF9002801DBA0420E
:10D0000003D312A0FDF718F916E000208DF85C009C
:10D010008DF85D008DF85E000B481990F3F78DF9DF
:10D020001A90124817AAC1691148F8F739FD010092
:10D0300005D010A0FDF700F900201CB010BD0120A4
:10D04000FBE70000543101088C1800204D51545466
:10D05000204A534F4E207061796C6F6164206F7667
:10D060006572666C6F77210D0A00000018000020C1
:10D07000641000204D515454207075626C697368BF
:10D0800020537973537461747573206661696C659C
:10D09000642C2072633D25640D0A000038B50446F7
:10D0A0001A4B002241F20C01F9F70CFF174B00223A
:10D0B00041F20D012046F9F705FFD4F83C01038841
:10D0C000002B21D0D4F84001007800281CD0642027
:10D0D00043430F4A002120460093FAF739FAA4F897
:10D0E00034010020211891F8B4200F2A08D02268BA
:10D0F0001278824204D0D4F84021127881F8442179
:10D10000401CC0B28028EDD338BD0000D56C0008AB
:10D11000351B000810B50446B0F93401F4F736FBAE
:10D12000A4F8340110BD10B586B0202204AC0492DE
:10D130000094012205ABCDE90132C1EBC10101EB45
:10D14000410100EB8104039204F13C0394F8322086
:10D15000218EFDF7E7F9002803D1049860630020D1
:10D16000A06306B010BD10B5EFF3058111B16FF0EB
:10D17000050403E0002408B103F0C6FE204610BDFC
:10D18000EFF3058008B105F093BA05F08BBA000003
:10D19000EFF3058010B16FF0050070470448016897
:10D1A00011B14FF0FF30704701210160002070473E
:10D1B0005401002010B5EFF3058010B16FF00500A9
:10D1C00010BD08480168012902D04FF0FF3010BDA2
:10D1D000054A002182F8141D0221016003F0D2FFEC
:10D1E000002010BD540100200BE000E0F8B51D4602
:10D1F0006FF003026FF002064FF00004EFF30583B7
:10D20000A3B1F0B1E9B1E5B9002200926A4604F099
:10D21000A7FF012817D10098B0B10C494FF08050FA
:10D220000860BFF34F8FBFF36F8F0DE048B141B17E
:10D230002A4604F0F9FE012806D025B16FF001045A
:10D2400002E0144600E034462046F8BD04ED00E05C
:10D25000F8B514464FF00005EFF3058212BB08B392
:10D2600001B3A4B1D4E9023263B1502A1AD32269BE
:10D27000C2B1676900FB01F6B74213D3009504F011
:10D28000FEFC07E072B9226962B9626952B90022F4
:10D2900004F0D4FC050005D00CB1216800E00021A9
:10D2A00003F0D0FD2846F8BDF8B51D466FF0030227
:10D2B0006FF002064FF00004EFF30583ABB100B34B
:10D2C000F9B1F5B90022134600926A4604F0FEFD5A
:10D2D000012818D10098B8B10C494FF0805008606F
:10D2E000BFF34F8FBFF36F8F0EE050B149B10023F2
:10D2F0002A4604F03BFD012806D025B16FF0010459
:10D3000002E0144600E034462046F8BD04ED00E09B
:10D31000F8B50D460024211F4E1C002804D000BF84
:10D32000EFF30582A2B10DB10C461BE000216A4665
:10D33000009104F015FF012813D1009890B10A491B
:10D340004FF080500860BFF34F8FBFF36F8F09E03D
:10D35000294604F053FF012804D015B16FF00104F1
:10D3600000E034462046F8BD04ED00E0F8B5144670
:10D3700003460E464FF00005EFF3058098BB93B3CC
:10D380009E423DD84CB1A0680028E06803D05028E8
:10D3900036D3012002E008B132E00020012B05D095
:10D3A00010B31846A26804F01EFC20E040B1032030
:10D3B0000090002211460120A36804F060FC04E004
:10D3C00003220021012004F039FC050018D086B1A9
:10D3D00000231A46194604F0C9FC012809D0284642
:10D3E00003F044FD00250BE0184604F0DFFB0500C8
:10D3F00006D00CB1216800E00021284603F022FD90
:10D400002846F8BD38B50024E51E00280BD000BF23
:10D41000EFF30581A9B100210091694604F0B5FD43
:10D42000012815D102E06FF0030412E0009880B1EA
:10D4300009494FF080500860BFF34F8FBFF36F8FE3
:10D4400007E000231A46194604F090FC012800D09A
:10D450002C46204638BD000004ED00E005F00EB972
:10D460002DE9FF414FEA01034FF00005EFF305817D
:10D47000039549BB40B38027182100244AB316689E
:10D4800006B1344696691EB13146761E382E02D258
:10D490001679F60703D0002004B0BDE8F081566984
:10D4A00006B1B708D2F808C0BCF1000F0DD0D5689E
:10D4B0005C2D18D312693AB136B18DE806103A46A0
:10D4C000214604F0BEFF03900DE0D6685EB91269F4
:10D4D0004AB903AACDE90012BAB2214604F084FF8A
:10D4E000012800D003950398D6E700002DE9FC47FA
:10D4F0001C469046894607464FF00006EFF305802C
:10D5000058BB57B3082002F0F9FB050025D0C5E948
:10D510000078B9F1000F12D00122114B002094B114
:10D52000216801B10846A16859B1E4682C2C11D3D7
:10D53000CDE900312B46012105F056FA08E0002222
:10D54000EBE7E16831B900932B46012105F032FA8F
:10D55000060002D1284603F007FC3046BDE8FC87F0
:10D560001586000808B5EFF3058212B16FF00500CB
:10D5700008BD58B10022134600920A46042105F066
:10D580007BFA012805D06FF0020008BD6FF00300A0
:10D5900008BD002008BD2DE9F04107460025C868F8
:10D5A0000C462E46B0F57A7F5BD2401CE0602168C5
:10D5B000A068095C5B2954D1401CA0602046FDF79F
:10D5C0001BFE4CB1D4E90110884203D22268125CE0
:10D5D0005D2A33D0884203D3A068401EA06040E09B
:10D5E000401E04F11008A0604046FDF7D7FE98B336
:10D5F0000DB3306046600646A068401CA06020461F
:10D60000FDF7FAFD2146304600F000FA30B320461F
:10D61000FDF7F2FD14B3D4E90110884203D221686A
:10D62000095C2C29E0D06268904217D22168085C1E
:10D630005D2813D102E005462E46DDE7E068401E76
:10D64000E06005B16E602020C7E90250A068401C70
:10D65000A0600120BDE8F081FFE715B12846FDF785
:10D660004DFE0020F6E7034610B500200246995C07
:10D67000A1F13004092C01D830380AE0A1F14104AD
:10D68000052C01D8373804E0A1F16104052C08D835
:10D6900057380844032A00D20001521C042AE6D35A
:10D6A00010BD002010BD00002DE9F0474FF000092B
:10D6B0002DED028B82B007460C004FF02E0A484633
:10D6C0004D46C846CDF8009041D02368DBB3D4E97D
:10D6D000012122E05E18865D342E1BD00ADCA6F103
:10D6E0002B06092E1CD2DFE806F0151B152F1B1583
:10D6F00015151500382E0DD006DC352E0AD0362E25
:10D7000008D0372E0CD105E0392E03D0452E01D09C
:10D71000652E05D16D1C401C14B10E189642D9D34C
:10D720002169681C8847060011D0A16820682A4634
:10D7300001443046F2F7DDFD06F80590B8F1000F20
:10D7400013D000200FE002E04FF00108E2E70020D4
:10D7500002B0BDEC028BBDE8F087315C2E2901D10F
:10D7600006F800A0401CA842F7D369463046FCF7F3
:10D77000CBFD0098B0EE408AF0EE608A864203D17D
:10D78000616930468847E2E79FED150B87ED068B10
:10D7900053EC102B51EC180BF3F768FA02D86FF02A
:10D7A00000400FE09FED100B51EC180B53EC102BC9
:10D7B000F3F744FA02D84FF0004003E051EC180BA5
:10D7C000F3F704FA78610820F8600099A068891BD3
:10D7D0000844A0606169304688470120B8E700002E
:10D7E0000000C0FFFFFFDF41000000000000E0C1BB
:10D7F0002DE9F04107460026C8680C463546B0F5CD
:10D800007A7F7BD2401CE060002C77D0D4E90110F5
:10D81000884273D22168095C7B296FD1401CA060CB
:10D820002046FDF7E9FCD4E90110884203D22268C2
:10D83000125C7D2A4FD08842A0F10100A0605DD229
:10D8400004F110084046FDF7A9FDE8B30EB32860C7
:10D8500045600546CCB3D4E90110401C88424AD249
:10D86000A0602046FDF7C8FC2146284600F048F895
:10D8700058B32046FDF7C0FC2869286200202861C3
:10D88000D4E90110884236D22168095C3A2932D1A4
:10D8900002E006463546DDE7401CA0602046FDF765
:10D8A000ABFC2146284600F0B1F870B12046FDF7E8
:10D8B000A3FCD4E90110884203D22168095C2C2919
:10D8C000C0D06268904201E014E014E013D22168F5
:10D8D000085C7D280FD1E068401EE06006B17560ED
:10D8E0004020C7E90260A068401CA0600120BDE89C
:10D8F000F08103E016B13046FDF700FD0020F6E7A9
:10D900002DE9F84380468B6808684FF00009C41879
:10D91000CDF8009008680E46651CC15C641C222985
:10D920006ED10022716808E0BCF15C0F04D17F1C4D
:10D930008F4265D2521C641C641C271A8F4204D289
:10D9400094F800C0BCF1220FEED1271A8F4257D2B3
:10D950002178222954D11844201A801A3169401C98
:10D96000884707004CD0009737E029785C2905D01C
:10D9700000986D1C00F8011B00902EE00220611B36
:10D98000012939DB6A78662A14D008DC222A12D0F1
:10D990002F2A10D05C2A0ED0622A2DD108E06E2AE0
:10D9A0000ED0722A0ED0742A0ED0752A24D10DE022
:10D9B000082200E00C22009901F8012B00910BE0F5
:10D9C0000A22F8E70D22F6E70922F4E76A46214623
:10D9D000284603F0D1F878B10544A542C5D3009993
:10D9E00081F800901021C8E903173068201A401C04
:10D9F000B0600120BDE8F88317B1716938468847E7
:10DA000015B13068281AB0600020F3E770B50C003B
:10DA100005465ED0206800285BD0A16863680A1DB7
:10DA20009A4205D80844042231A1F2F7A8FC78B341
:10DA3000A0686268411D0126914206D8216805222E
:10DA400008442DA1F2F79BFC28B3A0686268011D71
:10DA5000914206D821680422084429A1F2F78FFCDC
:10DA6000E8B1D4E90101814203D22268525C222A42
:10DA70001DD0814221D22268525C2D2A02D0303A38
:10DA8000092A1AD821462846BDE87040FFF70CBE87
:10DA90000420E86006E0EE60A068401D04E002207B
:10DAA0006E61E860A068001DA060012070BD214685
:10DAB0002846BDE87040FFF723BF814203D22268A9
:10DAC000525C5B2A07D0814203D22068405C7B28ED
:10DAD00007D0002070BD21462846BDE87040FFF702
:10DAE0005ABD21462846BDE87040FFF781BE0000C0
:10DAF0006E756C6C0000000066616C736500000060
:10DB0000747275650000000038B5CA78082A0CD117
:10DB100011F8042B02F07F0531F8022B11F8013BBC
:10DB20000091D0F838422946A04738BD70B5044668
:10DB300090F87C007F2803D0052801D004283FD12D
:10DB40004A791AB123681B789A4239D10979802918
:10DB500025D009DC01291CD0022931D17F2801D030
:10DB600005282DD1042126E081291ED0822927D124
:10DB70002046FEF7EEF9D4F89810054609B1204684
:10DB800088472168FF2008702946204602F02AFDB8
:10DB900010E07F2801D0042812D105210BE00528D0
:10DBA00001D004280CD17F2105E0D4F8941009B1EC
:10DBB0002046884700212046BDE8704002F0C6BDDF
:10DBC00070BD00002DE9FE43044608784FF00008C0
:10DBD00000F07F068878012818D00879A51900F090
:10DBE0007F07D4F84001007885F8440195F8B40027
:10DBF000B84207D0D4F8DC313A463146204698473F
:10DC000085F8B47095F8B40038B32BE0206800783C
:10DC1000B04220D120684146007800F5E060ADF8C0
:10DC2000000001208DF803008DF8028094F87C201C
:10DC30008DF8042094F8E03133B142F080008DF883
:10DC4000040084F8E01101E084F8E00194F8E101B7
:10DC50006946FDF709FDBDE8FE83D4F8D8213146B9
:10DC60002046904795F8B4000F28F4D000251EE018
:10DC7000D4F8A00050F82510C1F30740864214D113
:10DC8000D4F8A4008FB230F91500F3F77FFD6420BB
:10DC900007FB00F3094A29462046CDF80080F9F732
:10DCA00057FCD4F8A41021F815006D1CEDB2D4F87F
:10DCB0009C000078A842DBD8CDE70000D115000811
:10DCC0002DE9F04F894604460222002199F802000E
:10DCD00089B00D4610B101287ED09AE06369A6692B
:10DCE0009888B68820B994E0022A04D0042A0FD07C
:10DCF000B042F9D98DE0B9F80020676857F830C014
:10DD0000DCF818C0DCF800C094450CD1B04210D843
:10DD1000DF886268F80000EBC50B002652F80B00A4
:10DD2000D0F8088046E06D1C401C80B2EDB2B042D5
:10DD3000E4D96EE0002003900490636853F80B2050
:10DD4000182303EB0613D2585FEA020A65D09AF84B
:10DD5000002012F0FF0207922AD00A44069299F896
:10DD60000330B2EBC30F23D803AACDE9002001F0A2
:10DD7000070209EBD10103460290091D0798F3F74A
:10DD80003DFC07980121401E01EBE000059005AA2B
:10DD900000200092CDE90101DAF8000003ABC0F3E6
:10DDA0000722010C2046FDF7CBF8B0BB0698C1B2A4
:10DDB000761CF6B298F80000B042BBD8E068F8B123
:10DDC000616851F83710896D0E88CEB130F91500B1
:10DDD000F3F7DCFC002000E00CE00090642006FB80
:10DDE00000F3294620462269F9F7B2FBE16821F8E1
:10DDF00015000EE06069A26901210089128930B91D
:10DE000007E001290AD004291BD005293CD0904203
:10DE1000F7D9002009B0BDE8F08F3BE0B9F8003039
:10DE2000D4F8041051F83060B66936689E4201D1CA
:10DE3000042116E06D1C401C80B2EDB29042F1D975
:10DE4000E7E7616851F83010896A0B78FD2B07D03D
:10DE5000D9B2FC2908D0FF291ED0FE291CD019E018
:10DE600005219042CFD9D4E7A36805EBC50113F88B
:10DE70001160F60706D0062000EB4100191894F84F
:10DE8000E1012CE09042C4D86A4629462046FDF7BD
:10DE9000CBF908B3FF20BDE7A16805EBC50602205A
:10DEA00000EB4607C85FF3F771FCA168C853A1688F
:10DEB000042000EB4607C85FF3F768FCA168C8536D
:10DEC000A06810F8161021F0010100F8161029467C
:10DED0002046F8F71DFF9CE794F8E1016946FDF73D
:10DEE000C3FB96E72DE9F04F8DB000268DF8086052
:10DEF0000C9604464069A36981460D4600881A883D
:10DF00003146D8B14FF0040C904217D867680CEB3B
:10DF1000C00817F80880B8F1010F72D957F83070AF
:10DF2000B5F80080BF693F68474502D101270391DA
:10DF300025E0491C401CC9B280B2E5E7B9F80200EF
:10DF40005A88002100285CD00423904259D8676881
:10DF500003EBC00C17F80CC0BCF1030F51D957F8F4
:10DF60003070B5F800C0BF6A3F68674511D10391B2
:10DF70006168022751F83000806B00780C90E878D7
:10DF80004FF00069082809D0CDE9006900233A461E
:10DF90009CE0491C401CC9B280B2D6E702AB3A46AD
:10DFA00020460399FEF779F8E8B9012F02D0022F35
:10DFB0000DD018E09DF80810C1EBC10101EB410143
:10DFC00004EB810191F82A10042921D00BE09DF87F
:10DFD0000810C1EBC10101EB410104EB810191F893
:10DFE0002A10052914D029794909DFF85484DFF86B
:10DFF00054A405F108020DF1180B089207296FD2FD
:10E0000000E067E0DFE801F009FDFCFB86FAF900BB
:10E01000297980297ED00621E7E7012F02D0002848
:10E0200079D051E0E8BB9DF80800C0EBC00000EBE0
:10E03000400004EB800090F82A10022944D1B0F986
:10E040007400411C1DD0F3F7A1FB9DF80810FE4B96
:10E05000C1EBC10101EB410104EB8101FB4AA1F8D5
:10E06000740000969DF808102046F9F771FA9DF8A3
:10E070000810C1EBC10101EB410104EB8101A1F8E2
:10E0800074009DF80800C0EBC00000EB400004EBFA
:10E090008000018E059190F8328090F82B1028793D
:10E0A00000E011E0C0F3001291427DD1C0F34200C4
:10E0B000C0F107026B1D0A929DF808102046F9F77F
:10E0C000EFF8002871D10CE00023FDE3204603990E
:10E0D000FDF7C9FE0DB0FF20BDE8F08F059BF4E30E
:10E0E000F4E39DF808002021C0EBC00000EB4000E5
:10E0F00004EB800090F82B0041EA00108DF8180026
:10E10000012059460E54401C0828FBD306AB394663
:10E11000204601E0E3E322E0039A02F098F99DF83B
:10E120000800C0EBC00000EB400004EB800090F85A
:10E130002B1079B15FF0000180F82B102879C0070F
:10E140007DD09DF808102046F9F790F820B1CDE970
:10E150000080C3E70121EFE79DF80810FEE39DF87A
:10E160000800C0EBC00000EB400004EB800090F81A
:10E170002A100329A8D1B0F97400411C20D0F3F76C
:10E1800005FB9DF80810B04BC1EBC10101EB41014B
:10E1900004EB8101AD4AA1F8740000969DF80810C7
:10E1A0002046F9F7D5F901E09BE09BE09DF80810C7
:10E1B000C1EBC10101EB410104EB8101A1F8740045
:10E1C0009DF80800C0EBC00000EB400004EB8000AD
:10E1D000018E059190F8328090F82B102879C0F3C9
:10E1E000001291427DD1C0F34200C0F107026B1DC5
:10E1F0000A929DF80810204604E0FDE3B6E35AE2D7
:10E200004FE13CE0F9F74CF800286BD19DF808008D
:10E21000C0EBC00000EB400004EB800191F82B0044
:10E22000F8B1002081F82B002979C9071BD000BF65
:10E230009DF80800C0EBC00000EB400000E058E390
:10E2400004EB8000B0F97400F3F7A0FA9DF8081011
:10E25000C1EBC10101EB410104EB8101A1F87400A4
:10E26000FBE10120DEE7602141EA00108DF8180093
:10E27000012059460E54401C0828FBD31AE2012FF6
:10E280006CD000287FF4CDAE9DF80800C0EBC00034
:10E2900000EB400004EB800090F82A100229F1D135
:10E2A000B0F97400411C20D0F3F770FA9DF8081003
:10E2B000654BC1EBC10101EB410104EB8101634AF4
:10E2C000A1F8740000969DF808102046F9F740F96F
:10E2D0009DF80810C1EBC10101EB410104EB810184
:10E2E00001E093E0B4E0A1F874009DF80810C1EBE0
:10E2F000C10000EB400004EB8000028E059290F814
:10E3000032802A7990F82B00C2F3001290427DD11E
:10E310000AAA2046FDF7E0FE0A98002888D00728C0
:10E320009DF80800C0EBC00000EB400004EB80014A
:10E3300091F82B006BD9E8B35FF0000081F82B0057
:10E3400000018DF818009DF808100BF10103072259
:10E350002046FEF7EBFB00287AD18FE7B5F80510D1
:10E36000059195F807A040B102AA39462046FDF76D
:10E3700078FE28B1CDE900A8B0E6CDE900A8ADE669
:10E380000220CDE900A09DF808102046059B039AC5
:10E39000FEF71AFB28794108C90726D09DF8081016
:10E3A000C0F38100C0F10400C1EBC1010A9001EB90
:10E3B000410100E051E004EB810148639DF8081041
:10E3C0002046089B0A9AF8F76BFF20BB9DF80810BF
:10E3D0002046F8F74BFF10B1CDE900A07EE69DF88E
:10E3E0000810204601F0AAFE18E0C00716D0287ACF
:10E3F000697AEA7A00EB0120A97A090401EB02614B
:10E4000042180A929DF80810204601E0F7E126E044
:10E4100002F08EF910B1CDE900A95FE660208DF819
:10E42000180005988DF81900000A8DF81A008DF86B
:10E430001BA0042059460E54401C0828FBD339E188
:10E440002100000800000305E0930400E9700008C3
:10E450009AE020460C9990474BE201206EE7B0B15C
:10E460005FF0000081F82B000A9A0001C2F1070357
:10E4700040EA4300401C8DF818009DF808100BF18D
:10E4800001032046FEF752FB00287DD101E0012068
:10E49000E8E759460A9800E00E54401C0828FBD3D0
:10E4A00008E1012F4DD000287FF4BBAD9DF8080096
:10E4B000C0EBC00000EB400004EB800090F82A1095
:10E4C0000329F1D1B0F97400411C1DD0F3F75EF9B6
:10E4D0009DF80810FA4BC1EBC10101EB410104EBBF
:10E4E0008101F84AA1F8740000969DF808102046B2
:10E4F000F9F72EF89DF80810C1EBC10101EB4101BD
:10E5000004EB8101A1F874009DF80800C0EBC00085
:10E5100000EB400004EB8000B0F830A090F83280AF
:10E5200028794108C9076ED0C0F38100C0F1040208
:10E530000A929DF808102046089BF8F7B1FEE0BB50
:10E540006BE0B5F80510ED798A4650B102AA39465C
:10E550002046FDF786FD30B15346CDE900583A46D6
:10E56000B4E50B46F9E70320CDE9005053469DF88A
:10E5700008102046039AFEF727FA9DF80810204657
:10E58000FEF7D1FD30B100E077E1CDE90050534610
:10E590003A469BE50AAA9DF808102046FDF79CFD27
:10E5A0000A9A042A16D941208DF818008DF819A06E
:10E5B0004FEA1A208DF81A0000E06DE08DF81C205B
:10E5C000100A8DF81D00100C8DF81E008DF81B50E0
:10E5D000100E59E2C2F10400432141EA80008DF897
:10E5E00018008DF819A04FEA1A208DF81A008DF83E
:10E5F0001B500BF104039DF808102046FEF796FA15
:10E6000010B1534658E134E00A985946001D01E024
:10E610000E54401C0828FBD339E19DF80800C0EBDC
:10E62000C00000EB400004EB8000B0F97400F3F789
:10E63000ADF89DF80810C1EBC10101EB410104EBFD
:10E640008101A1F874009DF808100A98C1EBC1017E
:10E6500001EB410104EB810148639DF808100120A2
:10E66000C1EBC10101EB410104EB810181F82A00FA
:10E670006DE1C00715D0287A697AEA7A00EB0120AB
:10E68000A97A090401EB026142180A929DF8081068
:10E69000204602F04DF820B153463A46CDE90089B4
:10E6A00014E560208DF81800012059460E54401CD6
:10E6B0000828FBD365E2012F5CD000287FF4B1ACC1
:10E6C0009DF80800C0EBC00000EB400004EB8000A8
:10E6D00090F82A100229F1D1B0F97400411C1DD024
:10E6E000F3F754F89DF80810754BC1EBC10101EB2D
:10E6F000410104EB8101734AA1F8740000969DF872
:10E7000008102046F8F724FF9DF80810C1EBC1015E
:10E7100001EB410104EB8101A1F874009DF80810A0
:10E720000AAAC1EBC10000EB400004EB8000B0F886
:10E73000308090F832502046FDF7CEFC0A9A002A2D
:10E740003FF476AD9DF80810072AC1EBC10000EB3D
:10E75000400004EB800090F82B004FEA00107CD9B9
:10E760008DF818000BF1010307222046FEF7DEF9B1
:10E77000E8BB06E20028A1D19DF80800C0EBC0006C
:10E7800000EB400004EB800090F82A10032995D19B
:10E79000B0F97400411C1DD0F2F7F8FF9DF8081085
:10E7A000474BC1EBC10101EB410104EB8101454A3B
:10E7B000A1F8740000969DF808102046F8F7C8FEEE
:10E7C0009DF80810C1EBC10101EB410104EB81018F
:10E7D000A1F874009DF80810C1EBC10000EB4000E7
:10E7E00004EB8000028E059290F8328000E062E037
:10E7F0002A7990F82B00C2F30012904202D0CDE9A2
:10E80000008A6BE40AAA2046FDF766FC9DF8081012
:10E810000A9AC1EBC10000EB400004EB8000072A1C
:10E8200090F82B004FEA00101AD98DF818000BF160
:10E83000010307222046FEF779F9F0B99DF8080098
:10E84000C0EBC00000EB400004EB800090F82B1000
:10E8500021B1002180F82B1093E11FE00121F9E79D
:10E86000C2F1070340EA4300401C8DF818000BF189
:10E8700001032046FEF75AF910B1CDE900892DE4D5
:10E8800059460A9800E00E54401C0828FBD306ABFA
:10E8900039462046039A01F0DAFD5DE4C2F1070330
:10E8A00040EA4300401C8DF818000BF1010320469C
:10E8B000FEF73CF958B14346CDE900593A4605E424
:10E8C000E0930400E970000882E0FDE3FDE35946AF
:10E8D0000A9800E00E54401C0828FBD351E1AA7AA4
:10E8E0002989012F62F31F41EA7A41EA026501D0CA
:10E8F00018B195E20028D0D092E29DF80800C0EB54
:10E90000C00000EB400004EB8000B0F97400F2F7A7
:10E910003DFF9DF80810C1EBC10101EB410104EB83
:10E920008101A1F874009DF808108020C1EBC1019D
:10E9300001EB410104EB810181F82A009DF80800F8
:10E94000C0EBC00000EB400004EB8000C5629DF806
:10E950000800C0EBC00000EB400000E0A6E004EBC4
:10E960008000826F002A7FF474AD59E22979012F6B
:10E9700001F0030A0BD0BAF1000F7CD0BAF1020FFC
:10E9800079D0BAF1010F3FF453ACFFF79DBBBAF158
:10E99000000F09D0BAF1010F79D0BAF1020F6CD093
:10E9A000BAF1030F69D03BE2B5F80510EE7989465C
:10E9B00028B1287A7F2804D9FB480B4637E00B465C
:10E9C00006E002AA39462046FDF74BFB20B14B4634
:10E9D000CDE900683A46C3E50520CDE900604B4625
:10E9E0009DF808102046039AFDF7EEFF28799DF860
:10E9F0000810C0F3800000E03EE2C1EBC10101EB72
:10EA0000410104EB810181F85C009DF80810287A2F
:10EA1000C1EBC10101EB410104EB810181F85D0013
:10EA20009DF808102046FEF77EFB20B14B46CDE94D
:10EA300000603A4694E50AAA9DF808102046FDF7C2
:10EA40004BFB9DF808100A98C1EBC10101EB410195
:10EA500004EB81010866C2208DF818008DF819902A
:10EA60004FEA19208DF81A000A988DF81B608DF86E
:10EA70001C00010A02E0EEE009E01BE08DF81D1029
:10EA8000010C8DF81E10000E8DF81F008CE300287D
:10EA90007FF47BAF9DF80810C1EBC10000EB400094
:10EAA00004EB800090F82A000528F1D1204601F0FF
:10EAB00045FBE8E30028EBD19DF80800C0EBC0005F
:10EAC00000EB400004EB800090F82A100529DFD10C
:10EAD000B0F97400411C1DD0F2F758FE9DF80810E3
:10EAE000B24BC1EBC10101EB410104EB8101B04A22
:10EAF000A1F8740000969DF808102046F8F728FD4C
:10EB00009DF80810C1EBC10101EB410104EB81014B
:10EB1000A1F874009DF80800BAF1020FC0EBC00024
:10EB200000EB400004EB8000018E059190F832105C
:10EB30000B9140D1A97980F85D1068790AAA00F09C
:10EB40007F039DF808102046FDF7C6FA0A98C8B959
:10EB50009DF80800C0EBC00000EB400004EB800013
:10EB600090F8681099420DD190F86910C12040EAE0
:10EB700081008DF81800012059460E54401C0828C9
:10EB8000FBD311E39DF80800C3EBC302C0EBC00048
:10EB900000EB400004EB8000416E114481639DF85E
:10EBA0000800C0EBC00000EB400004EB8000406BAD
:10EBB00081423FF6EAAE9DF808000125C0EBC00097
:10EBC00000EB400004EB8000816B41661EE000BF5B
:10EBD00081F868500AAA9DF808102046FDF77CFAD3
:10EBE0000A9807281FD98DF818500BF10103072246
:10EBF0009DF808102046FDF799FF08BB06AB394683
:10EC00002046039A01F023FC6D1CEDB29DF808002C
:10EC1000C0EBC00000EB400004EB800191F85D0008
:10EC2000A842D5D22FE345F080008DF818005D464C
:10EC30006B1C9DF8081020460A9AFDF777FF18B163
:10EC40000B99CDE90019DCE50A9800E02E54401C30
:10EC50000828FBD3FCE000287FF497AE9DF808005D
:10EC6000C0EBC00000EB400004EB800090F82A10DD
:10EC70000429F1D1018E059190F832100B91B0F971
:10EC80007400411C1DD0F2F781FD9DF80810474B20
:10EC9000C1EBC10101EB410104EB8101444AA1F840
:10ECA000740000969DF808102046F8F751FC9DF876
:10ECB0000810C1EBC10101EB410104EB8101A1F896
:10ECC0007400BAF1000F07D0A8797F2820D93649FF
:10ECD0000B98CDE9000194E5287A7F28F7D89DF8B4
:10ECE00008102879C1EBC10101EB410104EB81015E
:10ECF000C0F3800081F85C009DF80810287AC1EB11
:10ED0000C10101EB410104EB810181F85D0051E09B
:10ED10009DF808100AAAC1EBC10101EB410104EB07
:10ED2000810181F85D0068799DF8081000F07F038B
:10ED30002046FDF7D1F90A98C8B99DF80800C0EB44
:10ED4000C00000EB400004EB800090F8681099428E
:10ED50000DD190F86910C12040EA81008DF81800AB
:10ED6000012059460E54401C0828FBD31CE29DF894
:10ED70000800C3EBC302C0EBC00000EB400004EB93
:10ED80008000416E114481639DF80800C0EBC00013
:10ED900000EB400004EB8000406B81420AD90B99E4
:10EDA000CDE900182DE5000002000405E093040001
:10EDB000E97000089DF808000125C0EBC00000EBD9
:10EDC000400004EB8000816B41661DE080F86850D4
:10EDD0000AAA9DF808102046FDF77EF90A98072830
:10EDE0001FD98DF818500BF1010307229DF8081068
:10EDF0002046FDF79BFE08BB06AB39462046039A2A
:10EE000001F025FB6D1CEDB29DF80800C0EBC000C1
:10EE100000EB400004EB800090F85D10A942D5D2D1
:10EE200031E245F080008DF818005D466B1C9DF8BE
:10EE3000081020460A9AFDF779FE18B10B98CDE923
:10EE40000009DEE40A9800E02E54401C0828FBD399
:10EE500006AB39462046039A01F0F9FA9DF80810EE
:10EE60000A98C1EBC10101EB410104EB8101C0F142
:10EE7000070081F8690006E24FF0100A012F3CD02C
:10EE800000287FF482AD9DF80800C0EBC00000EBC5
:10EE9000400004EB8000B0F97400411C1DD0F2F773
:10EEA00075FC9DF80810C1EBC10101EB410104EBB9
:10EEB0008101A1F87400FE4BFE4A00969DF80810EF
:10EEC0002046F8F745FB9DF80810C1EBC10101EBA6
:10EED000410104EB8101A1F874009DF80810C1EB19
:10EEE000C10000EB400004EB800393F86A00E8B334
:10EEF000012874D0022873D0C5E1C0B3287910F07E
:10EF0000010FBED1B5F805B095F8079002AA3946B1
:10EF10002046FDF7A6F820B1CDE900985B463A46B9
:10EF2000CDE40420CDE900905B469DF80810204612
:10EF3000039AFDF749FD9DF808100120C1EBC101BE
:10EF400001EB410104EB810181F86A009DF8081092
:10EF50002879C1EBC10101EB410104EB8101C0F350
:10EF6000800081F85C002879800701E0EAE027E072
:10EF700012D5287A697AEA7A00EB0120A97A090485
:10EF800001EB026108449DF80810C1EBC10101EBDF
:10EF9000410104EB81010866A0208DF818008DF86E
:10EFA0001CA08DF819B04FEA1B208DF81F608DF85A
:10EFB0001A008DF81E608DF81B908DF81D60F3E02F
:10EFC0009DF80800C0EBC00000EB400004EB80009F
:10EFD00090F86A10012904D0022940D053E1EAE0F8
:10EFE00055E1B0F97400411C1DD0F2F7CFFB9DF83C
:10EFF0000810AF4BC1EBC10101EB410104EB8101F2
:10F00000AC4AA1F8740000969DF808102046F8F765
:10F010009FFA9DF80810C1EBC10101EB410104EB1F
:10F020008101A1F87400287900F07F0800069DF89E
:10F030000800C0EBC00000EB400004EB800090F83B
:10F04000681001F1010105D5414575D1022180F813
:10F050006A10BEE0414571D180F86880FBE02979F3
:10F06000C9073FF492ACB0F97400411C1DD0F2F70F
:10F070008DFB9DF808108E4BC1EBC10101EB4101E6
:10F0800004EB81018B4AA1F8740000969DF80810EA
:10F090002046F8F75DFA9DF80810C1EBC10101EBBD
:10F0A000410104EB8101A1F874009DF80810287952
:10F0B000C1EBC10202EB4202C0F3820004EB820307
:10F0C000C0F10702204601E03AE016E16C33F8F7A0
:10F0D000E7F890BB9DF80800C0EBC00000EB4000D3
:10F0E00004EB8000016E11B1826B91427ED1A120B0
:10F0F0008DF81800012059460E54401C0828FBD3F7
:10F1000006AB39462046039A01F0A1F99DF8081094
:10F110002046F8F7ABF800283FF41EA89DF8081029
:10F12000C1EBC10101EB410104EB810191F83220F7
:10F13000CDE900200B8E03E064E094E0A0E0038EB4
:10F140003A4648E42879C00734D1012083F86A00A0
:10F150009DF808102879C1EBC10101EB410104EBD6
:10F160008101C0F3800081F85C002879800712D506
:10F17000287A697AEA7A00EB0120A97A090401EB7E
:10F18000026108449DF80810C1EBC10101EB410187
:10F1900004EB81010866A3208DF818000120594670
:10F1A0000E54401C0828FBD306AB39462046039A70
:10F1B00001F04DF967E0287900F07F08000693F828
:10F1C000680000F1010042D540451BD1022083F8C0
:10F1D0006A009DF80810C1EBC10101EB410104EB8D
:10F1E000810181F868809DF8080000E06FE0C0EBC5
:10F1F000C00000EB400004EB8000696840F86B1F22
:10F20000A9684160A2208DF818009DF8080006AB9F
:10F21000C0EBC00000EB400004EB8000394690F8E2
:10F2200068008DF819008DF81AA007968DF81B60FC
:10F230002046039A01F00BF99DF80800C0EBC000CE
:10F2400000EB400004EB800080F868601BE0404564
:10F2500016D183F868806B1D07229DF808102046A0
:10F26000F8F71EF860B19DF80800C0EBC00000EB95
:10F27000400004EB800090F83220CDE900295EE7E1
:10F28000B8F1100FBED00DB00020BDE8F08F287986
:10F29000C2073EF419AFC0F38200C0F10702204656
:10F2A0006C33F7F7FDFF0028DDD19DF8080003E07F
:10F2B000E0930400E9700008C0EBC00000EB4000E0
:10F2C00004EB8000016E39B1826B914204D090F85A
:10F2D0003220CDE9002832E7A1208DF81800012066
:10F2E00059460E54401C0828FBD306AB394620462D
:10F2F000039A01F0ACF8FEF79BBF0A4920B1CDE9B3
:10F30000006100233A460BE69DF80800C0EBC00000
:10F3100000EB400004EB800090F83220CDE90021A2
:10F320000DE700000100040570B5D0F8D0110446C7
:10F33000884794F88200002809D001212046FBF775
:10F3400071FD0546D4F8D41120468847284670BD83
:10F350002DE9F0410446817D407D02F03BFB0546EE
:10F36000217EE07D02F036FB0246C0F3C700510764
:10F3700001D0401CC0B26075032184F89310E11CD9
:10F38000123000230B5401261846103127E0EF18E5
:10F39000BFB2D4F898E04FEA171C07F00F073EF809
:10F3A0001CC02CFA07FC5FEACC7794F8937006FA3D
:10F3B00000FE17F801C002D04CEA0E0C01E02CEA66
:10F3C0000E0C401CC0B207F801C0072805D994F8FC
:10F3D000937000207F1C84F893705B1C9BB2934257
:10F3E000D5D3500704D094F89300401C84F89300C0
:10F3F00094F893502046AD1C01F09CF868B2BDE82B
:10F40000F0812DE9F0470446817D407D02F0E2FA6B
:10F410008146217EE07D02F0DDFA064600200723CA
:10F420000146012524E004EB030C09EB010297B22D
:10F430009CF813C03A092CFA00FC1CF0010FD4F818
:10F4400098C007F00F0705FA07F73CF8128002D0C2
:10F4500048EA070801E028EA0708401CC0B22CF877
:10F460001280072802D900205B1CDBB2491C89B23C
:10F47000B142D8D3062084F893000825204601F035
:10F4800059F82846BDE8F08770B50446817D407D77
:10F4900002F0A0FA0546217EE07D02F09BFAC0B2A0
:10F4A0004100617503212A1884F8931004F11300B8
:10F4B0001AE000BFD4F8981094F8933031F8151082
:10F4C000090A195494F89310491CC9B284F893108E
:10F4D000D4F8983013F815300B5494F89310491C55
:10F4E0006D1C84F89310ADB2AA42E3D8CDB2204689
:10F4F000AD1C01F01FF868B270BD00002DE9F041AD
:10F50000134C0F460546E6682068001D01F09DFB80
:10F51000681C07D137B12168BDE8F0410D48091DCD
:10F5200001F0E2BB20683544B5424560216805D250
:10F53000A06BBDE8F041091D01F0BEBB606B091D69
:10F5400001F0BAFBA06A854200D2A562BDE8F08155
:10F5500004010020B02400202DE9F041054601F00F
:10F56000CFFB2D4CA068401CA06020682B4F10B131
:10F57000606930B32BE02560A068012827D1002600
:10F5800006EB860007EB800001F088FB761C382E26
:10F59000F6D3234801F082FB2148143001F07EFBB2
:10F5A0001F48283001F07AFB1D483C3001F076FB03
:10F5B0001B48503001F072FB194860631430A0639F
:10F5C00005E02068E96AC06A884200D82560606A60
:10F5D000401C60626864E86A2169884200D9206141
:10F5E00000EB800007EB8000291D01F07DFB01F09E
:10F5F000A7FB606900280CD02068E96AC06A8842CD
:10F6000007D208494FF080500860BFF34F8FBFF317
:10F610006F8FBDE8F0810000040100200020002071
:10F620006024002004ED00E038B501F069FB104CC7
:10F630002068C0B90F4801F031FB0E48143001F0CA
:10F640002DFB0C48E0601430206100200A4B009034
:10F6500003F1500210211E2002F011FB206010B1B6
:10F6600006A101F0EFFBBDE8384001F069BB0000E6
:10F6700040010020F4260020C4240020546D725163
:10F680000000000030B4026C0B46002A0BD0C168A9
:10F690001144C1608468A14201D30168C16030BCDB
:10F6A0001846F0F726BE30BC70472DE9F041856B57
:10F6B000174604460026026C82B1C7B1E068F0F735
:10F6C00018FEE168206C091AE1602268914202D2BA
:10F6D000A168081AE060022F16D017E02068A8B9C8
:10F6E000A06803F051F806460020A0600EE06068B4
:10F6F000F0F7FFFD216C606808446060A1688842F3
:10F7000004D32068606001E005B16D1E6D1CA56327
:10F710003046BDE8F08110B5044690F8590058B164
:10F7200001280CD002280FD0502080F31188BFF39D
:10F730004F8FBFF36F8FFEE7206B01F015FB204664
:10F74000BDE8104001F010BB10BD000010484FF4A0
:10F75000C041420706D0C01D0D4920F00700411AE4
:10F76000C1F5C0410B4A00230144C2E90003083936
:10F77000183A21F0070111604B600B600B1AC0E9C9
:10F78000001393604FF000405360506170470000D9
:10F79000D42D002070010020144E154CA6F29C4779
:10F7A0004FF08058DFF84C9012E000BF01F0A8FA4B
:10F7B000F068C568281D01F048FAA068401EA060E6
:10F7C0006068401E606001F0BBFA2846FFF7A3FFA7
:10F7D00060680028EAD138680128F9D9C9F80080A2
:10F7E000BFF34F8FBFF36F8FF2E700009C24002020
:10F7F0000401002004ED00E0002807D00021816012
:10F8000001600B460A46C16002F0B0BA70470000C2
:10F8100070B51D46049C51B1C4F80020C4E90F0125
:10F820000121204602F05EFA84F84C5070BD24603D
:10F83000F4E700002DE9F05F8846DDE90B941546FA
:10F84000834691009A460A9EA522206BF0F763FD3D
:10F850006FF00301206B01EB8501084420F00707DE
:10F86000780707D0502080F31188BFF34F8FBFF384
:10F870006F8FFEE70025B8F1000F0FD05FF000009A
:10F88000221818F8001082F8341018F8001011B17E
:10F89000401C1028F4D384F8435001E084F834501D
:10F8A000382E00D33726E662C4E91365201D01F027
:10F8B00000FA04F1180001F0FCF92461C6F13800E7
:10F8C0006462A061656584F85850524659463846CE
:10F8D00000F0A0FA2060B9F1000F01D0C9F8004093
:10F8E000BDE8F09F2DE9F0471E46DDE90894174674
:10F8F0000D00804615D0002C11D0FFF795FE04F1C5
:10F900001801C4F8008081E86002201D01F0D1F9DF
:10F91000002F04D014F8280F40F004002070BDE838
:10F92000F087502080F31188BFF34F8FBFF36F8FA4
:10F93000FEE7000030B5114900E011460A68824236
:10F94000FBD34B685C18844203D14068184448607C
:10F95000084643681C18944209D1084C183C246896
:10F96000A24209D052681A4442600A6812680260D2
:10F97000814200D0086030BD0460F9E770010020CA
:10F9800070B5002441600B4D0061914206D8D11A38
:10F990008269914206D2011D286907E09A4203D28A
:10F9A000994201D3012403E0011DE86801F084F9C4
:10F9B000204670BD4001002010B5044601F0A0F9BA
:10F9C000A06B28B15FF0000401F0BAF9204610BD29
:10F9D0000124F9E730B589B03C4D6EE00498002869
:10F9E00006DADDE90601059A90470498002864DBF1
:10F9F000069C606910B1201D01F027F903A800F0F2
:10FA0000D7F8024604980A2857D2DFE800F0050527
:10FA1000052D334A05052D3394F8280040F00100E8
:10FA200084F828000599A069059B01442046FFF74A
:10FA3000A7FF68B3216A2046884794F8280040074A
:10FA40003BD5002000900598A16900234218194673
:10FA5000204603F011F8D8B9502080F31188BFF385
:10FA60004F8FBFF36F8FFEE714F8280F20F00100CF
:10FA7000207022E094F8280040F0010084F828006B
:10FA80000598A06128B1811813462046FFF778FF3A
:10FA900013E0502080F31188BFF34F8FBFF36F8FB7
:10FAA000FEE794F82800810703D4204601F05CF9B2
:10FAB00003E020F0010084F82800002204A928684F
:10FAC00002F0B2FA002889D109B030BD400100200F
:10FAD0002DE9FC410F46054601F098FB01A800F016
:10FAE00067F80446019818B102F002FFBDE8FC81F6
:10FAF000254EAFB130690068D0B30027291B3A46C4
:10FB0000306801F0DFF902F0F3FE0028EED11F4962
:10FB10004FF080500860BFF34F8FBFF36F8FE5E762
:10FB2000A542EBD802F0E4FEF0682746C068C4683E
:10FB3000201D01F08AF894F82800410719D5A06922
:10FB40002B4641193A462046FFF71AFFA8B100207C
:10FB50000346014600902A46204602F08DFF60B918
:10FB6000502080F31188BFF34F8FBFF36F8FFEE7F4
:10FB700007E020F0010084F82800216A2046884729
:10FB8000B4E70127BAE700004001002004ED00E0DF
:10FB90000648416B096829B1416BC968C968496861
:10FBA000816270474FF0FF31FAE700000401002046
:10FBB00070B5054602F076FD064E0446B0688442F4
:10FBC00003D200F009F8012000E000202860204660
:10FBD000B46070BD40010020F8B5194D20E0C06848
:10FBE000C4680668201D01F030F8216A2046884765
:10FBF00094F82800400713D5A0693044B04206D9D4
:10FC000024616060211DE86801F056F808E00020DA
:10FC10000346014600903246204602F02DFF38B1DF
:10FC2000E86801680029DAD12969C5E90310F8BD3F
:10FC3000502080F31188BFF34F8FBFF36F8FFEE723
:10FC40004001002008484068401C4FF0500080F3FD
:10FC5000118804D0BFF34F8FBFF36F8FFEE7BFF360
:10FC60004F8FBFF36F8FFEE778010020074CE068ED
:10FC7000016841B1C0680021D0F80000FFF728FFFB
:10FC8000FFF7A8FEF3E701210020F7E7400100207D
:10FC90002DE9F041044601F033F894F9455004F1A0
:10FCA000240609E0606A48B1304602F0E9FD08B177
:10FCB00001F0E6F96D1E6DB2002DF3DC4FF0FF365A
:10FCC00084F8456001F03CF801F01AF894F94450CA
:10FCD00004F1100709E0206948B1384602F0D0FD70
:10FCE00008B101F0CDF96D1E6DB2002DF3DC84F882
:10FCF0004460BDE8F04101F023B800002DE9F04177
:10FD00000546002701F082FA324E306808B9FFF745
:10FD10001DFD706905424ED1C5B3083568070ED088
:10FD200005F00700C0F108000544680707D050201F
:10FD300080F31188BFF34F8FBFF36F8FFEE72DB3B2
:10FD40007068854237D82348183001460C6801E0B6
:10FD500020460C466168A94202D221680029F7D1E9
:10FD600031688C4227D007682168016060680837D5
:10FD7000411B10290FD96019420708D0502080F389
:10FD80001188BFF34F8FBFF36F8FFEE713E0416021
:10FD90006560FFF7CFFD61687068401A7060B268F7
:10FDA000904200D2B060706901430020C4E90001B4
:10FDB000F068401CF06002F09BFD780707D05020EF
:10FDC00080F31188BFF34F8FBFF36F8FFEE7384684
:10FDD000BDE8F081580100200449086818B108689E
:10FDE000026D521C02650868704700000401002083
:10FDF00010B5040006D000F083FFE46900F0A0FF16
:10FE0000204610BD502080F31188BFF34F8FBFF301
:10FE10006F8FFEE710B5031F4FF080741C601B1F2F
:10FE200021F001011960191F044B0B6014390A609D
:10FE3000091F6FF0020244380A6010BD45FC00083B
:10FE4000016811F8012B01601046704701684A787B
:10FE500011F8023B016002EB032210467047F0B537
:10FE6000054608680026101A17460C4601280CDDC6
:10FE70000846FFF7EBFF686021680A18BA4204D809
:10FE8000A9602168012608442060002028603046CF
:10FE9000F0BDFEB50025DDE908468DE87000FAF7F3
:10FEA00034FFFEBD2DE9F84F044600278B463D4642
:10FEB0000846F8F7E3FB0346606D616901220668B6
:10FEC000B0470646012847D181465846F8F7D6FB89
:10FED00001268246B04604E008F10108B8F1040F9B
:10FEE00011DC606D53460122D0F800C06946E0473E
:10FEF000012808D19DF8000000F07F0101FB0655A4
:10FF0000F6010006E8D460692946401CF5F784FD37
:10FF100000EB0906E068801BA84202D26FF00106E0
:10FF20001AE0002D0DDD5846F8F7A8FB034660697E
:10FF30002A468119606D0668B047A84201D00026A4
:10FF40000AE06069A169007860F307073E0919B10A
:10FF500004F16000F8F76AFB3046BDE8F88F000056
:10FF60002DE9F04704008A4616D054F8047CD4F8F2
:10FF700000903E1F564500D956462046FAF796F99E
:10FF800005468846324621465046FCF763FD40B19F
:10FF9000C0F80090BDE8F087BDE8F0470846FAF7E2
:10FFA000C7B944E9017955B129686A18211F8A4205
:10FFB00002D9611B091F2960C5F80480EAE7024ADB
:10FFC000C2F80080E6E70000401000202DE9F74F5E
:10FFD00014460546082803D94FF0FF30BDE8FE8FD0
:10FFE000680101260830F9F725F800F00F00012814
:10FFF00001D0B01FF2E724B341F6086000EB4510D2
:020000040801F1
:10000000F9F718F84FF6FF7101EA8020A04200D2FC
:1000100004464FF4427000EB451841F60870DFF8D3
:100020008CA000EB451B06FA05F92846FCF77EF884
:1000300006464046F8F7FEFF172816D01C2803D0C6
:100040000DE06FF00D00C9E7CEB92846FCF794F833
:1000500007465846F8F7EEFFB7EB802F05D1284644
:10006000FBF702FC6FF00600B8E7BAF8021019EAD5
:10007000010F02D01EB90020B0E7002ED5D0A64255
:1000800000D2344622462846019901F028FA4FF45E
:10009000847000EB451005464021F9F731F82846F9
:1000A000F8F7C8FF0028FAD1204697E7840100201E
:1000B000054A18B111B1C2E9030170470348D06085
:1000C00003481061704700009C010020E3150108FF
:1000D000E5150108054A18B111B1C2E905017047DB
:1000E0000348506103489061704700009C01002064
:1000F000F1150108EF150108074A10B513889C0592
:10010000FDD518B111B1C2E9070110BD0348D06196
:100110000348106210BD00009C0100201518010862
:100120001918010870B5054600242146284600F03C
:1001300005F8641C14F0FF04F7D070BD7CB50024F2
:100140000D4606460094234622460194FCF73CFCEB
:10015000C5EBC50000EB4000002206EB80008118D3
:10016000521C81F83C40202AF9D380F82940C4620F
:100170007CBD002180F84111704700002DE9F74F48
:1001800015460646082803D94FF0FF30BDE8FE8F1C
:10019000700101240830F8F74DFF00F00F0001282E
:1001A00001D0A01FF2E775B14FF4427000EB46108A
:1001B0000746F8F73FFF6FF0060B172806D01C28FC
:1001C00004D05846E2E76FF00D00DFE7DFF8E0808B
:1001D000B440B8F80400044213D04FF4027000EBAE
:1001E00046108146F8F726FF00F01F00C10627D50C
:1001F00048461021F8F784FFB8F80410A143A8F886
:10020000041041F6087000EB4610F8F713FF4FF6A4
:10021000FF7101EA8020854200D90546F2F70AFD08
:1002200082463046FBF7A8FF81463846F8F702FFC2
:10023000172808D01C2806D03046FBF715FBC0E76E
:10024000000711D405E0B8F80200044203D04D4580
:1002500001D900209AE74D4510D9F2F7EBFCA0EB4D
:100260000A00B0F5FA7F05D93046FBF7FDFA6FF0CA
:100270000C008BE70520FCF776FFD2E72A463046D4
:10028000019901F05CF94FF4847000EB46100646CA
:100290002021F8F735FF3046F8F7CCFE0028FAD1D8
:1002A000B8F8041028460C43A8F804406EE7000094
:1002B000840100202DE9FF5F044690F88200894602
:1002C00000B3A16809EBC90511F81500C00719D1E1
:1002D0006069018901EB090086B2606850F8360058
:1002E0008069006800280DDB4FF00008CDF804801D
:1002F000CDF8088001AA49462046CDF80C80FAF7CF
:1003000093FF18B1002004B0BDE8F09FA06806215B
:1003100001EB4501415ABDF804204FF00A0B914210
:1003200010D1092101EB45019DF80720415C914264
:1003300008D10BEB45010844082202A9F0F712F896
:100340000028E0D0606850F83600816D806B0E8820
:100350000788A6B1A168022000EB450A31F90A001E
:10036000F1F714FA642006FB00F3164A49462046CA
:10037000CDF80080F7F7ECF8A26822F80A00D7B1B0
:10038000A168042000EB4506885FF1F7FFF96420BF
:100390004743B7FBFBF30C4A49462046CDF80080A3
:1003A000F7F7D6F8A1688853A06810F8151041F047
:1003B000010100F8151001AA4946204600F033F863
:1003C0000120A0E7116D0008396D00080021FAF73F
:1003D00029BD2DE9F04190460E4605464FF0FF3706
:1003E00000240DE04046F8F749F9034628693246F3
:1003F0000119686DD0F804C0E047002807DB044409
:10040000B44204DA4046F8F72CF90028EAD0B442A6
:1004100007D105F15800A969F8F708F90020BDE8EF
:10042000F0813846FBE730B401EBC1010624836854
:1004300004EB4101194413680B6053684B609368E7
:100440008B6090F8E10130BC1146FBF70DB93EB569
:1004500090F87C40052C01D07F2C09D101294169FD
:1004600008D0498821B111448269528891420ED93D
:10047000FF203EBD09880029FAD011448269128804
:100480009142F5D8426852F83110896A03E0426817
:1004900052F8311089696A460988ADF800100021C8
:1004A0008DF8021008218DF80310002155185C5CAE
:1004B000491CC9B22C710829F8D390F8E101114602
:1004C000FBF7D2F83EBD7CB58026DDE906548DF8F9
:1004D00000608DF801301B0A8DF802308DF8044061
:1004E000230A8DF80530230C8DF80630230E8DF885
:1004F00007308DF803506B46FFF7A9FF7CBD70B540
:10050000054600F006F804462846FEF70DFF204693
:1005100070BD0EB5D0F8C8110988ADF800100021E3
:100520008DF802108DF8031090F8E1016946FBF791
:100530009BF80EBD38B5044690F89310133005466D
:10054000FAF7BBFF94F89320010A515594F89310E1
:10055000491CC9B284F89310485594F89300401C84
:1005600084F89300E06838B16068F2F782FB218A72
:100570000122E068F2F759FB94F8400194F89320C7
:1005800001286068294618D0F4F71EF8FA210120E6
:1005900000F0BEFA6068006801684906FCD5E068B2
:1005A00030B1218A0022F2F740FB6068F2F748FB85
:1005B00020780025042803D00CE0F4F74BF8E5E799
:1005C00002F070F80246009500230221D4F8B4002E
:1005D00002F052FA84F89350B4F89E00401CA4F83C
:1005E0009E0038BD2DE9FF4F4269002912887DD059
:1005F0007F297BD8FAB14368046853F832302478F5
:100600009B6904F5C0651E68AE4201D0FF2C02D183
:1006100001F5C0641C60436853F83220936A026895
:100620001D68127802F5B064A54201D0FF2A02D1FC
:1006300001F5B0621A603D4D426905F120068469FA
:1006400096E8C0119288A4888DE8C01100236F46F7
:1006500012BB25E04668D0F8008056F8326098F862
:1006600000B0D6F818A0DAF8006026F0604C06F06A
:10067000604957F8236006EB0B08E04502D0BBF158
:10068000FF0F05D106EB010C4CEA090CCAF800C0BB
:100690005B1C521CDBB292B2A24201D8042BD9D30C
:1006A000002330354269846995E8E0101289248975
:1006B0008DE8E0106D461ABB26E04668D0F800C011
:1006C00056F832609CF800A0D6F81890D9F800705F
:1006D00027F0604607F0604855F8237007EB0A0CD6
:1006E000B44502D0BAF1FF0F06D100E01CE07E183D
:1006F00046EA0806C9F800605B1C521CDBB292B2E5
:10070000A24201D8042BD8D30268D0F81432127850
:100710001D6802F18004A54201D0FF2A02D101F137
:1007200080021A6000680170BDE8FF8FCC2D0108BF
:10073000202A01D9FF207047C1EBC10101EB410123
:1007400000EB810042630020704700007CB5044646
:1007500090F87C00884244D0244D31B1042930D037
:1007600005291FD07F293FD10EE0D5E90001CDE951
:100770000001002084F87C006946204600F040F922
:10078000D4F8841020468847D5E90201CDE900015C
:100790007F2084F87C006946204600F031F9D4F8C7
:1007A00088101CE000B3D5E90401CDE90001052063
:1007B00084F87C006946204600F022F9D4F88C10B9
:1007C0000DE088B1D5E90601CDE90001042084F8E7
:1007D0007C006946204600F013F9D4F890102046BA
:1007E000884794F87C007CBDFF207CBDCC2D01089F
:1007F00030B50A4C2268536A09490D685B1B4D6885
:100800002B444B604FF6FF73181A08605062206843
:10081000016841F00101016030BD00009C1B002017
:10082000341000200EB501680122097841F4E0611E
:10083000ADF8001000218DF802108DF804108DF82D
:10084000032090F8E1016946FAF70EFF0EBD0000A3
:100850002DE9F8431D4617460E460446082803D9DD
:100860004FF0FF30BDE8F883012E08D0022E0ED0E5
:10087000032E0CD0042E0AD06FF00400F2E70422FD
:1008800069464FF47060F8F701FC009848B16907B9
:100890006FF00500E6D49DB1012E05D0022E0FD1D8
:1008A00006E06FF00200DDE715F0210FDAD007E077
:1008B000A90601D52906D5D5E90601D52906D1D540
:1008C0002046FAF7D1FF600105F0F0014FF0010872
:1008D00031430830F8F714FC224E57B93788781C9A
:1008E00080B2A0F57F413080F03902D14FF4404012
:1008F00030804FF48160390A00EB4410F8F700FCB7
:100900004FF4A160F9B200EB4410F8F7F9FB4FF493
:10091000847000EB441007460121F8F7F1FB3846DC
:10092000F8F788FB0028FAD108FA04F0718805F07E
:1009300001028143A2400A437280B1888143B180A1
:100940000949002021F814000649891D08554FF473
:10095000427000EB44152846F8F76CFB0028FAD0EB
:1009600060B27FE784010020D48D002038B50446B2
:10097000B0F9C401401C02D0204600F02BF8134B04
:10098000002241F205012046F6F79CFA0F4B0022A7
:1009900041F206012046F6F795FAD4F8C80100683E
:1009A000400011D5D4F8CC01006800280CD00A22F0
:1009B000B0FBF2F1B0FBF2F30091054A00212046B2
:1009C000F6F7C6FDA4F8C40138BD0000916C00081C
:1009D0009582000810B5002304461A4641F205012D
:1009E000F6F770FA00231A4641F206012046F6F7A0
:1009F00069FAB4F9C401F0F7C9FEA4F8C40110BD46
:100A00002DE9F0410D460446497890F97E00012613
:100A1000002719B148B984F87E6006E0012804D1A6
:100A200084F87E702046FFF77DFBE878002894F874
:100A3000800006D060B984F880602046FFF796FFFA
:100A400006E0012804D184F880702046FFF7C2FF39
:100A50002879002894F8810006D060B984F8816074
:100A60002046FCF751F806E0012804D184F8817093
:100A70002046FCF752F8A878002894F87F0006D0AA
:100A800060B984F87F602046FBF7DCF906E00128B6
:100A900004D184F87F702046FBF7E4F968790028D8
:100AA00094F8820006D060B984F882602046F6F798
:100AB00059F906E0012804D184F882702046F6F73F
:100AC0007DF92878002894F87D0005D0002801D110
:100AD00084F87D60BDE8F0810128FBD184F87D7049
:100AE0002046BDE8F041FFF79DBE000072B6BFF39F
:100AF0004F8F05480168054A01F4E0611143016028
:100B0000BFF34F8F00BFFDE70CED00E00400FA05D6
:100B100070B50C46064600F0F3F8154D2868406D98
:100B200080B92968012081F858005CB10121204674
:100B3000FEF7E4FC0F494FF080500860BFF34F8F81
:100B4000BFF36F8F00F0FCF800F0DAF82868446D0E
:100B5000002034B116B12968486502E02A68611E98
:100B60005165296881F8580000F0EAF8204670BD08
:100B70000401002004ED00E02DE9F04705460027C0
:100B8000481B1646894606285DDBA81CFCF76BFD52
:100B90000446A0F55C414FF48060814253D3A4F534
:100BA0005841824651451AD2A81DA9EB00014FF0C9
:100BB0000C08062947DB01785C2944D14178752966
:100BC00041D1801CFCF74FFDA0F55C4151453AD264
:100BD000C4F3090161F39F2000F5803002E04FF07B
:100BE00006082046802801D2012110E0B0F5006FF0
:100BF00002D20221C0270AE0B0F5803F02D20321D1
:100C0000E02704E0B0F5881F1DD20421F0274A1E1A
:100C100008E000BF00F0BF03346843F080038009A0
:100C2000A354521E12F0FF02F4D1012901D9384316
:100C300001E000F07F0032681070306808443060D6
:100C40004046BDE8F0870020FBE7D0E901320169AA
:100C50009A60D0E901235A604A68824201D18268D1
:100C60004A60002202610868401E086008687047F8
:100C7000034B036003F15C00086080201060704744
:100C80001C270020044B036003F15C0008604FF454
:100C900080701060704700007829002000F1080182
:100CA0004FF0FF32C0E90112C16001610021016013
:100CB000704700210161704730B50B685A1C02D0A3
:100CC00000F1080202E0026904E022465468256847
:100CD0009D42FAD953684B6099608A6051600861FF
:100CE0000168491C016030BD42684A6093688B60AE
:100CF00093685960916008610168491C0160704700
:100D0000502080F31188BFF34F8FBFF36F8F0A49D4
:100D10004868401C486001280CD10848006810F061
:100D2000FF0F07D0502080F31188BFF34F8FBFF320
:100D30006F8FFEE7704700007801002004ED00E0AF
:100D40000849486828B1401E486001D180F31188E5
:100D50007047502080F31188BFF34F8FBFF36F8F20
:100D6000FEE700007801002070B500282AD0164D5B
:100D7000A0F1080460686969084207D1502080F337
:100D80001188BFF34F8FBFF36F8FFEE722683AB130
:100D9000502080F31188BFF34F8FBFF36F8FFEE7B2
:100DA0008843606000F032FA6068696808446860EF
:100DB0002046FEF7BFFD2869401C2861BDE8704051
:100DC00001F096BD70BD0000580100204FF0E020FA
:100DD00000210161816105494FF47A720968B1FB14
:100DE000F2F1491E416107210161704700010020B5
:100DF00010B5EFF731FA114910280ED300F1E020B9
:100E000090F8F0030A78904207D2502080F31188BE
:100E1000BFF34F8FBFF36F8FFEE709480068896803
:100E200000F4E060884207D9502080F31188BFF3B6
:100E30004F8FBFF36F8FFEE710BD000078010020D9
:100E40000CED00E010B5084B002200BF53F8324013
:100E50001CB1521C082AF9D310BD43F8321003EB21
:100E6000C201486010BD0000C01F002010B5040082
:100E70000AD000F013F894F8460000280CD1204660
:100E8000BDE81040FFF770BF502080F31188BFF31A
:100E90004F8FBFF36F8FFEE710BD0000084A00219F
:100EA00002EBC1035B68834206D1002042F83100A7
:100EB00002EBC10148607047491C0829F0D3704714
:100EC000C01F002070B515460E460446FFF718FFF8
:100ED00094F944100020491C01D184F8440094F98D
:100EE0004510491C01D184F84500FFF729FFA06B8C
:100EF00028B92A46314604F1240000F0DFF82046E4
:100F0000BDE87040FEF7C4BE10B5020014D00F4813
:100F1000006B38B1502080F31188BFF34F8FBFF3BF
:100F20006F8FFEE700F072F900211046FEF7E6FA37
:100F300001F0DEFC002807D105494FF08050086021
:100F4000BFF34F8FBFF36F8F10BD0000040100206F
:100F500004ED00E070B50D4604000BD095B11E4ABB
:100F6000106BB8B1502080F31188BFF34F8FBFF3DF
:100F70006F8FFEE7502080F31188BFF34F8FBFF3D0
:100F80006F8FFEE7502080F31188BFF34F8FBFF3C0
:100F90006F8FFEE700F03AF9D2682368591993423F
:100FA00004D98B420AD9914202D807E08B42FAD980
:100FB000881A21600021FEF7A1FA00E0216001F00B
:100FC00097FC002807D105494FF080500860BFF317
:100FD0004F8FBFF36F8F70BD0401002004ED00E060
:100FE00070B50546FFF78CFE1E4C05B92568281D17
:100FF000FFF72BFEA86A18B105F11800FFF725FED0
:10100000606A401C60622068854207D1291D16482D
:10101000FFF76AFE6068401C606007E0A068401E41
:10102000A0602846FEF777FBFEF7B2FDFFF788FECB
:101030006069002814D02068854211D1206B38B136
:10104000502080F31188BFF34F8FBFF36F8FFEE7FF
:1010500006494FF080500860BFF34F8FBFF36F8F8A
:1010600070BD0000040100209C24002004ED00E07D
:1010700002490A6A0260C9684160704704010020A1
:1010800001490120C86170470401002010B50C46D9
:1010900050B1094909681831FFF70EFE2046BDE836
:1010A00010400121FEF72ABA502080F31188BFF3C7
:1010B0004F8FBFF36F8FFEE70401002070B5144619
:1010C0000D4668B10A4909681831FFF70DFE0CB1E9
:1010D0004FF0FF3521462846BDE87040FEF70EBAB6
:1010E000502080F31188BFF34F8FBFF36F8FFEE75F
:1010F0000401002070B504003ED0226DA2B1E06C66
:10110000884200D30146E06A884235D0012A33D1B3
:101110001A4D2A6894420FD1502080F31188BFF3F2
:101120004F8FBFF36F8FFEE7502080F31188BFF31E
:101130004F8FBFF36F8FFEE7E162A269002A02DBE7
:10114000C1F13801A1610E4E00EB8000616906EB30
:101150008000814210D1201DFFF777FDE06A2969E8
:10116000884200D9286100EB800006EB8000211D39
:10117000BDE87040FFF7B8BD70BD0000040100205D
:101180000020002030B587B00024039405AA04A9EC
:1011900003A80494FFF76CFDDDE903010094CDE999
:1011A0000110002315A11748059A01F04AF9164DC0
:1011B0000028E8621FD001F02FFC012809D0401C54
:1011C00019D1502080F31188BFF34F8FBFF36F8F79
:1011D000FEE7502080F31188BFF34F8FBFF36F8F6E
:1011E0004FF0FF30A86201206861EC6007B0BDE8F5
:1011F000304000F04BBC07B030BD000049444C45C6
:101200000000000099F70008040100200248016B6B
:10121000491C01637047000004010020164810B506
:10122000016B11B10121C16110BD0021C1610169D2
:10123000124A01E0B9B1491E01EB810352F8233093
:10124000002BF7D001EB810302EB830202F10804CB
:1012500053685B685360A34201D15B685360DA68EE
:101260000260016110BD502080F31188BFF34F8FE1
:10127000BFF36F8FFEE70000040100200020002074
:101280002DE9F8430024124D804627462E1F1AE010
:1012900055F82400D0F8B020424513D10178042934
:1012A00007D100970023D0F8B4001A46032101F0BB
:1012B000E3FB55F8240000230322D0F8AC001946C4
:1012C00001F0EAF8641C30788442E1DBBDE8F88381
:1012D000D80100202DE9F0410D4D002406466FF0A5
:1012E00007082F1F0EE000BF55F82400D0F8B410F7
:1012F000B14206D1D0F8AC0000230322414601F0F0
:10130000CBF8641C38788442EEDBBDE8F081000045
:10131000D801002030B5044690F8930004F1110183
:101320000144801E09884DBAC1B204F11300FAF7D6
:10133000C4F8A84205D034F8A00F401C2080FC203F
:1013400030BD217D080605D534F8A00F401C208053
:10135000FB2030BD084A0020135C8B4201D10020E5
:1013600030BD401CC0B20828F6D334F8A00F401C92
:101370002080012030BD0000542D01082DE9F041EE
:10138000044690F8930004F111010144801E09887D
:101390004DBAC1B204F11300FAF78FF8A84206D093
:1013A00034F8A00F401C2080FC20BDE8F0813F4AAB
:1013B000217D0020135C8B420DD14FF480760529EE
:1013C00040D012DC012917D0022915D0032953D0AF
:1013D000042969D150E0401CC0B20828EAD334F88F
:1013E000A00F401C20800120DFE706293BD00F29F9
:1013F00002D0102958D13FE0A17D607D00F0EAFACB
:101400000709217EE07D00F0E5FA0509217EE07DF7
:1014100000F0E0FA000700D06D1CB4F8A4107819B1
:10142000884237D8217EE07D00F0D4FAC508217EBD
:10143000E07D00F0CFFA400700D06D1C6D1DB54275
:1014400030D831E0A17D607D00F0C4FA0509A17DAE
:10145000607D00F0BFFA000700D06D1CB4F8A40056
:10146000A84217D320E0A17D607D00F0B3FAB4F864
:10147000A41081420ED317E0A17D607D00F0AAFA8E
:101480000546217EE07D00F0A5FAB4F8A4202918D5
:10149000914201D9022088E7052101EB400080B28A
:1014A000B04201D9032080E700207EE7542D0108D7
:1014B0002DE9F04116460D4607464FF0FF34304601
:1014C000F7F7CFF840B931463846FAF741FB044602
:1014D000A84201D0002CF2DA2046BDE8F0812DE9C7
:1014E000F0475FEA02088946064626D042F6081011
:1014F00000EB46152846F7F79DFD074642F6080023
:1015000000EB46142046F7F795FD07EB002087B265
:10151000380200EB4610424649461830F7F7B6FD50
:1015200007EB080086B2310A2046F7F7E9FDF1B271
:101530002846BDE8F047F7F7E3BDBDE8F0872DE9A1
:10154000F0475FEA02088946064626D042F2085074
:1015500000EB46152846F7F76DFD074642F20840B6
:1015600000EB46142046F7F765FD07EB002087B235
:10157000380200EB4610424649461030F7F7F0FDBE
:1015800007EB080086B2310A2046F7F7B9FDF1B241
:101590002846BDE8F047F7F7B3BDBDE8F08700780F
:1015A00070470170704700002DE9F041050A00F016
:1015B000F0014FF4A850F7F7A3FD002401264FF4E3
:1015C000027700BF06FA04F0284204D007EB44106B
:1015D0001F21F7F795FD641CE4B2082CF2D3BDE897
:1015E000F0817047704772B6704762B670477047B7
:1015F00070470000012211030148F1F716BB0000FB
:101600000004024010B54FF4A850F7F713FD00F0A6
:10161000F0044FF4B850F7F70DFD04EB002080B252
:1016200010BD10B54FF4B050F7F704FD04464FF469
:10163000C050F7F7FFFC04EB002080B210BD0000A3
:1016400010B50446014606224FF41060F7F71EFD60
:10165000042204F10E019001F7F718FD042204F1B1
:101660000A014FF4A060F7F711FD0422A11D4FF409
:101670007060F7F70BFD07480178A1744178E174B9
:1016800081782175C07860750248401E0078A07589
:1016900010BD0000950100200020F7F7CBBC70B50D
:1016A00004464FF4D850F7F7C5FC20704FF4D050E3
:1016B000F7F7C0FC05464FF4C850F7F7BBFC05EB45
:1016C0000020608070BD2DE9F0410D4606460024E3
:1016D00000F0A3F84FF0FF38AEB10022B05C204418
:1016E00044B2102C17DC521C52B2082AF6DB00243C
:1016F00041F60877315D07EB4410F7F701FD641CF4
:1017000064B2082CF6DBCDB1002108462A5C1144F6
:1017100049B2102902DD4046BDE8F081401C40B2CC
:101720000828F3DB002441F60866295D06EB441027
:10173000F7F7E6FC641C64B2082CF6DB0020EBE74C
:10174000F7F706BC00224FF480510148F1F76DBA5B
:101750000004024010B5C1B2040A4FF4B050F7F7CC
:10176000CFFC2146BDE810404FF4C050F7F7C8BC8D
:1017700010B50446014606224FF41060F7F7F0FC5E
:10178000042204F10E019001F7F7EAFC042204F1AF
:101790000A014FF4A060F7F7E3FC0422A11D4FF407
:1017A0007060F7F7DDFC0748A17C0170E17C4170B7
:1017B000217D8170617DC1700249A07D491E087044
:1017C00010BD00009501002010B5044630F03A002D
:1017D00002D04FF0FF3010BD0020F7F72BFC40EA9D
:1017E00004010020F7F78CFC002010BD10B5044662
:1017F00001784FF4D850F7F783FC6088010A4FF462
:10180000C850F7F77DFCA178BDE810404FF4D050E8
:10181000F7F776BC002070477047F0B585B04FF4FD
:101820001064062269462046F7F730FC0422950131
:1018300002A92846F7F72AFC4FF4A066042203A960
:101840003046F7F723FC4FF47067042204A93846AA
:10185000F7F71CFC80210020F7F752FC0020F7F777
:10186000E9FB062269462046F7F77AFC042202A922
:101870002846F7F775FC042203A93046F7F770FCF9
:10188000042204A93846F7F76BFC05B0F0BDF7F762
:1018900085BB10B504464FF43850F7F7CBFBC0F3C7
:1018A0008011217000F0380001220021202811D081
:1018B00038280FD0617010280ED018280CD020289E
:1018C0000AD0A170082809D0182807D0202805D0F0
:1018D000E17010BD6270EEE7A270F3E7E27010BD38
:1018E00010B500244FF43850F7F7A4FBC00700D020
:1018F0000124204610BD10B500244FF43850F7F7EE
:1019000099FBC0F3C200062800D10124204610BD77
:1019100010B54FF438542046F7F78CFB20F08001C7
:101920002046F7F7EDFB2046F7F784FB40F08001F7
:101930002046BDE81040F7F7E3BB10B50278002160
:10194000012A00D140214278012A06D0C27880784D
:10195000012A05D001280BD00CE041F0380109E044
:10196000012802D041F0080104E041F0180101E033
:1019700041F010014FF43850F7F7C2FBBDE81040BA
:10198000FFF7C6BF70B504464FF438563046F7F738
:1019900051FB41064FF0FF351AD520F03800012CDD
:1019A00010D040F038013046F7F7AAFBFFF7B0FF40
:1019B0003046F7F73FFB012C07D000F0380038B174
:1019C000002070BD40F03001EDE700F03000F6E798
:1019D000284670BD61F3070260F30F2290B2704792
:1019E00070B504460E460846EEF7A7FC05460146CC
:1019F000204600F00FF82A4631462068EEF779FCC1
:101A000020682844206070BD026811700168491C7C
:101A10000160704710B5CA17046801EB12631A0A17
:101A200022700268521C026011700168491C01603A
:101A300010BD70B5141E1E4605460BDD1146FFF79E
:101A4000E9FF224631462868EEF753FC2868204417
:101A5000286070BD19B1BDE87040FFF7C1BFBDE897
:101A600070400021FFF7D6BFF0B587B00DF1300C04
:101A70004FF0000E9CE8F0004FF0010CCDE904C7D8
:101A80008DE87040F9F7E0FA07B0F0BD1CB53748B3
:101A90000168374A914207D1502080F31188BFF383
:101AA0004F8FBFF36F8FFEE700683149491E8842B0
:101AB00007D1502080F31188BFF34F8FBFF36F8F92
:101AC000FEE72C4908780190FF20087008788DF80F
:101AD00000009DF800009DF8002000F0F00090420A
:101AE00007D0502080F31188BFF34F8FBFF36F8F63
:101AF000FEE79DF80000204C00F050002070072009
:101B0000A06005E09DF8002052008DF80020401EE6
:101B10009DF800201206F5D4A060032807D05020BD
:101B200080F31188BFF34F8FBFF36F8FFEE74FF441
:101B30004070A060019808700C482030016841F4A2
:101B400070010160016841F070410160FFF73EF9EA
:101B500000206060EEF748FB0848016841F0404112
:101B60000160EEF72DFB00201CBD000000ED00E041
:101B700071C20F4100E400E07801002034EF00E082
:101B800010B5502080F31188BFF34F8FBFF36F8FD4
:101B900000F096FD18B104494FF080500860002015
:101BA00080F3118810BD000004ED00E010B50C4674
:101BB00048B184420FD9502080F31188BFF34F8F72
:101BC000BFF36F8FFEE7502080F31188BFF34F8F74
:101BD000BFF36F8FFEE70222002100F02FF80028EC
:101BE00000D0846310BD38B50C4648B184420FD98B
:101BF000502080F31188BFF34F8FBFF36F8FFEE744
:101C0000502080F31188BFF34F8FBFF36F8FFEE733
:101C10000221134600220091114600F030F80028FE
:101C200000D0846338BD10B502460021012000F0C9
:101C300005F80446FDF7E0FD204610BDF8B517464F
:101C40000E46050013D005FB06F05030FEF756F89F
:101C500004000AD0002084F8460004F150023B46FC
:101C6000314628460094FDF7D3FD2046F8BD5020AC
:101C700080F31188BFF34F8FBFF36F8FFEE738B546
:101C8000049D18B153B1CAB181B120E0502080F356
:101C90001188BFF34F8FBFF36F8FFEE7502080F3A3
:101CA0001188BFF34F8FBFF36F8FFEE7502080F393
:101CB0001188BFF34F8FBFF36F8FFEE739B150200C
:101CC00080F31188BFF34F8FBFF36F8FFEE750246F
:101CD0001C46012384F846302B460094FDF798FDFE
:101CE000204638BD70B50D46040025D0FFF708F832
:101CF000D4E90F20216802FB0011A1600021A1633B
:101D0000216861600A46D4E90F01401E00FB0121F1
:101D1000E16021464FF0FF3001F8440F487004F1B4
:101D200010008DB1FEF7BAFF04F12400FEF7B6FFF4
:101D3000FFF706F8012070BD502080F31188BFF333
:101D40004F8FBFF36F8FFEE721690029F0D000F0BD
:101D500097FD0028ECD004494FF080500860BFF395
:101D60004F8FBFF36F8FE3E704ED00E02DE9FF47EE
:101D700082B01D468A464FF00008040003D0BAF135
:101D8000000F08D011E0502080F31188BFF34F8F6F
:101D9000BFF36F8FFEE7206C38B1502080F31188BD
:101DA000BFF34F8FBFF36F8FFEE7022D0AD1E06BB9
:101DB000012807D0502080F31188BFF34F8FBFF365
:101DC0006F8FFEE700F060FC3F4F4FF000094FF0CF
:101DD000805648B9049838B1502080F31188BFF379
:101DE0004F8FBFF36F8FFEE7FEF78AFFA06BE16BAB
:101DF000884207D3022D05D00498D0B1B8F1000F66
:101E00001AD01EE02A4651462046FDF74EFC616A74
:101E100019B104F1240000F033FD20B13E60BFF39E
:101E20004F8FBFF36F8FFEF78BFF012006B0BDE829
:101E3000F087FEF785FF22E06846FFF719F94FF0BB
:101E40000108FEF77DFFFFF7E1F9FEF759FF94F96E
:101E50004400401C01D184F8449094F94500401C92
:101E600001D184F84590FEF76BFF04A9684600F0A5
:101E700081FA30B12046FDF70BFF00F039FD00205C
:101E8000D4E7FEF73DFFA06BE16B884213D1FEF76C
:101E900057FF04F110000499FFF7F8F82046FDF70A
:101EA000F7FE00F025FD00289ED13E60BFF34F8F66
:101EB000BFF36F8F98E7FEF743FF2046FDF7E8FE7C
:101EC00000F016FD90E7000004ED00E02DE9F0477A
:101ED0001F4690468946040003D0B9F1000F08D090
:101EE00011E0502080F31188BFF34F8FBFF36F8F45
:101EF000FEE7206C38B1502080F31188BFF34F8F7C
:101F0000BFF36F8FFEE7022F0AD1E06B012807D0E5
:101F1000502080F31188BFF34F8FBFF36F8FFEE720
:101F2000FEF766FF5020EFF3118680F31188BFF3B0
:101F30004F8FBFF36F8FA06BE16B884206D3022FE8
:101F400004D0002086F31188BDE8F08794F945504D
:101F5000A06B3A4649462046FDF7A7FB681C04D013
:101F60006D1C84F845500120ECE7606A0028FAD027
:101F700004F1240000F084FC0028F4D0B8F1000F34
:101F8000F1D00121C8F80010EDE770B50E4604004D
:101F900009D0206C78B1502080F31188BFF34F8FA7
:101FA000BFF36F8FFEE7502080F31188BFF34F8F90
:101FB000BFF36F8FFEE7206848B9A06838B15020A2
:101FC00080F31188BFF34F8FBFF36F8FFEE7FEF7EB
:101FD0000FFF5020EFF3118580F31188BFF34F8F6F
:101FE000BFF36F8FA16BE06B884218D994F945005D
:101FF000491CA163411C04D0401C84F84500012009
:102000000EE0606A0028FAD004F1240000F038FCE9
:102010000028F4D0002EF2D001203060EFE700203D
:1020200085F3118870BD00002DE9F747002683B0C5
:102030008A46040003D0BAF1000F08D011E0502006
:1020400080F31188BFF34F8FBFF36F8FFEE7206CD3
:1020500038B1502080F31188BFF34F8FBFF36F8FDB
:10206000FEE700F011FBDFF8F4804FF000094FF0BD
:10207000805748B9059838B1502080F31188BFF3D4
:102080004F8FBFF36F8FFEE7FEF73AFEA56BC5B12A
:1020900051462046FDF7F6FA6D1EA563206950B142
:1020A00004F1100000F0ECFB28B1C8F80070BFF399
:1020B0004F8FBFF36F8FFEF743FE012006B0BDE8E0
:1020C000F087059808B11EB106E0FEF739FE27E05B
:1020D0006846FEF7CDFF0126FEF732FEFFF796F8C1
:1020E000FEF70EFE94F94400401C01D184F84490A0
:1020F00094F94500401C01D184F84590FEF720FE7C
:1021000005A9684600F036F9002820460AD0FDF7F8
:10211000BFFD00F0EDFB2046FDF74EFC0028B3D0DC
:102120000020CBE7FDF748FC90B104F124000599AD
:10213000FEF7ACFF2046FDF7ABFD00F0D9FB002811
:10214000A2D1C8F80070BFF34F8FBFF36F8F9BE72A
:102150002046FDF79DFD00F0CBFB95E704ED00E088
:102160002DE9F04790468946040003D0B9F1000FED
:1021700008D011E0502080F31188BFF34F8FBFF3D8
:102180006F8FFEE7206C38B1502080F31188BFF3C9
:102190004F8FBFF36F8FFEE7FEF72AFE5020EFF35D
:1021A000118680F31188BFF34F8FBFF36F8FA76B3A
:1021B000F7B194F9445049462046FDF763FA7F1E73
:1021C000A763681C04D06D1C84F84450012010E003
:1021D00020690028FAD004F1100000F051FB00281B
:1021E000F4D0B8F1000FF1D00121C8F80010EDE7EC
:1021F000002086F31188BDE8F08700002DE9F34345
:10220000002683B00400354609D0206C78B15020F8
:1022100080F31188BFF34F8FBFF36F8FFEE750201D
:1022200080F31188BFF34F8FBFF36F8FFEE700F08D
:102230002BFADFF83C814FF000094FF0805748B986
:10224000049838B1502080F31188BFF34F8FBFF34B
:102250006F8FFEE7FEF754FDA06BC8B1401EA06370
:10226000206810B9FDF7B8FDA060206950B104F1F5
:10227000100000F005FB28B1C8F80070BFF34F8FC5
:10228000BFF36F8FFEF75CFD012005B0BDE8F08362
:10229000049808B166B10FE03DB1502080F3118879
:1022A000BFF34F8FBFF36F8FFEE7FEF749FD5DE091
:1022B0006846FEF7DDFE0126FEF742FDFEF7A6FFAB
:1022C000FEF71EFD94F94400401C01D184F84490AF
:1022D00094F94500401C01D184F84590FEF730FD8B
:1022E00004A9684600F046F80028204612D0FDF701
:1022F000CFFC00F0FDFA2046FDF75EFB0028A9D0D8
:102300009DB3FEF7FDFC606A50B3206B0068C0F11E
:10231000380126E0FDF750FBE0B1206838B9FEF740
:10232000EFFCA06800F070FA0546FEF709FD04F125
:1023300024000499FEF7AAFE2046FDF7A9FC00F050
:10234000D7FA002886D1C8F80070BFF34F8FBFF3CB
:102350006F8F7FE72046FDF79BFC00F0C9FA79E715
:102360000021A068FEF7C6FE9FE7FFE700208CE78C
:1023700004ED00E02DE9F0410C46050011D0C4B198
:10238000FEF7BEFC174BDA686E682068911B471C8D
:1023900017D02F681B6A9F4219D0964217D8012484
:1023A00010E0502080F31188BFF34F8FBFF36F8F81
:1023B000FEE7502080F31188BFF34F8FBFF36F8F7C
:1023C000FEE70024FEF7BCFC2046BDE8F081884211
:1023D00005D9401A20602846FEF74AFEF1E70020A2
:1023E0002060DCE7040100202DE9FF5F8346DDE982
:1023F0000E87994616468A469000FDF77FFC050039
:102400001CD05C20FDF77AFC040014D0002025636A
:1024100084F85900CDE90240CDE900874B463246A9
:1024200051465846FDF706FA2046FDF795F801207B
:1024300004B0BDE8F09F2846FEF796FC4FF0FF3051
:10244000F6E7F0B585B0DDE90B640A9DA6B1DCB115
:102450005C2700972663022684F85960002604AFA3
:10246000CDE90246CDE90057FDF7E4F92046FDF736
:1024700073F8049805B0F0BD502080F31188BFF3C5
:102480004F8FBFF36F8FFEE7502080F31188BFF3AB
:102490004F8FBFF36F8FFEE72DE9F0411F46904647
:1024A0000D46012690B10446FEF72AFC0FB1606D7F
:1024B000386094F85800022184F85810B8F1050FDC
:1024C00019D2DFE808F0230B0E141200502080F31D
:1024D0001188BFF34F8FBFF36F8FFEE7616D294304
:1024E00001E0616D491C616510E0022801D065655D
:1024F0000CE0002634E0616D491C07D0502080F3C9
:102500001188BFF34F8FBFF36F8FFEE7012827D1EC
:10251000201DFEF79AFB154DE06A2969884200D913
:102520002861134900EB800001EB8000211DFEF7BC
:10253000DBFBA06A38B1502080F31188BFF34F8FC6
:10254000BFF36F8FFEE7E06A2968C96A884207D93E
:1025500008494FF080500860BFF34F8FBFF36F8F73
:10256000FEF7EEFB3046BDE8F081000004010020DC
:102570000020002004ED00E02DE9F0471F46DDF8C3
:10258000209092460D4604004FF001081AD0FEF745
:102590002FFC5020EFF3118680F31188BFF34F8F8B
:1025A000BFF36F8F0FB1606D386094F8580002214F
:1025B00084F85810BAF1050F1AD2DFE80AF0240B9C
:1025C0000E141200502080F31188BFF34F8FBFF319
:1025D0006F8FFEE7616D294301E0616D491C616504
:1025E00011E0022801D065650DE04FF0000839E0E8
:1025F000616D491C07D0502080F31188BFF34F8FC5
:10260000BFF36F8FFEE701282CD1A06A38B15020AC
:1026100080F31188BFF34F8FBFF36F8FFEE7144D28
:10262000286B18B104F1180112480DE0201DFEF7C7
:102630000CFBE06A2969884200D928610E4900EB49
:10264000800001EB8000211DFEF74EFBE06A296847
:10265000C96A884206D90120B9F1000F01D0C9F832
:102660000000E86186F311884046BDE8F08700006D
:102670000401002088240020002000200148006878
:1026800070470000040100200548416919B1006B42
:1026900018B10020704701207047022070470000E9
:1026A000040100200148C0687047000004010020B8
:1026B00010B5FEF79DFB0148C06810BD0401002065
:1026C0002DE9F0412E4C0027206B28B1A069401C59
:1026D000A0613846BDE8F081E668761CE66013D15B
:1026E000606B006838B1502080F31188BFF34F8FC2
:1026F000BFF36F8FFEE7606BA16B6163A063206A1D
:10270000401C2062FDF744FAA06ADFF87880864218
:1027100009D3606B0068A0B1606BC068C568686869
:10272000864211D2A0622068C06A00EB800158F88E
:102730002100012800D90127E0690028C9D001271C
:10274000C7E74FF0FF30EDE7281DFEF77EFAA86AD5
:1027500018B105F11800FEF778FAE86A2169884295
:1027600000D9206100EB800108EB8100291DFEF7F4
:10277000BBFAE86A2168C96A8842CAD30127C8E758
:10278000040100200020002070B504004FF000017B
:1027900033D01B4D2868844207D0502080F3118825
:1027A000BFF34F8FBFF36F8FFEE7206D38B1401E30
:1027B0002065E36CE26A9A421FD040B11DE05020D0
:1027C00080F31188BFF34F8FBFF36F8FFEE7201D9B
:1027D000FEF73BFAE06CE062C0F13800A061E06A0D
:1027E0002969884200D92861064900EB800001EB85
:1027F0008000211DFEF778FA0121084670BD000017
:10280000040100200020002070B504004FF00000FB
:102810002BD0194DE16A2A68D26A914226D2A0696A
:10282000002804DB2868C06AC0F13800A061134E9C
:1028300001EB8101606906EB8101884211D1201D05
:10284000FEF703FA2868C06AE0622969884200D965
:10285000286100EB800006EB8000211DFEF744FAA2
:1028600002E02868C06AE062012070BDE16C2A685D
:10287000D26A9142F8D370BD0401002000200020EC
:1028800070B5C068C46854B104F118000646FEF77C
:10289000DCF9144D286B50B13146134815E0502037
:1028A00080F31188BFF34F8FBFF36F8FFEE7201DBA
:1028B000FEF7CBF9E06A2969884200D928610B4903
:1028C00000EB800001EB8000211DFEF70DFAE06AAD
:1028D0002968C96A884202D90120E86170BD0020D8
:1028E00070BD00000401002088240020002000208A
:1028F0002DE9F0472C4D00242746286B38B1FEF710
:10290000FFF9286B401E2863286B40B146E0502039
:1029100080F31188BFF34F8FBFF36F8FFEE7A96875
:10292000224E0120D1B3A6F5916980463068E0B10E
:10293000F068C46804F11800FEF787F9201DFEF75F
:1029400084F9E06A2969884200D9286100EB800196
:1029500009EB8100211DFEF7C7F9E06A2968C96A01
:102960008842E3D3C5F81C80E0E70CB1FDF710F90D
:10297000AC694CB14FEA0806FFF7A2FE00B1EE6168
:10298000641EF9D10020A861E86938B1084901271F
:1029900038070860BFF34F8FBFF36F8FFEF7D0F992
:1029A0003846BDE8F087000004010020882400209C
:1029B00004ED00E02DE9FC4781461E461746884697
:1029C0002C200A9DFDF79AF904000AD0002084F813
:1029D0002800CDE9005433463A4641464846FCF7C4
:1029E00081FF2046BDE8FC877CB52C26DDE9065436
:1029F000009644B1022684F82860CDE90054FCF723
:102A000071FF20467CBD502080F31188BFF34F8FAB
:102A1000BFF36F8FFEE7000010B586B0FCF704FE31
:102A2000114C2068B8B100200390049005AA04A9B5
:102A300003A8FEF727F9DDE9032137208DE8070019
:102A400000230AA10B48059AFFF7FBFC606010B158
:102A500006B0012010BD502080F31188BFF34F8FC6
:102A6000BFF36F8FFEE7000040010020546D72201D
:102A7000537663006DFC00082DE9FF411E461346A6
:102A800002000A9D4FF0000016D0144C2768002F5A
:102A90000FD0CDE900130292062917DAFFF7F4FDF3
:102AA00002284FF000030FD0002269462068FFF78C
:102AB0005DF904B0BDE8F081502080F31188BFF3C8
:102AC0004F8FBFF36F8FFEE72A46EEE700233246B3
:102AD00069463846FFF7FAF9EBE7000040010020AD
:102AE00044575F3230323531323330000D0A0052F4
:102AF00053323332207265636569766564206D7385
:102B0000673A0D0A00000000DC30010800000000F8
:102B100000000000000000000000000000080000AD
:102B2000180000000000000000000000EC30010868
:102B30000000000000000000000000000000000095
:102B40000008000018000000000000000000000065
:102B50003831010800000000000000000000000003
:102B60000000000000080000180000000000000045
:102B70000000000008310108000000000000000013
:102B80000000000000000000000400002000000021
:102B900000000000000000001831010800000000E3
:102BA0000000000000000000000000000004000021
:102BB000200000000000000000000000FC300108C0
:102BC0000000000000000000000000000000000005
:102BD00000020000180000000000000000000000DB
:102BE0002C3101080000000000000000000000007F
:102BF00000000000000200000800000000000000CB
:102C0000000000004D51544300000000040000008B
:102C10000000000000000000000000003C00010077
:102C20004D5154570000000000000000000000005B
:102C30000000000000000000000000000000000094
:102C40000000000000000000000000000000000084
:102C50000000000000000000000000004D5154433F
:102C60000000000004000000000000000000000060
:102C7000000000003C0001004D51545700000000CE
:102C80000000000000000000000000000000000044
:102C90000000000000000000000000000000000034
:102CA0000000000000000000000000000000000024
:102CB00000000000000610160006101600000000BC
:102CC00000000000010203040607080900000000DC
:102CD00001020304080000000000000008000000DA
:102CE000000000000008DC112233C0A8027BFFFFB7
:102CF000FF00C0A801010808080801004D51544315
:102D000000000000040000000000000000000000BF
:102D1000000000003C0001004D515457000000002D
:102D200000000000000000000000000000000000A3
:102D30000000000000000000000000000000000093
:102D40000000000000000000000000000000000083
:102D5000000000000102030405060F1004330108FF
:102D60000000000000000000000000000000000063
:102D700000000000F4320108000000000000000024
:102D80000000000000000000000200001800000029
:102D900000000000000000001833010800000000DF
:102DA000000000000000000000000000000400001F
:102DB0002000000000000000000000002C3301088B
:102DC0000000000000000000000000000100000002
:102DD00000000000000101010100010000010101EB
:102DE00001010000000000000100010000020000DD
:102DF0000003000000040000000500008001000046
:102E00008002000080030000800400000000000039
:102E100018020020010000102C0200200100011007
:102E200048020020010005105C020020010006108D
:102E30007002002001000710880200200100141019
:102E4000B4020020050018101403002004008012B2
:102E50006803002007000014EC03002007000114A1
:102E60006804002003000016A004002002000116E0
:102E7000D40400200700001858050020070001189E
:102E8000D40500200300001A0C0600200200011ADD
:102E90002C060020010000203C060020010001203B
:102EA0004C060020010002205C060020010040606A
:102EB0006C060020010041607C0600200100646077
:102EC0008C06002001006C609C06002001007860E8
:102ED000AC06002001007A60BC0600200100816081
:102EE000CC0600200100FF600000070008000A0077
:102EF0000C000E000000070009000B000D000F0081
:102F00001B0000005C090020010000107009002077
:102F1000010001108C09002001000510A00900200B
:102F200001000610B409002001000710CC090020A0
:102F300001001410F809002005001810580A00209C
:102F400004008012AC0A002007000014300B00209F
:102F500007000114AC0B002003000016E40B002056
:102F600002000116180C0020070000189C0C00201D
:102F700007000118180D00200300001A500D002052
:102F80000200011A700D002001000020800D0020B9
:102F900001000120900D002001000220A00D002062
:102FA00001004160B00D002001006460C00D0020F0
:102FB00001006C600000070008000A000C000E0011
:102FC0000000070009000B000D000F001600DDDDFA
:102FD000DDDDDCBBBBDDDDDDDDDDDDDDDDDD988800
:102FE00088888888888877777777778888888555EC
:102FF0005556666666666666666666688888833362
:10300000333222222222222222222228888D0000EC
:103010005A65726F4572722063757272656E7420A4
:10302000737461747573206973204F504552415415
:10303000494F4E5F454E41424C45442C20656E61E0
:10304000626C6520636F6D706C657465642E0D0A2B
:10305000000000004B696E636F2063757272656ECD
:1030600074207374617475732069732053574954C5
:1030700043485F4F4E5F44495341424C45442C20E6
:1030800064697361626C6520636F6D706C657465F3
:10309000642E0D0A000000005A65726F457272209E
:1030A00063757272656E74207374617475732069D0
:1030B00073205357495443485F4F4E5F444953412F
:1030C000424C45442C2064697361626C6520636FD7
:1030D0006D706C657465642E0D0A00006B696E631B
:1030E0006F4374726C5461736B0000007A65726F89
:1030F0006572724374726C5461736B006770696FB0
:103100005461736B000000006C65667447726970EF
:103110007065725461736B00726967687447726995
:10312000707065725461736B000000006D6F6E69A2
:10313000746F725461736B006D7174745461736B4E
:1031400000000000726F626F742F73746174757386
:10315000000000007B226C6566745F6772697070A6
:103160006572223A7B226578705F706F73223A2510
:10317000752C22706F73223A25752C22726561635B
:10318000686564223A25752C227761726E696E67D4
:10319000223A25757D2C2272696768745F677269AF
:1031A00070706572223A7B226578705F706F73224F
:1031B0003A25752C22706F73223A25752C22726580
:1031C0006163686564223A25752C227761726E69A5
:1031D0006E67223A25757D2C227379735F6B696E59
:1031E000636F223A7B227374617475735F776F72B9
:1031F00064223A25752C226572726F725F636F6468
:1032000065223A25752C226578705F706F73223ABB
:10321000256C642C22706F736974696F6E223A2575
:103220006C642C2276656C6F63697479223A256C24
:10323000647D2C227379735F7A65726F6572722276
:103240003A7B227374617475735F776F7264223A8C
:1032500025752C226572726F725F636F6465223A06
:1032600025752C226578705F706F73223A256C6427
:103270002C22706F736974696F6E223A256C642C0E
:103280002276656C6F63697479223A256C647D2CB3
:10329000226770696F5F696E223A5B25642C256432
:1032A0002C25642C25642C25642C25645D7D000070
:1032B0005B4E6574776F726B436F6E6E6563745DA2
:1032C00020636F6E6E656374282920726573756C58
:1032D000743D25642C20536E5F53523D3078253069
:1032E00032582C20536E5F49523D30782530325889
:1032F0000D0A00005461736B4D6F64627573536CFB
:103300006176650051756575654D6F6462757354BE
:10331000656C656772616D005461736B4D6F6462BB
:1033200075734D6173746572000000004D6F6442E7
:103330007573537068720000583301080000002054
:10334000481000007C1300088C370108481000204A
:103350006084000090A30008811331A31408ADA27B
:10336000140861FF0220080C1F4431012401484861
:1033700018525334383541207472616E736D69741C
:1033800020746573742E0D0A180A1542180A10432A
:1033900018C132018210037924F41AAA01510216CD
:1033A000C05008010257353530301EE3150108E5DD
:1033B000041AF1041AEF041A9F041AA30401205BF3
:1033C000FFFF04012B14920102230207320413149D
:1033D0000282201B020594319A2814412280124057
:1033E00059305A441C2440420F59140A1158149A57
:1033F0006C4419407918DA845C39161A0358A246CD
:1034000069885AA22C69ACDAA410DAA810DAAC10D8
:103410005AB010195F112301065A815869605B0484
:10342000038C5930DA08106A0C1059305A101019F0
:103430004B112A8111B16954DA5444DA58446A5C58
:103440001019453202DA5E20DA6020DA62209A64CE
:10345000840A158284DAD884DADC44DAE064DAE2B9
:1034600020DAE420DAE6205AE810291C1210144170
:1034700060207B6460E08A043C297C6A6010598C7F
:103480005A6410292C12207A6C38DA98285A9C1029
:1034900029E81A01690A11FFE8DAC0346AC4105930
:1034A000209AC88C29ACDACA20DACC20DACE209A4D
:1034B000D0840A150284CB4405846A481059206AD6
:1034C0004C105964DA4E20DA5020DA52205A541047
:1034D000291C22101320207B0120E0D97CDACC109B
:1034E0005AD010292C12207A0238CB0406286A08F8
:1034F000105984CBE80120DAEC106AF01059305AE8
:10350000F4105A02106AF610192D2930DAF8106AF0
:10351000FC104A03301905495059206A041069A06B
:10352000D9206A0C10111AFF01E1E9121A102C5E61
:10353000102E0108DCE41335A21B08E8101AF4046D
:10354000111D2F01080C08134D48024C08698272A6
:103550000F13D7A51B08F5041AE9048B43B06C1AA6
:10356000989C1A9C04133C091B20A00829381AD5E2
:10357000240A270F0101561AFF011AE7881A8094BE
:103580001A8204018023FFFF1A44881A58041AF390
:10359000981AEF041AEB041AED044113F5464C088F
:1035A00045B00C4102100119111A3C3C1A40041A92
:1035B00028040A2184D45AF15C011C230207320436
:1035C0008B5809504B0205809A6C1441228012409E
:1035D00059305A881C2440420F5914AA9C3059145F
:1035E0009AB0149A8118DAC85C4916D99C59885A3D
:1035F000E62C69ACDAE810DAEC10DAF0105AF410C4
:1036000032031B010688595869605B480A8C59309F
:10361000DA4C106A501059305A5410194B112A8143
:10362000110911B4DA9844DA9C446AA010194532A1
:1036300002DAA220DAA420DAA6209AA8840A158247
:1036400084CB1C0B846A201059206A24105964DA38
:103650002620DA2820DA2A205A2C10291C121014CD
:103660004160207B6460E0D97CDAA4105AA810295C
:103670002C12207A6C38DADC285AE01029E81A017A
:10368000690A11FFE8CB040C346A081059206A0C4F
:103690001059C8DA0E20DA1020DA12205A14102934
:1036A000840A150284DA8884DA8C44DA9064DA9227
:1036B00020DA9420DA96205A9810291C2210132020
:1036C000207B0120E0CA0D7CDA10105A1410292C3E
:1036D00012207A0238DA48286A4C105984CB3E0905
:1036E00020DA40105A44105A02306A4810191D3925
:1036F00050D9106A5040111AFF01E1E9121A542CF6
:103700005E042F0108D0941335A21B08B4101AC010
:10371000041ACC041A020413FD92024C0869827246
:103720000F13D7A51B08F5041AE9048B43B06C1AD4
:10373000DC9C1AE0041330101B20E40829381AD549
:10374000240A270F0101561AFF011AE7881AC494A8
:103750001AC604018023FFFF1A88881A9C041AF3F2
:10376000981AEF041AEB041AED044113ED914C087A
:1037700045B00C4102100119111A803C1A84041A38
:0C3780006C040A21C8D45AF15C0114004A
:040000050800018965
:00000001FF
