:020000040800F2
:10000000909400206102000859670008F34400083A
:10001000A96500084D150008998800080000000037
:10002000000000000000000000000000A101000826
:100030002117000800000000FD0100088D7F000866
:100040007B0200087B0200087B0200087B0200089C
:100050007B0200087B0200087B0200087B0200088C
:100060007B0200087B0200087B0200087B0200087C
:1000700035160008411600084D16000859160008EC
:100080007B0200087B0200087B0200087B0200085C
:10009000511500087B0200087B0200087B02000863
:1000A0007B0200087B0200087B0200087B0200083C
:1000B0007B0200087B0200087B0200087B0200082C
:1000C0007B0200087B0200087B0200087B0200081C
:1000D0007B02000875880008818800088D88000868
:1000E0007B0200087B0200087B0200087B020008FC
:1000F0007B0200087B0200087B0200087B020008EC
:100100007B0200087B020008518000087B02000887
:100110008D830008998300089D8000087B020008F9
:100120007B0200087B020008651600087B020008BD
:100130007B0200087B0200087B0200087B020008AB
:100140005D1500087B0200087B0200087B020008A6
:100150007B0200087B020008711600087B02000881
:100160007B0200087B0200087B0200087B0200087B
:100170007B0200087B0200087B02000800000000F0
:100180007B0200087B020008DFF810D000F0EAFED6
:100190000048004745C80008AFF300809094002055
:1001A0002C4B19680868B0E8F04F80F30988BFF35A
:1001B0006F8F4FF0000080F311887047000000003F
:1001C00008480068006880F308884FF0000080F35A
:1001D000148862B661B6BFF34F8FBFF36F8F00DF35
:1001E00000BF00BF08ED00E0DFF80C00016841F43B
:1001F00070010160704700BF88ED00E0EFF30980F7
:10020000BFF36F8F134B1A681EF0100F08BF20ED5D
:10021000108A20E9F04F106009B44FF0500080F3CD
:100220001188BFF34F8FBFF36F8F10F055FE4FF063
:10023000000080F3118809BC19680868B0E8F04F25
:100240001EF0100F08BFB0EC108A80F30988BFF3CE
:100250006F8F704700010020EFF3058070470000AA
:100260000648804706480047FEE7FEE7FEE7FEE750
:10027000FEE7FEE7FEE7FEE7FEE7FEE74180000857
:10028000890100082DE9F05F0546002092469B4653
:1002900088460646814640241BE02846414647469C
:1002A000224600F0A0FC53465A46C01A914110D392
:1002B00011461846224600F087FC2D1A67EB01080C
:1002C0004F4622460120002100F07EFC17EB00097A
:1002D0004E41201EA4F10104DFDC484631462A4687
:1002E0004346BDE8F09FA0F14101192900D8203014
:1002F000704740EA01039B0703D009E008C9121FB9
:1003000008C0042AFAD203E011F8013B00F8013BCF
:10031000521EF9D27047D2B201E000F8012B491EFB
:10032000FBD270470022F6E710B513460A46044692
:100330001946FFF7F0FF204610BD421C10F8011BC4
:100340000029FBD1801A704710B5002200E0521C32
:10035000835C8C5CA34201D1002BF8D1D8B2E1B20E
:10036000401A10BD30B504460020034600E05B1C77
:10037000934203D2E05CCD5C401BF8D030BD30B579
:1003800005460020034600E05B1C934205D2EC5C6E
:10039000C85C201A01D1002CF6D130BD0FB400B5D5
:1003A0008DB010A909900B9000914FF0FF300A908A
:1003B00000200C9005480690054807906A4609A859
:1003C0000F9900F047FC0DB05DF814FB710C0008AC
:1003D0008F0C00082DE9FF5F1D464FF0FF3BD5E96C
:1003E000014691465F464FF00008A9697F1C0198BD
:1003F0008847296A824688470028F6D1BAF1FF3F2C
:100400000CD024F4C064002E19DD600614D5BAF1B6
:100410002B0F09D0BAF12D0F0ED103E0584604B0CE
:10042000BDE8F09F44F48064A9697F1C0198884767
:10043000761E8246002E02DDBAF1300F03D0B9F1EC
:10044000000F26D032E0A969761E44F400747F1CA8
:10045000019888478246002E05DDBAF1780F06D054
:10046000BAF1580F03D0B9F1000F10D01EE0B9F166
:10047000000F02D0B9F1100F18D1A969761E24F42B
:1004800000747F1C019888478246102002E00820F3
:1004900000E00A20814609E008FB0908A969761EE8
:1004A00044F400747F1C019888478246002E05DDC5
:1004B0004946504600F0B9FB0028EDDAE969019899
:1004C0008847A00502D46FF00100A8E7E00725D116
:1004D000600613D5600502D5C8F1000000E0404673
:1004E00029680A1D2A600968220501D5087015E0EF
:1004F000220701D5088011E008600FE02868011D7F
:1005000029600068210502D580F8008006E02107F7
:1005100002D5A0F8008001E0C0F8008038467EE7F0
:100520002DE9FF4F087883B09946FF2805D0491C74
:100530002D2804D00024002008E000200BE0012436
:10054000F9E700EB800003EB4000491C0B78FF2B20
:10055000F7D104B1404200230293147819461D4696
:100560002D2C01D02B2C04D1521C2D2C13D0002467
:100570000294AA461478FF2C0FD00A25A3FB057815
:1005800001FB05814FF0000C03FB0C11521CE31919
:100590004AEB0101EEE70124EAE7814453EA010056
:1005A00002D019F5C87F06DA03980021C0E90011CE
:1005B00007B0BDE8F08F0025AE4E2F46DFF8B882B9
:1005C000184600F08FFCCDE90001B9F1000002DA15
:1005D000C9F1000400E004460023A74A1AEB030B0C
:1005E00042EB045A12E0E00707D02A463346384669
:1005F000414600F0ECF9074688462A463346104645
:10060000194600F0E4F905460E466410002CEAD1C4
:10061000DDE90001B9F1000F5A46534606DA00F051
:10062000F2FB3A46434600F0EEFB05E000F0CFF95E
:100630003A46434600F0CBF9029A0AB181F00041F4
:10064000039AC2E90001B3E72DE9FF4F1F468DB0C1
:10065000D7E901464FF0FF382E2045464FF00009FC
:100660000B90B9696D1C0E988847396A8246884795
:100670000028F6D1BAF1FF3F0AD024F4D064002E4E
:1006800011DDBAF12B0F08D0BAF12D0F0BD102E01A
:10069000404611B08DE744F48064B9696D1C0E9832
:1006A00088478246761E6946600501D52D2000E008
:1006B0002B208DF8000001F1010B0DF1200809E05D
:1006C000B9696D1C0E98884782460F9844F40074EF
:1006D000761E0560002E02DDBAF1300FF0D00B99C6
:1006E0008A453ED144F0800406E00F99681CA9F1C8
:1006F000010944F400740860B9696D1C761E0E98F7
:10070000884782463028F0D02BE00B998A4505D1E6
:10071000200603D444F08004761E18E0504609F009
:10072000C7FD08B30DF11301761E44F400748B4528
:1007300008D2AAF130000BF8010B200607D5A9F169
:10074000010003E0200602D409F101008146A00562
:1007500002D50F99681C0860B9696D1C0E9888470E
:100760008246002ED1DC53E0002E51DDBAF1650F38
:1007700002D0BAF1450F4BD1A00549D5B9696D1C1E
:1007800024F44074761E0E9888478246002E0CDDB5
:100790002B2804D0BAF12D0F07D144F48074B96925
:1007A0006D1C0E9888478246761EE00501D52D21E6
:1007B00000E02B2108F8011BCDF82C8021E00DF181
:1007C0002901761E44F4007488450CD2AAF1300049
:1007D00010F0FF0088F8000002D10B99884509D974
:1007E00008F1010806E0E00501D5244801E042F2E5
:1007F0000F708146B9696D1C0E98884782460F9824
:100800000560002E04DD504609F052FD0028D6D1C7
:10081000F9690E988847FF208BF8000088F80000DF
:100820000020069007904B466A4608A906A8FFF7E5
:1008300077FEA00502D46FF001002AE714F0240F20
:100840000AD0E00714D1DDE906123868031D3B60C9
:100850000068C0E900120BE0DDE9060100F066FB6C
:100860000146E00704D13868021D3A600068016063
:1008700028460EE7000014400000F03FF1D8FFFFCB
:100880002DE9FE4F804681EA0300C00F0C46009020
:1008900021F0004123F00045B8EB0200A94105D248
:1008A0004046214690461C460B46024623F0004037
:1008B000104347D0270DC7F30A00C3F30A51029033
:1008C000401A019040286BDAC3F3130040F4801BF8
:1008D0000098924620B10023D2EB030A63EB0B0B86
:1008E00001985946C0F14002504600F06DF90646A5
:1008F0000D4650465946019A00F085F910EB080064
:100900006141002487EA115284EAE7731A4340D018
:10091000009A62B3019A012A4FEA075215DC001BC4
:1009200061EB02014FF0004202EA0752CDE90042BA
:10093000001C41F5801132462B4600F016FA03B038
:10094000BDE8F08F40462146F9E7001B61EB02014C
:10095000001C41F5801300185B412018A2F5001718
:1009600047EB030140EAD570B6196D4111E06D08FF
:100970004FEA360645EAC0754FEA0752001B61EBA5
:100980000201001C41F5801149084FEA30000019AE
:10099000514132462B4603B0BDE8F04F00F0D6B9C6
:1009A0000098012240000023D0EB020263EBE073C9
:1009B000009821464FEAE074B8EB000061EB0401B7
:1009C000E9E783F000435BE781F0004158E72DE958
:1009D000FE4F81EA030404F0004421F0004100943A
:1009E0004FF0000B23F0004350EA01045ED052EABE
:1009F00003045BD0C3F30A54C1F30A552C44A4F298
:100A0000F3340194A0FB0254C1F3130141F48011AB
:100A1000C3F3130343F4801301FB024400FB034EB2
:100A2000840A970A44EA815447EA8357A4FB07687B
:100A300002958D0A05FB07854FEA932C04FB0C54A5
:100A40002705029D4FEA065847EA1637B5EB080519
:100A50006EEB070C870E920E47EA811742EA83126B
:100A6000A7FB0201B6EB0B0164EB00042B0D43EA7C
:100A70000C335E1844EB1C50DA465146E7FB02018A
:100A8000C5F313044FEA0B3343EA14534FEA04321D
:100A9000019C43EA0603A4F10C040294009CCDE9F6
:100AA00000B400F062F903B0BDE8F08F0020014609
:100AB000F9E70EB540F2334102910021CDE9001172
:100AC0000A460B4600F051F903B000BD70B5C1F302
:100AD0000A5201F000450024C1F3130140F2FF3334
:100AE00041F480119A4201DA002070BD40F2334394
:100AF0009A42A2F2334203DC524200F074F800E062
:100B000090402C43F1D0404270BDC1F30A5210B561
:100B1000C1F3130140F2FF3341F480119A4201DA2C
:100B2000002010BD40F233439A42A2F2334203DC6C
:100B3000524200F058F810BD904010BD30B5041E70
:100B400071F1000404DB4FF00044404264EB01010A
:100B5000141E73F1000405DB1C464FF000435242A3
:100B600063EB04038B4208BF824230BD30B5041EE4
:100B700071F1000404DB4FF00044404264EB0101DA
:100B8000141E73F1000405DB1C464FF00043524273
:100B900063EB0403994208BF904230BD30B50B4669
:100BA000014600202022012409E021FA02F59D429D
:100BB00005D303FA02F5491B04FA02F52844151E71
:100BC000A2F10102F1DC30BD202A04DB203A00FA58
:100BD00002F1002070479140C2F1200320FA03F394
:100BE000194390407047202A04DB203A21FA02F092
:100BF0000021704721FA02F3D040C2F12002914057
:100C0000084319467047202A06DBCB17203A41FAE1
:100C100002F043EAE07306E041FA02F3D040C2F189
:100C2000200291400843194670473A2800D23038D4
:100C300020F02002412A01D3A2F13700884201D3DB
:100C40004FF0FF30704700000268114413780160D4
:100C500018467047D160044951610449116200216E
:100C60001161114600F096B9490C0008890F00087F
:100C7000426842B1016811F8013B23B1521EC0E93C
:100C80000012184670470121C160881E70474268F3
:100C90005AB1C368016843B983688B4205D0491EC5
:100CA000521CC0E90012002070474FF0FF3070471F
:100CB0000FB4002300B589B00CA900910B996FF017
:100CC0000042CB601E4B06931E4B07930423CDE9D5
:100CD00001321D4A089202466B460020FFF7B4FC21
:100CE00009B05DF814FB70B586B006464FF0FF30D2
:100CF0000091CDE90101002015460C4604903246D2
:100D0000694604A8FFF7D4FF02460498211825B1CC
:100D100008B1084600E020462860049800280DD05D
:100D2000002A02DD0098884208D0081B0094CDE913
:100D300001043246694604A8FFF7BAFF06B070BD49
:100D4000710C00088F0C0008890F000810B5141EE4
:100D500073F1000408DA401C41F1000192185B4174
:100D60001A4301D120F0010010BD2DE9F04D92464B
:100D70009B4611B1B1FA81F202E0B0FA80F2203262
:100D80009046FFF721FF04460F4640EA0A0041EA79
:100D90000B0153465A46084313D0114653EA01004B
:100DA00019D0C8F140025046FFF71DFF05460E4618
:100DB000504659464246FFF707FF084305D0012039
:100DC00004E020463946BDE8F08D0020054346EAA0
:100DD000E0762C4337430A986305E40AA0EB080049
:100DE0000022FD0A44EA47540A3002D50020014699
:100DF000E9E7010510196941DDE908450019694174
:100E0000BDE8F04DA2E72DE9F04D81EA030404F0BE
:100E1000004B21F0004514464FF0000A23F000413A
:100E200050EA050220D054EA01021DD0C5F30A574A
:100E30000246C5F31303C1F31300C1F30A5640F48D
:100E4000801543F48013A7EB0608101BD64608F262
:100E5000FD3873EB050002D308F1010801E0921898
:100E60005B41B8F1000F03DA00200146BDE8F08DC8
:100E700000204FF48011064684460EE0171B73EBEA
:100E8000050705D3121B63EB050306434CEA010C6F
:100E900049084FEA300092185B4150EA0107EDD152
:100EA00052EA030012D082EA040083EA05010843F3
:100EB00005D0101BAB4106D20122002306E0002220
:100EC0004FF0004302E06FF0010253101AEB0600EE
:100ED0004CEB085110EB0A0041EB0B01BDE8F04D63
:100EE000FFF734BF0EB540F2334202920022CDE943
:100EF00000221346FFF739FF03B000BDC1F30A52C9
:100F0000C1F3130140F2FF3341F480119A4202DA37
:100F100000200146704740F233439A42A2F2334226
:100F200002DC5242FFF75FBEFFF74EBE01F0004306
:100F300030B421F0004150EA010206D00A0DA2F5BA
:100F40006072C1F31301002A02DC30BC002070473C
:100F5000440F44EAC104C100E01830BC00EBC250A9
:100F600000F0B0B9064C074D06E0E06840F0010320
:100F700094E8070098471034AC42F6D3FFF708F91D
:100F8000902F0108B02F0108C0B24FF4F05100F0CB
:100F9000D1B900002DE9F34F8BB04FF0000801F1FB
:100FA0000C000C464FF0010B46460DF1080A01906B
:100FB0006269012101989047051E2DD0252D2CD066
:100FC000216A8847C0B16269012101989047216A6E
:100FD00088470028F7D1411E62690198904700E0D8
:100FE000761CA1690B988847216A88470028F7D1A9
:100FF000E1690B988847DBE7A1690B9888470746AA
:10100000A84201D1761CD3E7E1690B9888477F1C81
:1010100002D1B8F1000F6FD047E1002762693D4669
:101020003946019890472A2804D162690121019824
:1010300090470125DFF88892626901210198904765
:10104000A0F130010A290AD24F45E5DC07EB870100
:1010500000EB4107303FDFD445F01005ECE7E9062F
:1010600001D46FF000476C280AD04C2814D06828AF
:1010700015D06A280DD074281CD07A281AD01DE00B
:1010800062690121019890476C2802D045F004055F
:1010900014E045F002050DE045F020050AE0626924
:1010A000012101989047682802D045F0080505E025
:1010B00045F400656269012101989047C4E9015730
:1010C00065283DD019DC58287AD00CDC452837D06B
:1010D00004DC252826D0412831D131E046282FD004
:1010E00047282CD12CE05B2877D0612828D06328B2
:1010F0007CD0642823D15AE0D1E06F2848D008DCA6
:1011000066281DD067281BD0692821D06E2816D1EB
:1011100027E0702845D0732868D0752847D07828F4
:101120000DD14DE0A1690B988847054625283FF46D
:1011300069AFE1690B9888476D1C3FF46AAFB4E072
:1011400023466A466FF001000B99FFF77DFA9FE096
:1011500045F040006060A80723464FF0000236D4F7
:101160003EE0E8077FF447AF2068011D216000687A
:10117000290501D506701BE7290701D5068017E769
:10118000A90703D5F117C0E9006111E706600FE771
:1011900045F040006060A80723464FF0080216D4CF
:1011A0001EE040F60E0125EA0100606016E045F001
:1011B00040006060A80723464FF00A0207D40FE002
:1011C00045F040006060A80708D5234610226FF064
:1011D00001000B99AFF300805AE007E0234610228C
:1011E0006FF001000B99FFF7F5F851E04FF000099F
:1011F0004F464B46632802D05B2807D041E0207958
:10120000C00601D40120A06001273AE062690121F3
:10121000019890475E2805D14FF00109626949465F
:1012200001989047216939B900210A46534643F88D
:101230002120491C0829FADBB0B3216969B9C1171B
:1012400000EBD16253110AEB830122F01F02821AD4
:1012500001200B68904003430B60626901210198F3
:1012600090475D28E8D1B9F1000F09D00020514620
:1012700051F82020D24341F82020401C0828F7DBF9
:1012800002AB224600976FF001000B99AFF300808C
:1012900000280CDA401C08D1BBF1000F05D04FF03C
:1012A000FF300DB0BDE8F08FFFE74046F9E7E907F2
:1012B00001D108F1010806444FF0000B78E6000068
:1012C000CCCCCC0C0029A8BF7047401C490008BFFB
:1012D00020F00100704710B4B0FA80FC00FA0CF066
:1012E00050EA010404BF10BC704749B1CCF120049E
:1012F00021FA04F411FA0CF118BF0121214308432B
:10130000A3EB0C01CB1D4FEA00614FEA102042BF56
:10131000002010BC704700EBC35010440029A4BF4C
:1013200010BC7047401C490008BF20F0010010BCF1
:10133000704700007F2801D9002208E0064A02EB2E
:101340005002C007127800D1120902F00F020120EA
:101350009040084070470000662C010870B58C185A
:1013600010F8015B15F0070301D110F8013B2A11B9
:1013700006D110F8012B03E010F8016B01F8016BA6
:101380005B1EF9D12B0705D40023521E0DD401F8A2
:10139000013BFAE710F8013BCB1A921C03E013F86B
:1013A000015B01F8015B521EF9D5A142D8D30020A0
:1013B00070BD0000464910B54A6822F440324A60C8
:1013C0004A6843681A434A6001684A6822F4807296
:1013D0004A6001684A68036942EA03224A60016878
:1013E0004A6822F040724A6001684A6883681A437A
:1013F0004A6001688A6822F400628A6001688A682B
:10140000C3681A438A60816A6FF07062D1420168D2
:101410008A6822F070628A6001688A680CD0836AE8
:101420001A438A6001688A6822F040528A60016823
:101430008A68C36A1A4301E022F040528A60016858
:101440008A6822F002028A6001688A68037E42EAA2
:1014500043028A6090F82010002901684A680FD082
:1014600042F400624A6001684A6822F460424A60BD
:1014700001684A68174C436A04EB43331A4301E09E
:1014800022F400624A600168CA6A22F47002CA62E9
:101490000168CA6A838B104C04EB03531A43CA6277
:1014A00001688A6822F400728A6001688A6890F88C
:1014B000303042EA43228A6001688A6822F48062FE
:1014C0008A6001688A68406942EA8020886010BDAD
:1014D0000023014000E0FFFF0000F0FF0122910225
:1014E000014801F0A1BA000000100240012251029F
:1014F000014801F099BA00000010024001221102D7
:10150000014801F091BA00000010024001220421BC
:10151000014801F089BA0000001002400122D10206
:10152000014801F081BA00000010024010B5FFF739
:10153000E5FFFFF7DBFFFFF7D1FFFFF7EFFFFFF757
:10154000E5FFBDE81040C82001F064B9FEE70000E7
:10155000014800F0C8BC0000E01A0020014800F07B
:10156000C2BC0000081B002030B4D0F8A020D0F886
:10157000A4404FF0FF3352F8212024F81130C2F379
:1015800007420121831883F8B410D0F8B03030BC82
:10159000114618472DE9F04F9946DDE90A5A4FF0F8
:1015A000FF3BDDF824C041E0AB1A5BB20C78002BA6
:1015B00003DD00BF04FA03F403E0C3F1000324FADF
:1015C00003F4E6B202DDC5F1080301E0C2F108034D
:1015D000DCB2844200D9044605EB0408FF2707FA71
:1015E00008F3C5F10805EF403B439CF800509E43CB
:1015F0001D4035432244D2B28CF80050072A07D947
:101600000022B9F1000F01D05B4600E0012319442C
:1016100008F0FF05072D07D90025BAF1000F01D00A
:101620005B4600E001239C44001BC0B20028BBD1F4
:10163000BDE8F08F014800F07BBF0000A41E002031
:10164000014800F075BF0000241D0020014800F093
:101650006FBF0000041F0020014800F069BF0000B8
:10166000841D0020014800F063BF0000E41D00203D
:10167000014800F05DBF0000441E002001681823EF
:10168000CAB2103AB2FBF3F2054B6FF30901032A19
:101690009B5CC36500D9091D816508467047000041
:1016A0004C29010810B5014600208B698A6A4FF069
:1016B000C07453B1B3F5005F15D072B1012A0CD0DC
:1016C000022A0AD0032A09D104E01AB1012A06D05D
:1016D000022A03D1C96AC90100D5012010BDC96A17
:1016E000A142FAD010BD002AF7D0012AF2D0022A76
:1016F000F3D0032AF3D010BD30B50468256825F473
:1017000080252560046863608368402B036803D0EC
:1017100099600068C26030BD9A600068C16030BDE9
:1017200070470000411C0CD00749B1F900209042DD
:1017300001D1521E0A80054A00EB4000002102F848
:1017400030104FF0FF307047DC010020D08D0020BA
:1017500072B6FEE770B504464FF4027000EB441019
:101760001F2107F045FB4FF4847000EB441010215B
:1017700007F03EFB4FF44270002500EB44160A20B0
:101780000BF04FFB304607F0CDFA020008D06D1C7D
:10179000322DF4DB2146BDE8704004A008F0B6BB52
:1017A0002146BDE870400DA008F0B0BB536F636BDD
:1017B000657420256420636C6F73652074696D65A2
:1017C0006F75742C206C6173742073746174653D43
:1017D0003078253032580D0A00000000536F636BDB
:1017E000657420256420434C4F5345440D0A000086
:1017F000F0B50346406942889869448842B10020A8
:10180000042611E05D6806EBC207EF5D032F01D8E7
:10181000FF20F0BD55F83250AD6B2D788D42F8D0D9
:10182000521C401C92B2C0B2A242EBD9FE20F0BDC5
:10183000024908B1487870470878704714000020C2
:101840002DE9F05F0127384C022603254FF00408EC
:101850004FF005094FF0060A4FF0070B00B333486D
:101860000EF0ABFC01200BF0DCFA3148008810F0E0
:101870004F0F47D000F04F01402945D000F06F00D6
:10188000212843D0232843D0272844D0072845D0F7
:101890000F2946D0082901D108206070BDE8F09FCB
:1018A00024480EF08AFC01200BF0BBFA2248008885
:1018B00010F04F0F14D000F04F01402912D000F06B
:1018C0006F00212810D0232810D0272811D00728F6
:1018D00012D00F2913D00829E0D108202070DDE7AD
:1018E0002770DBE72670D9E72570D7E784F80080FA
:1018F000D4E784F80090D1E784F800A0CEE784F81C
:1019000000B0CBE76770C9E76670C7E76570C5E7E9
:1019100084F80180C2E784F80190BFE784F801A051
:10192000BCE784F801B0B9E714000020F00D0020F6
:1019300044090020FC060020F201002070B5054695
:10194000D0F83C01008818B300242E1996F8B40092
:101950000F2818D028680078A04214D096F84401C7
:1019600040B9D5F8382112B12146284690470120C8
:1019700086F8B40096F844012146401E86F84401DA
:1019800028460BF039F8641CE4B2802CDDD370BD1E
:10199000B5F93401FFF7C6FEA5F8340170BD0000AB
:1019A00078B50024009490F83C20012A19D0012237
:1019B00080F83C200A6807230568092A13D9EE68D5
:1019C0000A3A02EB420293409E43EE600B788A682B
:1019D0000A3B03EB43039A400368DD682A43DA605D
:1019E00010E0022078BD2E6902EB420293409E4334
:1019F0002E610B788A6803EB43039A4003681D69E4
:101A00002A431A614A681F23072A13D205686E6B9E
:101A1000521E02EB820293409E436E630B790A884A
:101A20005B1E92B203EB83039A4003685D6B2A430B
:101A30005A6327E005680D2A12D22E6BD21F02EBE3
:101A4000820293409E432E630B790A88DB1F92B279
:101A500003EB83039A4003681D6B2A431A6311E06A
:101A6000EE6A0D3A02EB820293409E43EE620B79DE
:101A70000A880D3B92B203EB83039A400368DD6A48
:101A80002A43DA62164B0568144A9D4206D10D6856
:101A9000122D03D1556845F48005556005689D42B7
:101AA00018D10B68102B01D0112B13D1536843F4BC
:101AB00000035360096810290CD10A490A4A0968D1
:101AC000B1FBF2F101EB8101490000E0491E0091F8
:101AD0000029FBD180F83C40002078BD0023014064
:101AE00000200140FC00002040420F0070B50400BF
:101AF0004FF0000503D0206C002610B107E0012054
:101B000070BD204600F01CF8666484F83C60206CD0
:101B1000C00610D4206C20F4885040F002002064ED
:101B20002046FFF747FC6664206C20F0020040F07E
:101B30000100206400E0012584F83C60284670BD67
:101B400030B587B0044614216846FEF7EBFB184910
:101B5000206888422AD117480025016841F4807125
:101B60000160006800F48070059012481438016824
:101B700041F004010160016801F004010591016870
:101B800041F0020101600068032400F002000590AA
:101B900008208DE831006946074800F04DFE0094AA
:101BA00069460648CDE9014500F046FE07B030BD64
:101BB0000020014044380240000802400004024076
:101BC00090F82020012A07D0022A05D0416A41F46A
:101BD0008021416201207047006842690A434261E6
:101BE00000207047F0B590F820500468A468012DDB
:101BF00005D0022D03D0416A41F480215DE014F04C
:101C0000406F01D1E50055D5C4F30164022C03D91E
:101C1000416A41F4000150E00125A5401D608D6836
:101C20004FF4C0739DB1CE6835434E6845EAC60592
:101C3000066803EB0417F5514FF4C275076805EB0E
:101C400004150E697E51097D012905D009E00E8831
:101C5000CD6845EA4655EBE701684E5946F4807673
:101C60004E511179D579567941EA056195792D045E
:101C700045EA062529434FF4C676056806EB0416A7
:101C8000A9511178D57841EA0561957852782D04EB
:101C900045EA022211434FF4C475026805EB0415AE
:101CA0005151006803EB0411425842F001024250C6
:101CB0000020F0BD416A41F4001141620120F0BDF5
:101CC00010B590F82020012A07D0022A05D0416AD9
:101CD00041F480214162012010BD3B48D0F8002230
:101CE00042F00102C0F80022D0F8002222F47C5217
:101CF000C0F80022D0F800224B6A42EA0322C0F862
:101D000000220A7D02F01F0301229A40D0F81C3203
:101D10009343C0F81C32CB69B3B9D0F80C3293436B
:101D2000C0F80C328C894B6864F31F434C6900EB9C
:101D3000C404C4F840320C890B6864F31F434C6937
:101D400000EBC404C4F84432CB69012B16D1D0F89F
:101D50000C321343C0F80C320C884B6864F31F43F9
:101D60004C6900EBC404C4F840320C89CB6864F3BE
:101D70001F434C6900EBC404C4F844328B69002B48
:101D8000D0F804320ED01343C0F804320B69002B94
:101D9000D0F8143208D01343C0F81432096A01296C
:101DA00004D008E09343EFE79343F5E7D0F81C1223
:101DB0001143C0F81C12D0F8001221F00101C0F844
:101DC0000012002010BD0000006400407047406A0F
:101DD000704730B590F82040012C05D0022C03D07C
:101DE000416A41F480215DE00468002955D02469EE
:101DF000A40754D04FF4D874056804EB01142D598E
:101E000015F00405956005682D594ED0ED08556014
:101E100005682C5904F00204D4604FF4DA740568A4
:101E200004EB01142D5905F00F05156105682D59B6
:101E3000C5F30725956105682C59240C54614FF4AE
:101E4000DC72046802EB0112A4581C700468A458E8
:101E5000240A5C700468A458240C9C700468A2587E
:101E6000120EDA704FF4DE72046802EB0112A4580D
:101E70001C710468A458240A5C710468A458240CDA
:101E80009C710468A258120EDA71006881B1016970
:101E900041F020010161002030BDE468A8E7416AFB
:101EA00041F400114162012030BD6D0D1560AFE7B6
:101EB000C16841F02001C160EDE70246002092F8C0
:101EC0002010012901D002290CD111688A68520121
:101ED00000D501208A68120100D5401C8968C9001C
:101EE00000D5401C70472DE9F05F054600680024CE
:101EF0004669D0F804908768D0F80CB0D0F810A0EC
:101F0000D0F81880F10748D0F90714D0012181607A
:101F1000B80703D5284600F0AAFA0CE0780702D5E6
:101F20004FF4006407E0380702D54FF4805402E014
:101F3000284600F09BFAF80516D529684FF4807002
:101F40008860B80503D5284600F093FA0CE07805C0
:101F500002D544F4005407E0380502D544F4804427
:101F600002E0284600F084FAF80316D529684FF4F9
:101F700080308860B80303D5284600F07CFA0CE076
:101F8000780302D544F4004407E0380302D544F452
:101F9000803402E0284600F06DFA300707D55FEA8A
:101FA000CB6004D52968102044F40074C860700721
:101FB0004FF0080707D55FEA0B7004D52868C760A3
:101FC000284600F099F9B00706D52868C068800750
:101FD00002D0284600F092F9700607D55FEACA6081
:101FE00004D52968102044F480640861B00607D540
:101FF0005FEA0A7004D528680761284600F006FAEF
:10200000F00606D528680069800702D0284600F04F
:10201000FEF9B00308D55FEAC96005D5296810202C
:102020004860284600F0F4F9F00307D55FEA09702C
:1020300004D528684760284600F01EFA300446D5CB
:102040005FEA497040D5F00504D55FEAC87001D059
:1020500044F00104B00504D55FEA887001D544F06E
:102060000204700504D55FEA487001D544F0040409
:10207000300529D518F0700F26D008F070004028E0
:1020800015D006DC102809D020280AD0302816D117
:102090000AE050280ED0602811D10EE044F0080468
:1020A0000DE044F010040AE044F0200407E044F09E
:1020B000400404E044F0800401E044F480742868A3
:1020C000816921F070018161296804204860002C39
:1020D00005D0686A204368622846FFF777FEBDE8AE
:1020E000F09F70B5040003D094F8200010B104E014
:1020F000012070BD204600F081F82068016841F0A1
:102100000101016000F096FC0546052604E000F0A0
:1021100091FC401B0A2811D820684068C007F6D0FF
:102120002068016821F00201016000F083FC05468F
:102130000BE000F07FFC401B0A2806D9606A40F4DF
:102140000030606284F82060D2E720684068800731
:10215000EFD4207E0128206801683DD021F0800165
:102160000160607E01282068016838D021F04001BC
:102170000160A07E01282068016833D021F0200191
:102180000160E07E0128206801682ED041F0100136
:102190000160207F01282068016829D021F0080112
:1021A0000160607F01282068016824D021F00401CB
:1021B0000160D4E902010843D4E904121143084341
:1021C0006168491E08432168C861002060620120DF
:1021D00084F82000002070BD41F08001C0E741F08C
:1021E0004001C5E741F02001CAE721F01001CFE727
:1021F00041F00801D4E741F00401D9E7F0B587B018
:10220000044614216846FEF78DF8364B3648DFF851
:10221000D0E05968D4F800C0334A032502260927C4
:1022200010300024491CF44522D15960012907D1FE
:10223000016841F000710160006800F000700590D5
:10224000106840F0080010601068CDE9005600F0FA
:102250000800CDE9047069462448CDE9024500F044
:10226000EBFA00220521142000F0D6FC142032E005
:10227000DFF87CE0F44530D1D0F800C04CF0806C41
:10228000C0F800C0D0F800C001290CF0806CCDF877
:1022900014C0596007D1016841F000710160006805
:1022A00000F000700590106840F0020010601068A7
:1022B00002AB00F0020005906020CDE9000683E843
:1022C000B00069460B4800F0B7FA00220521402013
:1022D00000F0A2FC402000F091FC07B0F0BD00002F
:1022E00000640040E400002030380240000C02404E
:1022F00000680040000402407047000070B50068AC
:102300003C49002401253C4E8CB0884235D11C212B
:1023100003A8FEF707F80A940B94009401940AAB03
:1023200003AA002135480294FFF753FD00285DD130
:10233000059804285AD00398ADF8000006980228A2
:1023400019D000208DF8020007988DF8030002468E
:102350000AA901A8FDF7CDFF28480399203802C03B
:10236000079900F8011B0AA9079AFDF7C2FF35700B
:102370006946234838E00120E4E72249884235D104
:102380001C2103A8FDF7CEFF1C480A940B9400946F
:1023900001940AAB03AA002128300294FFF719FD2B
:1023A000002823D10598042820D00398ADF8000018
:1023B000069802281CD000208DF8020007988DF89E
:1023C000030002460AA901A8FDF793FF0B480399F1
:1023D000103802C0079900F8011B0AA9079AFDF7F7
:1023E00088FF75706946084808F06CFF0CB070BD36
:1023F0000120E1E700640040E4000020E01A002032
:10240000FC06002000680040F00D00207047704777
:102410007047000070B5044690F82000012804D0F1
:10242000606A40F40020606218E0022084F8200016
:102430002068016821F00101016000F0FBFA054607
:102440000EE000BF00F0F6FA401B0A2808D9606AC7
:1024500040F400306062052084F82000012070BD47
:1024600020684068C007EDD1606270BD704770475A
:10247000704770477047704770472DE9F041044638
:10248000876D00F0D7FA064694F83500002502283B
:1024900006D08020606584F834500120BDE8F081CA
:1024A0002068016821F0160101602068416921F06F
:1024B00080014161206C08B9A06C20B120680168DE
:1024C00021F0080101602068016821F0010101602C
:1024D0000CE000F0AFFA801B052807D920206065CA
:1024E000032084F8350084F83450D7E7206800686A
:1024F000C007EED194F85C103F208840B8600120FE
:1025000084F8350084F834500020C7E790F835107F
:10251000022903D08021416501207047052180F800
:1025200035100068016821F001010160002070474A
:102530002DE9F84304464FF00009CDF800906348B8
:102540004FF41651A56D0068B0FBF1F72E6894F8B2
:102550005C10082000FA01F131420FD021680A68AE
:1025600052070BD50A6822F004020A6094F85C1046
:102570008840A860606D40F00100606594F85C10D0
:102580004FF0010808FA01F0304208D0216849698B
:10259000090604D5A860606D40F00200606594F8FB
:1025A0005C1004208840304208D0216809688907FF
:1025B00004D5A860606D40F00400606594F85C107C
:1025C00010208840304218D021680968090714D5C6
:1025D000A86020680168490304D50068000308D595
:1025E000A16C07E00168C90503D4016821F0080166
:1025F0000160216C09B12046884794F85C102020C6
:102600008840304231D021680968C9062DD5A860BC
:1026100094F8350005282068016806D0490347D59D
:10262000006800031DD4616C1CE021F016010160FC
:102630002068416921F080014161206C08B9A06CDB
:1026400020B12068016821F00801016094F85C1055
:102650003F208840A86084F8358084F83490216D4C
:102660001FE0E16B09B120468847606D00282BD040
:10267000606DC00714D0052084F83500206801681B
:1026800021F0010101600098401C0090B84203D87D
:1026900020680068C007F6D184F8358084F834904B
:1026A000E16C002910D001B02046BDE8F043084796
:1026B0000168C905D5D4016821F01001016084F8D2
:1026C000358084F83490CCE7BDE8F883FC00002026
:1026D0002DE9F041044600F0ADF906465CB1022058
:1026E00084F83500002584F834502068016821F012
:1026F000010101600DE00120BDE8F08100F09AF9D0
:10270000801B052805D920206065032084F835004A
:10271000F2E720680068C007F0D1226811682048FD
:102720000140D4E901031843D4E903363343184385
:1027300063691843A3691843E3691843236A18437C
:102740000843616A042903D1D4E90B1319430843F0
:10275000106020684069666A20F0070130460E4329
:10276000012704280CD1A06A0643E06A40B1204644
:10277000FEF798FF20B14020606584F83570BAE715
:10278000206846612046FEF779FF94F85C203F21DF
:1027900091408160656584F835700020ACE70000E9
:1027A0003F8010F02DE9F0410446866D90F834002A
:1027B000002501280DD0012084F8340094F83570EC
:1027C0000020012F07D084F8340002252846BDE8F8
:1027D000F0810220FBE7022784F83570606520460F
:1027E000FEF78AFF94F85C103F208840B0602068B4
:1027F000016841F016010160206C20B12068016879
:1028000041F0080101602068016841F001010160A8
:10281000DCE7000070B5044600F00CF90546601CCA
:1028200002D004480078044400F004F9401BA042A0
:10283000FAD370BDF00000202DE9F84FDFF8BCA1FD
:10284000002201250AF1040B03264FF00F090BF1BA
:10285000040E00BF0B6805FA02F42340A34270D1B6
:102860000F7907F00307012F01D0022F16D18768D7
:102870004FEA420806FA08FC27EA0C07D1F80CC018
:102880000CFA08FC4CEA070CC0F808C04768A743DC
:102890000C79C4F3001494403C4344600C79E44345
:1028A000A4070AD0C4684FEA420C06FA0CF7BC43EE
:1028B0008F6807FA0CF72743C7600C7904F003040C
:1028C000022C12D1D40800EB840CDCF8204057070E
:1028D000FF0E09FA07F824EA0804D1F8108008FA74
:1028E00007F848EA0408CCF8208004684FEA420C54
:1028F00006FA0CF7BC430F7907F0030707FA0CF749
:10290000274307604C6814F4403F70D03C4C276864
:1029100047F480472760246822F0030704F48044CA
:102920000094384C07EB040CDCF8084897074FEA92
:10293000177809FA08F7BC43334FB84202D1002791
:1029400024E054E0314FB84201D101271EE0304F5E
:10295000B84201D1022719E02E4FB84201D1032716
:1029600014E02D4FB84201D104270FE02B4FB8429D
:1029700001D105270AE02A4FB84201D1062705E018
:10298000284FB84201D1072700E0082707FA08F7C7
:102990002743CCF80878DAF800405746D1F804C04D
:1029A0009C435FEACC3C00D51C433C60DBF8004014
:1029B0005F46D1F804C09C435FEA8C3C00D51C43C1
:1029C0003C60DEF800407746D1F804C09C435FEAE3
:1029D000CC2C00D51C433C60084F0C373C68D1F828
:1029E00004C09C435FEA8C2C00D51C433C60521C05
:1029F000102AFFF42FAFBDE8F88F0000003C014023
:102A0000443802400030014000000240000402400F
:102A100000080240000C0240001002400014024076
:102A200000180240001C02400AB18161704709048D
:102A3000FBE700000148806870470000F0000020BC
:102A400090F83C10012912D0012100F83C1F2421EC
:102A5000417050F83C1CCA6822F00C0242F004029B
:102A6000CA60202141700021017008467047022091
:102A7000704790F83C10012912D0012100F83C1F4A
:102A80002421417050F83C1CCA6822F00C0242F02C
:102A90000802CA6020214170002101700846704779
:102AA0000220704770B5040011D021684CF6CC406C
:102AB0000860216845F255500860D4E90001416082
:102AC0002168A0688860FFF7B5FF05460DE001208A
:102AD00070BD00BFFFF7AEFF401B312805D920684D
:102AE000C068800701D0032070BD2068C0688007DF
:102AF000F0D121684AF6AA200860002070BD006865
:102B00004AF6AA210160002070470000024881684F
:102B10000278114481607047F00000200B4810B526
:102B2000016841F400710160016841F48061016055
:102B3000016841F480710160032000F08DF80F20DE
:102B400000F006F800F03EF8002010BD003C024006
:102B500010B5014688B00022362000F05DF836201E
:102B600000F04CF813480024016841F010010160A6
:102B7000006805A900F010000690684600F018F9FA
:102B800000F036F90C494000B0FBF1F10C480B4A5B
:102B9000491E026040F2E732C0E90324C0E9011493
:102BA00000F0F2FC10B1012008B010BD044800F0A4
:102BB00037FDF9E74038024040420F000010004066
:102BC000641F00200C4882B0016841F4804101601C
:102BD000006800F4804000900748001F016841F041
:102BE000805101600068002200F0805000900F21A9
:102BF000901E02B000F010B844380240002809DBF3
:102C000000F01F02012191404009800000F1E02006
:102C1000C0F8001170470000F0B40E4B1B680C4662
:102C2000C3F30223C3F10705042D00D90425191DA0
:102C3000072901D2002300E0DB1E012606FA05F178
:102C4000491E214099409E40761E16403143F0BCFB
:102C500007F086B90CED00E0064900F007020868AD
:102C60004FF6FF03184040EA0220034A1043086071
:102C7000704700000CED00E00000FA052DE9F04778
:102C80000E46050065D0DFF81481D8F80000F7B2D1
:102C900000F00700B04207D288F80070D8F80000B2
:102CA00000F00700B04254D128683D4C810712D58E
:102CB000400703D5206840F4E050206028780007E2
:102CC00003D5206840F4604020602068A96820F0A7
:102CD000F000084320602878C0072DD0304968688C
:102CE0000839012812D0022813D0032811D009680E
:102CF000890700292DDA216821F0030101432160B1
:102D0000FFF798FE814641F2883A0EE00968890390
:102D1000EFE709688901ECE7FFF78CFEA0EB0901FA
:102D2000514502D90320BDE8F0872068696800F0AA
:102D30000C00B0EB810FEFD1D8F80010404601F045
:102D40000701B14207D90770006800F00700B042E0
:102D500001D00120E7E72878400705D52068E96819
:102D600020F4E050084320602878000706D520684A
:102D7000296920F4604040EAC100206000F058F862
:102D80002168084AC1F30311515CC8400649086034
:102D900006480068FFF7DCFE0020C4E7003C024064
:102DA0000838024054290108FC000020F4000020EB
:102DB0000F2202600C4A136803F003034360136898
:102DC00003F0F0038360136803F4E053C3601268F8
:102DD0004FF4E05303EAD20202610448006800F0B5
:102DE000070008607047000008380240003C0240BD
:102DF0000448054900680968044AC1F38221515C0E
:102E0000C8407047FC0000200838024064290108CF
:102E10000448054900680968044AC1F34231515C1D
:102E2000C8407047FC0000200838024064290108AF
:102E3000104810B5006810F00C010F4818D0042994
:102E400016D0082914D10B4C241F216801F03F0231
:102E5000216821680023C1F38811A1FB0001FDF75F
:102E600011FA2168C1F30141491C4900B0FBF1F09E
:102E700010BD0000083802400024F4002DE9F84F8E
:102E800004006ED02078DFF84C93C007A9F1040548
:102E90004AD009F104000168C1F38101012908D079
:102EA0000068C0F3810002280AD1D9F8000040026E
:102EB00006D52868800337D560680028E1D033E064
:102EC0006068B0F5803F10D0B0F5A02F286810D012
:102ED00020F480302860286820F480202860606812
:102EE000A8B1FFF7A7FD06460DE0286840F4803042
:102EF000F4E740F480202860F7E700BFFFF79AFD71
:102F0000801B642873D828688003F7D50CE0FFF78E
:102F100091FD064605E000BFFFF78CFD801B64288D
:102F2000F0D828688003F7D42078DFF8AC828007D7
:102F30004FF0000A3ED5A748001D016811F00C0FA4
:102F400008D00068C0F3810002280BD1D9F8000036
:102F5000400207D42868800716D5E068012800D110
:102F600012E033E1E068B8B10120C8F80000FFF7D3
:102F700061FD064605E000BFFFF75CFD801B0228EF
:102F8000C0D828688007F7D52868216920F0F800A4
:102F900040EAC10028600DE0C8F800A0FFF74AFD34
:102FA000064604E0FFF746FD801B02281FD828686C
:102FB0008007F7D42078000722D5864F87486169BB
:102FC000703771B101210160FFF734FD064604E05E
:102FD000FFF730FD801B022809D838688007F7D535
:102FE0000EE0C0F800A0FFF725FD064605E082E0F0
:102FF000FFF720FD801B02287DD838688007F7D4B2
:103000002078400768D5DFF8CCB100270BF13C0BE6
:10301000DBF80000C0000BD4DBF8001041F0805159
:10302000CBF80010DBF80000012700F08050009082
:103030006B4E3068C00510D4306840F4807030604A
:10304000FFF7F8FC009005E0FFF7F4FC0099401A48
:10305000022850D83068C005F6D55E4EA0686C36A0
:1030600001280FD00528306810D020F00100306012
:10307000306820F004003060A068B8B1FFF7DAFCD7
:1030800000900FE0306840F00100F4E740F00400E9
:103090003060F7E7FFF7CEFC0099411A41F2883023
:1030A000814266D830688007F4D50EE0FFF7C2FC95
:1030B000009007E0FFF7BEFC0099411A41F288300A
:1030C000814256D830688007F4D42FB1DBF8001065
:1030D00021F08051CBF80010A069C8B33D49091D0B
:1030E0000968C1F3810102294AD00228504607D05D
:1030F000C8F8600000E03CE0FFF79CFC04463BE0C1
:103100004746C8F86000FFF795FC064605E000BF9B
:10311000FFF790FC801B02282BD828688001F7D489
:10312000D4E907010843A16A2E4A490802EB01418C
:10313000626A41EA8211084394F82C1040EA016166
:10314000C9F8001001203866FFF774FC044606E059
:103150003EE000BFFFF76EFC001B022809D828687C
:103160008001F7D534E000BFFFF764FC001B0228A4
:1031700002D90320BDE8F88F28688001F4D427E045
:103180000128F7D0D9F80000E26900F480019142EB
:103190001CD1226A00F03F01914217D147F6C0715D
:1031A000626A0140B1EB821F10D1A26A4FF0FF3377
:1031B00000F4403103EB5202B1EB024F06D194F818
:1031C0002C1000F07060B0EB016F01D00120D1E74E
:1031D0000020CFE70438024000004742800E4742FB
:1031E000007000400000FFFF70B5040009D0606A65
:1031F000002540B125616561A56294F8510040B198
:103200000CE0012070BD6068B0F5827FF4D0E5610C
:10321000F2E784F85050204600F044F8022084F889
:1032200051002068016821F040010160A0882189D7
:1032300000F4827001F404410843A18901F40061A3
:103240000843217C01F002010843217D01F00101C6
:103250000843218B01F400710843217F01F03801FC
:10326000084394F8201001F080010843218D01F4F7
:103270000051084321680860A069042101EA104058
:1032800094F8241001F01001084321684860206878
:10329000C16921F40061C1616565012084F85100B4
:1032A000002070BD10B586B0044614216846FDF7B5
:1032B00039F814492068884221D113480021026856
:1032C00042F480420260006800F4804005900E489D
:1032D0001038026842F002020260006800F002004A
:1032E00005904FF4604000900220CDE901010320D9
:1032F00003900520049069460448FFF79DFA06B044
:1033000010BD000000380040403802400004024078
:103310002DE9F84F044690F8500000270A9E1D46FC
:1033200092468B464FF0010901280ED0012084F807
:103330005000FFF77FFB804694F851006168012838
:103340000CD0B1F5827F07D102E00220BDE8F88FF2
:10335000A16809B9042801D00227C2E0BBF1000F1F
:1033600027D0BAF1000F24D01DB394F851000428DF
:1033700002D0052084F8510000206065C4F838A010
:10338000E587A587C4F830B0E586A586206460642B
:1033900020680168490603D4016841F040010160DA
:1033A000E068B0F5006F606805D0E8B3012D46D045
:1033B0007FE0012795E008B1012D39D1206B21680C
:1033C0000088C860206B801C2063E08E401EE08671
:1033D0002EE02068816889070FD5E18E69B1B9F1C7
:1033E000010F0AD1216B0988C160206B801C20630A
:1033F000E08E401EE0864FF0000920688168C90712
:103400000CD0E18F51B1C068A16B0880A06B801C0B
:10341000A063E08F401EE0874FF00109FFF70AFB31
:10342000A0EB0800B04200E009E001D3701C50D1CD
:10343000E08E0028CDD1E08F0028CAD13FE0206B7C
:10344000216800780873206B401C2063E08E401ECA
:10345000E0862EE02068816889070FD5E18E69B18A
:10346000B9F1010F0AD1216B09780173206B401C5F
:103470002063E08E401EE0864FF0000920688168DE
:10348000C9070CD0E18F51B1C068A16B0870A06B67
:10349000401CA063E08F401EE0874FF00109FFF75A
:1034A000C9FAA0EB0800B04202D3701C01D010E0B2
:1034B0007EB1E08E0028CDD1E08F0028CAD14246EF
:1034C0003146204603F0A6FD28B101272020606583
:1034D00007E0032705E0A06818B92068C168806884
:1034E0000090012084F85100002084F850003846F4
:1034F0002CE770477047000070B590F83C20012A17
:1035000032D0012480F83C40022280F83D2003683C
:103510005A689D6822F070060A6832435A60134B5D
:1035200002689A4214D0B2F1804F11D0104B9A42E7
:103530000ED0104B9A420BD00F4B9A4208D00F4B33
:103540009A4205D00E4B9A4202D00E4B9A4204D1B9
:10355000496825F080031943916080F83D400021BF
:1035600080F83C10084670BD022070BD000001408C
:103570000004004000080040000C0040000401402E
:10358000004001400018004010B5040003D094F83A
:103590003D0010B107E0012010BD002084F83C0080
:1035A000204600F01FF8022084F83D00211D20680D
:1035B00004F07AFD012084F8460084F83E0084F887
:1035C0003F0084F8400084F8410084F8420084F809
:1035D000430084F8440084F8450084F83D0000204E
:1035E00010BD000008B500680B49884212D10B4895
:1035F000016841F0080101600068002200F0080045
:10360000009005213220FFF707FBBDE8084032207B
:10361000FFF7F4BA08BD0000000C0040403802403B
:1036200090F83D10012901D001207047022180F857
:103630003D100168CA6842F00102CA600068114981
:10364000884214D0B0F1804F11D00F4988420ED07B
:103650000E4988420BD00E49884208D00D49884255
:1036600005D00D49884202D00C49884204D18168B6
:1036700001F00701062903D0016841F00101016052
:103680000020704700000140000400400008004096
:10369000000C0040000401400040014000180040C0
:1036A00070B5044690F83C000025012817D001268B
:1036B00084F83C60022084F83D002068826822F093
:1036C000770222F47F4282600868502838D00DDCEF
:1036D00020284FD005DC90B3102811D14AE00220F9
:1036E00070BD302846D040280AD13BE060282FD05A
:1036F00070280DD0B0F5805F03D0B0F5005F12D018
:10370000012584F83D60002084F83C00284670BD07
:10371000CB68D1E90121206804F02AFD2068816886
:1037200041F0770109E0CB68D1E90121206804F07C
:103730001FFD2068816841F480418160E1E719E064
:10374000CA684968206804F025FD5021206806E019
:10375000CA684968206804F02EFD6021206804F0E2
:1037600011FDCEE7CA684968206804F013FD4021C6
:103770002068F4E7226801461046F0E7704770B50C
:103780000446006801694FF00005C943890715D454
:10379000C168C943890711D4E91E0161012020775E
:1037A000206880698007204602D0FFF7E7FF04E029
:1037B00000F098F8204600F0C2F8257720680169EB
:1037C000C943490717D4C168C943490713D46FF0E7
:1037D00004010161022020772068806910F4407F95
:1037E000204602D0FFF7CAFF04E000F07BF8204635
:1037F00000F0A5F8257720680169C943090716D4A8
:10380000C168C943090712D46FF00801016104209F
:1038100020772068C0698007204602D0FFF7AEFFFE
:1038200004E000F05FF8204600F089F82577206872
:103830000169C943C90617D4C168C943C90613D46D
:103840006FF010010161082020772068C06910F432
:10385000407F204602D0FFF791FF04E000F042F8DD
:10386000204600F06CF8257720680169C943C90734
:1038700008D1C168C943C90704D1891E0161204626
:1038800000F05EF820680169C943090609D4C168DF
:10389000C943090605D46FF0800101612046FFF796
:1038A00028FE20680169C943490609D4C168C94393
:1038B000490605D46FF040010161204600F05CF834
:1038C00020680169C94389060BD4C168C9438906C8
:1038D00007D46FF0200101612046BDE87040FFF77A
:1038E00009BE70BD704770B50D46040003D094F852
:1038F0003D0010B107E0012070BD002084F83C00BD
:10390000204600F01BF8022084F83D00211D2068AD
:1039100004F0CAFB2068016821F00801016054F836
:10392000460B016829430160012004F81F09E07576
:103930002076E0762077A075002070BD7047704734
:1039400010B5044600680949884205D1084800219D
:103950000160416004F074FC06492068884203D18C
:10396000BDE81040FFF7D2B810BD0000000C0040C9
:103970003010002000100040704738B5044690F821
:103980003E00202822D181B17AB194F83C00012870
:103990001CD0012084F83C002063204604F0CAFEBD
:1039A000002803D1216B012901D0012038BD2168F5
:1039B0000A684968009121680C3151E8002F42F0F3
:1039C000100241E80023002BF5D138BD022038BD9C
:1039D0007CB50022254B01921446234D1B7835E01F
:1039E00055F82460766886422FD155F8240090F867
:1039F0004031042B2CD139B380F83E1155F8240006
:103A000080F83F2102E000BF00F082F855F8243032
:103A1000802203F1BC015868FFF7AFFF002855F87A
:103A200024004068F0D1806B0068016821F0080133
:103A3000016001A8009055F8240000230322D0F86B
:103A4000AC0019460EF0F6FB02E0641C9C42C7DB9A
:103A50000198002807D006494FF080500860BFF356
:103A60004F8FBFF36F8F7CBDD4010020D0010020A9
:103A700004ED00E07047000070B5044620680C308B
:103A800050E8001F21F4907140E80012002AF5D19F
:103A90002068143050E8001F21F0010140E80012B6
:103AA000002AF5D1206B012809D120680C3050E89C
:103AB000001F21F0100140E80012002AF5D1206813
:103AC00040694FF0200241064FF0000015D52168F3
:103AD000143151E8003F23F0400341E80035002D48
:103AE000F5D1A16B49B109480865A06BFEF70EFD41
:103AF00050B1A06B016D884706E0E08584F83E2058
:103B000020632046FFF7B6FF002070BD9B840008AD
:103B100010B504460068406994F83D10C0F3C01029
:103B2000212911D180B12068143050E8001F21F004
:103B3000800140E80012002AF5D1606B08B1FEF761
:103B40009CFC204604F001FD2068406994F83E107A
:103B5000C0F38010222911D180B12068143050E8C0
:103B6000001F21F0400140E80012002AF5D1A06BAF
:103B700008B1FEF782FC204604F0C0FC002010BD16
:103B800070B516490024144D097822E055F8242018
:103B9000526882421CD155F8240090F84001042854
:103BA00002D070BDFFF7B4FF55F82430802203F136
:103BB000BC015868FFF7E1FE002855F82400406872
:103BC000F0D1806B0068016821F00801016070BDD0
:103BD000641C8C42DADB70BDD4010020D0010020CF
:103BE00010F83D1F4078084370470000F8B50168A1
:103BF00004460868CA684B6910F00F0F4FF00005C3
:103C000059D003F0010602F49077374365D0C1071D
:103C100005D0D10503D5216C41F001012164410794
:103C200005D5D90703D0216C41F002012164810739
:103C300005D5D90703D0216C41F0040121640107A7
:103C400007D502F02001314303D0216C41F0080177
:103C50002164216C00293AD0800604D5900602D553
:103C6000204604F080FC20684069216CC0F380107D
:103C7000090700D460B3204604F040FC2068406986
:103C8000400621D52068143050E8001F21F0400183
:103C900040E80012002AF5D1A06BA8B16C4901657B
:103CA000A06BFEF733FC002811D0A06B016D01B0B2
:103CB000BDE8F040084783060FD593060DD5204692
:103CC000BDE8F84004F04FBC2046FFF759FFF8BDAF
:103CD0002046FFF755FF2564F8BD266B2023012EF3
:103CE00079D1C60677D5D60675D50868486800909C
:103CF0004869400640D5A16B086840680004000C84
:103D0000EAD0A28D8242E7D9E085C869B0F5807F0C
:103D10002DD020680C3050E8001F21F4807140E85D
:103D20000012002AF5D12068143050E8001F21F05D
:103D3000010140E80012002AF5D12068143050E853
:103D4000001F21F0400140E80012002AF5D184F85C
:103D50003E30256320680C3050E8001F21F0100130
:103D600040E80012002AF5D1A06BFEF786FBA08D7B
:103D7000E18D401A81B229E0A08DE18D401A81B217
:103D8000E08D0028A8D00029A6D020680C3050E88B
:103D9000002F22F4907240E80026002EF5D1206812
:103DA000143050E8002F22F0010240E80026002ED7
:103DB000F5D184F83E30256320680C3050E8002FA0
:103DC00022F0100240E80023002BF5D12046FFF737
:103DD000FFFDF8BDFFE705062BD5150629D594F89C
:103DE0003D002128F5D1A068B0F5805F01D12069A0
:103DF000B0B1206A411C2162216800784860E08CE3
:103E0000401E0004000CE084E3D12068C16821F06A
:103E10008001C1602068C16841F04001C160D8E7FD
:103E2000206A0088C0F308004860206A801C206275
:103E3000E5E74006CDD55006CBD5CA68204622F02E
:103E40004002CA6084F83D3000F024FBC1E7000066
:103E5000A583000870B5040004D094F83D00002547
:103E600010B106E0012070BD84F83C50204600F0FF
:103E700023F8242084F83D002068C16821F4005113
:103E8000C160204604F0D0FB2068016921F4904114
:103E900001612068416921F02A0141612068C168FF
:103EA00041F40051C1602564202084F83D0084F86D
:103EB0003E00002070BD00002DE9F04F87B00446A1
:103EC00014216846FCF72EFAD848D849D64B10384A
:103ED0002268DFF85CE300264F0505154FF0020865
:103EE0004FF003094FF0080C4FF0400B9A425CD1A1
:103EF0000A68B24642F400220A60096801F400210F
:103F00000591016841F004010160006802AA00F017
:103F1000040005904FF44060CDE9000882E84012AB
:103F200069467046FEF788FCDFF80C83C1494046BD
:103F3000C8F80010C0E90176C0E90365C8F814604C
:103F4000C8F81860C8F81C60C8F82060C8F8246079
:103F5000FEF7BEFB08B1FDF7FBFBB74EB548C4F852
:103F6000388060363030C8F8384086E88108C6E9C5
:103F700003A5C6F814A0C6F818A0C6F81CA0C6F879
:103F800020A03046C6F824A0FEF7A2FB08B1FDF73A
:103F9000DFFB6663002205213420B463FEF73CFE9C
:103FA0003420FEF72BFEA548A6E0A54B9A4233D15C
:103FB0000A6842F480120A60096801F480110591D0
:103FC000016841F004010160016801F004010591FC
:103FD000016841F0080101600068029600F00800E5
:103FE00005909814CDE90008CDE9039C6446694624
:103FF0007046FEF721FC0420CDE900080296CDE9C9
:10400000039469468F48FEF717FC002205213520EE
:10401000FEF702FE35209AE08B4B4FF0070C4FF075
:10402000010A9A4271D181490026091D0A6842F0AD
:1040300010020A60096801F010010591016841F061
:1040400001010160006801AA00F001000590581507
:1040500000900220CDF810C082E84102E046694697
:104060007A48FEF7E9FB0220CDE90050CDF808A020
:10407000CDE9039869467548FEF7DEFBDFF8B881A5
:10408000734908F1C0084046C8F80010C0E901763D
:10409000C0E90365C8F81460C8F81860C8F81C6067
:1040A000C8F82060C8F82460FEF712FB08B1FDF7DD
:1040B0004FFB6748674EC4F838807830C8F83840FE
:1040C00086E881080020C6E903057061B061F061EF
:1040D000306270623046FEF7FBFA08B1FDF738FB3C
:1040E0006663002205212520B463FEF795FD252097
:1040F000FEF784FD514888300068C16841F0100126
:10410000C16007B0BDE8F08FFFE7534B9A4221D161
:104110000A6842F400320A60096801F4003105912E
:10412000016841F0080101600068694600F008007C
:10413000059060208DE80105CDE9039C4148FEF71C
:104140007BFB002205212620FEF766FD2620FEF7D8
:1041500055FDD6E7414B9A42D3D10A68002642F476
:1041600080220A60096801F480210591016841F00C
:1041700008010160006801AA00F008000590981588
:1041800000900220CDF810C082E84102E046694666
:104190002C48FEF751FB4FF4007000900220CDE94F
:1041A000010ACDE9039869462648FEF745FBDFF88A
:1041B000A480204908F1600818394046C8F800106A
:1041C000C0E90176C0E90365C8F81460C8F8186052
:1041D000C8F81C60C8F82060C8F82460FEF778FAB8
:1041E00008B1FDF7B5FA1B4E1248C4F83880C03646
:1041F0001830C8F8384086E881080020C6E9030571
:104200007061B061F061306270623046FEF760FA52
:1042100008B1FDF79DFA6663002205212720B463EB
:10422000FEF7FAFC272092E7004C0040403802409D
:104230000008024040600240241D0020D01B0020E6
:1042400000500040000C02400010014000000240FD
:1042500040640240441E00200044004000480040EA
:1042600090F83E30202B0ED159B152B190F83C302D
:10427000012B08D0012380F83C300023036304F0B5
:10428000A1BA012070470220704700007CB50026CB
:104290001D49019634461B4D097825E055F8242028
:1042A000526882421FD155F8240090F8401101292C
:1042B0001CD190F8A610BC3002F05CFD55F82430FB
:1042C000012203F1A6015868FFF7CAFF0EF04EF86D
:1042D0000246009655F8240001AB0721D0F8B00043
:1042E0000EF028FA02E0641C8C42D7DB019800280B
:1042F00007D006494FF080500860BFF34F8FBFF3DF
:104300006F8F7CBDD4010020D001002004ED00E0BF
:10431000704700002DE9F843044690F83D001F4621
:1043200016460D4620284CD1C5B1BEB194F83C00CC
:10433000012846D0012084F83C004FF00008C4F862
:104340004080212084F83D00FEF774FBA68481465E
:10435000E684A068B0F5805F03D004E00120BDE8EA
:10436000F883206928B12E465FF0000584F83C8070
:104370000EE00026FAE78021204604F03EFAA0B9BC
:10438000AEB116F8010B21684860E08C401EE08455
:10439000E08C4B464FF0000200970028EBD14FF025
:1043A0004001204604F029FA30B10320D7E735F860
:1043B000020BC0F30800E6E7202084F83D0000204F
:1043C000CDE70220CBE7000070B5044690F83D0031
:1043D000202836D191B38AB394F83C00012830D01C
:1043E000012084F83C002162A284E2840025256437
:1043F000212084F83D00636B1348D863636B134836
:104400001864636B1248D864606B134605652668B0
:10441000606B321DFEF7C6F921686FF0400008603E
:1044200084F83C502068143050E8001F41F08001AF
:1044300040E80012002AF5D1002070BDFFE70120FE
:10444000FBE70220F9E70000B1840008F3840008CC
:10445000B583000890F83D30202B18D1A9B1A2B146
:1044600090F83C30012B12D001628284C28400217A
:104470000164212280F83D2080F83C100068C1686A
:1044800041F08001C1600020704701207047022088
:10449000704700001CB5144B00210191114A1B7894
:1044A00012E000BF52F82140646884420BD101A899
:1044B000009052F8210000231A46D0F8AC001946AB
:1044C0000DF0B8FE02E0491C9942EBDB0198002890
:1044D00007D006494FF080500860BFF34F8FBFF3FD
:1044E0006F8F1CBDD4010020D001002004ED00E03E
:1044F0007047FEE741F60103C81A994270D034DCD8
:1045000041F21803A1EB030099426BD015DC41F294
:104510000603A1EB030099425CD009DCB1F5805F92
:1045200052D06FF48050081850D0042848D14FE082
:10453000012851D00E2843D150E0B0F5BD6F59D0BD
:104540000ADCB0F51A7F4FD0B0F57A7F4ED0A0F5D7
:104550004070E93834D14BE0A0F5A060E9384BD089
:10456000A0F58070FF382BD148E044F64003C11A13
:10457000984253D016DCB0F5006F49D009DCA0F5A5
:104580008070FF383ED001283ED0B0F5C06F17D103
:104590003CE0A0F5006001383CD03E38B0F5804FDB
:1045A0000ED139E0392941D006DC232938D02B2916
:1045B00038D0372904D137E0402939D0BE2939D045
:1045C0002048106000207047002034E0012032E0D5
:1045D000022030E003202EE004202CE005202AE019
:1045E0000EE0FFE7062026E0072024E0082022E076
:1045F000092020E00A201EE00B201CE00C201AE01D
:104600000D2018E00E2016E00F2014E0102012E01C
:10461000112010E012200EE013200CE014200AE01C
:10462000152008E0162006E0172004E0182002E01C
:10463000192000E01A2000211160034901EBC0009D
:104640007047000000000206A82A01089F2803D135
:10465000087808B10148704700207047300009060B
:104660002DE9FF472B4DA87800284FF0020027D1F5
:10467000294F03900620388000240DF10C08CDE965
:1046800000844FF400593B46224649462348029491
:1046900006F0C2FA21480BF0F7FC0026322008F0A1
:1046A000C0FB0020FDF7CCF8287803280BD0761C3F
:1046B0000A2EF3DB1AA005F029FCAC706FF00200A3
:1046C00004B0BDE8F087052008F0ABFB3C80CDE9E5
:1046D0000084114B002249461048029406F09CFACF
:1046E0000E480BF0D1FC00260020FDF7A9F8287831
:1046F000022809D0761C0A2EF6DB15A005F006FC70
:10470000AC706FF00100DBE71E4805F0FFFB0020F6
:10471000D6E7000014000020E4010020FC06002081
:104720004B696E636F20656E61626C6520666169BE
:104730006C65642C2052454144595F53574954439A
:10474000485F4F4E5F4641494C45442E0D0A0000DC
:104750004B696E636F20656E61626C65206661698E
:104760006C65642C205357495443485F4F4E5F4457
:10477000495341424C45445F4641494C45442E0D06
:104780000A000000EC2C01082DE9FF5F504CA078D6
:1047900000284FF001003DD10026A07035460020D2
:1047A000FDF74EF82078002837D04A4F06200DF14B
:1047B0000C0A38804FF00209CDE900A5CDE9025975
:1047C0004FF4005B56463B4600225946424806F0ED
:1047D00023FA4248414B002205600420CDE90250F3
:1047E000CDE9006542F201013B4806F015FA3A486E
:1047F0000BF04AFC00260020FDF722F82078032861
:1048000015D0761C0A2EF6DB35A005F07FFBA570CF
:104810006FF0020004B0BDE8F09F761C0A2EBEDBEC
:104820003BA005F073FBA5704FF0FF30F2E70520C9
:1048300008F0F7FA07213980CDE900A5CDE9025942
:10484000B8465746234B00225946234806F0E4F960
:1048500021480BF019FC00260020FCF7F1FF20781E
:10486000042809D0761C0A2EF6DB34A005F04EFB96
:10487000A5706FF00300CDE7052008F0D2FA0F21F4
:10488000A8F80010CDE90075124B002259461248D5
:10489000029506F0C1F910480BF0F6FB0026322015
:1048A00008F0BFFA0020FCF7CBFF2078052809D0DC
:1048B000761C0A2EF3DB2CA005F028FBA5706FF008
:1048C0000400A7E735A005F021FBA5700020A1E7B3
:1048D00014000020E4010020FC060020E801002074
:1048E0004B696E636F20656E61626C6520666169FD
:1048F0006C65642C2052454144595F5357495443D9
:10490000485F4F4E5F4641494C45442E0D0A00001A
:104910004B696E636F20656E61626C6520666169CC
:104920006C65642C204745545F5354415455535F84
:104930004641494C45442E0D0A0000004B696E6308
:104940006F20656E61626C65206661696C65642CC0
:104950002053574954434845445F4F4E5F464149B1
:104960004C45442E0D0A00004B696E636F20656E46
:1049700061626C65206661696C65642C204F5045EE
:10498000524154494F4E5F454E41424C45445F466B
:1049900041494C45442E0D0A000000004B696E63EE
:1049A0006F2063757272656E7420737461747573B1
:1049B000206973204F5045524154494F4E5F454E38
:1049C00041424C45442C20656E61626C6520636FEA
:1049D0006D706C657465642E0D0A000010B50221BF
:1049E00014480BF05DFC1349012081F8E10100211E
:1049F00010480BF009FD7F210E480BF005FD052145
:104A00000C480BF001FD022201210A4808F005F8CC
:104A100082220121074808F000F8C82008F001FAB6
:104A200080220121034807F0F8FFBDE81040322042
:104A300008F0F7B9FC0600202DE9FF411C4E804626
:104A40002F2030800024022003ADCDE90240CDE9C3
:104A500000540703334622463946164806F0DCF870
:104A6000154904200B46C1F80080CDE90240CDE98C
:104A700000540022791C0F4806F0CEF80D480BF0C8
:104A800003FB3F203080CDE90054334600223946F5
:104A90000848029406F0C0F806480BF0F5FA0548FD
:104AA0000BF08BFB052008F0BCF9BDE8FF8100008E
:104AB000E4010020FC060020E80100203EB5054688
:104AC0000020ADF80800062102A8CDE9000100236E
:104AD00046F23F020121074802F0E2F9040004D047
:104AE00005A005F013FA20463EBDBDF80800288059
:104AF000F9E70000FC0600204B696E636F20534409
:104B00004F2072656164204552524F525F434F44BB
:104B1000455F494E444558204661696C65640D0AFD
:104B2000000000001FB504210391FBF7C2FF9FEDB9
:104B30000E1B53EC112BFBF74AFFFBF7E6FF0C496A
:104B40000B4B0860002003A9CDE90010024602903B
:104B500042F20201074806F05FF806480BF094FAAB
:104B600004480BF02AFB1FBD2D7AA702EE79D14035
:104B700004020020FC0600202DE9F04F87B04FF022
:104B800001088DF81480052705ACCDE9004746F2F1
:104B9000600500232A464146B84802F0D4F910B116
:104BA000B7A005F0B3F900268DF81460CDE90047F1
:104BB00033462A460121B14802F072F910B1BCA077
:104BC00005F0A4F99DF81400012802D0C4A005F056
:104BD0009DF9CC48072403ADCDE90054029046F27C
:104BE0008109039000234A460121A44802F0ABF951
:104BF00010B1C5A005F08AF9CDE9005400234A465A
:104C000001219E48039602F04BF910B1CBA005F0AC
:104C10007DF9DDE90201814204D04FF4FA71D3A09D
:104C200005F074F94DF2B710CDE90054029046F248
:104C30008309039000234A460121904802F083F93A
:104C400010B1D6A005F062F9CDE9005400234A4620
:104C500001218A48039602F023F910B1DAA005F089
:104C600055F9DDE90201814203D03221E1A005F0CE
:104C70004DF9ED48CDE90054029046F284090390C5
:104C800000234A4601217D4802F05DF910B1E7A0FA
:104C900005F03CF9CDE9005400234A46012177484C
:104CA000039602F0FDF810B1EBA005F02FF9DDE955
:104CB0000201814203D0C821F2A005F027F90DF1CD
:104CC0000809FD48CDE90094012302904FF4A05259
:104CD00019466A4802F037F910B1F8A005F016F944
:104CE00045468DF810800DF11008CDE900870223AC
:104CF0004FF4A0520121614802F025F910B1EFA054
:104D000005F004F9CDE900874FF4B05B8DF8106031
:104D100000235A460121594802F015F910B1F2A0BA
:104D200005F0F4F8FC48CDF80090CDE901400123EE
:104D30005A461946514802F006F910B1EAA005F0AA
:104D4000E5F8F648A246CDF80090CDE901A04C4622
:104D500002234FF4B0520121484802F0F4F810B198
:104D6000E1A005F0D3F80220CDE900878DF810000E
:104D7000B946C34600234FF4B05201213F4802F028
:104D8000E2F810B1D8A005F0C1F840F2012000947B
:104D9000CDE901A0012357464FF4A05219463748E8
:104DA00002F0D1F810B1C5A005F0B0F8C24802A9D0
:104DB000CDE90017401C01230290BA4641F201429E
:104DC00019462E4802F0BFF810B1D5A005F09EF8A4
:104DD000CDE900B9A8468DF810504C465D46022337
:104DE00041F201420121254802F0ADF810B1CCA0FA
:104DF00005F08CF8CDE9005441F2016BB1468DF815
:104E0000106000235A4601211C4802F09CF810B1A2
:104E1000CEA005F07BF8D94802AF0097CDE901A0FC
:104E2000012356465A461946144802F08CF810B130
:104E3000C6A005F06BF8CDE900548DF81080002372
:104E40005A4601210D4802F07EF810B1BFA005F0CE
:104E50005DF840F202200097CDE90160012341F2A4
:104E600001421946054802F06EF810B1ACA005F0F9
:104E70004DF8C34801234FF4C05A83E1FC060020DB
:104E80004B696E636F2053444F20577269746520DD
:104E9000534552564F5F574F524B5F4D4F44455FFE
:104EA000494E444558204661696C65640D0A00000E
:104EB0004B696E636F2053444F20726561642053C9
:104EC0004552564F5F574F524B5F4D4F44455F49D8
:104ED0004E444558204661696C65640D0A00000027
:104EE0004B696E636F2073657420706F73697469AA
:104EF0006F6E206D6F6465204661696C65640D0A94
:104F000000000000938888004B696E636F20534453
:104F10004F2057726974652050524F46494C4544A2
:104F20005F56454C4F434954595F494E44455820BC
:104F30004661696C65640D0A000000004B696E6390
:104F40006F2053444F20726561642050524F464990
:104F50004C45445F56454C4F434954595F494E4474
:104F60004558204661696C65640D0A004B696E63A3
:104F70006F207365742070726F66696C656420764B
:104F8000656C6F6369747920746F2025642072707A
:104F90006D204661696C65640D0A00004B696E63A3
:104FA0006F2053444F2057726974652050524F460A
:104FB000494C45445F4143435F494E444558204670
:104FC00061696C65640D0A004B696E636F20534420
:104FD0004F20726561642050524F46494C45445FF2
:104FE0004143435F494E444558204661696C6564BE
:104FF0000D0A00004B696E636F2073657420707238
:105000006F66696C656420616363656C6572617469
:10501000696F6E20746F2025642072706D20466168
:10502000696C65640D0A0000DC4603004B696E6321
:105030006F2053444F2057726974652050524F4679
:10504000494C45445F4445435F494E4445582046DA
:1050500061696C65640D0A004B696E636F2053448F
:105060004F20726561642050524F46494C45445F61
:105070004445435F494E444558204661696C656428
:105080000D0A00004B696E636F20736574207072A7
:105090006F66696C656420646563656C65726174D4
:1050A000696F6E20746F2025642072706D204661D8
:1050B000696C65640D0A0000210000084B696E638D
:1050C0006F2053444F205772697465205250444FEB
:1050D000315F504152414D5F494E44455820466131
:1050E000696C65640D0A00004B696E636F20534460
:1050F0004F205772697465205250444F315F4D41C3
:105100005050494E475F494E444558204661696CAE
:1051100065640D0A000000001000406020007A6005
:105120004B696E636F2053444F205772697465203A
:105130005250444F325F504152414D5F494E4445B9
:1051400058204661696C65640D0A00004B696E6306
:105150006F2053444F205772697465205250444F5A
:10516000325F4D415050494E475F494E44455820AB
:105170004661696C65640D0A0000000020008160D2
:10518000810100800097CDE90160524619466148CF
:1051900001F0D9FE10B160A004F0B8FECDE90054D2
:1051A0008DF810800223D34652460121594801F060
:1051B000CAFE10B158A004F0A9FECA468DF810909E
:1051C000CDE900544FF4D05900234A4601215148FB
:1051D00001F0B9FE10B15BA004F098FE654800979D
:1051E000CDE9016001234A4619464A4801F0ABFE69
:1051F00010B154A004F08AFE5F480097CDE9016029
:1052000002234A460121434801F09DFE10B14DA002
:1052100004F07CFE0220CDE900548DF8100000233C
:105220004A4601213B4801F08EFE10B145A004F032
:105230006DFE40F281100097CDE9016001235A46CE
:105240001946344801F07FFE10B133A004F05EFE31
:105250004A480097CDE90160012341F6010BB946A8
:105260005A4619462B4801F06EFE10B144A004F0D6
:105270004DFECDE9005447468DF8108002235A4672
:105280000121244801F05FFE10B13DA004F03EFE74
:105290008DF810A0CDE9005441F6012A00235246B2
:1052A00001211C4801F04FFE10B135A004F02EFE84
:1052B0003E48B046CDF80090CDE9018001234E462E
:1052C00052461946134801F03EFE10B12CA004F0DE
:1052D0001DFECDE900548DF81070002352460121C7
:1052E0000C4801F030FE10B125A004F00FFE4FF481
:1052F000C1700096CDE9018001235A461946054840
:1053000001F021FE002802D01DA004F0FFFD07B02F
:10531000BDE8F08FFC0600204B696E636F2053449C
:105320004F205772697465205450444F315F50418B
:1053300052414D5F494E444558204661696C656451
:105340000D0A00004B696E636F2053444F20577263
:10535000697465205450444F315F4D415050494E5F
:10536000475F494E444558204661696C65640D0AA3
:105370000000000010004160200063608201008096
:105380004B696E636F2053444F20577269746520D8
:105390005450444F325F504152414D5F494E444555
:1053A00058204661696C65640D0A000020006C603D
:1053B0001C4D88B0287828B91BA004F0A7FD002058
:1053C0000BF06CFC00273E4607F038FD0446002138
:1053D000686E07F0FBFD88B900231A4601A9E86C46
:1053E00007F062FD50B9002000900DF1080C18483C
:1053F0009CE80E0006F042FF04F1C806E01B64289A
:105400000CD3B4420AD30021A86E07F0DFFD28B9FF
:10541000002210490E4806F0FDFF27460A2007F03B
:1054200000FDD1E7180000204163717569726520A5
:105430006C6566745265637652617744617461503D
:105440007472206661696C6564210D0A00000000B9
:10545000C81400204018002010B500224FF400614D
:105460000548FDF7E1FABDE8104000224FF4007155
:105470000248FDF7D9BA00000000024000080240CF
:1054800000210A4600EBC103491C9A620529F9DB99
:10549000704700002DE9F0410446DDE90765069FED
:1054A000416500214FEA010004EBC10C491CCCF816
:1054B00028000529F8DB206266616062C4E90127E3
:1054C000C4E90353207720650120206004F15800CF
:1054D00002F039FF04F16000BDE8F04102F033BF93
:1054E000002101770162416A002901D0FFF7C8BF9E
:1054F000704708B56A4600F001F808BD2DE9F04193
:1055000098B016460F4604464FF0FF3845465822DD
:1055100020496846FAF7EDFE206A80BB16A802F023
:1055200012FF16A8616802F006FF07B96F46398BB3
:10553000A161B87E606204F1600002F0F1FE3A46BB
:10554000A168206900F00AFA011E1EDD16AA204695
:105550000AF09DFD050018D116AA022120460BF085
:1055600005FE02280AD10027377077703146701C7B
:10557000E368626900F034F8012801D0454604E090
:10558000357815B901202062277718B02846BDE884
:10559000F0810000942901082DE9FC4107461546D9
:1055A0000E460024684600930AF0A8FA60F3070448
:1055B000C4F3C00030702009387001A9009800F0D1
:1055C000F9F80099019A014400910A44511A0229FC
:1055D00004DB68460AF098FA28800120BDE8FC81C7
:1055E0002DE9FC41074600240E46254668460092F8
:1055F0000AF084FA0146204661F3070000090228F8
:1056000019D101A9009800F0D5F800990546084481
:10561000019900900144081A02280CDB68460AF040
:105620006DFA60F3070404F00100387068460AF070
:1056300065FA307001252846BDE8FC812DE9FC5F44
:105640008046DDE90EA00024CDE900049946174606
:105650000E462546DDF834B068460AF04FFA60F38E
:105660000704200903282CD1C4F3C00188F80010D6
:10567000C4F34100306004F00100387001A90098C3
:1056800000F098F8009905460844019900904418E4
:10569000224669460C980AF040FA90B10098201A08
:1056A0000FD43068002804DD68460AF02DFAA9F806
:1056B00000000098211ACAF8001000990125CBF8C3
:1056C00000102846BDE8FC9F2DE9FC4781460A985A
:1056D000002400909A4616468846254668460AF0F9
:1056E0000DFA0146204661F307000009092826D17A
:1056F00001A9009800F05EF8009905460844019958
:1057000000904718381A022819DB68460AF0FCF99D
:10571000A9F8000034600EE03168414502DD4FF029
:10572000FF350CE068460AF0E9F931688B00491C46
:1057300031604AF803000098B842EDD301252846AD
:10574000BDE8FC877CB504464FF0FF35684602F0A3
:10575000FAFD6846616802F0EEFDA168206900F07C
:10576000C4F9011E04DD6A4620460AF090FC054695
:105770002046FFF7B5FE28467CBD006A7047F8B5A5
:10578000012500240E4607460C60641C042C0FDC27
:1057900001216846B84701280AD19DF80000316808
:1057A00000F07F0202FB0511ED0131600006ECD430
:1057B0002046F8BD024A10600248FFF7E0BF000033
:1057C000CC010020ADAE000810B503460020CA177A
:1057D00001EB526424F07F02891ACAB2E111002958
:1057E00002DD00BF42F080021A5400F10100EEDC3D
:1057F00010BD70B504680E4624B12046FAF79DFD31
:10580000054601E0D0E901543046FAF796FD85429D
:1058100005D12A4631462046FAF7B1FD08B10020ED
:1058200070BD012070BD0000401C802801DA401CC2
:105830007047B0F5804F01DA801C704703498842F9
:1058400001DAC01C7047001D70470000FFFF1F00F9
:105850002DE9F04306464FF0FF37006A89B0154640
:105860003C464FF00009884678B307A802F06BFD6C
:1058700007A8716802F05FFD2878012801D002288E
:1058800003D1304606F0C6F9A880D5E90201CDE97A
:105890000501CDE90289CDF81090A9886878CDE995
:1058A00000012B780022B168306900F024F9011E54
:1058B00029DD07AA30460AF0EAFB040021D1287846
:1058C000012803D0022813D01BE01CE007AA042102
:1058D00030460BF04BFC042811D1F068009001AA6F
:1058E00002A903A87369FFF757FE012807D108E052
:1058F00007AA072130460BF039FC0728EDD03C46BB
:1059000001E0601C02D13046FFF7EAFD09B02046F5
:10591000BDE8F083F8B50024069E054600900429F2
:1059200001DAA01EF8BD62F3071463F3C304062A6C
:1059300024F0060000D1801CC1B268460BF0C2FE04
:1059400002210098FFF740FF00990844009031467B
:1059500068460BF0BDFE0098401BF8BD2DE9F843EA
:1059600007460090884614460025104600F082F84D
:105970008146FFF759FF404502DDA81EBDE8F883C8
:105980002E46314666F30701684610310BF09AFE49
:1059900049460098FFF718FF009908440090207AC4
:1059A00004281DD02FA168460BF078FE032168461D
:1059B0000BF088FEA07E66F3070560F34105E07EEC
:1059C00008B145F00405680707D594F83D0060F379
:1059D000C40594F83C0060F34515206C40B905E01F
:1059E00022A168460BF05AFE0421E0E7A06C08B142
:1059F00045F08005E06C08B9606D08B145F04005E0
:105A0000294668460BF05EFE218B68460BF060FE6F
:105A100004F10C0168460EC90BF069FEE07E68B126
:105A20002434684694E80E00243C0BF060FE3034C9
:105A3000684694E80E00303C0BF059FE280605D568
:105A400004F1400168460EC90BF051FE680605D509
:105A50004C34684694E80E000BF049FE0098C01BD9
:105A60008CE700004D514973647000004D5154544F
:105A70000000000070B50446007A0025032802D01B
:105A8000042802D002E00C2500E00A2504F10C00F5
:105A900007C800F0ABF90544E07EAD1C78B12434B2
:105AA00094E80700243C00F0A1F93034064694E85D
:105AB0000700303C00F09AF9304405442D1D206C5D
:105AC00008B9A16C29B1D4E9111200F08FF905448D
:105AD000AD1CE06C08B9616D29B1D4E9141200F075
:105AE00085F90544AD1C284670BD0E2200F0B3B800
:105AF0000C2200F0B0B82DE9FC5F1C46129ECDE9E7
:105B00000060DDF838B09046DDF830A0DDE90F2305
:105B1000894607465946204600F030F80546FFF70B
:105B200083FE484503DD6FF00100BDE8FC9F302196
:105B300068F3C30164F342016AF3000101A80BF0AA
:105B4000C1FD29460198FFF73FFE019908440190E5
:105B5000DDE90F23594601A80BF0C9FD002C03DD38
:105B600001A80D990BF0B4FD324611990198FAF78E
:105B7000C0FB019830440190C01BD6E770B50E46BB
:105B8000114604461A463046049D00F02FF9284479
:105B9000801C002C00DD801C70BD00002DE9FF4F33
:105BA00083B0064610A8894690E8800900249246F2
:105BB000254641463846009600F036F80190FFF73A
:105BC00033FE484503DDA01E07B0BDE8F08F64F347
:105BD000070480346AF3C30424F00600801CC1B2B9
:105BE00068460BF06FFDDDE90001FFF7EDFD009960
:105BF00008440090684606990BF06AFD0FE000BF6C
:105C000005EB450108EB810090E80E0068460BF0BB
:105C10006EFD1BF8251068460BF054FD6D1CBD424F
:105C2000EEDB0098801BCFE72DE9F04102250F46FF
:105C3000064600240AE000BF04EB440007EB8000A6
:105C400007C800F0D3F80544641CED1CB442F3DB34
:105C50002846BDE8F08138B50023044600900229AB
:105C600001DA981E38BD194663F3070162F3071184
:105C700068460BF027FD00210098FFF7A5FD00996D
:105C800008440090001B38BD2DE9F04717468946AF
:105C900006464FF0FF35002406EBC408D8F828006C
:105CA00018B14946FAF750FB30B1641C052CF3DB00
:105CB00017B3681C0DD01FE0002F06D106EBC401FE
:105CC0004FF000008862C8F82C004FF000050DD19D
:105CD00012E04FF0000400BF06EBC400806A20B160
:105CE00004F10104052CF7DB06E00025052C03DA9E
:105CF00006EBC400C0E90A972846BDE8F0871CB54A
:105D000001AC009400F001F81CBD2DE9FF478CB0F8
:105D1000002605460796089606914FF0FF38189F13
:105D2000006A9A468946444620B309A802F00BFB54
:105D300009A8696802F0FFFA284605F06BFF83B2F4
:105D40000EAA06A901208DE807000022A96828698B
:105D5000FFF724FF011E27DD09AA28460AF097F95C
:105D600004001FD109AA092128460BF0FFF90928D0
:105D700001D0444618E002963E70E9686869CDE9B2
:105D800000013B4602AA012103A8FFF79DFC012860
:105D900008D13878802805D0524649462846FFF772
:105DA00073FF0446601C02D12846FFF799FB10B030
:105DB0002046BDE8F0877CB506460D4600246846BF
:105DC00002F0C1FA2946684602F0B5FA6946304643
:105DD00005F02AFD002802DA4FF0FF3404E068469F
:105DE00002F0B9FA0028F1D020467CBD10B510B100
:105DF000FAF7A3FA0146084610BD00007FB500215E
:105E000021480091019102911E4A039102600124F0
:105E10004FF480320461C0E90121047680F820103B
:105E20001A4AC0E90A210325C561C16080F8301013
:105E30004461FBF75BFE08B1FBF78AFC0820CDE963
:105E400000040720029069460F48FBF7A9FD08B13E
:105E5000FBF77EFC092000900220019069460A4869
:105E6000FBF79EFD08B1FBF773FC0D20CDE90005A3
:105E700069460548FBF794FD002801D0FBF768FC54
:105E80007FBD000000200140781A00200100000FB3
:105E900010B516488AB01449016006210024C0E9F3
:105EA00001140904C0E903414FF4A00141610476E3
:105EB00044768476C47604774477FCF712F908B107
:105EC000FBF746FC0E200990012001940294CDE9D5
:105ED000064003940094089005946946049403488E
:105EE000FBF7EEFE0AB010BD00640040E01A00208F
:105EF00010B517488AB01549016003210024C0E994
:105F000001144FF42021C0E903414FF48011416195
:105F1000047644768476C47604774477FCF7E1F817
:105F200008B1FBF715FC02940E20012100940194A6
:105F3000039407910990CDE90504089104946946FA
:105F40000348FBF7BDFE0AB010BD0000006800402A
:105F5000081B0020214808B5016841F48001016058
:105F6000016801F480010091016841F400110160B1
:105F70000068002200F40010009005210C20FCF7BE
:105F80004BFE0C20FCF73AFE002205210D20FCF709
:105F900043FE0D20FCF732FE002205210E20FCF707
:105FA0003BFE0E20FCF72AFE002205210F20FCF705
:105FB00033FE0F20FCF722FE002205213A20FCF7D9
:105FC0002BFE3A20FCF71AFE002205214620FCF7A2
:105FD00023FEBDE808404620FCF710BE30380240E2
:105FE00070B505F09FFA02F039F800221146012041
:105FF00007F01AF8444C002211466066012007F0B1
:1060000013F80022A0661146012007F00DF80022C7
:10601000E0661146012007F007F8002320671A46C2
:1060200001213A4807F0C0F8002360671A460121B1
:10603000374807F0B9F80023A0671A460121354810
:1060400007F0B2F80023E0671A460121324807F052
:10605000ABF804F18005002228601C210A2006F01C
:1060600055FFE06400221C210A2006F04FFF206546
:1060700000220C210A2006F049FF60650022182149
:10608000142006F043FFE06500221821142006F0DA
:106090003DFF20660A21606F07F0C2F8C821A06F9B
:1060A00007F0BEF80A21E06F07F0BAF8C8212868A7
:1060B00007F0B6F8194A0021194807F02FF8174AD7
:1060C000606324320021174807F028F8134AA063C0
:1060D00048320021144807F021F8104AE0636C327E
:1060E0000021124807F01AF80C4A6064903200212F
:1060F0000F4807F013F8094AA064B43200210D4894
:1061000007F00CF8206470BD18000020D982000848
:10611000F1820008E5820008FD820008C42701081A
:1061200019730008DD7D000845750008B1530008AB
:10613000BD6C0008BD7400082DE9F04F87B0142134
:106140006846FAF7EFF870480024016841F0100142
:106150000160016801F010010591016841F08001C2
:106160000160016801F080010591016841F00401BE
:106170000160016801F004010591016841F001012D
:106180000160016801F001010591016841F002011F
:106190000160016801F002010591016841F0080108
:1061A00001600068594E00F00800059000224BF68F
:1061B00084713046FCF738FCDFF8549100224FF42C
:1061C0000E614846FCF730FCDFF848A100224FF48E
:1061D0002C715046FCF728FCDFF83C810022311579
:1061E0004046FCF721FC0122170339464046FCF7E4
:1061F0001BFCDFF828B1002208215846FCF714FCEC
:1062000040F6847000900125CDE90154694630467E
:106210000394FCF711FBE0200090CDE9015469469E
:1062200048460394FCF708FB30200090CDE9015468
:10623000694650460394FCF7FFFA4FF44050CDE90D
:10624000000569463046CDE90245FCF7F5FAE8035A
:10625000CDE900050320CDE9024069463046FCF750
:10626000EBFA4FF4A0500090CDE901546946404646
:106270000394FCF7E1FA4FF420700226CDE9000503
:10628000CDE9024669465046FCF7D6FA28028DE869
:10629000310069464846FCF7CFFA00976946484600
:1062A000CDE90145FCF7C8FA40208DE83100694688
:1062B0005046FCF7C1FAEF0200970396CDE901546E
:1062C00069464846FCF7B8FA012239464846FCF7C9
:1062D000ABFB6F0200970396CDE901546946504627
:1062E000FCF7AAFA012239465046FCF79DFB08202C
:1062F0000090CDE90154694658460394FCF79CFA96
:1063000007B0BDE8F08F00003038024000100240B6
:10631000000002400008024000040240000C02405D
:106320002DE9F041204804242049047000254160F3
:1063300005724FF47A76A0F8A26000F55277C0F8A3
:1063400098704FF00808C560A0F8A48080F840411C
:1063500000F02CF9144800F0B3F9A7F5E2701449E5
:10636000047041600572A0F8A260C0F89870C56022
:10637000A0F8A48080F8404100F018F9A7F5E27079
:1063800000F09EF9084805F0F1FE0A4C0125206155
:1063900000B12570084805F0E9FE6061002800D0D2
:1063A0006570BDE8F0810000C8140020581C002072
:1063B000E01C0020180000204C1600200F4810B5EB
:1063C0000D4901604FF48271416000218160C1601C
:1063D0004FF400720161C0E90512C16101624162BE
:1063E00081620A21C162FCF7FFFE002803D0BDE8EC
:1063F0001040FBF7ADB910BD00380040301B002045
:1064000010B586B000241B480094019402940394B4
:10641000049417490594016040F24731C0E9011422
:106420004FF6FF71C0E903148461FDF7ADF808B1C0
:10643000FBF78EF94FF48050009069460D48FDF748
:106440002FF908B1FBF784F908210A48FDF74BFA48
:1064500008B1FBF77DF9049404A906480594FDF7FB
:106460004BF8002801D0FBF773F906B010BD00000F
:10647000000C0040881B00200C4810B50A49016040
:106480004FF4E1314160002181600C22C160C0E91C
:1064900004128161C161FDF7DDFC002803D0BDE875
:1064A0001040FBF755B910BD004C0040D01B002038
:1064B0000E4810B50C4901604FF4E13141600021F4
:1064C00081600C22C160C0E904128161C161FDF7E5
:1064D000C1FC08B1FBF73CF9BDE8104001220449BA
:1064E0000248FDF7BDBE000000500040141C002013
:1064F000EC0000200C4810B50A4901604FF4E1316E
:106500004160002181600C22C160C0E904128161F8
:10651000C161FDF79FFC002803D0BDE81040FBF7E8
:1065200017B910BD00100140581C00200E4810B5CE
:106530000C4901604FF4E1314160002181600C227F
:10654000C160C0E904128161C161FDF783FC08B13B
:10655000FBF7FEF8BDE81040012204490248FDF7B0
:106560007FBE0000004400409C1C0020EC00002086
:106570000C4810B50A4901604FF4E1314160002137
:1065800081600C22C160C0E904128161C161FDF724
:1065900061FC002803D0BDE81040FBF7D9B810BD5E
:1065A00000480040E01C0020FEE7000038B52D4DFB
:1065B00004462878022853D204F1BC0000F0F9FB0D
:1065C0002078032802D0042808D0FEE7264A214676
:1065D000264806F0A3FDC4F8AC001EE0224A21467E
:1065E0002432234806F09AFD44F8AC0F214800906D
:1065F00034F80A1C002220A0A3680CF039F8A0602F
:10660000AC3C40B3184A1021183A022006F07EFC38
:10661000C4F8A80000B3D4F8AC00F0B11A48009058
:106620000022052119A0D4F8B0300CF021F8C4F8EC
:10663000B00098B10C4A01214832084606F0F4FC3B
:10664000C4F8B80058B107492878091D41F820401E
:10665000401C287038BDFEE7FEE7FEE7FEE7FEE7D8
:10666000FEE70000D00100200C2A0108457C00084C
:10667000E17A0008910F01087854696D65725469D8
:106680006D656F75740000003D0F010854696D65FC
:1066900072543335000000000FB410B50446007882
:1066A000042800D0FEE706F037FD069000231A46C6
:1066B00003A9D4F8A8000BF0B7F910BC5DF814FBDF
:1066C00010B5044690F84001012806D0032839D0BF
:1066D000022837D0042800D0FEE7E06818B1218AEC
:1066E0000022FCF7A1F92078032802D1D4F8980001
:1066F00080B16068FDF774FA2028FAD194F840015F
:106700000428606807D0012204F1A601FDF7A8FD66
:1067100078B1FEE7FEE7802204F1BC01FDF72DF918
:1067200000B1FEE76068806B0068016821F0080135
:106730000160207A0028207802D0042802D1FEE7E8
:10674000032808D0002084F8930004F8940FA08157
:106750006081208110BDFEE7FEE700002DE9F04FCB
:1067600087B0044693468A46084605A904AACDE99F
:10677000002102AD06AE2A4645A12B1DF9F70EFEFB
:10678000042804D04FF0FF3007B0BDE8F08F0020A0
:1067900015F820103154401C0428F9DB4FF0020991
:1067A00001254FF4427629463CA003F0AFFB207B45
:1067B00004F0C6FE0BF0D4FD07464FF4FA7812E061
:1067C0000BF0CEFDC01B40450AD9E06806EB401037
:1067D00002F0A8FA02463EA0E16803F097FB09E048
:1067E0000A2006F01EFBE06806EB401002F09AFA61
:1067F0000028E5D1207B00235A46012109F086FEBE
:10680000E168884203D03EA003F080FB2DE05A46A9
:10681000514644A003F07AFB207B5A4606A904F0B7
:10682000E3FE0746E06806EB401002F07BFA804684
:10683000E0684FF4027101EB401002F073FA00F0CF
:106840001F0342463946424803F060FB012F02D144
:10685000B8F1170F14D03FA0E16803F057FB207B7D
:1068600004F06EFEC82006F0DCFA6D1C48464D456B
:1068700099DD014646A003F049FB6FF0010083E774
:106880005B46524650A0E16803F040FB00207BE7E6
:1068900025642E25642E25642E2564005B4E6574C8
:1068A000776F726B436F6E6E6563745D2061747495
:1068B000656D70742025643A206F70656E696E672F
:1068C00020736F636B65742E2E2E0D0A000000007E
:1068D0005761726E696E673A20736F636B657420DF
:1068E000256420636C6F73652074696D656F7574C2
:1068F0002C2053523D3078253032580D0A000000CC
:106900005B4E6574776F726B436F6E6E6563745D1B
:1069100020736F636B65742829206661696C6564F8
:106920000D0A00005B4E6574776F726B436F6E6E7D
:106930006563745D20636F6E6E656374696E672056
:10694000746F2025733A25642E2E2E0D0A00000048
:10695000082F01085B4E6574776F726B436F6E6E24
:106960006563745D20536F636B65742025642063D9
:106970006F6E6E656374696F6E206661696C6564C5
:106980002C20636C6F73696E672E2E2E0D0A00002B
:106990005B4E6574776F726B436F6E6E6563745D8B
:1069A000204661696C656420746F20636F6E6E654C
:1069B0006374206166746572202564206174746557
:1069C0006D7074730D0A00005B4E6574776F726BA7
:1069D000436F6E6E6563745D20536F636B657420E7
:1069E000256420636F6E6E656374656420746F2028
:1069F00025733A25640D0A00007B05F005B80000F8
:106A00000021C1600349016003494160034981607D
:106A100070470000D38C0008FB8C0008CD8C000868
:106A200010B509F001FE002010BD000038B5044685
:106A3000B0F9AC00A834FAF775FEA08054F8A809A4
:106A4000008850B16421484300230090044A19464D
:106A5000204600F019FCA4F8AC00002038BD00006E
:106A6000B56B000810B5044606F0B2F9204606F0F2
:106A700073F9002010BD0000D0F80812097869B938
:106A800000210A4606E000BFD0F80C3243F821206E
:106A9000491CC9B290F805328B42F5D800207047E6
:106AA00030B401EBC102846802254FF0FF3305EBDF
:106AB0004205635300238468062505EB4202A35276
:106AC00030BCC9B209F054BA30B401EBC1028468D9
:106AD00004254FF0FF3305EB420563538368C9B2C9
:106AE00013F8124024F0010403F8124030BC09F0FE
:106AF0003FBA00002DE9F843064640694FF4C055FF
:106B00000489B0690789CCB1DFF83C80BC4215D854
:106B1000D6F8E4316A46294630469847009941B98B
:106B20000268C2F82C800268C2F83C800068C0F895
:106B30005C806D1C641CADB2A4B2E7E73046BDE8D2
:106B4000F843002103F0DABFDB8100082DE9F047AC
:106B50000446406900260589A069B0F8088035BB65
:106B6000BDE8F087A16806EBC607022000EB4709E5
:106B700031F90900FAF7D6FDA26822F80900A168E8
:106B8000042000EB470931F90900FAF7CBFDA268B0
:106B9000761CF6B222F80900A1680020062201F84E
:106BA0001700A16802EB47026D1C8852ADB2454543
:106BB000D8D9D5E73EB50446D0F8A8000088A8B1DA
:106BC00020686946007800F5E060ADF8000001201B
:106BD0008DF8030000208DF8020094F87C008DF8F9
:106BE000040094F8E10104F0ABFB3EBD34F9AC0FB6
:106BF000FAF798FD20803EBD00B587B014216846A5
:106C0000F9F790FB0C480021026842F0080202608C
:106C1000006800F008000590082000900120CDE9F0
:106C200001010220039069460448FBF705FE02209B
:106C300000F006F807B000BD30380240000C0240FA
:106C4000022804D1002208210148FBF7EDBE70475D
:106C5000000C024038B51D461446D0F8E4316A46AF
:106C60009847009939B90179A14204D900680C21EB
:106C700001EB04114550009838BD0000002280212E
:106C80000148FBF7D1BE0000001002400122802124
:106C90000148FBF7C9BE000000100240002220217D
:106CA0000148FBF7C1BE000000080240012220217C
:106CB0000148FBF7B9BE000000080240204D88B033
:106CC000687828B91FA003F021F9002009F0E6FF39
:106CD00000273E4606F0B2F804460021E86E06F0B2
:106CE00075F988B900231A4601A9286D06F0DCF869
:106CF00050B9012000900DF1140C1C489CE80E00C6
:106D000005F0BCFA04F1C806E01B642813D3B442B2
:106D100011D30021286F06F059F918B10BE00520B6
:106D200006F07FF8A8780028F9D1012210490F4811
:106D300005F070FB27460A2006F073F8CAE700004A
:106D40001800002041637175697265207269676877
:106D50007452656376526177446174615074722035
:106D60006661696C6564210D0A0000004C16002004
:106D70004C18002090F88120815490F88110491C13
:106D800001F07F0180F8811090F88210802906D0F0
:106D9000002280F88320491C80F88210704701216E
:106DA00080F8831010F8801F491C01F07F010170EA
:106DB0007047002100F8801F41708170C1707047DA
:106DC00090F88220AFF3008010B590F8823013B1B4
:106DD0000AB1802A01D9002010BD00230DE000BFB8
:106DE00090F88040045DCC5490F88040641C04F01E
:106DF0007F045B1C80F88040DBB2934203D290F8A2
:106E000082409C42ECD890F88210C91A80F8821017
:106E1000002180F88310FFF7CCFF184610BD00005A
:106E20002DE9FC41054640690F464088002833D0D3
:106E3000C7EBC70101EB410105EB8104A96994F897
:106E4000282049881044884226D86968134E51F892
:106E50003000806B90F800804FF0FF30A4F8740091
:106E6000852084F82A0094F83200CDE90006238EAC
:106E700094F82910284609F084F9E662A26F2AB135
:106E8000414628469047E06AB04205D1F9B228460B
:106E9000BDE8FC4108F0B0BFBDE8FC81000004057E
:106EA0002DE9F04786B08946DDE90E648246052C5F
:106EB00011D0062C11D0072C11D00020029080B1E7
:106EC00000255046CDE9004508F041FE60B1A81EFE
:106ED00006B0BDE8F0870120F0E70220EEE70420CD
:106EE000ECE74FF0FF30F3E70495039500254FF4EE
:106EF000FA7804AF0DE0012005F093FF6D1C4545C5
:106F000007D902224946504604F054FB6FF00300B3
:106F1000DEE702AB03AA49465046009704F088FE1C
:106F20000128E8D1052C04D0062C05D0072C08D167
:106F300005E00398307004E00398308001E0039886
:106F400030600020C4E7F0B585B00E46DDE90A14D4
:106F50000746052C07D0062C07D0072C07D04FF08A
:106F6000FF3005B0F0BD012002E0022000E0042067
:106F7000002500900395CDE90141314638460AF0DD
:106F8000D1FB08B1A81EECE7049502E0012005F052
:106F900048FF04AA3146384604F080FF0128F5D1A5
:106FA0000020DEE71FB5C1EBC10101EB410100EBA1
:106FB00081014A6B0AB98A6B4A630392012203ABCF
:106FC000CDE90032029201F13C0391F83220098EA2
:106FD00003F022FE04B010BD70B5C1EBC10101EB9E
:106FE000410100EB81018C6BA018202801D9FF2002
:106FF00070BD002006E026181D5C0E44401C86F87B
:107000003C50C0B29042F6D3886B10448863002095
:1070100070BD000038B504461248134B0068B0FB41
:10702000F3F04FF47A73584300906068B0F5827FB4
:107030000DD10B46009200228021204600F016F868
:1070400070B1606D40F020006065032038BD00988D
:1070500030B1401E009020688068C0430006F6D51D
:10706000002038BDFC00002000366E012DE9F843F9
:107070001E46914688460446089DFBF7DBFC401BF4
:10708000351AFBF7D7FC074625480068C0F3CB301C
:10709000684338E0701C37D0FBF7CCFCC01BA8421B
:1070A00003D215B1009860B32CE02068416821F04C
:1070B000E00141606068B0F5827F0BD1A068B0F557
:1070C000004F02D0B0F5806F04D12068016821F034
:1070D00040010160A06AB0F5005F09D12068016835
:1070E00021F4005101602068016841F40051016001
:1070F000012084F85100002084F850000320BDE8EE
:10710000F8830025401E00902068816838EA01005D
:1071100004D000214945BDD10020F0E70121F9E765
:10712000FC0000202DE9F0410F4604460026904661
:107130001D46D0F8B800711E0AF0BEFE207A00B1DC
:10714000FF2694F8A70000B1FE2617F0FF0001D03B
:10715000F72801D9F72600E05EB175B20023A574C7
:107160001A461946D4F8B8000AF05EFC2846BDE875
:10717000F081C4F89850E074C7F30723380C2375E6
:10718000010A61751FFA88F2A075170A0621002608
:10719000D0B2052B16D008DC012B11D0022B0FD05A
:1071A000032B0DD0042B5FD10AE0062B13D04FF038
:1071B000070C04F113010F2B13D0102B54D133E023
:1071C000E7750CE0288800B1FF20E07584F81860AE
:1071D00084F8931048E02888000AE0752878207623
:1071E000F6E713095B061B0E120701D05B1CDBB22E
:1071F000E7752076637684F893C0002011E0C2071B
:1072000020F0010201D0AA5C01E0AA5A120A94F807
:1072100093707A5494F89320521C401C84F8932065
:1072200080B29842EBD31FE0E7752076500060767D
:1072300084F893C0002015E035F8103094F893706E
:107240001B0A7B5494F893305B1CDBB284F89330B8
:1072500015F810705F5494F893305B1C401C84F850
:10726000933080B28242E7D8204608F0C1FF002365
:107270001A461946D4F8B8000AF0D6FB012084F863
:10728000A700A674002072E72DE9F05F8B46214924
:1072900082460026B1F900001C4691461C4D401C58
:1072A00008E000BFB9F1000F01D02A7852B1761C76
:1072B00036B21835864201DC082EF3DB4FF0FF3082
:1072C000BDE8F09F8846864201D1A8F8000004F08E
:1072D0008FFC07464FF6FF7120468C4200D30846CC
:1072E000D8F80420BA4207D9D21B824204D93A18EE
:1072F000C8F8042009F0DAF8E019C5E903B0C5E9D7
:1073000001A90A986861012028703046D8E700007A
:10731000D08D0020DC01002088B04649464803F0AB
:1073200055FF28B945A002F0F1FD002009F0B6FC98
:10733000FDF754FBFDF720FC3F4809F0A9F90122B5
:1073400011463D4805F069FB0BF00AF8404D414CF1
:107350004FF6FF76069000231A466946E06D05F069
:10736000A3FD002833D1009801281BD10020FAF793
:107370005FFA05280ED00027FDF706FA38B10A207B
:1073800005F04FFD7F1C0A2FF6DB33A000E038A08C
:1073900002F0BCFD0098012804D10198B04201D050
:1073A000FDF74AFB029840F6B731401E884202D2F0
:1073B0000298FDF7B7FB009848B90020FAF738FAB1
:1073C000052804D12FA002F0A1FDFDF749F9206A9C
:1073D0000A21B0FBF1F201FB120058B9164808F07F
:1073E000ECFE2C48008828832B480068E8612B4875
:1073F00000682862206A4FF4FA71B0FBF1F201FBD9
:10740000120070B913480A30FDF758FB08B16681C5
:1074100001E0608918B1618921A002F077FD6089DF
:107420006883206A0A21401C206206A809F0F0FB4C
:1074300091E7000020A10700FC06002043414E31E7
:1074400020696E6974206661696C65640D0A0000CC
:1074500040180020180000204B696E636F20454ED5
:1074600041424C455F4641494C45440D0A000000ED
:107470004B696E636F20454E41424C455F4F4B0D4B
:107480000A00000044697361626C65206B696E6379
:107490006F0D0A00F2010020F4010020F801002025
:1074A0004B696E636F206572726F725F636F6465A4
:1074B0002069733A307825780D0A000008B5114C20
:1074C0004FF47A751048FBF71AFB0AF049FF0146A2
:1074D00020890090E388A2880CA002F017FDA08804
:1074E0001E2805D2E088322802D22089322804D30F
:1074F0000CA002F00BFD09F057F9284605F091FCAD
:10750000E0E700001800002044100020743A256CC9
:1075100075206D7320653A25642025642025640D4F
:107520000A00000053797374656D205265736574A9
:107530002064756520746F206572726F7273210DFF
:107540000A0000009AB004F015FE012802D080A0C5
:1075500002F0DCFC8848FFF753FA874D874C4FF464
:107560007A774FF00008287BFAF7F4F84FF4FA76B0
:1075700008E083A002F0CAFCE088401CE0803046AE
:1075800005F04FFC01F054FAC007F2D040F25B72F4
:1075900082A17948FFF7E2F8002812D083A002F018
:1075A000B5FCE0880A30E08001F05CFA010001D00F
:1075B0008AA02DE092A002F0A9FC384605F031FC2B
:1075C000D1E796494FF40070CDE90001A1F50073B1
:1075D000694902904FF4FA6201F11000FDF75AFF79
:1075E00058228F4903A8F8F784FE04208DF8140070
:1075F0008CA006903C20ADF8240001208DF82600D8
:107600005D4803A91030FDF774FF010003D089A085
:1076100002F07CFCD1E791A002F078FC5648A4F877
:107620000680934B002293A11030FEF768FB010007
:1076300003D094A002F06AFC02E09DA002F066FC78
:107640004D488B4B0022A1A11030FEF758FB0100E2
:1076500003D0A3A002F05AFC02E0ACA002F056FC5A
:107660004548834B0022B1A11030FEF748FB0100D2
:1076700003D0B2A002F04AFC02E0BBA002F046FC3C
:107680000AF06EFEBDF82400BF495FF000064843D3
:10769000B0FBF7F901F0CCF9C0070BD0E8684FF464
:1076A000427101EB401001F03DFB014617280FD05D
:1076B000B6A03FE0C1A002F029FC2F481030FEF731
:1076C00041F82D48FFF798F9C54981F800804AE74D
:1076D000294864211030FEF76EFB010006D5C1A0D9
:1076E00002F014FCE088401CE08025E00AF038FE3F
:1076F000824621481030FEF740F850B10AF030FEC3
:10770000A0EB0A01494506D9C3A000BF02F0FEFB69
:1077100012E0CFA0FAE7DB4805F096FA08B10026A0
:1077200012E0761C3146D8A002F0F0FB032E0BDBF2
:107730003146E0A002F0EAFB0F481030FEF702F8F5
:107740000D48FFF759F90EE70A2005F06AFBA1E79B
:10775000573535303020696E6974206661696C6513
:10776000642C204D515454207461736B20696E76E3
:10777000616C69642E0D0A00501000201800002072
:1077800057616974696E6720666F7220504859208E
:107790004C696E6B2E2E2E0D0A0000003139322EF0
:1077A0003136382E322E3130000000004D51545405
:1077B000204E6574776F726B20636F6E6E656374B5
:1077C000206661696C65642C20726574727920573B
:1077D0003535303020696E69740D0A005735353003
:1077E0003020696E6974206661696C65642C72650D
:1077F00073756C742069733A25640D0A00000000EB
:10780000573535303020696E697420737563636550
:10781000737366756C6C792E0D0A0000C812002017
:10782000F428010853544D33325F436C69656E741C
:10783000000000004D51545420436F6E6E65637418
:10784000206661696C65642C2072633D25642C2080
:1078500072657472792031730D0A00004D515454D1
:1078600020436F6E6E6563746564210D0A0000002D
:1078700041CA0008726F626F742F6770696F2F635F
:107880006D64000053756273637269626520726F84
:10789000626F742F6770696F2F636D642066616912
:1078A0006C65642C2072633D25640D0A00000000A5
:1078B0005375627363726962656420726F626F747C
:1078C0002F6770696F2F636D640D0A00726F626FAE
:1078D000742F677269707065722F636D64000000A9
:1078E00053756273637269626520726F626F742F81
:1078F000677269707065722F636D64206661696C70
:1079000065642C2072633D25640D0A005375627313
:1079100063726962656420726F626F742F67726947
:10792000707065722F636D640D0A0000726F626F74
:10793000742F736572766F2F636D64005375627375
:10794000637269626520726F626F742F73657276FD
:107950006F2F636D64206661696C65642C207263AF
:107960003D25640D0A0000005375627363726962FD
:10797000656420726F626F742F736572766F2F6308
:107980006D640D0A0000000080841E00536F636B5D
:107990006574206C6F737420287374617475733D03
:1079A000307825303258292C207265636F6E6E65F1
:1079B0006374696E672E2E2E0D0A00005048592000
:1079C0004C696E6B20446F776E2C207265636F6E0E
:1079D0006E656374696E672E2E2E0D0A000000001E
:1079E000C40100204D5154545969656C642072657E
:1079F0007475726E6564206572726F722072633D79
:107A000025642C207265636F6E6E656374696E67A2
:107A10002E2E2E0D0A0000004E6F207375636365D5
:107A2000737366756C204D5154545969656C6420AC
:107A3000666F7220746F6F206C6F6E672C2072659A
:107A4000636F6E6E656374696E672E2E2E0D0A006D
:107A50004D5154544973436F6E6E65637465642071
:107A600072657475726E65642066616C73652C2036
:107A70007265636F6E6E656374696E672E2E2E0D70
:107A80000A000000401800205075626C697368207D
:107A9000726F626F7420737973207374617475737D
:107AA000206661696C65642028636E743D256429D5
:107AB0000D0A00005075626C697368206661696C1C
:107AC00065642025642074696D65732C207265637C
:107AD0006F6E6E656374696E672E2E2E0D0A000040
:107AE00086B004464FF0FF394FF000084E464A4634
:107AF00001A9D4F8A8000AF0F5F8049800900DF157
:107B0000040C20469CE80E00FFF70CFB31460120D8
:107B100008F05CFE454684F8128020B184F8A75036
:107B20006FF007010AE0204604F0DCF894F89300B7
:107B300006280AD284F8A7506FF00501A174B4F8A2
:107B4000A000401CA4F8A00010E000950023A84667
:107B50001A460321D4F8B4000AF0ECFD204609F0DF
:107B600037FA41B231B184F8A780A174002303220F
:107B7000049864E0A1743146D4F8B8000AF09CF986
:107B8000207D052849DA012806D0022804D00328E0
:107B900020D0042841D11DE00326002516E0E80787
:107BA000D4F8980025F0010704D0C15DAA19101976
:107BB000C07C04E0AA19C05B1119000AC97C09F055
:107BC00067FDD4F898106D1CEDB2C853607DA842D3
:107BD000E5D822E0607D0326400884F842010025B4
:107BE00014E0A719397DF87C09F052FD0146D4F85C
:107BF0009800B61CF6B220F81510B7F8130004EB85
:107C0000450140BA6D1CA1F84401EDB2607DB5EBB1
:107C1000500FE6D3012184F8411184F8A780A07C9D
:107C200000287FF463AF00231A461946D4F8B80041
:107C300009F0FAFE002303226FF00A0104980AF00B
:107C400089FA53E704464FF0010B4FF0080900276B
:107C50004FF0060AA77494F84001012801D00428C7
:107C600009D14FF0FF31012008F0B0FD204604F0AB
:107C700039F8C01C0BD094F89300072809D2FA20D9
:107C8000A074B4F8A000401CA4F8A000E2E7FD2016
:107C9000F6E7E07C217A8842DCD1204609F0CCF975
:107CA00005000DD0207D217AE17480302075657546
:107CB000032084F89300204608F09AFAA574C9E7D7
:107CC000A7744FF0FF31D4F8B8000AF0F5F8207D22
:107CD00005281AD008DC01280DD002280BD0032873
:107CE0000DD004282ED10AE006283DD00F284DD013
:107CF000102827D14EE0204607F088F902E0204600
:107D000007F020FA84F8A7001CE0A17D607D09F04F
:107D1000BFFC0146E27D000901F00F01FF2A19D0E6
:107D2000D4F898200BFA01F332F810509D4322F852
:107D3000105000BF84F893A04D46204608F058FA32
:107D400084F8A75000231A461946D4F8B80009F061
:107D50006BFE7FE7D4F898300BFA01F533F810206A
:107D60002A4323F81020E5E7A17D607D09F090FC0F
:107D70000546217EE07D09F08BFCD4F8981021F8AF
:107D8000150084F893A04D462046D7E7204607F01B
:107D900096F9B7E7B4F81500002590FA90F8B4F812
:107DA0001700E77546BA267684F893A00FE000BF67
:107DB00004EB4500C17E807E09F06AFC014608EBB9
:107DC0000500D4F898206D1CADB222F81010B54211
:107DD000EED394F893502046AD1CAFE788B04649E7
:107DE000464803F031FA28B945A002F08FF8002088
:107DF00008F054FF40F6B83005F013F801F0BAFA75
:107E000001F0F4FB3D4808F043FC012211463B48D9
:107E100004F003FE0AF0A4FA3E4D3F4C4FF6FF7605
:107E2000069000231A466946206E05F03DF80028AA
:107E30002FD10398012810D1F9F7FAFC05280CD0AE
:107E40005FF0000701F066F920B17F1C0A2FF9DB13
:107E500032A000E037A002F059F80598401E1D2816
:107E600002D8059801F098FB0398012808D10498DE
:107E7000B0420ED000EE100AB8EEC00A01F0A8FA27
:107E8000039830B930A002F041F801F0F5FA01F0A2
:107E9000A9F8606A0A21B0FBF1F201FB120058B99F
:107EA000164808F08AF92D480088A8842C480068F4
:107EB000A8622C480068E862616A4FF4FA70B1FB6E
:107EC000F0F200FB121070B913480C3001F030FBD7
:107ED00008B1A68101E0A08918B1A18922A002F011
:107EE00015F8A089E884606A0A21401C606206A82F
:107EF00008F08EFE95E7000040420F00F00D0020D4
:107F000043414E3220696E6974206661696C656414
:107F10000D0A000040180020180000205A65726FFA
:107F200045727220454E41424C455F4641494C45A1
:107F3000440D0A005A65726F45727220454E4142E7
:107F40004C455F4F4B0D0A0044697361626C6520BC
:107F50007A65726F6572720D0A0000004409002094
:107F6000480900204C0900205A65726F6572722022
:107F70006572726F725F636F64652069733A3078FF
:107F800025780D0A0000000008F017B910B54FF071
:107F9000E02000690AF0D6F9012803D0BDE81040BE
:107FA00009F04CBC10BD000030B593B030216846DC
:107FB000F8F7B8F914210CA8F8F7B4F91E48002511
:107FC000016841F080510160006800F0805011901C
:107FD0001A48016841F4804101600068022400F4FD
:107FE0008040119001200090000401908001CDE9B3
:107FF0000640102008904FF4A870CDE90904042031
:108000000B906846FAF73AFF08B172B6FEE70CA982
:108010000F2081E831004FF4A0500F904FF48050B2
:10802000109005210CA8FAF729FE002801D072B69D
:10803000FEE713B030BD0000403802400070004041
:108040000248016841F470010160704788ED00E06A
:108050000148FBF794BB0000881B002010B5FEF719
:10806000CFF90D4840F247310268916202684FF63D
:10807000FF71D162C1600268012151620268C91EAC
:1080800011610068C16841F00101C160BDE81040A4
:108090000148FBF7C5BA0000881B00200148FBF728
:1080A0006EBB0000641F0020F0B50268254C264D11
:1080B000264E274F274B4FF0804CA04209D06045F9
:1080C00007D0A84205D0B04203D0B84201D09842B0
:1080D00004D122F0700E4A6842EA0E02A0421BD080
:1080E000604519D0A84217D0B04215D0B84213D07D
:1080F000984211D0184DA8420ED0184DA8420BD06E
:10810000174DA84208D0174DA84205D0164DA842D9
:1081100002D0164DA84203D122F44075CA682A4302
:108120004D6922F080022A4302608A68C2620A68AE
:108130008262A04201D0984201D109690163012104
:108140004161F0BD00000140000400400008004013
:10815000000C004000040140004001400044014088
:108160000048014000180040001C00400020004072
:1081700010B5846842EA032224F47F440A43224370
:10818000826010BD826822F070020A4342F007014B
:108190008160704710B5036A046A24F00104046228
:1081A000846924F0F00444EA021423F00A020A432A
:1081B0008461026210BD10B5036A23F010030362EC
:1081C0008369046A23F4704343EA023224F0A00373
:1081D00043EA01118261016210BD2DE9F0410446BC
:1081E00090F8820048B3022A03D0032A01D0052A5E
:1081F00023D16269A088127A00EBC200081AC0F38A
:10820000C705A16805EBC506022000EB4607C85F5D
:10821000F9F788FAA168C853A168042000EB460763
:10822000C85FF9F77FFAA168C853A168002001F878
:10823000160029462046FEF733FC0020BDE8F081F9
:108240002DE9F0414FF6FF7403F0D2FC204D0246B9
:108250006868831800211F4815E00678F6070FD0DC
:1082600006699E421DD84669C6B1B2FBF6F706FB09
:108270001727F61B032706610770A64200D2344673
:10828000491C09B21830B5F90060B142E5DD20465D
:108290006C6008F00BF900260E4C13E00226067005
:1082A000EEE7F61A0661E8E72078810707D520F0A7
:1082B00002002070A26812B1E16860689047761CE5
:1082C00036B21834B5F900008642EDDDBDE8F08124
:1082D000DC010020D08D00200148406E04F0F0BE8B
:1082E000180000200148C06E04F0EABE180000200B
:1082F0000148806E04F0E4BE180000200148006FC1
:1083000004F0DEBE1800002010B507F0CFFB0028F7
:1083100005D0D0E90021BDE810400846104710BD47
:1083200070B505464FF47A7001FB00F40AF018F8B6
:10833000C5E9000470BD70B50D4604460AF010F89A
:10834000C4E9000570BD10B504460AF009F82060C4
:108350000020606010BD10B504460AF001F82168E5
:10836000401A6168884201D3012010BD002010BD71
:1083700010B5044609F0F4FF2168401A616888428C
:1083800001D3002010BD081A10BD00000148FBF702
:108390002DBC0000D01B00200148FBF727BC0000CB
:1083A000141C002010B5806B0021C185C184FBF72F
:1083B000E7FB10BD70B5846B2068406994F83D10F0
:1083C000C0F3C0100025212904D118B1E58420464E
:1083D00000F0BBF82068406994F83E10C0F38010AC
:1083E000222904D118B1E585204600F087F8206CD9
:1083F00040F0100020642046FBF7C2FB70BD10B5B2
:108400000146806B09680968C9052FD40021C18520
:1084100001680C3151E8002F22F4807241E80023FA
:10842000002BF5D10168143151E8002F22F0010230
:1084300041E80023002BF5D10168143151E8002FE9
:1084400022F0400241E80023002BF5D1202180F8E2
:108450003E10016B012909D101680C3151E8002F50
:1084600022F0100241E80023002BF5D1016B012915
:1084700002D0FBF70BFF10BD818DFBF7A9FA10BDF1
:1084800010B5806B016B012902D0FBF741FF10BDD5
:10849000818D4908FBF79CFA10BD10B5806B002157
:1084A000C185202280F83E200163FBF7E3FA10BD6E
:1084B00010B50146806B09680968C90516D400210A
:1084C000C1840168143151E8002F22F0800241E894
:1084D0000023002BF5D101680C3151E8002F42F048
:1084E000400241E80023002BF5D110BDFBF7D2FF7D
:1084F00010BD10B5806BFBF7FBFF10BD01680C31A0
:1085000051E8002F22F4907241E80023002BF5D1AE
:108510000168143151E8002F22F0010241E80023E4
:10852000002BF5D1016B012909D101680C3151E80B
:10853000002F22F0100241E80023002BF5D120216A
:1085400080F83E1000210163704701680C3151E84A
:10855000002F22F0C00241E80023002BF5D120219A
:1085600080F83D10704708B590F83E10222901D0E0
:10857000022008BD82684FF480539A4201D10169FC
:1085800021B1816A9A421BD04AB10AE00268816A2D
:108590005268C2F308020A80816A891C08E00269F5
:1085A00072B10268526802F07F020A70816A491C47
:1085B0008162C18D491E0904090CC18503D019E0EF
:1085C00002685268F1E70168CA6822F02002CA60B6
:1085D0000168CA6822F48072CA6001684A6922F0A0
:1085E00001024A61202180F83E10016B012903D06D
:1085F000FBF74CFE002008BD0021016301680C312F
:1086000051E8002F22F0100241E80023002BF5D1A1
:1086100001680A68D20602D50A6849680091818D0E
:10862000FBF7D6F9E6E7000070B50446006801697B
:10863000E26821F44051114301612169A068E269B7
:1086400008436169114308432168CA6849F20C6311
:108650009A430243CA6020684169A26921F44071CB
:108660001143416131492068884202D03049884233
:1086700002D1FAF7CDFB01E0FAF7BAFBE269002379
:10868000192164253226B2F5004F626828D0A0FB7C
:108690000101930F9200F7F7F5FD0146B0FBF5F0ED
:1086A0006FF01802504301EB800006EB0010B0FBA6
:1086B000F5F000F0F002B1FBF5F002EB0012B1FBB7
:1086C000F5F06FF01803584301EB800006EB001043
:1086D000B0FBF5F000F00F0021681044886070BD19
:1086E000A0FB010192185B41F7F7CCFD0146B0FBFE
:1086F000F5F00201B1FBF5F06FF01803584301EB00
:10870000800006EBC000B0FBF5F000F0F80002EBD3
:108710004002B1FBF5F0584301EB800006EBC000CE
:10872000B0FBF5F000F00700D6E7000000100140B4
:108730000014014038B58162828500251346044645
:108740000564222084F83E00A26B1B48D063A26B14
:108750001A481064A26B1A48D064A06B0A460565DB
:108760002168A06B091DFAF71DF8206801684068B0
:10877000009084F83C5020680C3050E8001F41F411
:10878000807140E80012002AF5D12068143050E8CA
:10879000001F41F0010140E80012002AF5D12068D5
:1087A000143050E8001F41F0400140E80012002A58
:1087B000F5D1002038BD0000FF8300088184000847
:1087C000B583000881628285C2850021016422226E
:1087D00080F83E2080F83C100168CA6842F480723C
:1087E000CA6001684A6942F001024A610068C168D2
:1087F00041F02001C160002070472DE9F04198460A
:1088000017460E460446069D27E0681C25D02DB16C
:10881000FAF710F9A0EB0800A8421ED920680C3026
:1088200050E8001F21F4D07140E80012002AF5D171
:108830002068143050E8001F21F0010140E80012C8
:10884000002AF5D1202084F83D0084F83E00002065
:1088500084F83C000320BDE8F0812068006836EA17
:10886000000004D00020B842CFD00020F3E7012060
:10887000F9E700000148FBF7B9B90000581C0020D7
:108880000148FBF7B3B900009C1C00200148FBF72E
:10889000ADB90000E01C0020FEE7000030B587B055
:1088A000012009F01EF8394948603949394807F074
:1088B0006FFA3949394807F07DFA3949394807F0E4
:1088C00055FA394D4FF48064002221462846FAF7C4
:1088D000ABF80A20F9F79EFF012221462846FAF755
:1088E000A3F84FF49670F9F795FF304B01AC0FCB1E
:1088F00084E80F0001A9012002F020FF401C1DD0D8
:108900004FF4645000F00EFA014629A001F0FEFA7F
:1089100001218DF8141000208DF815008DF8160037
:108920008DF8171005A90A2002F008FF60B126A0F3
:1089300001F0ECFA6FF0010007B030BD29A001F0A2
:10894000E5FA4FF0FF30F7E70024C820F9F762FF9F
:1089500069460F2002F0F2FE05460346641C2246DB
:108960009DF8001025A001F0D1FA9DF8000008B98B
:10897000322CEAD325B910F0FF0F01D00020DBE73D
:1089800026A001F0C3FA6FF00200D5E7C401002071
:10899000B1120108011401084B150108FD1301086B
:1089A000A7120108A3120108000402406C29010863
:1089B00057353530302056657273696F6E3A203006
:1089C00078253032580D0A005365742050485920DC
:1089D000636F6E666967206661696C6564210D0A64
:1089E0000000000057495A4348495020496E6974B5
:1089F000206661696C65642E0D0A00004C696E6B1F
:108A00003A2025642C63686B5F636E743A25642C8E
:108A1000726573756C743A25640D0A004C696E6B4F
:108A2000206F6E206661696C6564210D0A0000008C
:108A300038B500208DF800002E218DF801108DF83A
:108A4000020008F0DDFC00246D46285D00F01EF9F0
:108A5000641C032CF9DB00F0F3F8044608F028FC52
:108A6000204638BD70B50F4D00200122287011033B
:108A70000D48F9F7D9FFFFF711FF040004D00146B4
:108A80000AA001F043FA0AE011A001F03FFA012028
:108A9000287000F02BF800F039F800F0BDF82046FF
:108AA00070BD0000C401002000040240573535307D
:108AB0003020696E6974206661696C65642C72652A
:108AC00073756C742069733A25640D0A0000000008
:108AD000573535303020696E69742073756363656E
:108AE000737366756C6C792E0D0A000000B587B043
:108AF000182205496846F7F7FCFB6946002002F09A
:108B0000F7FD07B000BD00007C29010800B589B061
:108B100003A9012002F0ECFD9DF80F009DF8112043
:108B20009DF810108DE807009DF80E309DF80D207F
:108B30009DF80C101AA001F0E9F99DF815000090BD
:108B40009DF814309DF813209DF812101EA001F01E
:108B5000DDF99DF8190000909DF818309DF8172058
:108B60009DF816101DA001F0D1F99DF81D00009090
:108B70009DF81C309DF81B209DF81A101CA001F0D8
:108B8000C5F99DF8210000909DF820309DF81F2028
:108B90009DF81E101BA001F0B9F909B000BD00003E
:108BA0004D41433A20253032583A253032583A2543
:108BB0003032583A253032583A253032583A25303A
:108BC00032580D0A000000004950203A2025642E3A
:108BD00025642E25642E25640D0A0000534E203A8C
:108BE0002025642E25642E25642E25640D0A0000A0
:108BF0004757203A2025642E25642E25642E2564AF
:108C00000D0A0000444E533A2025642E25642E257B
:108C1000642E25640D0A0000084801680A6822F0E5
:108C200040020A6001680A6822F038020A6000689F
:108C3000016841F04001016070470000301B0020D6
:108C40000EB5FF208DF8080000208DF804001420D8
:108C50000090012301AA02A90448FAF759FB10B1B8
:108C600003A001F053F99DF804000EBD301B002055
:108C70005735353030205350492072656164207477
:108C8000696D656F75740D0A0000000001B582B052
:108C900014200090012301AA02A90448FAF738FB26
:108CA000002802D002A001F031F90EBD301B0020D7
:108CB000573535303020535049207772697465201C
:108CC00074696D656F75740D0A000000007B02F019
:108CD0009BBE70B5054614460E46007B03F092F825
:108CE000002809D0A04200DD204682B2287B314610
:108CF000BDE8704006F0C8BF70BD2DE9F0411546D3
:108D00000E460746002408E0281B82B23119387B42
:108D100007F092F8002802DD0444AC42F4DB204660
:108D2000BDE8F081F8B5144C0546E06880476069FD
:108D30008047616AC5F30740C5F3072699B1A26A67
:108D40008AB18DF800008DF801608DF80250032182
:108D500068469047E06980470546A06980472069DA
:108D600080472846F8BD216A8847216A30468847EF
:108D7000216AE8B28847EDE7980100202DE9F84321
:108D80001A4C05461746E068884680476069804768
:108D9000616AC5F30740C5F30726A1B1A26A92B183
:108DA0008DF800008DF801608DF8025003216846AF
:108DB0009047626A394640469047A06980472069DB
:108DC0008047BDE8F883216A8847216A3046884792
:108DD000216AE8B28847002505E0E069804708F885
:108DE00005006D1CADB2BD42F7D3E6E79801002047
:108DF000F8B5164C05460E46E06880476069804726
:108E0000A26A45F004058AB1280C8DF80000280AF2
:108E10008DF801008DF802508DF80360042168463A
:108E20009047A069804720698047F8BD216AC5F353
:108E300007408847216AC5F307208847216AE8B2BE
:108E40008847216A30468847EBE7000098010020F8
:108E5000F8B51A4C05461646E0680F46804760692B
:108E60008047A26A45F004059AB1280C8DF80000ED
:108E7000280A8DF801008DF80250032168469047BA
:108E8000A26A314638469047A069804720698047EA
:108E9000F8BD216AC5F307408847216AC5F307205A
:108EA0008847216AE8B28847002504E0216A785D96
:108EB00088476D1CADB2B542F8D3E5E798010020B4
:108EC00041F20163C81A994262D023DC41F21403D3
:108ED000A1EB030099424FD009DCA1F5805108298C
:108EE0003CD2DFE801F03F413B3B3B434547B0F517
:108EF0007B7F47D005DC042840D0B0F51B7F2DD107
:108F00003EE0A0F54070ED383ED0A0F58070FF380F
:108F100024D13BE0B0F5206F46D013DC40F2FF33A4
:108F2000A0F2FF31984239D006DCA0F58070FF38FE
:108F300030D0012812D12FE0012931D0B1F5C06F16
:108F40000CD12FE0A0F5206001382FD03F38B0F5CC
:108F500080402DD023282DD02B282DD01A481060EA
:108F600000207047002028E0012026E0022024E0B5
:108F7000032022E0042020E005201EE006201CE063
:108F800007201AE0082018E0092016E00A2014E063
:108F90000B2012E00C2010E00D200EE00E200CE063
:108FA0000F200AE0102008E0112006E0122004E063
:108FB000132002E0142000E0152000211160034975
:108FC00001EBC00070470000000002069C2B010866
:108FD0009F2803D1087808B10148704700207047E6
:108FE000300009062DE9FF472C4DE87800284FF0A6
:108FF000020027D12A4F03900620388000240DF16B
:109000000C08CDE900844FF400593B4622464946FE
:109010002448029401F000FE224807F035F80026AB
:10902000322003F0FEFE0120F8F70AFC68780328DE
:109030000BD0761C0A2EF3DB1BA000F067FFEC7050
:109040006FF0020004B0BDE8F087052003F0E9FEF0
:109050003C80CDE90084124B00224946114802941D
:1090600001F0DAFD0F4807F00FF80026642003F046
:10907000D8FE0120F8F7E4FB6878022809D0761CB6
:109080000A2EF3DB15A000F041FFEC706FF0010039
:10909000D8E71F4800F03AFF0020D3E71400002073
:1090A0003A090020F00D00205A65726F4572722057
:1090B000656E61626C65206661696C65642C205226
:1090C000454144595F5357495443485F4F4E5F46AB
:1090D00041494C45442E0D0A000000005A65726F4C
:1090E00045727220656E61626C65206661696C65AF
:1090F000642C205357495443485F4F4E5F444953B3
:1091000041424C45445F4641494C45442E0D0A00BE
:10911000302D01082DE9FF5F544CE07818B1012093
:1091200004B0BDE8F09F002635460120F8F788FB23
:10913000607800283AD0C0B2022801D005283FD07C
:109140004B4F06200DF10C0A38804FF00209CDE993
:1091500000A5CDE902594FF4005B56463B4600227C
:109160005946444801F058FD4348434B00220560EE
:109170000420CDE90250CDE9006542F201013D48ED
:1091800001F04AFD3B4806F07FFF00260120F8F77A
:1091900057FB6078032817D0761C0A2EF6DB37A021
:1091A00000F0B4FEE5706FF00200B9E7761C0A2EFD
:1091B000BBDB3FA000F0AAFEE5704FF0FF30AFE749
:1091C00046A000F0A3FE4EE0052003F02AFE072192
:1091D0003980CDE900A5CDE90259B8465746244B60
:1091E00000225946234801F017FD224806F04CFFA3
:1091F00000260120F8F724FB6078042809D0761CAB
:109200000A2EF6DB41A000F081FEE5706FF003004E
:1092100086E7052003F005FE0F21A8F80010CDE930
:109220000075134B002259461248029501F0F4FCD8
:10923000104806F029FF0026322003F0F2FD01203D
:10924000F8F7FEFA6078052809D0761C0A2EF3DBC1
:109250003AA000F05BFEE5706FF0040060E7444860
:1092600000F054FEE57000205AE7000014000020D2
:109270003A090020F00D00203C0900205A65726F69
:1092800045727220656E61626C65206661696C650D
:10929000642C2052454144595F5357495443485F19
:1092A0004F4E5F4641494C45442E0D0A00000000D8
:1092B0005A65726F45727220656E61626C652066D8
:1092C00061696C65642C204745545F535441545583
:1092D000535F4641494C45442E0D0A005A65726F52
:1092E0004572722063757272656E74207374617456
:1092F0007573206973204F5045524154494F4E5F5A
:10930000454E41424C45440D0A0000005A65726FBB
:1093100045727220656E61626C65206661696C657C
:10932000642C2053574954434845445F4F4E5F4691
:1093300041494C45442E0D0A000000005A65726FE9
:1093400045727220656E61626C65206661696C654C
:10935000642C204F5045524154494F4E5F454E4179
:10936000424C45445F4641494C45442E0D0A00009D
:10937000A82C010810B50321144806F091FF1349E9
:10938000022081F8E1010021104807F03DF87F211B
:109390000E4807F039F805210C4807F035F802228D
:1093A00001210A4803F039FB82220121074803F01A
:1093B00034FBC82003F035FD80220121034803F06F
:1093C0002CFBBDE81040322003F02BBDF00D002037
:1093D000F0B5244E2F202DED028B85B03080002477
:1093E000022003ADCDE90240CDE900540703B0EE01
:1093F000408A3346224639461B4801F00DFC9FED5A
:109400001B0ADFED1B0A1B4828EE000A194B00223D
:10941000791C80EE201ABCEEC10A80ED000A0420FF
:10942000CDE90240CDE900540F4801F0F5FB0E48AC
:1094300006F02AFE3F203080CDE90054334600225A
:1094400039460948029401F0E7FB074806F01CFE84
:10945000054806F0B2FE052003F0E3FC05B0BDECC4
:10946000028BF0BD3A090020F00D002000000049F9
:109470000000B4433C090020FEB50020062402ADE4
:10948000CDE90054ADF80800034646F240063246E6
:1094900001210D48FDF704FD10B10CA000F036FDD0
:1094A000BDF80800CDE9005420F00400ADF8080034
:1094B0000023324601210448FDF745FD002802D073
:1094C0000EA000F023FDFEBDF00D00205A65726F66
:1094D0006572722053444F20726561642053455277
:1094E000564F5F4354524C5F574F52445F494E446E
:1094F0004558204661696C65640D0A005A65726FB3
:109500004572722053444F20577269746520534549
:1095100052564F5F4354524C5F574F52445F494E2F
:10952000444558204661696C65640D0A00000000DE
:109530003EB504460020ADF80800062102A8CDE99A
:109540000001002346F23F0201210748FDF7A8FC75
:1095500028B106A000F0DAFC6FF001003EBDBDF8B6
:109560000800208000203EBDF00D00205A65726F7B
:109570006572722053444F207265616420455252D7
:109580004F525F434F44455F494E44455820466122
:10959000696C65640D0A00001FB504210391F7F79B
:1095A00088FA9FED0E1B53EC112BF7F710FAF7F723
:1095B000ACFA0C490B4B0860002003A9CDE9001060
:1095C0000246029042F20201074801F025FB0648DC
:1095D00006F05AFD044806F0F0FD1FBD3D0AD7A372
:1095E00070C1964040090020F00D00202DE9F04F99
:1095F00087B04FF0010A8DF814A0052405AECDE91F
:10960000006446F2600700233A465146AC48FDF735
:109610009AFC10B1ABA000F079FC00258DF8145035
:10962000CDE90064A1462B463A460121A448FDF746
:1096300037FC10B1B0A000F069FC9DF814000128BF
:1096400002D0B9A000F062FC43F6E300072403AEA9
:10965000CDE90064029046F28107039000233A4668
:1096600001219748FDF76FFC10B1B8A000F04EFC47
:10967000CDE9006400233A46012191480395FDF7A6
:109680000FFC10B1BEA000F041FCDDE902018142F7
:1096900003D00A21C7A000F039FC47F2C717CDE973
:1096A000006446F283080297002342460121844861
:1096B0000397FDF748FC10B1CBA000F027FCCDE9E3
:1096C00000640023424601217D480395FDF7E8FB35
:1096D00010B1D1A000F01AFCDDE90201814203D0F3
:1096E0001421D9A000F012FC02970397CDE9006481
:1096F00046F2840700233A4601217148FDF723FC16
:1097000010B1DFA000F002FCCDE9006400233A466E
:1097100001216B480395FDF7C3FB10B1E4A000F0F5
:10972000F5FBDDE90201814203D01421ECA000F039
:10973000EDFB02AE80200096CDE90140002341F20E
:10974000050201215E48FDF7FEFB10B1F2A000F01A
:10975000DDFB4FF47A700096CDE90140002341F221
:10976000060201215648FDF7EEFB10B1F3A000F010
:10977000CDFBFE480096CDE901400123B0464FF4F1
:10978000C05219464E48FDF7DEFB10B1F8A000F0BC
:10979000BDFB0DF1100BCDE900B957468DF810A0B7
:1097A0004E4602234FF4C05201214548FDF7CBFB42
:1097B00010B1EFA000F0AAFBAA468DF810505D464C
:1097C000CDE900564FF4D05BB14600235A46012143
:1097D0003B48FDF7B8FB10B1F1A000F097FBFC4847
:1097E000CDF80080CDE90140012346465A4619468E
:1097F0003348FDF7A8FB10B1E9A000F087FBF5485E
:109800000096CDE90140B04602234FF4D052012129
:109810002B48FDF798FB10B1E1A000F077FB4E4616
:10982000CDE900564FF0020B8DF810B0A946002389
:109830004FF4D05201212248FDF785FB10B1D8A08A
:1098400000F064FB40F28110CDF80080CDE90140CA
:10985000012345464FF4C05219461948FDF773FBE2
:1098600010B1C3A000F052FBC0480095401CCDE9E8
:109870000140012341F6010219461148FDF763FB3F
:1098800010B1D5A000F042FBCDE90096B8468DF8A6
:1098900010704F46022341F6010201210848FDF7EE
:1098A00052FB10B1CCA000F031FBD1468DF810A0D6
:1098B000002341F6012A524601210148A4E100009B
:1098C000F00D00205A65726F4572722053444F208C
:1098D000577269746520534552564F5F574F524B2C
:1098E0005F4D4F44455F494E444558204661696C81
:1098F00065640D0A000000005A65726F457272209F
:1099000053444F207265616420534552564F5F5750
:109910004F524B5F4D4F44455F494E44455820469A
:1099200061696C65640D0A005A65726F4572722038
:1099300073657420706F736974696F6E206D6F64E6
:1099400065204661696C65640D0A00005A65726F96
:109950006572722053444F205772697465205052CB
:109960004F46494C45445F56454C4F434954595F17
:10997000494E444558204661696C65640D0A0000F3
:109980005A65726F6572722053444F20726561642C
:109990002050524F46494C45445F56454C4F434931
:1099A00054595F494E444558204661696C65640DC1
:1099B0000A0000005A65726F657272207365742028
:1099C00070726F66696C65642076656C6F6369742C
:1099D0007920746F20256420647073204661696C5F
:1099E00065640D0A000000005A65726F45727220AE
:1099F00053444F2057726974652050524F46494C6A
:109A000045445F4143435F494E44455820466169A0
:109A10006C65640D0A0000005A65726F4572722011
:109A200053444F20726561642050524F46494C4563
:109A3000445F4143435F494E444558204661696C49
:109A400065640D0A000000005A65726F457272204D
:109A50007365742070726F66696C656420616363FE
:109A6000656C65726174696F6E20746F2025642067
:109A700064707373204661696C65640D0A000000B0
:109A80005A65726F4572722053444F205772697441
:109A9000652050524F46494C45445F4445435F4919
:109AA0004E444558204661696C65640D0A0000000B
:109AB0005A65726F4572722053444F20726561641B
:109AC0002050524F46494C45445F4445435F494E00
:109AD000444558204661696C65640D0A0000000029
:109AE0005A65726F457272207365742070726F666A
:109AF000696C656420646563656C65726174696F27
:109B00006E20746F20256420647073732046616931
:109B10006C65640D0A0000005A65726F4572722010
:109B200053444F2064697361626C652053594E43FE
:109B3000204661696C65640D0A0000005A65726F09
:109B40004572722053444F2064697361626C6520D2
:109B5000636F6D6D206379636C6520706572696FEA
:109B600064204661696C65640D0A00008101008013
:109B70005A65726F4572722053444F205772697450
:109B800065205450444F315F504152414D5F494E22
:109B9000444558204661696C65640D0A0000000068
:109BA0005A65726F4572722053444F205772697420
:109BB00065205450444F315F4D415050494E475FEE
:109BC000494E444558204661696C65640D0A0000A1
:109BD00010004160200064605A65726F4572722007
:109BE00053444F205772697465205450444F325F7C
:109BF000504152414D5F494E444558204661696C81
:109C000065640D0A00000000CDE90076FDF79BF9C0
:109C100010B17BA000F07AF985480095CDE90140AC
:109C20000123524619468348FDF78DF910B174A0FF
:109C300000F06CF9CDE900768DF8108000235246D3
:109C400001217C48FDF77FF910B16DA000F05EF9AD
:109C50004FF4C1700095CDE90140012341F60102A6
:109C600019467448FDF76FF918B1AFF2FC0000F027
:109C70004DF971480095CDE9014001234FF4A05200
:109C800019466C48FDF75FF910B16CA000F03EF981
:109C9000CDE900768DF8108002234FF4A052012107
:109CA0006448FDF750F910B164A000F02FF9CDE938
:109CB00000764FF4B05A8DF81090002352460121DF
:109CC0005C48FDF740F910B168A000F01FF9734837
:109CD0000095CDE901400123524619465548FDF74C
:109CE00032F910B161A000F011F96D480095CDE98D
:109CF00001400223524601214E48FDF724F910B1DC
:109D00005AA000F003F9CDE900768DF810B00023D9
:109D1000524601214748FDF716F910B153A000F053
:109D2000F5F840F201200095CDE9014001234FF400
:109D3000A05219463F48FDF706F910B13FA000F0C8
:109D4000E5F83D480095401CCDE90140012341F272
:109D5000014A524619463748FDF7F5F810B151A0AF
:109D600000F0D4F8CDE900768DF810800223524639
:109D700001213048FDF7E7F810B14AA000F0C6F81D
:109D80008DF81090CDE9007641F2016900234A4632
:109D900001212848FDF7D7F810B14EA000F0B6F821
:109DA00058480095CDE9014001234A46194621480B
:109DB000FDF7C9F810B147A000F0A8F8CDE900768A
:109DC0008DF8108000234A4601211A48FDF7BBF8A0
:109DD00010B140A000F09AF840F202200095CDE9C1
:109DE00001400123524619461248FDF7ACF80028FD
:109DF00002D02CA000F08AF807B0BDE8F08F000078
:109E00005A65726F4572722053444F2057726974BD
:109E100065205450444F325F4D415050494E475F8A
:109E2000494E444558204661696C65640D0A00003E
:109E300020006C60F00D0020010200805A65726FF6
:109E40004572722053444F205772697465205250F6
:109E5000444F315F504152414D5F494E4445582077
:109E60004661696C65640D0A000000005A65726FF6
:109E70004572722053444F205772697465205250C6
:109E8000444F315F4D415050494E475F494E444524
:109E900058204661696C65640D0A0000100040603E
:109EA00020007A605A65726F4572722053444F20C9
:109EB0005772697465205250444F325F504152418D
:109EC0004D5F494E444558204661696C65640D0AF2
:109ED000000000005A65726F4572722053444F2093
:109EE0005772697465205250444F325F4D41505053
:109EF000494E475F494E444558204661696C656448
:109F00000D0A000020008160704700000FB4054B6F
:109F100010B503A9044A029800F0E0F910BC5DF8FE
:109F200014FB0000D9BB0008381000200FB47CB52A
:109F30000C0009AD01D0611E00E00021CDE9000157
:109F4000064B6A462946089800F0C8F9002C02D052
:109F5000009A002111707CBC5DF814FB05AD00086F
:109F60000907090E002804DB00F1E02080F8001446
:109F7000704700F00F0000F1E02080F8141D7047DA
:109F800030B528B1144C031F002021680A4605E0B3
:109F9000084630BD9A4203D810465268002AF9D1CB
:109FA000002800D041680BD00468A3EB0005A5424F
:109FB00004D11B681C440346046002E0436000E0D7
:109FC00023603AB11C68D51AA54203D115682C4408
:109FD0001C6052685A6030BD3C1000200000000038
:109FE00000B583B09FED060B0A4601468DED000BD0
:109FF0006846F6F778FE9DED000B03B000BD00004B
:10A0000000000000000000002DE9F04782460F4CE0
:10A0100010480D4E0E4F001B4FF0000820F00705B2
:10A020004FF0010900221146504602F07FFB002844
:10A0300002D1306810B10020BDE8F0873C60C4E96F
:10A040000058C6F80090EDE740100020948E0020E4
:10A050003C1000209090002002E008C8121F08C1A8
:10A06000002AFAD170477047002001E001C1121F99
:10A07000002AFBD1704700002DE9FF5F82B000216C
:10A08000DDE90430020DDDF840B0034318D044F69A
:10A090001050A2F2FF3242431514119801281FD02C
:10A0A000A5EB0B00401C5FEA000A4FF000064E4F84
:10A0B000DFF83891B046504615D5CAF1000413E0D8
:10A0C000119801244AA3012801D16FEA0B010298DB
:10A0D000119AC0E90031C0E9024206B0BDE8F09F24
:10A0E000CBF10000DFE704460021404A491842EB6B
:10A0F0000450CDE9001012E0E00707D032463B469D
:10A1000040464946F6F763FC8046894632463B4660
:10A1100010461946F6F75BFC06460F466410002C05
:10A12000EAD1DDE90401DDE90023BAF1000F06DA26
:10A13000F6F74DFC42464B46F6F749FC05E0F6F7CC
:10A1400062FE42464B46F6F75EFE04460E4600228D
:10A15000284BF6F70BFD03D84FF0FF30014607E020
:10A160000022254B20463146F6F78AFBF6F7C6FE5D
:10A17000102409E0002C0ADB0A220023F6F782F8FB
:10A18000039B30321A55641E50EA0102F2D1641C5E
:10A19000039AC4F111031444119A012A03D0012235
:10A1A00008430DD10AE0084304D000204FF0110B02
:10A1B000119072E7A3EB0B056D1E0DE05B4504DD0E
:10A1C0004FF0000205F1010504E003DA4FF0000250
:10A1D000A5F10105002AECD002981199C0E90231DD
:10A1E000C0E9004579E70000000014400000F03F9E
:10A1F000300000000000F0430000E03F2DE9F84F80
:10A200009946DDE90BA51746D0F8E4310A9E6A4667
:10A21000984704460098002803D12079B84202D814
:10A220001F48BDE8F88F3DB1206800EB07100078AB
:10A23000C00701D01B48F4E7B9F1000F0BD0042090
:10A24000216800EB0718326851F80800904205D9E0
:10A2500030601548E5E74FF00060E2E7012000EBD1
:10A260000710095C8AF800102068082101EB07112B
:10A2700050F8085041582A464846F6F73AF89AF8F6
:10A280000000092809D1216851F808003168884286
:10A2900003D2002109F805106D1C00203560C0E7CD
:10A2A000110009060100010605000405704770470A
:10A2B00030380A2801D201207047002070477047CB
:10A2C000704770477047704770477047016A097858
:10A2D000002902D1812202F0A0BB70472DE9FF4F77
:10A2E00095B09A46884606460025EEE1252877D1A6
:10A2F00000242746F94A0121039400E0044316F89C
:10A30000013F203B01FA03F01042F7D130782A28B0
:10A3100011D06FF02F033078A0F13002092A16D83F
:10A32000039A44F0020402EB820203EB420210445F
:10A33000761C0390EFE758F8042B0392002A03DA07
:10A34000504244F40054039044F00204761C3078E8
:10A350002E2816D116F8010F44F004042A280DD037
:10A360006FF02F023078A0F13003092B09D807EBEA
:10A37000870302EB4303C718761CF3E758F8047B06
:10A38000761C30786C280FD006DC4C2817D0682853
:10A390000DD06A2814D104E0742810D07A280FD187
:10A3A0000DE044F400140AE044F4801401E044F4A5
:10A3B00040147278824202D104F58014761C761C17
:10A3C000307866280BD013DC582877D009DC0028B9
:10A3D00075D04528F6D04628F4D047281AD193E105
:10A3E00018E0632835D0642879D0652812D18BE134
:10A3F000702873D008DC6728F1D069286FD06E28E8
:10A400000DD06F2806D1ACE073282CD0752874D0FD
:10A41000782853D05246179990476D1C54E1C4F3E5
:10A420000250022809D003280DD0D8F800100428C3
:10A430000DD00D6008F1040846E1D8F80010EA17C5
:10A44000C1E90052F6E7D8F800100D80F2E70D7070
:10A45000F0E718F8041B8DF8001000208DF80100BB
:10A46000EB46012003E058F804BB4FF0FF306107D2
:10A470004FF0000102D40DE009F101018946B94213
:10A480000FDA8145F8DB1BF809100029F4D108E048
:10A4900009F1010189468142FADB1BF80910002904
:10A4A000F6D103985346A0EB090721463846179A80
:10A4B00000F080FA284400EB090507E044E008E1D9
:10A4C0000DE01BF8010B524617999047B9F10109AD
:10A4D000F7D2534621463846179AF2E039E00A216E
:10A4E000C4F302524FF0000B0091022A06D058F834
:10A4F000040BC117032A09D00AE023E008F1070082
:10A5000020F00702F2E80201904605E000B2C11710
:10A51000042A01D140B2C117002906DA0A460021F7
:10A52000404261EB02012D2202E0220504D52B22DC
:10A530008DF80420012203E0E20701D02022F7E792
:10A54000914657E00A2100E010214FF0000B0091E6
:10A550000BE010214FF0000B44F004040827009199
:10A5600003E008204FF0000B0090C4F30252022ACF
:10A5700005D058F8040B0021032A08D008E008F1A0
:10A58000070020F00702F2E80201904603E080B2E3
:10A59000042A00D1C0B24FF0000922072AD5327830
:10A5A000702A07D0DDF800C08CF0100C5CEA0B0CB0
:10A5B00005D00EE040228DF80420012208E050EA88
:10A5C000010306D030238DF804308DF805200222D7
:10A5D0009146009B83F0080353EA0B030AD150EA2B
:10A5E000010201D1620705D530228DF804204FF019
:10A5F00001097F1E3278582A04D039A20C920CAA85
:10A6000002920BE03BA2F9E75B46009AF5F73AFEAF
:10A610000C9B9B5C029A521E0292137050EA01023C
:10A62000F2D1029804A9081A00F1200B600702D5A4
:10A6300024F4803400E001275F4502DDA7EB0B0026
:10A6400000E0002000EB0B01009003984944401A01
:10A650000390E00306D453462146179A039800F06E
:10A66000A9F90544002706E001A85246C05D1799E4
:10A6700090476D1C7F1C4F45F6DBE0030CD553461D
:10A680002146179A039800F095F9054404E030201C
:10A690005246179990476D1C0099481E009000295A
:10A6A000F5DC08E00298029952460078491C0291B4
:10A6B000179990476D1CBBF10001ABF1010BF1DC68
:10A6C0005BE100F065F90544761C307800287FF4E2
:10A6D0000DAE19B02846BDE8F08F00000928010032
:10A6E0003031323334353637383961626364656608
:10A6F00000000000303132333435363738394142CA
:10A700004344454600000000600700D4062708F1D6
:10A71000070020F00700F0E80223804603F0004C19
:10A720005FEA0C0001D097A009E0200501D596A0B2
:10A7300005E0E00701D095A001E0AFF24C001390D6
:10A74000307823F0004365280CD006DC452809D07A
:10A7500046281DD047287FD13BE0662818D06728BF
:10A760007AD136E00021112F01DB112000E0781CA6
:10A77000CDE9000104A90CA8FFF77EFCDDE90D017D
:10A780000C9A4FF0000B07F10109109200914EE076
:10A790004FF000400097CDE9011004A90CA8FFF785
:10A7A0006BFCDDE90D020C9B0F994FF0000B9146FD
:10A7B0001093009211B9791C00EB0109B7EB090065
:10A7C00003D4C0F1FF3B07F10109A9EB0700019099
:10A7D00042E0012F00DA01270021112F01DD1120B5
:10A7E00000E03846CDE9000104A90CA8FFF744FCBD
:10A7F000DDE90D010C9A00914FF0000BB946109263
:10A8000021070FD4009A4A4503DA914601E0A9F1E5
:10A810000109B9F1010F05DD109AA9F10101515C9F
:10A820003029F4D0B84202DA10F1040F03DA012122
:10A83000CDE9011010E0002803DC8344A9EB0001FE
:10A8400002E0411C494500DD8946A0EB0B00401C9D
:10A8500001904FF000400290200705D40198484530
:10A8600002DB4FF0FF30019000208DF84B00029882
:10A870000DF14B07B0F1004F25D002200C902B209A
:10A880000D90029800280CDA404202902D200D9085
:10A8900007E00A210298F6F781F93031029007F8B3
:10A8A000011D0C99481E0C900029F2DC029800282A
:10A8B000EFD1791E0D980870307800F0200040F03C
:10A8C000450007F8020D11A8C01BC01D0290139887
:10A8D000007800B1012000EB0901019801EBE07163
:10A8E000029801440398401A401E0390E00306D4E6
:10A8F00053462146179A039800F05CF805441398D4
:10A90000007818B15246179990476D1CE00323D583
:10A9100053462146179A039800F04CF805441BE073
:10A92000BBF1000F07DB0098584504DD109817991C
:10A9300010F80B0001E0179930205246904701981B
:10A940000BF1010B401E05F10105019004D12E20F1
:10A950005246179990476D1CB9F10001A9F1010900
:10A96000DEDC05E017F8010B5246179990476D1C85
:10A970000299481E02900029F4DC53462146179A9A
:10A9800003989EE62D0000002B0000002000000030
:10A990002DE9F041044600251E461746880404D4DC
:10A9A00005E039462020B0476D1C641EF9D52846C5
:10A9B000BDE8F0812DE9F041044600251E46904691
:10A9C000C80301D5302700E02027880404D505E01E
:10A9D00041463846B0476D1C641EF9D52846BDE88F
:10A9E000F0812DE9F04F85B01C4692460646DDF811
:10A9F00038B0DDF84080F6F7FBFE0546FE280DD2A4
:10AA0000014602AB0222304601F0B3F928B102AA96
:10AA10000221304601F091F918B1FF2005B0BDE8E0
:10AA2000F08F0AF0FF094FEA1A27B8F1000F28D07B
:10AA30000520CDE9004053462A469DF808103046CF
:10AA400001F02EFE9DF80810A020C1EBC10101EB22
:10AA5000410106EB810103AA81F873B08DF80C0067
:10AA600010208DF80D908DF810008DF80E700520D7
:10AA70008DF80F4000211154401CC0B20828FAD3B1
:10AA800024E00320CDE9004053462A469DF80810F3
:10AA9000304601F005FE9DF808104020C1EBC101D1
:10AAA00001EB410106EB810103AA81F873B08DF837
:10AAB0000C008DF80D908DF80E7004208DF80F406D
:10AAC00000211154401CC0B20828FAD39DF8081088
:10AAD0000F98C1EBC10101EB410106EB8101134667
:10AAE00088672A460221304605F00FFB002895D0E2
:10AAF0009DF80810304605F07FF98EE72DE9FE4FEE
:10AB000004464069002589460689A069078994F8AA
:10AB1000820000280ED0002E6AD0A846CDF8008012
:10AB2000CDF80480CDF8088060E005286ED00B28B1
:10AB300058D0FF20BDE8FE8F606850F8360081696C
:10AB40000968002901DA0B2024E0806AB9F1000FBE
:10AB500023D00178E9B3F02925D8A26805EBC50117
:10AB600012F811305B1CDBB202F81130027893420C
:10AB700019D1A268204602F81180CDF80080CDF8E6
:10AB800004806A462946CDF8088000F0B9F900280B
:10AB9000D9D10520BE42C8D92AE00078FF2829D0A3
:10ABA000FE2827D01CE00078FC2818D105EBC50A48
:10ABB0000622A16802EB4A000A182946204600F046
:10ABC0009FF90028A06810F81A1003D021F00102A4
:10ABD00002E016E041F0010200F81A20B3E780B16C
:10ABE000BE4205D86D1C761CEDB2B6B2BE42A3D9EA
:10ABF00000209FE7A06805EBC50110F81100C00711
:10AC0000EDE72946204605F0B3F99CE76A46294658
:10AC1000204605F066FA96E72DE9FF4F81B015460C
:10AC2000DDE90E76D0F8E43180466A46029998470D
:10AC300004460098002803D12079A84203D82E4862
:10AC400005B0BDE8F08F2EB1206800EB051000784C
:10AC5000022828D00121206801EB051110F801A07D
:10AC6000042101EB051146580C2101EB051150F8A8
:10AC70000190386808B1B0423AD8D8F8242050463C
:10AC80000499904700900028DAD10820216800EB51
:10AC9000051B3A6851F80B000499F5F72AFBBAF145
:10ACA000090F02D009E01548CAE73868B04204D25B
:10ACB0002368002253F80B100A543E60B9F1000FCC
:10ACC00007D02A46214640464B4698470090002828
:10ACD000B6D1206800EB05100078400706D5D8F8FB
:10ACE000E83140462A4602999847A9E70020A7E79D
:10ACF00003483E60A4E700001100090602000106B7
:10AD0000100007064A68002A06D00A68531C0B6028
:10AD100010704868401E48607047704700207047B8
:10AD20002DE9F04F85B090460EAADDF84C9092E8E0
:10AD3000100C1F460546202C11D8F6F759FD064683
:10AD4000FE280DD2014602AB0222284601F011F87E
:10AD500028B102AA0221284600F0EFFF18B1FF2017
:10AD600005B0BDE8F08FB9F1000F13D00420CDE994
:10AD70000070434632469DF80810284601F090FCCA
:10AD80009DF80800C0EBC00000EB400005EB800020
:10AD9000046609E00220CDE90070434632469DF882
:10ADA0000810284601F07CFC9DF80800C0EBC000AC
:10ADB00000EB400005EB800044639DF80810002084
:10ADC000C1EBC10101EB410105EB810181F873A0E9
:10ADD0000EE000BF9DF808201BF80010C2EBC20275
:10ADE00002EB420205EB82020244401C82F83C1056
:10ADF000A042EFD303A9B9F1000F0DD0C2208DF806
:10AE00000C000020C30024FA03F20B18401CC0B24F
:10AE10001A710428F6D328E0042C19D8C4F10400D0
:10AE2000232242EA80009DF808208DF80C00C2EB36
:10AE3000C20202EB4202042005EB8202131893F8CF
:10AE400038300B54401CC0B20828F7D394630CE090
:10AE500021208DF80C000020C30024FA03F20B1807
:10AE6000401CC0B21A710428F6D39DF808108DF862
:10AE70000D804FEA1820C1EBC1018DF80E0001EBE7
:10AE8000410105EB81018DF80F701198886703ABC4
:10AE900032460221284605F038F900283FF460AF19
:10AEA0009DF80810284604F0A7FF58E730B504467F
:10AEB00006480023026803E012F8015B25705B1C62
:10AEC0008B42F9DB0260084630BD0000CC01002057
:10AED00010B530B1036823B1D0E90121914201D20C
:10AEE00004E0002010BD491C816020B1914202D2D3
:10AEF0005C5C202CF7D99142F4D1491E816010BDD1
:10AF00002DE9F04F43698346914618895B89C0005B
:10AF100000EBC102DBF80400DB0003EBC1010F18FA
:10AF20000244386889B00026D0F808A01068354679
:10AF300080690088C0F30A01A9F8001089F802604E
:10AF400000200490059018213A6801EB0611525830
:10AF50001368190C13F0FF042ED02B190793402B04
:10AF60002AD8A4F1010C012303EBDC0CCDF818C0A6
:10AF70001288CDE902030DF1200C0DF11808CDE97E
:10AF8000008CC2F3072204AB5846FFF737F918B11B
:10AF9000FF2009B0BDE8F08F09EBD502121D009229
:10AFA000002005F00701CDE90110002320461A46D4
:10AFB00004A9F6F7EFFA079D761C9AF80000F6B29E
:10AFC000B042BDD801206D1E00EBD50089F803000A
:10AFD0000020DEE72DE9F04104460027104E1BE07B
:10AFE000A0892568C0050BD4A06820B1FFF7F2FF47
:10AFF000A089C00504D4206910B171688847276111
:10B00000A089800504D4206A10B17168884727623E
:10B010007168204688472C46002CE1D1BDE8F081BC
:10B0200008000020002200F064BF000030B50D4C85
:10B030000D4A0E4B0E4988B10A60056805B10D60D6
:10B040004B60406800B1486000208860086890420A
:10B0500003D14868984200D18C6030BD81E81C0063
:10B0600030BD00001DFC000809A00008819F0008F9
:10B070000800002010B5016828208847040002D08D
:10B080002821F5F74FF9204610BD0022114600F0A7
:10B090006FB800002DE9F04788B00F4604469A4685
:10B0A00016461C216846F5F73DF92F480025002C6F
:10B0B0000560456055D08146E7B3CDE9004702956C
:10B0C000D9E90212D9F810000491CDE9052009F15F
:10B0D0000800FFF7CFFF5FEA00082BD000986F460B
:10B0E00008B1029808B100270BE00198042808D99C
:10B0F00003221EA10098F5F742F910B90298C01C6E
:10B1000002903846FFF7E4FE0146404602F0DCFAC2
:10B1100068B1BAF1000F13D06846FFF7D9FEDDE938
:10B120000101814203D202990098405C40B140463F
:10B13000FFF750FFDDE9011088420AD205460BE017
:10B140001EB10299009808443060404608B0BDE83E
:10B15000F087081E00D0451E0EB160193060C9E9A5
:10B1600000450020F2E7000000000020EFBBBF0018
:10B1700070B515460E46040009D0F5F7DEF8411CFF
:10B180002B4632462046BDE87040FFF783BF0020C3
:10B1900070BD70B54FF6FF7200234AF201050EE054
:10B1A000C45C6240012412F0010F4FEA520200D049
:10B1B0006A40641CE4B2082CF5D95B1CDBB28B42FC
:10B1C000EED3100A40EA022080B270BD10B50948E3
:10B1D000F7F720F908B108A005E002210548F6F7C5
:10B1E000EFFC20B10FA0FEF791FE002010BD012062
:10B1F00010BD0000E01A002043414E3120737461FD
:10B200007274206661696C65642C73746F7020536E
:10B210007461727443616E546573745461736B210D
:10B220000D0A0000456E61626C652043414E31207D
:10B230006E6F74696669636174696F6E20666169B7
:10B240006C6564210D0A000010B50948F7F7E2F8B3
:10B2500008B108A005E002210548F6F7B1FC20B1CD
:10B260000FA0FEF753FE002010BD012010BD00000E
:10B27000081B002043414E322073746172742066B3
:10B2800061696C65642C73746F702053746172749F
:10B2900043616E546573745461736B210D0A000031
:10B2A000456E61626C652043414E32206E6F746959
:10B2B0006669636174696F6E206661696C6564219B
:10B2C0000D0A000030B40A88D3090F2B35D2DFE80D
:10B2D00003F02D081818181818181818181F1F34FC
:10B2E0002600802A06D090F87F20002A25D030BC86
:10B2F00002F068BA90F8801000291ED030BC03F02C
:10B3000071BE90F88220002A17D030BC02F036BB04
:10B3100090F87E20002A10D030BC02F041BC90F89A
:10B320008120002A09D030BC02F0AABA026A127841
:10B33000002A02D030BC02F057BA30BC704700007F
:10B3400030B50C463C4987B091F8E121002182429A
:10B350002FD12088CDE900010291A07800B1022010
:10B360000390E07804908DF81410F7F763FB05461E
:10B3700008E000BFF7F75EFB401B642802D9218874
:10B380002EA032E03548F6F798FD0028F2D006AB43
:10B39000221D69463148F6F725FC040043D02F48AA
:10B3A000F6F715FD02462D480068836821462CA05B
:10B3B00034E03B4A92F8E121824239D12088CDE93C
:10B3C00000010291A07800B102200390E07804907F
:10B3D0008DF81410F7F72EFB054609E0F7F72AFB66
:10B3E000401B642804D921882EA0FEF78FFD17E0AA
:10B3F0003448F6F762FD0028F0D006AB221D6946FE
:10B400003048F6F7EFFB04000DD02E48F6F7DFFCCE
:10B4100002462C480068836821462BA0FEF776FD83
:10B42000012007B030BD0A2001F0FBFC0020F8E746
:10B43000014635A0D9E70000FC06002043414E310B
:10B440002054582074696D656F75742C20434F42E9
:10B450002D49443D307825580D0A0000E01A00209F
:10B4600043414E31205458204552524F523A2048C1
:10B47000414C207374617475733D25642C204841E0
:10B480004C5F43414E206572726F723D3078256C7F
:10B49000782C205453523D3078256C780D0A0000EA
:10B4A000F00D002043414E322054582074696D65E0
:10B4B0006F75742C20434F422D49443D30782558F8
:10B4C0000D0A0000081B002043414E322054582032
:10B4D0004552524F523A2048414C20737461747562
:10B4E000733D25642C2048414C5F43414E206572DA
:10B4F000726F723D3078256C782C205453523D3059
:10B5000078256C780D0A0000496E76616C696420BC
:10B5100043414E2068616E646C653A2025640D0AD3
:10B52000000000001CB504480090044801906846E3
:10B53000FFF77CFD1CBD0000B9F90008250A0108D1
:10B5400070B50446082802D94FF0FF3070BD4FF4A3
:10B55000847000EB441005461021FDF749FC284695
:10B56000FDF7E0FB0028FAD14FF4027000EB441025
:10B570001F21FDF73DFC0D490120A0404A88824370
:10B580004A808A8882438A800949002021F8140071
:10B590000649891D08554FF4427000EB44142046BB
:10B5A000FDF7C0FB0028FAD1012070BD800100200A
:10B5B000C08D002038B514460546F6F719F9014646
:10B5C000FE2801D3852038BD6B462246284600F070
:10B5D000FCFB08B1FF2038BD9DF80010284604F0A0
:10B5E0000BFC002038BD00002DE9F04117460E4647
:10B5F0000446082803D94FF0FF30BDE8F081600110
:10B600004FF001080830FDF78DFB00F00F00012816
:10B6100002D06FF00400F0E74FF4427000EB4410EA
:10B620000546FDF77FFB132802D06FF00200E4E728
:10B630003078717801EB0020B17801EB0020F178CF
:10B6400001EB0020411C2CD058B36FB340F60840EA
:10B6500000EB441004223146FDF7FAFB41F20800EA
:10B66000390A00EB4410FDF7C3FB41F20810F9B2B0
:10B6700000EB4410FDF7BCFB4FF4847000EB44106A
:10B6800006460421FDF7B4FB3046FDF74BFB0028CE
:10B69000FAD1164908FA04F0498808421AD0002065
:10B6A000ABE76FF00B00A8E76FF00A00A5E72046B4
:10B6B000FDF738FB000706D520460821FDF798FB6B
:10B6C0006FF00C0099E72846FDF72CFB30B96FF0BE
:10B6D000030092E74FF4027000EB44142846FDF794
:10B6E00021FB1728E3D1012087E70000800100201B
:10B6F00010B50C4606281ED2DFE800F003070B1039
:10B700001418204605F092FE13E0204605F0F6FDE1
:10B710000FE02078BDE8104005F0B4BE05F01AFE39
:10B72000207006E0204605F0BFFE02E0204605F04E
:10B7300014FE002010BD4FF0FF3010BD2DE9F04188
:10B740000C46002102464F1E08464FF498554FF410
:10B75000A056102A63D2DFE802F0080B17131A1E56
:10B76000222C3645484C5950555C05F0B4FE4DE04E
:10B7700014B1204604F10801BDE8F04105F001BE16
:10B78000208805F06FFD41E005F09AFD05E0208876
:10B7900005F03EFE3AE005F0A2FD208036E020886C
:10B7A000010A2846FDF724FB21783046FDF720FBEF
:10B7B0002CE03046FDF7B6FA06462846FDF7B2FA09
:10B7C00006EB0020E9E7174882782270C2786270A1
:10B7D0000279A2704279E27082792271C079607137
:10B7E000A17113E005F0F2FE10E0204605F003FF22
:10B7F0000CE0204605F0ABFE08E02078BDE8F04103
:10B8000005F01EBF05F0D5FE05E020700020BDE864
:10B81000F08105F0C3FEC0B241B2491CF5D13846F3
:10B82000F5E70000980100202DE9F0418EB0884630
:10B830000546002404F094F900214F1E06460E2808
:10B8400008D2DFE800F06B076B096B48486B076BA9
:10B85000076B076A044669E0089108AA6969E86805
:10B860000292CDE9031007AB0AA8CDE9000305A8B1
:10B87000031D421C09A9801CF9F7E0FE01285FD1D5
:10B8800009988DF8140005AA0AA9284600F064F862
:10B890009DF81400F0B3012802D0022808D037E048
:10B8A000BDF81800009000230422A968286906E06A
:10B8B000BDF81800009000230522A9682869FAF74E
:10B8C00029F8011E24DD4246284604F0E0FB044628
:10B8D000401C2CD022E0E868009001AA02A903A82D
:10B8E0006B69F9F759FE012812D1BDF804000090E8
:10B8F000052E10D007220023A9682869FAF70AF854
:10B90000011E05DD4246284604F0C1FB040005D0B7
:10B910003C460CE002E00622EDE72977284600F0DD
:10B920002DFF18B107A0FEF7F1FAF1E744B1286A3C
:10B9300010B12846F9F7D4FD0EB02046BDE8F081DD
:10B940003446F9E76B656570616C69766520666100
:10B95000696C65640D0A00002DE9FC479146884634
:10B9600006464FF0FF34002506EBC507B96AD1B390
:10B970004046F9F73EFF70BBD8E901100A18BB6AD0
:10B9800020E000BF90F800C0BCF12F0F0AD02B2997
:10B990000BD0232913D0614518D12B2905D0232999
:10B9A0000DD00DE02F2911D10AE0411C01E0811CCE
:10B9B000401C914204D209782F29F8D100E0501E92
:10B9C000401C5B1C197809B19042DBD390420AD12C
:10B9D00011F0FF0F07D1F86A28B1CDE90098F96A94
:10B9E0006846884700246D1C052DBDDB601C07D10F
:10B9F000306D28B1CDE90098316D68468847002444
:10BA00002046BDE8FC8700002DE9F04704460828E1
:10BA100003D94FF0FF30BDE8F08760010125083001
:10BA2000FDF780F900F00F00012801D0A81FF2E710
:10BA30004FF4847000EB441006460821FDF7D8F956
:10BA4000F6F7F8FF074608E0F6F7F4FFC01BC82832
:10BA500003D91EA0FEF75AFA04E03046FDF762F95A
:10BA60000028F1D12048A5408188A94381804088E1
:10BA7000054201D00020CEE7F6F7DCFF07464FF481
:10BA8000027000EB44164FF442706FF00C094FF453
:10BA9000FA7800EB441512E03046FDF743F9000751
:10BAA00004D52046FFF74CFD4846B4E7F6F7C2FF41
:10BAB000C01B404503D90DA0FEF728FAF1E7284640
:10BAC000FDF730F90028E7D10120A4E7646973632A
:10BAD0006F6E6E6563743A20536E5F4352207469D3
:10BAE0006D656F75740D0A008001002064697363D1
:10BAF0006F6E6E6563743A20534F434B5F434C4FF8
:10BB00005345442074696D656F75742C20666F729F
:10BB1000636520636C6F73650D0A000010B5044601
:10BB2000054B002241F20301FBF794F8D4F8081208
:10BB30000020087010BD0000796A000870472DE9E8
:10BB4000FE439946DDE90A7615468846044602AB6F
:10BB500000F00FF990BB012D04D19DF8081020468C
:10BB600004F04AF9022D29D19DF80800C0EBC0006D
:10BB700000EB400004EB8000B0F97400F5F7D2FD53
:10BB80009DF80810C1EBC10101EB410104EB8101FB
:10BB9000A1F874009DF808108520C1EBC10101EBEC
:10BBA000410104EB810181F82A009DF80800C0EBF7
:10BBB000C00000EB400004EB8000C662CDE90076D7
:10BBC0004B4642462946204604F0DBFA002800D0C6
:10BBD000FF20BDE8FE83000013B54FF0FF330122C4
:10BBE00069460248F8F796FB00981CBD9C1C002093
:10BBF00006480068406A06490A68904202D24FF639
:10BC0000FF7318444968801A08447047881B002055
:10BC1000301000200168A1F57F42FF3A03D0491C93
:10BC20000160084670470121FAE700680078704714
:10BC30002DE9F8430025089F1C46904606463D60C6
:10BC4000F5F7D6FD0146FE2805D26B4602223046A6
:10BC500000F08FF818B185202560BDE8F8839DF8C5
:10BC60000000C0EBC00000EB400006EB800090F845
:10BC70002A10012909D0802901D0852902D1C16A61
:10BC80003960256090F82A00E7E7416B09B9816BBC
:10BC900041639DF800002168C0EBC00000EB40004C
:10BCA00006EB8000406B814202D28A202560D4E7F7
:10BCB000206000200CE000BFC1EBC10101EB41019D
:10BCC00006EB8101014491F83C2008F80020401C5B
:10BCD000216881429DF80010EED8304604F08CF8BF
:10BCE0000120BAE770B5044690F84001012802D15E
:10BCF0006068F7F7C1FE94F83F1104F1BC0021B170
:10BD0000FBF757F86FF002050BE004F11301FBF7A6
:10BD100057F884F89300B4F89C100546491CA4F821
:10BD20009C1094F84001012805D1012204F1A601DC
:10BD30006068F8F795FA284670BD10B50023C3EB8C
:10BD4000C30404EB440400EB840494F82A402CB1AF
:10BD50005B1C13F0FF03F2D0FF2010BD1370C3EB88
:10BD6000C30202EB420200EB820080F8291000209F
:10BD700010BD70B50024C4EBC40505EB450500EB10
:10BD8000850595F82A606EB1852E0BD095F8286050
:10BD90008E4207D195F82950954203D103B11C700A
:10BDA000002070BD641C14F0FF04E4D0FF2070BDBF
:10BDB000C1EBC10101EB410100EB8101486B08B10E
:10BDC000896B401A10600020704770B50024C4EBE6
:10BDD000C40505EB450500EB850595F82A605EB1C5
:10BDE00095F828608E4207D195F82950954203D1E5
:10BDF00003B11C70002070BD641C14F0FF04E6D079
:10BE0000FF2070BD2DE9F04142F2086101EB4015C1
:10BE100042F20871002601EB40142846FCF782FF2D
:10BE200007462046FCF77EFF00EB072007043F0C87
:10BE300009D02846FCF776FF06462046FCF772FF3D
:10BE400000EB062086B2BE42E7D13046BDE8F08165
:10BE50002DE9F04142F2080101EB401542F20811D0
:10BE6000002601EB40142846FCF75CFF07462046FD
:10BE7000FCF758FF00EB072007043F0C09D02846C9
:10BE8000FCF750FF06462046FCF74CFF00EB06206F
:10BE900086B2BE42E7D13046BDE8F08138B50546EE
:10BEA00000208DF80000106014462846F5F7A0FC2D
:10BEB0000146FE2805D26B4602222846FFF759FFAD
:10BEC00008B1852038BD9DF80010C1EBC10000EB22
:10BED000400005EB8000C26A226090F82A00012829
:10BEE000F0D1284603F088FF012038BD90F84101C9
:10BEF00070472DE9F0418846A8B3B8F1000F33D060
:10BF000084680AB90AE024686CB3216A59B34046D0
:10BF1000F4F71AFA0028F6D120E024681CB3266A48
:10BF20005FEA0805F9D0002EF7D0B54218D002E03C
:10BF300098B16D1C761C2878F4F7D5F9074630784F
:10BF4000F4F7D1F987422878F2D0F4F7CCF9054616
:10BF50003078F4F7C8F98542DFD124B1206A10B1F6
:10BF60002046BDE8F081FFE70020FAE72DE9F8431D
:10BF700080462B4E012003232A4C0D4640F2026CD2
:10BF8000871E02B304F1300108704B70A1F802C0A3
:10BF90008880404603F04BFFE06B3034009094E81B
:10BFA0000E004046FAF778FB3946012004F00EFCFB
:10BFB000014610F10B0F29D01BA000BFFDF7A6FF13
:10BFC0000020BDE8F8831749203108704B70A1F8B4
:10BFD00002C08880404603F02AFFE06A20340090C7
:10BFE00094E80E004046FAF757FB3946012004F06A
:10BFF000EDFB014610F10B0F01D013A0DEE7404628
:10C00000FFF774FF0028DCD0306905E04046FFF7F9
:10C010006DFF0028D5D07069408828800120D0E7C6
:10C0200018000020D0170020522072656164205251
:10C03000454143484544206E6F7469667956616C8A
:10C040003A25640D0A0000004C207265616420529C
:10C05000454143484544206E6F7469667956616C6A
:10C060003A25640D0A0000002DE9F8430D462F4ED5
:10C0700003212F4C81464FF0010840F209634FF035
:10C08000020C0F1F0AB304F1300080F800804170E9
:10C090004380A0F804C0484603F0C9FEE06B30348A
:10C0A000009094E80E004846FAF7F6FA3946012067
:10C0B00004F08CFB014610F10B0F2AD01DA000BF2D
:10C0C000FDF724FF0020BDE8F8831948203080F8F0
:10C0D000008041704380A0F804C0484603F0A7FEEA
:10C0E000E06A2034009094E80E004846FAF7D4FA4B
:10C0F0003946012004F06AFB014610F10B0F01D014
:10C1000013A0DDE74846FFF7F1FE0028DBD03069D9
:10C1100005E04846FFF7EAFE0028D4D07069D0F861
:10C1200002004FEA304028600120CCE718000020D0
:10C13000D017002052207265616420504F53206E4A
:10C140006F7469667956616C3A25640D0A000000C7
:10C150004C207265616420504F53206E6F74696685
:10C160007956616C3A25640D0A00000000F5A17053
:10C17000704700000148007870470000C4010020AB
:10C180002DE9F84380462B4E012003232A4C0D460F
:10C1900040F2126C871E02B304F1300108704B703C
:10C1A000A1F802C08880404603F041FEE06B3034C5
:10C1B000009094E80E004046FAF76EFA39460120E6
:10C1C00004F004FB014610F10B0F29D01BA000BFA7
:10C1D000FDF79CFE0020BDE8F88317492031087068
:10C1E0004B70A1F802C08880404603F020FEE06A50
:10C1F0002034009094E80E004046FAF74DFA394694
:10C20000012004F0E3FA014610F10B0F01D013A056
:10C21000DEE74046FFF76AFE0028DCD0306905E023
:10C220004046FFF763FE0028D5D07069408828801B
:10C230000120D0E718000020D0170020522072659E
:10C240006164205741524E494E47206E6F746966B3
:10C250007956616C3A25640D0A0000004C20726525
:10C260006164205741524E494E47206E6F74696693
:10C270007956616C3A25640D0A0000002DE9FF4FE4
:10C2800081B0080C1FFA82FC9EB21022DFF82CA1AC
:10C290004B4C0E9D89B24FF4817704234FF0060B6F
:10C2A0004FF001084FF4FA790DB3012D7DD10AF159
:10C2B000100528806980A5F804C0EE8005F12006ED
:10C2C00086F8008072707780B380B560DAF83C0041
:10C2D00057460090D7E90C122B460198FAF7DCF983
:10C2E0004946012004F072FA00283ED043E0334D65
:10C2F00028806980A5F804C0EE8005F1200686F844
:10C30000008072707780B380B560DAF82C005746F1
:10C310000090D7E908122B460198FAF7BDF9494673
:10C32000012004F053FA0B3005D026A0FDF7EEFDF6
:10C33000A088401CA080A5F8008086F801B04FF4CA
:10C3400084717180A6F80480B560F86A0090D7E91E
:10C3500008122B460198FAF79FF94946012004F08C
:10C3600035FA002827D117A01EE020A0FDF7CEFD4A
:10C37000A088401CA080A5F8008086F801B04FF48A
:10C3800084717180A6F80480B560F86B0090D7E9DD
:10C390000C122B460198FAF77FF94946012004F068
:10C3A00015FA0B3007D011A000E004E0FDF7AEFD58
:10C3B000A088401CA08005B0BDE8F08FD0170020F9
:10C3C000180000204C656674206772697070657291
:10C3D000206D6F6462757320717565727920746960
:10C3E0006D656F7574210D0A000000005269676861
:10C3F000742067726970706572206D6F6462757306
:10C400002071756572792074696D656F7574210D81
:10C410000A0000002DE9FE4380460020471E364CEE
:10C420000D460090ADF80400ADF808003E0CE2B1F6
:10C4300001202870024669464046FFF715FE002895
:10C4400042D000986860012201A94046FFF78EFDA6
:10C45000002841D0BDF804002881012202A94046ED
:10C46000FFF78EFE00283FD017E0287000226946B3
:10C470004046FFF7F9FDA8B100986860002201A9C5
:10C480004046FFF773FDA8B1BDF8040028810022E3
:10C4900002A94046FFF774FEA0B1BDF8080068810C
:10C4A000BDE8FE8315A0FDF731FD6F60A088401C3C
:10C4B000A080E3E71BA0FDF729FD2E81A088401C8A
:10C4C000A080E4E721A010E02AA0FDF71FFD6F6027
:10C4D000A088401CA080B6E730A0FDF717FD2E8194
:10C4E000A088401CA080B8E736A0FDF70FFD6E8144
:10C4F000A088401CA080D3E718000020526561642A
:10C50000206C656674205245475F5245414C544942
:10C510004D455F504F53206661696C6564210D0A7B
:10C52000000000004C2072656164206C6566742018
:10C530005245475F504F535F524541434845442061
:10C540006661696C6564210D0A0000004C2072650B
:10C550006164206C656674205245475F5741524EB6
:10C56000494E475F494E464F206661696C656421BC
:10C570000D0A000052207265616420726967687458
:10C58000205245475F5245414C54494D455F504FFD
:10C5900053206661696C6564210D0A005220726542
:10C5A0006164207269676874205245475F504F5339
:10C5B0005F52454143484544206661696C6564218A
:10C5C0000D0A000052207265616420726967687408
:10C5D000205245475F5741524E494E475F494E46AC
:10C5E0004F206661696C6564210D0A00F8B5054647
:10C5F0001A4B002241F21701FAF72CFB002685F8AE
:10C60000E061344615E000BFD5F8A00030F8240002
:10C6100003041B0C0BD064204343114A21462846D7
:10C620000096FAF731FED5F8A41021F81400641C26
:10C63000E4B2D5F89C000078A042E5D8D5F8A8006F
:10C640000388002B09D064204343064A0021284672
:10C650000093FAF719FEA5F8AC00F8BD2D6A0008A2
:10C6600069150008B56B000870B5054600240BE09D
:10C67000D5F8A40030F91400F5F754F8D5F8A41053
:10C6800021F81400641CE4B2D5F89C000078A042A4
:10C69000EED835F9AC0FF5F745F8288070BD0000ED
:10C6A0002DE9F8431746DDE90896C1EBC1020025E4
:10C6B00002EB4202984600EB8204022E2CD0032E9D
:10C6C0002AD0042E28D0052E26D0B4F97400F5F710
:10C6D00029F800BFA4F8740084F82870A4F830800A
:10C6E00084F8329084F82A6084F82B506563A5633F
:10C6F00084F85C5084F85D5084F85E502566656669
:10C7000084F8685084F8695084F86A5084F873504B
:10C710000020A567BDE8F883024B034A0095FAF7AD
:10C72000B3FDD7E7E0930400216E00082DE9F04146
:10C730000B3020F00706104D19E02068B04215D3E9
:10C74000B0420AD9871B201DD4F80480F3F7D1FD2D
:10C75000A019C0E90078286004E060682860201D06
:10C76000F3F7C7FD201D2660BDE8F081251D2C686C
:10C77000002CE2D10020F7E73C1000207CB50446F5
:10C780008069002550B304F15800FBF7E4FD04F183
:10C79000600618B93046FBF7DEFDF8B1207F10B116
:10C7A0004FF0FF351AE06846FBF7CDFD4FF47A7184
:10C7B0006846FBF7C0FDA1682069F9F799F9011EE9
:10C7C0000CDD6A46204603F062FC050006D140F607
:10C7D000B8313046FBF7AFFD0120207728467CBDFD
:10C7E00010B50446FFF702FF2046BDE8104000F0F8
:10C7F000B3BA10B50446FFF737FF2046BDE8104036
:10C8000000F0E6BAC1EBC10130B501EB410100EB2C
:10C8100081018C6BA018202802D84D6BA84201D949
:10C82000FF2030BD002006E025180D4495F83C504F
:10C830001D54401CC0B29042F6D3886B10448863EC
:10C84000002030BD384D2C68F6F768F9FBF7ACFBDB
:10C85000F9F772FCF4F76AFEF9F7D0FAF9F77AFB08
:10C86000F9F748FEF9F762FEF9F782FEF9F704FEE0
:10C87000F9F71EFE2D492EA0FDF748FBA00002D5BA
:10C880002DA0FDF743FB200114D52FA0FDF73EFBA3
:10C89000FAF7FCF9FAF70AFA30A0FDF737FB42F293
:10C8A0001070F5F7B7FFFAF7E9F9FAF7F7F931A0E1
:10C8B000FDF72CFBE00002D533A0FDF727FB002C91
:10C8C00002DA36A0FDF722FB286840F0807028606D
:10C8D000F9F7DEFAF9F772FDF9F70AFBF8F7BCFD94
:10C8E000FAF78AF9FCF7BEF8010003D030A0FDF793
:10C8F0000DFB02E037A0FDF709FBF9F711FD3D48FC
:10C900003B4901600621416040F2E2418160F6F757
:10C91000C9F808B172B6FEE700F098FAF9F760FBC3
:10C9200000F0A6FAFEE70000743802409C270108D8
:10C9300025730D0A000000004957444720726573B3
:10C9400065740D0A00000000506F7765722D6F6EE0
:10C950002072657365740D0A0000000041726D73EA
:10C9600020706F776572206F6E2073746172740D22
:10C970000A00000041726D7320706F776572206F3E
:10C980006E20656E640D0A00536F66747761726580
:10C990002072657365740D0A000000004C6F772DDE
:10C9A000706F7765722072657365740D0A00000000
:10C9B000573535303020696E6974206661696C6561
:10C9C000642C726573756C742069733A25640D0A62
:10C9D00000000000573535303020696E69742073CF
:10C9E00075636365737366756C6C792E0D0A000050
:10C9F00000300040441000200EB541F4E061ADF875
:10CA0000001001218DF8021000218DF8031090F81C
:10CA1000E1016946FEF794FC0EBD0EB50023ADF8AA
:10CA200000308DF802308DF8042002238DF80510B7
:10CA30008DF8033090F8E1016946FEF781FC0EBDE8
:10CA4000F0B500688FB08068FEF71FFB06007DD050
:10CA50001C216846F3F766FC55A13046FEF7E2FA62
:10CA60004069009054A13046FEF7DCFA074654A115
:10CA70003046FEF7D7FA544C0546BFB153A13846AD
:10CA8000FEF7D0FA4069019053A13846FEF7CAFA82
:10CA90004069029052A13846FEF7C4FA406900236B
:10CAA00003901A466946E06C00F05CFABDB147A1FC
:10CAB0002846FEF7B7FA4069049047A12846FEF7DA
:10CAC000B1FA4069059046A12846FEF7ABFA4069E5
:10CAD000002306901A466946206D00F043FA18219B
:10CAE00007A8F3F71FFC40A13046FEF79BFA074664
:10CAF0003FA13046FEF796FA0546BFB13EA1384643
:10CB0000FEF790FA4069079030A13846FEF78AFA9E
:10CB1000406908903BA13846FEF784FA406900233B
:10CB200009901A4607A9E06D00F01CFACDB132A1B8
:10CB30002846FEF777FA40690A9024A12846FEF7B6
:10CB400071FA40690B902FA1284600E02DE0FEF716
:10CB500069FA406900230C901A4607A9206E00F07C
:10CB600001FA00200D900E9029A13046FEF75AFAE6
:10CB7000070017D028A1FEF755FA054628A1384628
:10CB8000FEF750FA75B168B169690D9140690E9070
:10CB9000024625A0FDF7BAF900231A460DA9A06D9B
:10CBA00000F0E0F93046FEF715FA0FB0F0BD0000D6
:10CBB0006D6F6465000000006C6566740000000025
:10CBC000726967687400000018000020706F736954
:10CBD00074696F6E0000000073706565640000008A
:10CBE000746F7271756500006B696E636F00000091
:10CBF0007A65726F6572720069735F656E61626CEF
:10CC00006500000076656C6F636974790000000050
:10CC10006770696F000000007479706500000000A3
:10CC200073746174650000004750494F20636D6460
:10CC300020747970653D25642C2073746174653DA2
:10CC400025640D0A0000000010B598B0002852D0ED
:10CC500090F832100DF13C0C90F8354090F83430DB
:10CC600090F833208CE81E00D0E90A120DF12C0C4C
:10CC700090F8314090F830308CE81E00D0E907126F
:10CC80000DF11C0CC48C838C8CE81E00818A0DF184
:10CC90000C0C448B038BC28A8CE81E0001894289EC
:10CCA00003698DE80E004FF400744368144A21466E
:10CCB0001448FDF73BF9002801DBA04203D312A082
:10CCC000FDF724F916E000208DF84C008DF84D009A
:10CCD0008DF84E000B481590F3F72FFB1690124875
:10CCE00013AAC1691148F8F7B3FD010005D010A0DF
:10CCF000FDF70CF9002018B010BD0120FBE7000083
:10CD0000E02D0108781800204D515454204A534F0B
:10CD10004E207061796C6F6164206F766572666C0D
:10CD20006F77210D0A00000018000020601000201D
:10CD30004D515454207075626C6973682053797337
:10CD4000537461747573206661696C65642C20721C
:10CD5000633D25640D0A000038B504461A4B0022D5
:10CD600041F20C01F9F776FF174B002241F20D0159
:10CD70002046F9F76FFFD4F83C010388002B21D03F
:10CD8000D4F84001007800281CD0642043430F4AA7
:10CD9000002120460093FAF777FAA4F83401002026
:10CDA000211891F8B4200F2A08D022681278824204
:10CDB00004D0D4F84021127881F84421401CC0B23C
:10CDC0008028EDD338BD0000656A00083D190008D1
:10CDD00010B50446B0F93401F4F7A4FCA4F834010A
:10CDE00010BD10B586B0202204AC0492009401223C
:10CDF00005ABCDE90132C1EBC10101EB410100EB13
:10CE00008104039204F13C0394F83220218EFDF753
:10CE1000F5F9002803D1049860630020A06306B0F0
:10CE200010BD10B5EFF3058111B16FF0050403E0FB
:10CE3000002408B103F0C6FE204610BDEFF30580C4
:10CE400008B105F093BA05F08BBA0000EFF3058046
:10CE500010B16FF0050070470448016811B14FF040
:10CE6000FF30704701210160002070475001002011
:10CE700010B5EFF3058010B16FF0050010BD084844
:10CE80000168012902D04FF0FF3010BD054A002192
:10CE900082F8141D0221016003F0D2FF002010BDB2
:10CEA000500100200BE000E0F8B51D466FF00302D2
:10CEB0006FF002064FF00004EFF30583A3B1F0B169
:10CEC000E9B1E5B9002200926A4604F0A7FF012803
:10CED00017D10098B0B10C494FF080500860BFF3F3
:10CEE0004F8FBFF36F8F0DE048B141B12A4604F078
:10CEF000F9FE012806D025B16FF0010402E01446C6
:10CF000000E034462046F8BD04ED00E0F8B51446D4
:10CF10004FF00005EFF3058212BB08B301B3A4B1D3
:10CF2000D4E9023263B1502A1AD32269C2B16769C7
:10CF300000FB01F6B74213D3009504F0FEFC07E0B6
:10CF400072B9226962B9626952B9002204F0D4FC54
:10CF5000050005D00CB1216800E0002103F0D0FDF0
:10CF60002846F8BDF8B51D466FF003026FF00206C3
:10CF70004FF00004EFF30583ABB100B3F9B1F5B99D
:10CF80000022134600926A4604F0FEFD012818D1E3
:10CF90000098B8B10C494FF080500860BFF34F8F34
:10CFA000BFF36F8F0EE050B149B100232A4604F061
:10CFB0003BFD012806D025B16FF0010402E01446C4
:10CFC00000E034462046F8BD04ED00E0F8B50D461B
:10CFD0000024211F4E1C002804D000BFEFF305825F
:10CFE000A2B10DB10C461BE000216A46009104F08D
:10CFF00015FF012813D1009890B10A494FF08050D5
:10D000000860BFF34F8FBFF36F8F09E0294604F02C
:10D0100053FF012804D015B16FF0010400E034463D
:10D020002046F8BD04ED00E0F8B5144603460E4670
:10D030004FF00005EFF3058098BB93B39E423DD8B7
:10D040004CB1A0680028E06803D0502836D30120F6
:10D0500002E008B132E00020012B05D010B31846E1
:10D06000A26804F01EFC20E040B1032000900022E2
:10D0700011460120A36804F060FC04E003220021B3
:10D08000012004F039FC050018D086B100231A46AF
:10D09000194604F0C9FC012809D0284603F044FDD4
:10D0A00000250BE0184604F0DFFB050006D00CB1AC
:10D0B000216800E00021284603F022FD2846F8BD43
:10D0C00038B50024E51E00280BD000BFEFF3058122
:10D0D000A9B100210091694604F0B5FD012815D1E0
:10D0E00002E06FF0030412E0009880B109494FF0AC
:10D0F00080500860BFF34F8FBFF36F8F07E00023AE
:10D100001A46194604F090FC012800D02C4620460F
:10D1100038BD000004ED00E005F00EB92DE9FF4137
:10D120004FEA01034FF00005EFF30581039549BB7A
:10D1300040B38027182100244AB3166806B134464C
:10D1400096691EB13146761E382E02D21679F60740
:10D1500003D0002004B0BDE8F081566906B1B708DD
:10D16000D2F808C0BCF1000F0DD0D5685C2D18D3E3
:10D1700012693AB136B18DE806103A46214604F0FC
:10D18000BEFF03900DE0D6685EB912694AB903AAE2
:10D19000CDE90012BAB2214604F084FF012800D084
:10D1A00003950398D6E700002DE9FC471C469046FE
:10D1B000894607464FF00006EFF3058058BB57B38A
:10D1C000082002F0F9FB050025D0C5E90078B9F187
:10D1D000000F12D00122114B002094B1216801B13F
:10D1E0000846A16859B1E4682C2C11D3CDE900316F
:10D1F0002B46012105F056FA08E00022EBE7E16832
:10D2000031B900932B46012105F032FA060002D114
:10D21000284603F007FC3046BDE8FC870983000878
:10D2200008B5EFF3058212B16FF0050008BD58B1E3
:10D230000022134600920A46042105F07BFA0128D9
:10D2400005D06FF0020008BD6FF0030008BD00209C
:10D2500008BD2DE9F04107460025C8680C462E465A
:10D26000B0F57A7F5BD2401CE0602168A068095C61
:10D270005B2954D1401CA0602046FDF729FE4CB12B
:10D28000D4E90110884203D22268125C5D2A33D0AF
:10D29000884203D3A068401EA06040E0401E04F115
:10D2A0001008A0604046FDF7E5FE98B30DB330606E
:10D2B00046600646A068401CA0602046FDF708FEB8
:10D2C0002146304600F000FA30B32046FDF700FE5C
:10D2D00014B3D4E90110884203D22168095C2C29D7
:10D2E000E0D06268904217D22168085C5D2813D1B3
:10D2F00002E005462E46DDE7E068401EE06005B12D
:10D300006E602020C7E90250A068401CA060012088
:10D31000BDE8F081FFE715B12846FDF75BFE002070
:10D32000F6E7034610B500200246995CA1F13004EF
:10D33000092C01D830380AE0A1F14104052C01D8AC
:10D34000373804E0A1F16104052C08D857380844A7
:10D35000032A00D20001521C042AE6D310BD00208B
:10D3600010BD00002DE9F0474FF000092DED028BB4
:10D3700082B007460C004FF02E0A48464D46C8467C
:10D38000CDF8009041D02368DBB3D4E9012122E03D
:10D390005E18865D342E1BD00ADCA6F12B06092E02
:10D3A0001CD2DFE806F0151B152F1B1515151500EF
:10D3B000382E0DD006DC352E0AD0362E08D0372E6A
:10D3C0000CD105E0392E03D0452E01D0652E05D1B4
:10D3D0006D1C401C14B10E189642D9D32169681CEB
:10D3E0008847060011D0A16820682A4601443046CB
:10D3F000F2F77FFF06F80590B8F1000F13D0002078
:10D400000FE002E04FF00108E2E7002002B0BDECBF
:10D41000028BBDE8F087315C2E2901D106F800A00F
:10D42000401CA842F7D369463046FCF7D9FD009866
:10D43000B0EE408AF0EE608A864203D161693046E0
:10D440008847E2E79FED150B87ED068B53EC102B19
:10D4500051EC180BF3F78AFB02D86FF000400FE095
:10D460009FED100B51EC180B53EC102BF3F766FBF0
:10D4700002D84FF0004003E051EC180BF3F726FB05
:10D4800078610820F8600099A068891B0844A060B2
:10D490006169304688470120B8E700000000C0FFFE
:10D4A000FFFFDF41000000000000E0C12DE9F04176
:10D4B00007460026C8680C463546B0F57A7F7BD211
:10D4C000401CE060002C77D0D4E90110884273D270
:10D4D0002168095C7B296FD1401CA0602046FDF7C4
:10D4E000F7FCD4E90110884203D22268125C7D2A3D
:10D4F0004FD08842A0F10100A0605DD204F1100875
:10D500004046FDF7B7FDE8B30EB328604560054619
:10D51000CCB3D4E90110401C88424AD2A060204616
:10D52000FDF7D6FC2146284600F048F858B32046BF
:10D53000FDF7CEFC2869286200202861D4E901109B
:10D54000884236D22168095C3A2932D102E0064687
:10D550003546DDE7401CA0602046FDF7B9FC2146BA
:10D56000284600F0B1F870B12046FDF7B1FCD4E9CF
:10D570000110884203D22168095C2C29C0D062685E
:10D58000904201E014E014E013D22168085C7D2889
:10D590000FD1E068401EE06006B175604020C7E929
:10D5A0000260A068401CA0600120BDE8F08103E09B
:10D5B00016B13046FDF70EFD0020F6E72DE9F843E1
:10D5C00080468B6808684FF00009C418CDF80090B9
:10D5D00008680E46651CC15C641C22296ED10022BD
:10D5E000716808E0BCF15C0F04D17F1C8F4265D2EA
:10D5F000521C641C641C271A8F4204D294F800C089
:10D60000BCF1220FEED1271A8F4257D2217822295E
:10D6100054D11844201A801A3169401C88470700E9
:10D620004CD0009737E029785C2905D000986D1C14
:10D6300000F8011B00902EE00220611B012939DB5C
:10D640006A78662A14D008DC222A12D02F2A10D039
:10D650005C2A0ED0622A2DD108E06E2A0ED0722AE2
:10D660000ED0742A0ED0752A24D10DE0082200E0D5
:10D670000C22009901F8012B00910BE00A22F8E737
:10D680000D22F6E70922F4E76A462146284603F010
:10D69000D1F878B10544A542C5D3009981F800902E
:10D6A0001021C8E903173068201A401CB06001201F
:10D6B000BDE8F88317B171693846884715B13068FD
:10D6C000281AB0600020F3E770B50C0005465ED064
:10D6D000206800285BD0A16863680A1D9A4205D8BB
:10D6E0000844042231A1F2F74AFE78B3A0686268C8
:10D6F000411D0126914206D82168052208442DA12A
:10D70000F2F73DFE28B3A0686268011D914206D879
:10D7100021680422084429A1F2F731FEE8B1D4E9D6
:10D720000101814203D22268525C222A1DD081422B
:10D7300021D22268525C2D2A02D0303A092A1AD806
:10D7400021462846BDE87040FFF70CBE0420E86083
:10D7500006E0EE60A068401D04E002206E61E86013
:10D76000A068001DA060012070BD21462846BDE8CC
:10D770007040FFF723BF814203D22268525C5B2ACC
:10D7800007D0814203D22068405C7B2807D000206C
:10D7900070BD21462846BDE87040FFF75ABD2146BE
:10D7A0002846BDE87040FFF781BE00006E756C6CC6
:10D7B0000000000066616C7365000000747275659E
:10D7C0000000000038B5CA78082A0CD111F8042BE3
:10D7D00002F07F0531F8022B11F8013B0091D0F8DF
:10D7E00038422946A04738BD70B5044690F87C0001
:10D7F0007F2803D0052801D004283FD14A791AB1E7
:10D8000023681B789A4239D10979802925D009DC0F
:10D8100001291CD0022931D17F2801D005282DD122
:10D82000042126E081291ED0822927D12046FEF737
:10D83000FCF9D4F89810054609B1204688472168BC
:10D84000FF2008702946204602F02AFD10E07F28BC
:10D8500001D0042812D105210BE0052801D00428AD
:10D860000CD17F2105E0D4F8941009B120468847F7
:10D8700000212046BDE8704002F0C6BD70BD00002A
:10D880002DE9FE43044608784FF0000800F07F06BB
:10D890008878012818D00879A51900F07F07D4F8F6
:10D8A0004001007885F8440195F8B400B84207D0EB
:10D8B000D4F8DC313A4631462046984785F8B470B2
:10D8C00095F8B40038B32BE020680078B04220D13E
:10D8D00020684146007800F5E060ADF800000120C6
:10D8E0008DF803008DF8028094F87C208DF80420D8
:10D8F00094F8E03133B142F080008DF8040084F8F0
:10D90000E01101E084F8E00194F8E1016946FDF7D7
:10D9100017FDBDE8FE83D4F8D82131462046904754
:10D9200095F8B4000F28F4D000251EE0D4F8A0002C
:10D9300050F82510C1F30740864214D1D4F8A40052
:10D940008FB230F91500F3F7EDFE642007FB00F30A
:10D95000094A29462046CDF80080F9F795FCD4F80D
:10D96000A41021F815006D1CEDB2D4F89C000078CD
:10D97000A842DBD8CDE70000691500082DE9F04F7B
:10D98000894604460222002199F8020089B00D461A
:10D9900010B101287ED09AE06369A6699888B6889C
:10D9A00020B994E0022A04D0042A0FD0B042F9D959
:10D9B0008DE0B9F80020676857F830C0DCF818C06F
:10D9C000DCF800C094450CD1B04210D8DF88626802
:10D9D000F80000EBC50B002652F80B00D0F80880C9
:10D9E00046E06D1C401C80B2EDB2B042E4D96EE05E
:10D9F000002003900490636853F80B20182303EB76
:10DA00000613D2585FEA020A65D09AF8002012F095
:10DA1000FF0207922AD00A44069299F80330B2EB2B
:10DA2000C30F23D803AACDE9002001F0070209EBB8
:10DA3000D10103460290091D0798F3F7ABFD079843
:10DA40000121401E01EBE000059005AA0020009294
:10DA5000CDE90101DAF8000003ABC0F30722010CA5
:10DA60002046FDF7D9F8B0BB0698C1B2761CF6B2D5
:10DA700098F80000B042BBD8E068F8B1616851F88E
:10DA80003710896D0E88CEB130F91500F3F74AFED4
:10DA9000002000E00CE00090642006FB00F3294623
:10DAA00020462269F9F7F0FBE16821F815000EE045
:10DAB0006069A26901210089128930B907E0012952
:10DAC0000AD004291BD005293CD09042F7D9002068
:10DAD00009B0BDE8F08F3BE0B9F80030D4F804108D
:10DAE00051F83060B66936689E4201D1042116E0D3
:10DAF0006D1C401C80B2EDB29042F1D9E7E761683D
:10DB000051F83010896A0B78FD2B07D0D9B2FC2967
:10DB100008D0FF291ED0FE291CD019E00521904213
:10DB2000CFD9D4E7A36805EBC50113F81160F60758
:10DB300006D0062000EB4100191894F8E1012CE012
:10DB40009042C4D86A4629462046FDF7D9F908B361
:10DB5000FF20BDE7A16805EBC506022000EB4607E4
:10DB6000C85FF3F7DFFDA168C853A168042000EB8C
:10DB70004607C85FF3F7D6FDA168C853A06810F840
:10DB8000161021F0010100F8161029462046F8F77A
:10DB900087FF9CE794F8E1016946FDF7D1FB96E722
:10DBA0002DE9F04F8DB000268DF808600C960446E4
:10DBB0004069A36981460D4600881A883146D8B16C
:10DBC0004FF0040C904217D867680CEBC00817F8A8
:10DBD0000880B8F1010F72D957F83070B5F800809D
:10DBE000BF693F68474502D10127039125E0491CE1
:10DBF000401CC9B280B2E5E7B9F802005A8800219A
:10DC000000285CD00423904259D8676803EBC00C0D
:10DC100017F80CC0BCF1030F51D957F83070B5F8A4
:10DC200000C0BF6A3F68674511D103916168022750
:10DC300051F83000806B00780C90E8784FF0006964
:10DC4000082809D0CDE9006900233A469CE0491C28
:10DC5000401CC9B280B2D6E702AB3A4620460399CF
:10DC6000FEF787F8E8B9012F02D0022F0DD018E097
:10DC70009DF80810C1EBC10101EB410104EB8101EA
:10DC800091F82A10042921D00BE09DF80810C1EB6F
:10DC9000C10101EB410104EB810191F82A10052932
:10DCA00014D029794909DFF85484DFF854A405F128
:10DCB00008020DF1180B089207296FD200E067E007
:10DCC000DFE801F009FDFCFB86FAF90029798029DB
:10DCD0007ED00621E7E7012F02D0002879D051E05D
:10DCE000E8BB9DF80800C0EBC00000EB400004EB6F
:10DCF000800090F82A10022944D1B0F97400411C28
:10DD00001DD0F3F70FFD9DF80810FE4BC1EBC101CC
:10DD100001EB410104EB8101FB4AA1F8740000967C
:10DD20009DF808102046F9F7AFFA9DF80810C1EBEE
:10DD3000C10101EB410104EB8101A1F874009DF8E0
:10DD40000800C0EBC00000EB400004EB8000018E37
:10DD5000059190F8328090F82B10287900E011E0BE
:10DD6000C0F3001291427DD1C0F34200C0F107021E
:10DD70006B1D0A929DF808102046F9F72DF900282E
:10DD800071D10CE00023FDE320460399FDF7D7FE97
:10DD90000DB0FF20BDE8F08F059BF4E3F4E39DF8A0
:10DDA00008002021C0EBC00000EB400004EB800025
:10DDB00090F82B0041EA00108DF818000120594618
:10DDC0000E54401C0828FBD306AB3946204601E020
:10DDD000E3E322E0039A02F098F99DF80800C0EB13
:10DDE000C00000EB400004EB800090F82B1079B1EC
:10DDF0005FF0000180F82B102879C0077DD09DF8D6
:10DE000008102046F9F7CEF820B1CDE90080C3E72D
:10DE10000121EFE79DF80810FEE39DF80800C0EB34
:10DE2000C00000EB400004EB800090F82A100329AA
:10DE3000A8D1B0F97400411C20D0F3F773FC9DF811
:10DE40000810B04BC1EBC10101EB410104EB8101B2
:10DE5000AD4AA1F8740000969DF808102046F9F725
:10DE600013FA01E09BE09BE09DF80810C1EBC101B3
:10DE700001EB410104EB8101A1F874009DF8080059
:10DE8000C0EBC00000EB400004EB8000018E059168
:10DE900090F8328090F82B102879C0F3001291424C
:10DEA0007DD1C0F34200C0F107026B1D0A929DF8BC
:10DEB0000810204604E0FDE3B6E35AE24FE13CE0FF
:10DEC000F9F78AF800286BD19DF80800C0EBC00074
:10DED00000EB400004EB800191F82B00F8B100202A
:10DEE00081F82B002979C9071BD000BF9DF80800D5
:10DEF000C0EBC00000EB400000E058E304EB800002
:10DF0000B0F97400F3F70EFC9DF80810C1EBC101E5
:10DF100001EB410104EB8101A1F87400FBE1012058
:10DF2000DEE7602141EA00108DF818000120594613
:10DF30000E54401C0828FBD31AE2012F6CD0002895
:10DF40007FF4CDAE9DF80800C0EBC00000EB4000B0
:10DF500004EB800090F82A100229F1D1B0F9740086
:10DF6000411C20D0F3F7DEFB9DF80810654BC1EB98
:10DF7000C10101EB410104EB8101634AA1F8740086
:10DF800000969DF808102046F9F77EF99DF80810D4
:10DF9000C1EBC10101EB410104EB810101E093E020
:10DFA000B4E0A1F874009DF80810C1EBC10000EBCB
:10DFB000400004EB8000028E059290F832802A79AE
:10DFC00090F82B00C2F3001290427DD10AAA20469D
:10DFD000FDF7EEFE0A98002888D007289DF8080073
:10DFE000C0EBC00000EB400004EB800191F82B0077
:10DFF0006BD9E8B35FF0000081F82B0000018DF8C9
:10E0000018009DF808100BF1010307222046FEF7C7
:10E01000F9FB00287AD18FE7B5F80510059195F83E
:10E0200007A040B102AA39462046FDF786FE28B176
:10E03000CDE900A8B0E6CDE900A8ADE60220CDE923
:10E0400000A09DF808102046059B039AFEF728FBC8
:10E0500028794108C90726D09DF80810C0F381002F
:10E06000C0F10400C1EBC1010A9001EB410100E0E5
:10E0700051E004EB810148639DF808102046089B9D
:10E080000A9AF8F7A9FF20BB9DF808102046F8F778
:10E0900089FF10B1CDE900A07EE69DF8081020466A
:10E0A00001F0AAFE18E0C00716D0287A697AEA7A49
:10E0B00000EB0120A97A090401EB026142180A92DF
:10E0C0009DF80810204601E0F7E126E002F08EF905
:10E0D00010B1CDE900A95FE660208DF81800059821
:10E0E0008DF81900000A8DF81A008DF81BA0042085
:10E0F00059460E54401C0828FBD339E12100000882
:10E1000000000305E0930400216E00089AE0204619
:10E110000C9990474BE201206EE7B0B15FF0000030
:10E1200081F82B000A9A0001C2F1070340EA43007C
:10E13000401C8DF818009DF808100BF101032046D3
:10E14000FEF760FB00287DD101E00120E8E7594699
:10E150000A9800E00E54401C0828FBD308E1012F68
:10E160004DD000287FF4BBAD9DF80800C0EBC00087
:10E1700000EB400004EB800090F82A100329F1D155
:10E18000B0F97400411C1DD0F3F7CCFA9DF80810CB
:10E19000FA4BC1EBC10101EB410104EB8101F84AEB
:10E1A000A1F8740000969DF808102046F9F76CF865
:10E1B0009DF80810C1EBC10101EB410104EB8101A5
:10E1C000A1F874009DF80800C0EBC00000EB40000F
:10E1D00004EB8000B0F830A090F832802879410834
:10E1E000C9076ED0C0F38100C0F104020A929DF805
:10E1F00008102046089BF8F7EFFEE0BB6BE0B5F88F
:10E200000510ED798A4650B102AA39462046FDF73D
:10E2100094FD30B15346CDE900583A46B4E50B467B
:10E22000F9E70320CDE9005053469DF80810204639
:10E23000039AFEF735FA9DF808102046FEF7D1FD47
:10E2400030B100E077E1CDE9005053463A469BE516
:10E250000AAA9DF808102046FDF7AAFD0A9A042A8A
:10E2600016D941208DF818008DF819A04FEA1A2010
:10E270008DF81A0000E06DE08DF81C20100A8DF872
:10E280001D00100C8DF81E008DF81B50100E59E269
:10E29000C2F10400432141EA80008DF818008DF896
:10E2A00019A04FEA1A208DF81A008DF81B500BF1B7
:10E2B00004039DF808102046FEF7A4FA10B1534657
:10E2C00058E134E00A985946001D01E00E54401C04
:10E2D0000828FBD339E19DF80800C0EBC00000EB33
:10E2E000400004EB8000B0F97400F3F71BFA9DF8CE
:10E2F0000810C1EBC10101EB410104EB8101A1F860
:10E3000074009DF808100A98C1EBC10101EB4101AE
:10E3100004EB810148639DF808100120C1EBC101A5
:10E3200001EB410104EB810181F82A006DE1C00796
:10E3300015D0287A697AEA7A00EB0120A97A0904D3
:10E3400001EB026142180A929DF80810204602F083
:10E350004DF820B153463A46CDE9008914E56020D6
:10E360008DF81800012059460E54401C0828FBD394
:10E3700065E2012F5CD000287FF4B1AC9DF8080065
:10E38000C0EBC00000EB400004EB800090F82A10C6
:10E390000229F1D1B0F97400411C1DD0F3F7C2F984
:10E3A0009DF80810754BC1EBC10101EB410104EB75
:10E3B0008101734AA1F8740000969DF80810204668
:10E3C000F8F762FF9DF80810C1EBC10101EB4101B4
:10E3D00004EB8101A1F874009DF808100AAAC1EBB2
:10E3E000C10000EB400004EB8000B0F8308090F8F2
:10E3F00032502046FDF7DCFC0A9A002A3FF476AD45
:10E400009DF80810072AC1EBC10000EB400004EBA7
:10E41000800090F82B004FEA00107CD98DF818008E
:10E420000BF1010307222046FEF7ECF9E8BB06E2F8
:10E430000028A1D19DF80800C0EBC00000EB40000F
:10E4400004EB800090F82A10032995D1B0F97400EC
:10E45000411C1DD0F3F766F99DF80810474BC1EB3E
:10E46000C10101EB410104EB8101454AA1F87400AF
:10E4700000969DF808102046F8F706FF9DF8081052
:10E48000C1EBC10101EB410104EB8101A1F8740072
:10E490009DF80810C1EBC10000EB400004EB8000C8
:10E4A000028E059290F8328000E062E02A7990F8BE
:10E4B0002B00C2F30012904202D0CDE9008A6BE437
:10E4C0000AAA2046FDF774FC9DF808100A9AC1EBD1
:10E4D000C10000EB400004EB8000072A90F82B00FD
:10E4E0004FEA00101AD98DF818000BF1010307222A
:10E4F0002046FEF787F9F0B99DF80800C0EBC00090
:10E5000000EB400004EB800090F82B1021B10021BB
:10E5100080F82B1093E11FE00121F9E7C2F1070316
:10E5200040EA4300401C8DF818000BF1010320461F
:10E53000FEF768F910B1CDE900892DE459460A9833
:10E5400000E00E54401C0828FBD306AB3946204699
:10E55000039A01F0DAFD5DE4C2F1070340EA4300EB
:10E56000401C8DF818000BF101032046FEF74AF914
:10E5700058B14346CDE900593A4605E4E09304001A
:10E58000216E000882E0FDE3FDE359460A9800E0B1
:10E590000E54401C0828FBD351E1AA7A2989012F87
:10E5A00062F31F41EA7A41EA026501D018B195E2AF
:10E5B0000028D0D092E29DF80800C0EBC00000EB2C
:10E5C000400004EB8000B0F97400F3F7ABF89DF85D
:10E5D0000810C1EBC10101EB410104EB8101A1F87D
:10E5E00074009DF808108020C1EBC10101EB4101CE
:10E5F00004EB810181F82A009DF80800C0EBC000FF
:10E6000000EB400004EB8000C5629DF80800C0EB01
:10E61000C00000EB400000E0A6E004EB8000826F49
:10E62000002A7FF474AD59E22979012F01F0030A21
:10E630000BD0BAF1000F7CD0BAF1020F79D0BAF149
:10E64000010F3FF453ACFFF79DBBBAF1000F09D0A7
:10E65000BAF1010F79D0BAF1020F6CD0BAF1030F01
:10E6600069D03BE2B5F80510EE79894628B1287AE1
:10E670007F2804D9FB480B4637E00B4606E002AA88
:10E6800039462046FDF759FB20B14B46CDE90068DD
:10E690003A46C3E50520CDE900604B469DF80810D9
:10E6A0002046039AFDF7FCFF28799DF80810C0F377
:10E6B000800000E03EE2C1EBC10101EB410104EB4F
:10E6C000810181F85C009DF80810287AC1EBC10136
:10E6D00001EB410104EB810181F85D009DF8081018
:10E6E0002046FEF77EFB20B14B46CDE900603A465E
:10E6F00094E50AAA9DF808102046FDF759FB9DF8FD
:10E7000008100A98C1EBC10101EB410104EB810142
:10E710000866C2208DF818008DF819904FEA19206C
:10E720008DF81A000A988DF81B608DF81C00010AFC
:10E7300002E0EEE009E01BE08DF81D10010C8DF801
:10E740001E10000E8DF81F008CE300287FF47BAFB5
:10E750009DF80810C1EBC10000EB400004EB800005
:10E7600090F82A000528F1D1204601F045FBE8E3A6
:10E770000028EBD19DF80800C0EBC00000EB400082
:10E7800004EB800090F82A100529DFD1B0F974005D
:10E79000411C1DD0F2F7C6FF9DF80810B24BC1EB2B
:10E7A000C10101EB410104EB8101B04AA1F8740001
:10E7B00000969DF808102046F8F766FD9DF80810B1
:10E7C000C1EBC10101EB410104EB8101A1F874002F
:10E7D0009DF80800BAF1020FC0EBC00000EB40004A
:10E7E00004EB8000018E059190F832100B9140D11E
:10E7F000A97980F85D1068790AAA00F07F039DF876
:10E8000008102046FDF7D4FA0A98C8B99DF8080008
:10E81000C0EBC00000EB400004EB800090F86810F3
:10E8200099420DD190F86910C12040EA81008DF81D
:10E830001800012059460E54401C0828FBD311E350
:10E840009DF80800C3EBC302C0EBC00000EB400022
:10E8500004EB8000416E114481639DF80800C0EB19
:10E86000C00000EB400004EB8000406B81423FF6AB
:10E87000EAAE9DF808000125C0EBC00000EB4000A7
:10E8800004EB8000816B41661EE000BF81F8685098
:10E890000AAA9DF808102046FDF78AFA0A98072868
:10E8A0001FD98DF818500BF1010307229DF80810AD
:10E8B0002046FDF7A7FF08BB06AB39462046039A62
:10E8C00001F023FC6D1CEDB29DF80800C0EBC00008
:10E8D00000EB400004EB800191F85D00A842D5D226
:10E8E0002FE345F080008DF818005D466B1C9DF805
:10E8F000081020460A9AFDF785FF18B10B99CDE95B
:10E900000019DCE50A9800E02E54401C0828FBD3CF
:10E91000FCE000287FF497AE9DF80800C0EBC00033
:10E9200000EB400004EB800090F82A100429F1D19C
:10E93000018E059190F832100B91B0F97400411CD2
:10E940001DD0F2F7EFFE9DF80810474BC1EBC10157
:10E9500001EB410104EB8101444AA1F874000096E7
:10E960009DF808102046F8F78FFC9DF80810C1EBC1
:10E97000C10101EB410104EB8101A1F87400BAF17E
:10E98000000F07D0A8797F2820D936490B98CDE908
:10E99000000194E5287A7F28F7D89DF80810287997
:10E9A000C1EBC10101EB410104EB8101C0F3800027
:10E9B00081F85C009DF80810287AC1EBC10101EBD9
:10E9C000410104EB810181F85D0051E09DF80810E0
:10E9D0000AAAC1EBC10101EB410104EB810181F8FD
:10E9E0005D0068799DF8081000F07F032046FDF770
:10E9F000DFF90A98C8B99DF80800C0EBC00000EB29
:10EA0000400004EB800090F8681099420DD190F816
:10EA10006910C12040EA81008DF818000120594694
:10EA20000E54401C0828FBD31CE29DF80800C3EBE1
:10EA3000C302C0EBC00000EB400004EB8000416E5D
:10EA4000114481639DF80800C0EBC00000EB40005A
:10EA500004EB8000406B81420AD90B99CDE9001884
:10EA60002DE5000002000405E0930400216E00087B
:10EA70009DF808000125C0EBC00000EB400004EB4E
:10EA80008000816B41661DE080F868500AAA9DF8FD
:10EA900008102046FDF78CF90A9807281FD98DF831
:10EAA00018500BF1010307229DF808102046FDF7CE
:10EAB000A9FE08BB06AB39462046039A01F025FBA8
:10EAC0006D1CEDB29DF80800C0EBC00000EB4000EB
:10EAD00004EB800090F85D10A942D5D231E245F0F8
:10EAE00080008DF818005D466B1C9DF808102046CC
:10EAF0000A9AFDF787FE18B10B98CDE90009DEE40C
:10EB00000A9800E02E54401C0828FBD306AB394677
:10EB10002046039A01F0F9FA9DF808100A98C1EB13
:10EB2000C10101EB410104EB8101C0F1070081F853
:10EB3000690006E24FF0100A012F3CD000287FF454
:10EB400082AD9DF80800C0EBC00000EB400004EB74
:10EB50008000B0F97400411C1DD0F2F7E3FD9DF870
:10EB60000810C1EBC10101EB410104EB8101A1F8E7
:10EB70007400FE4BFE4A00969DF808102046F8F7F8
:10EB800083FB9DF80810C1EBC10101EB410104EBCF
:10EB90008101A1F874009DF80810C1EBC10000EBE1
:10EBA000400004EB800393F86A00E8B3012874D0B6
:10EBB000022873D0C5E1C0B3287910F0010FBED18F
:10EBC000B5F805B095F8079002AA39462046FDF73A
:10EBD000B4F820B1CDE900985B463A46CDE4042074
:10EBE000CDE900905B469DF808102046039AFDF79A
:10EBF00057FD9DF808100120C1EBC10101EB410157
:10EC000004EB810181F86A009DF808102879C1EBB6
:10EC1000C10101EB410104EB8101C0F3800081F8E7
:10EC20005C002879800701E0EAE027E012D5287A25
:10EC3000697AEA7A00EB0120A97A090401EB026102
:10EC400008449DF80810C1EBC10101EB410104EB40
:10EC500081010866A0208DF818008DF81CA08DF8A1
:10EC600019B04FEA1B208DF81F608DF81A008DF83F
:10EC70001E608DF81B908DF81D60F3E09DF8080074
:10EC8000C0EBC00000EB400004EB800090F86A107D
:10EC9000012904D0022940D053E1EAE055E1B0F95E
:10ECA0007400411C1DD0F2F73DFD9DF80810AF4BDC
:10ECB000C1EBC10101EB410104EB8101AC4AA1F8B8
:10ECC000740000969DF808102046F8F7DDFA9DF8CC
:10ECD0000810C1EBC10101EB410104EB8101A1F876
:10ECE0007400287900F07F0800069DF80800C0EB4A
:10ECF000C00000EB400004EB800090F8681001F1C8
:10ED0000010105D5414575D1022180F86A10BEE0A8
:10ED1000414571D180F86880FBE02979C9073FF44B
:10ED200092ACB0F97400411C1DD0F2F7FBFC9DF8C9
:10ED300008108E4BC1EBC10101EB410104EB8101D5
:10ED40008B4AA1F8740000969DF808102046F8F749
:10ED50009BFA9DF80810C1EBC10101EB410104EBE6
:10ED60008101A1F874009DF808102879C1EBC10257
:10ED700002EB4202C0F3820004EB8203C0F10702FF
:10ED8000204601E03AE016E16C33F8F725F990BB34
:10ED90009DF80800C0EBC00000EB400004EB8000D1
:10EDA000016E11B1826B91427ED1A1208DF81800C5
:10EDB000012059460E54401C0828FBD306AB3946A7
:10EDC0002046039A01F0A1F99DF808102046F8F7B3
:10EDD000E9F800283FF41EA89DF80810C1EBC10116
:10EDE00001EB410104EB810191F83220CDE90020D3
:10EDF0000B8E03E064E094E0A0E0038E3A4648E422
:10EE00002879C00734D1012083F86A009DF80810E2
:10EE10002879C1EBC10101EB410104EB8101C0F391
:10EE2000800081F85C002879800712D5287A697AF9
:10EE3000EA7A00EB0120A97A090401EB0261084497
:10EE40009DF80810C1EBC10101EB410104EB810108
:10EE50000866A3208DF81800012059460E54401C66
:10EE60000828FBD306AB39462046039A01F04DF93A
:10EE700067E0287900F07F08000693F8680000F149
:10EE8000010042D540451BD1022083F86A009DF85D
:10EE90000810C1EBC10101EB410104EB810181F8D4
:10EEA00068809DF8080000E06FE0C0EBC00000EB58
:10EEB000400004EB8000696840F86B1FA96841605E
:10EEC000A2208DF818009DF8080006ABC0EBC0002A
:10EED00000EB400004EB8000394690F868008DF8A4
:10EEE00019008DF81AA007968DF81B602046039A2A
:10EEF00001F00BF99DF80800C0EBC00000EB4000EA
:10EF000004EB800080F868601BE0404516D183F870
:10EF100068806B1D07229DF808102046F8F75CF802
:10EF200060B19DF80800C0EBC00000EB400004EBAE
:10EF3000800090F83220CDE900295EE7B8F1100F8B
:10EF4000BED00DB00020BDE8F08F2879C2073EF496
:10EF500019AFC0F38200C0F1070220466C33F8F706
:10EF60003BF80028DDD19DF8080003E0E0930400A1
:10EF7000216E0008C0EBC00000EB400004EB8000F5
:10EF8000016E39B1826B914204D090F83220CDE904
:10EF9000002832E7A1208DF81800012059460E54B0
:10EFA000401C0828FBD306AB39462046039A01F0E3
:10EFB000ACF8FEF79BBF0A4920B1CDE90061002300
:10EFC0003A460BE69DF80800C0EBC00000EB40009D
:10EFD00004EB800090F83220CDE900210DE700001D
:10EFE0000100040570B5D0F8D0110446884794F8A4
:10EFF0008200002809D001212046FBF77FFD05464D
:10F00000D4F8D41120468847284670BD2DE9F04138
:10F010000446817D407D02F03BFB0546217EE07D7C
:10F0200002F036FB0246C0F3C700510701D0401C76
:10F03000C0B26075032184F89310E11C12300023E4
:10F040000B5401261846103127E0EF18BFB2D4F850
:10F0500098E04FEA171C07F00F073EF81CC02CFA87
:10F0600007FC5FEACC7794F8937006FA00FE17F875
:10F0700001C002D04CEA0E0C01E02CEA0E0C401C40
:10F08000C0B207F801C0072805D994F89370002092
:10F090007F1C84F893705B1C9BB29342D5D35007BE
:10F0A00004D094F89300401C84F8930094F8935093
:10F0B0002046AD1C01F09CF868B2BDE8F0812DE956
:10F0C000F0470446817D407D02F0E2FA8146217ED0
:10F0D000E07D02F0DDFA0646002007230146012507
:10F0E00024E004EB030C09EB010297B29CF813C077
:10F0F0003A092CFA00FC1CF0010FD4F898C007F074
:10F100000F0705FA07F73CF8128002D048EA070813
:10F1100001E028EA0708401CC0B22CF8128007283A
:10F1200002D900205B1CDBB2491C89B2B142D8D3A2
:10F13000062084F893000825204601F059F8284657
:10F14000BDE8F08770B50446817D407D02F0A0FAED
:10F150000546217EE07D02F09BFAC0B24100617558
:10F1600003212A1884F8931004F113001AE000BF59
:10F17000D4F8981094F8933031F81510090A1954FE
:10F1800094F89310491CC9B284F89310D4F89830BD
:10F1900013F815300B5494F89310491C6D1C84F827
:10F1A0009310ADB2AA42E3D8CDB22046AD1C01F017
:10F1B0001FF868B270BD00002DE9F041134C0F46F6
:10F1C0000546E6682068001D01F09DFB681C07D11C
:10F1D00037B12168BDE8F0410D48091D01F0E2BBDF
:10F1E00020683544B5424560216805D2A06BBDE872
:10F1F000F041091D01F0BEBB606B091D01F0BAFBB7
:10F20000A06A854200D2A562BDE8F081000100201D
:10F210009C2400202DE9F041054601F0CFFB2D4C48
:10F22000A068401CA06020682B4F10B1606930B30B
:10F230002BE02560A068012827D1002606EB860078
:10F2400007EB800001F088FB761C382EF6D32348AC
:10F2500001F082FB2148143001F07EFB1F4828306A
:10F2600001F07AFB1D483C3001F076FB1B48503022
:10F2700001F072FB194860631430A06305E0206858
:10F28000E96AC06A884200D82560606A401C6062F2
:10F290006864E86A2169884200D9206100EB800037
:10F2A00007EB8000291D01F07DFB01F0A7FB6069E1
:10F2B00000280CD02068E96AC06A884207D2084951
:10F2C0004FF080500860BFF34F8FBFF36F8FBDE8E2
:10F2D000F081000000010020EC1F00204C240020E1
:10F2E00004ED00E038B501F069FB104C2068C0B9AE
:10F2F0000F4801F031FB0E48143001F02DFB0C4893
:10F30000E0601430206100200A4B009003F15002AD
:10F3100010211E2002F011FB206010B106A101F0A7
:10F32000EFFBBDE8384001F069BB00003C01002064
:10F33000E0260020B0240020546D7251000000002F
:10F3400030B4026C0B46002A0BD0C1681144C16076
:10F350008468A14201D30168C16030BC1846F0F74F
:10F36000C8BF30BC70472DE9F041856B1746044695
:10F370000026026C82B1C7B1E068F0F7BAFFE1681D
:10F38000206C091AE1602268914202D2A168081A31
:10F39000E060022F16D017E02068A8B9A06803F03B
:10F3A00051F806460020A0600EE06068F0F7A1FF6B
:10F3B000216C606808446060A168884204D32068BA
:10F3C000606001E005B16D1E6D1CA5633046BDE8AF
:10F3D000F08110B5044690F8590058B101280CD0BE
:10F3E00002280FD0502080F31188BFF34F8FBFF356
:10F3F0006F8FFEE7206B01F015FB2046BDE8104043
:10F4000001F010BB10BD000010484FF4C04142078E
:10F4100006D0C01D0D4920F00700411AC1F5C041BA
:10F420000B4A00230144C2E900030839183A21F0CD
:10F43000070111604B600B600B1AC0E90013936069
:10F440004FF000405360506170470000C02D002015
:10F450006C010020144E154CA6F29C474FF08058CA
:10F46000DFF84C9012E000BF01F0A8FAF068C56820
:10F47000281D01F048FAA068401EA0606068401E88
:10F48000606001F0BBFA2846FFF7A3FF6068002820
:10F49000EAD138680128F9D9C9F80080BFF34F8F45
:10F4A000BFF36F8FF2E700008824002000010020E6
:10F4B00004ED00E0002807D00021816001600B46C8
:10F4C0000A46C16002F0B0BA7047000070B51D4630
:10F4D000049C51B1C4F80020C4E90F010121204669
:10F4E00002F05EFA84F84C5070BD2460F4E700002E
:10F4F0002DE9F05F8846DDE90B94154683469100BF
:10F500009A460A9EA522206BF0F705FF6FF00301D3
:10F51000206B01EB8501084420F00707780707D02E
:10F52000502080F31188BFF34F8FBFF36F8FFEE73A
:10F530000025B8F1000F0FD05FF00000221818F876
:10F54000001082F8341018F8001011B1401C102877
:10F55000F4D384F8435001E084F83450382E00D3BB
:10F560003726E662C4E91365201D01F000FA04F1B4
:10F57000180001F0FCF92461C6F138006462A06152
:10F58000656584F8585052465946384600F0A0FA4E
:10F590002060B9F1000F01D0C9F80040BDE8F09F2C
:10F5A0002DE9F0471E46DDE9089417460D00804618
:10F5B00015D0002C11D0FFF795FE04F11801C4F806
:10F5C000008081E86002201D01F0D1F9002F04D0F5
:10F5D00014F8280F40F004002070BDE8F087502098
:10F5E00080F31188BFF34F8FBFF36F8FFEE70000EA
:10F5F00030B5114900E011460A688242FBD34B68DE
:10F600005C18844203D14068184448600846436847
:10F610001C18944209D1084C183C2468A24209D015
:10F6200052681A4442600A6812680260814200D03F
:10F63000086030BD0460F9E76C01002070B500245B
:10F6400041600B4D0061914206D8D11A8269914206
:10F6500006D2011D286907E09A4203D2994201D3DC
:10F66000012403E0011DE86801F084F9204670BD23
:10F670003C01002010B5044601F0A0F9A06B28B1B0
:10F680005FF0000401F0BAF9204610BD0124F9E74B
:10F6900030B589B03C4D6EE00498002806DADDE90B
:10F6A0000601059A90470498002864DB069C60696F
:10F6B00010B1201D01F027F903A800F0D7F8024689
:10F6C00004980A2857D2DFE800F00505052D334AD3
:10F6D00005052D3394F8280040F0010084F8280037
:10F6E0000599A069059B01442046FFF7A7FF68B371
:10F6F000216A2046884794F8280040073BD500201F
:10F7000000900598A169002342181946204603F08D
:10F7100011F8D8B9502080F31188BFF34F8FBFF391
:10F720006F8FFEE714F8280F20F00100207022E010
:10F7300094F8280040F0010084F828000598A061A2
:10F7400028B1811813462046FFF778FF13E05020B8
:10F7500080F31188BFF34F8FBFF36F8FFEE794F8EC
:10F760002800810703D4204601F05CF903E020F073
:10F77000010084F82800002204A9286802F0B2FAE7
:10F78000002889D109B030BD3C0100202DE9FC41A1
:10F790000F46054601F098FB01A800F067F8044603
:10F7A000019818B102F002FFBDE8FC81254EAFB10F
:10F7B00030690068D0B30027291B3A46306801F051
:10F7C000DFF902F0F3FE0028EED11F494FF0805020
:10F7D0000860BFF34F8FBFF36F8FE5E7A542EBD80B
:10F7E00002F0E4FEF0682746C068C468201D01F0FE
:10F7F0008AF894F82800410719D5A0692B464119C9
:10F800003A462046FFF71AFFA8B1002003460146FA
:10F8100000902A46204602F08DFF60B9502080F308
:10F820001188BFF34F8FBFF36F8FFEE707E020F023
:10F83000010084F82800216A20468847B4E70127A0
:10F84000BAE700003C01002004ED00E00648416BEF
:10F85000096829B1416BC968C96849688162704704
:10F860004FF0FF31FAE700000001002070B50546B7
:10F8700002F076FD064E0446B068844203D200F0E2
:10F8800009F8012000E0002028602046B46070BD27
:10F890003C010020F8B5194D20E0C068C468066836
:10F8A000201D01F030F8216A2046884794F828008E
:10F8B000400713D5A0693044B04206D92461606086
:10F8C000211DE86801F056F808E0002003460146D3
:10F8D00000903246204602F02DFF38B1E8680168FA
:10F8E0000029DAD12969C5E90310F8BD502080F359
:10F8F0001188BFF34F8FBFF36F8FFEE73C010020ED
:10F9000008484068401C4FF0500080F3118804D034
:10F91000BFF34F8FBFF36F8FFEE7BFF34F8FBFF380
:10F920006F8FFEE774010020074CE068016841B169
:10F93000C0680021D0F80000FFF728FFFFF7A8FEFD
:10F94000F3E701210020F7E73C0100202DE9F04119
:10F95000044601F033F894F9455004F1240609E017
:10F96000606A48B1304602F0E9FD08B101F0E6F9FD
:10F970006D1E6DB2002DF3DC4FF0FF3684F845604C
:10F9800001F03CF801F01AF894F9445004F1100722
:10F9900009E0206948B1384602F0D0FD08B101F015
:10F9A000CDF96D1E6DB2002DF3DC84F84460BDE826
:10F9B000F04101F023B800002DE9F0410546002791
:10F9C00001F082FA324E306808B9FFF71DFD706908
:10F9D00005424ED1C5B3083568070ED005F00700C3
:10F9E000C0F108000544680707D0502080F3118853
:10F9F000BFF34F8FBFF36F8FFEE72DB37068854263
:10FA000037D82348183001460C6801E020460C46E0
:10FA10006168A94202D221680029F7D131688C427D
:10FA200027D007682168016060680837411B1029EA
:10FA30000FD96019420708D0502080F31188BFF316
:10FA40004F8FBFF36F8FFEE713E041606560FFF7F4
:10FA5000CFFD61687068401A7060B268904200D251
:10FA6000B060706901430020C4E90001F068401CE7
:10FA7000F06002F09BFD780707D0502080F31188DA
:10FA8000BFF34F8FBFF36F8FFEE73846BDE8F081BD
:10FA9000540100200449086818B10868026D521C1E
:10FAA00002650868704700000001002010B50400DE
:10FAB00006D000F083FFE46900F0A0FF204610BDEF
:10FAC000502080F31188BFF34F8FBFF36F8FFEE795
:10FAD00010B5031F4FF080741C601B1F21F0010143
:10FAE0001960191F044B0B6014390A60091F6FF06D
:10FAF000020244380A6010BD01F90008016811F8DB
:10FB0000012B01601046704701684A7811F8023BEA
:10FB1000016002EB032210467047F0B50546086805
:10FB20000026101A17460C4601280CDD0846FFF780
:10FB3000EBFF686021680A18BA4204D8A9602168FE
:10FB4000012608442060002028603046F0BDFEB544
:10FB50000025DDE908468DE87000FAF742FFFEBD9A
:10FB60002DE9F84F044600278B463D460846F8F736
:10FB7000FFFB0346606D616901220668B0470646D7
:10FB8000012847D181465846F8F7F2FB0126824604
:10FB9000B04604E008F10108B8F1040F11DC606D13
:10FBA00053460122D0F800C06946E047012808D139
:10FBB0009DF8000000F07F0101FB0655F6010006EC
:10FBC000E8D460692946401CF5F7FEFD00EB090604
:10FBD000E068801BA84202D26FF001061AE0002DF7
:10FBE0000DDD5846F8F7C4FB034660692A468119C3
:10FBF000606D0668B047A84201D000260AE060693F
:10FC0000A169007860F307073E0919B104F16000AB
:10FC1000F8F786FB3046BDE8F88F00002DE9F04785
:10FC200004008A4616D054F8047CD4F800903E1F95
:10FC3000564500D956462046FAF7A2F905468846A9
:10FC4000324621465046FCF771FD40B1C0F80090A5
:10FC5000BDE8F087BDE8F0470846FAF7D5B944E9B2
:10FC6000017955B129686A18211F8A4202D9611B9E
:10FC7000091F2960C5F80480EAE7024AC2F800803B
:10FC8000E6E700003C1000202DE9F74F144605463A
:10FC9000082803D94FF0FF30BDE8FE8F6801012628
:10FCA0000830F9F73FF800F00F00012801D0B01F2D
:10FCB000F2E724B341F6086000EB4510F9F732F89B
:10FCC0004FF6FF7101EA8020A04200D204464FF4B3
:10FCD000427000EB451841F60870DFF88CA000EB8D
:10FCE000451B06FA05F92846FCF78CF806464046FF
:10FCF000F9F718F8172816D01C2803D00DE06FF07C
:10FD00000D00C9E7CEB92846FCF7A2F807465846C9
:10FD1000F9F708F8B7EB802F05D12846FBF710FC60
:10FD20006FF00600B8E7BAF8021019EA010F02D026
:10FD30001EB90020B0E7002ED5D0A64200D234462E
:10FD400022462846019901F028FA4FF4847000EB0E
:10FD5000451005464021F9F74BF82846F8F7E2FF31
:10FD60000028FAD1204697E780010020054A18B103
:10FD700011B1C2E9030170470348D0600348106124
:10FD800070470000980100209F120108A11201088D
:10FD9000054A18B111B1C2E9050170470348506125
:10FDA000034890617047000098010020AD120108DF
:10FDB000AB120108074A10B513889C05FDD518B190
:10FDC00011B1C2E9070110BD0348D06103481062B8
:10FDD00010BD000098010020D1140108D5140108BD
:10FDE00070B5054600242146284600F005F8641C3D
:10FDF00014F0FF04F7D070BD7CB500240D46064614
:10FE00000094234622460194FCF74AFCC5EBC5004A
:10FE100000EB4000002206EB80008118521C81F8A4
:10FE20003C40202AF9D380F82940C4627CBD0021DF
:10FE300080F84111704700002DE9F74F154606463E
:10FE4000082803D94FF0FF30BDE8FE8F7001012470
:10FE50000830F8F767FF00F00F00012801D0A01F5D
:10FE6000F2E775B14FF4427000EB46100746F8F721
:10FE700059FF6FF0060B172806D01C2804D05846EF
:10FE8000E2E76FF00D00DFE7DFF8E080B440B8F89C
:10FE90000400044213D04FF4027000EB4610814678
:10FEA000F8F740FF00F01F00C10627D54846102193
:10FEB000F8F79EFFB8F80410A143A8F8041041F623
:10FEC000087000EB4610F8F72DFF4FF6FF7101EABE
:10FED0008020854200D90546F2F7ACFD82463046C7
:10FEE000FBF7B6FF81463846F8F71CFF172808D005
:10FEF0001C2806D03046FBF723FBC0E7000711D4CF
:10FF000005E0B8F80200044203D04D4501D90020B5
:10FF10009AE74D4510D9F2F78DFDA0EB0A00B0F538
:10FF2000FA7F05D93046FBF70BFB6FF00C008BE72F
:10FF30000520FCF776FFD2E72A463046019901F00A
:10FF40005CF94FF4847000EB461006462021F8F768
:10FF50004FFF3046F8F7E6FE0028FAD1B8F8041053
:10FF600028460C43A8F804406EE7000080010020FA
:10FF70002DE9FF5F044690F88200894600B3A1682E
:10FF800009EBC90511F81500C00719D1606901898D
:10FF900001EB090086B2606850F83600806900689D
:10FFA00000280DDB4FF00008CDF80480CDF8088064
:10FFB00001AA49462046CDF80C80FAF7A1FF18B1F6
:10FFC000002004B0BDE8F09FA068062101EB4501C8
:10FFD000415ABDF804204FF00A0B914210D109217B
:10FFE00001EB45019DF80720415C914208D10BEBE4
:10FFF00045010844082202A9F0F7B4F90028E0D02E
:020000040801F1
:10000000606850F83600816D806B0E880788A6B155
:10001000A168022000EB450A31F90A00F1F782FBE2
:10002000642006FB00F3164A49462046CDF80080BE
:10003000F7F72AF9A26822F80A00D7B1A1680420CC
:1000400000EB4506885FF1F76DFB64204743B7FB83
:10005000FBF30C4A49462046CDF80080F7F714F927
:10006000A1688853A06810F8151041F0010100F84C
:10007000151001AA4946204600F033F80120A0E7F8
:10008000A16A0008C96A00080021FAF737BD2DE906
:10009000F04190460E4605464FF0FF3700240DE034
:1000A0004046F8F765F90346286932460119686D3C
:1000B000D0F804C0E047002807DB0444B44204DA67
:1000C0004046F8F748F90028EAD0B44207D105F1D4
:1000D0005800A969F8F724F90020BDE8F0813846F6
:1000E000FBE730B401EBC1010624836804EB410156
:1000F000194413680B6053684B6093688B6090F8E9
:10010000E10130BC1146FBF71BB93EB590F87C40CD
:10011000052C01D07F2C09D10129416908D04988DB
:1001200021B111448269528891420ED9FF203EBD0F
:1001300009880029FAD01144826912889142F5D8C1
:10014000426852F83110896A03E0426852F831106F
:1001500089696A460988ADF8001000218DF80210FF
:1001600008218DF80310002155185C5C491CC9B2A8
:100170002C710829F8D390F8E1011146FBF7E0F85B
:100180003EBD7CB58026DDE906548DF800608DF813
:1001900001301B0A8DF802308DF80440230A8DF8D7
:1001A0000530230C8DF80630230E8DF807308DF8BE
:1001B00003506B46FFF7A9FF7CBD70B5054600F004
:1001C00006F804462846FEF70DFF204670BD0EB522
:1001D000D0F8C8110988ADF8001000218DF8021080
:1001E0008DF8031090F8E1016946FBF7A9F80EBD00
:1001F00038B5044690F8931013300546FAF7C9FF56
:1002000094F89320010A515594F89310491CC9B2EF
:1002100084F89310485594F89300401C84F8930098
:10022000E06838B16068F2F724FC218A0122E068B6
:10023000F2F7FAFB94F8400194F8932001286068E3
:10024000294618D0F4F7C0F8FA21012000F0BEFAD0
:100250006068006801684906FCD5E06830B1218A11
:100260000022F2F7E1FB6068F2F7EAFB2078002554
:10027000042803D00CE0F4F7EDF8E5E702F070F89D
:100280000246009500230221D4F8B40002F052FA8D
:1002900084F89350B4F89E00401CA4F89E0038BD2A
:1002A0002DE9FF4F4269002912887DD07F297BD834
:1002B000FAB14368046853F8323024789B6904F536
:1002C000C0651E68AE4201D0FF2C02D101F5C064AA
:1002D0001C60436853F83220936A02681D681278E4
:1002E00002F5B064A54201D0FF2A02D101F5B06247
:1002F0001A603D4D426905F12006846996E8C011F7
:100300009288A4888DE8C01100236F4612BB25E0B7
:100310004668D0F8008056F8326098F800B0D6F8F9
:1003200018A0DAF8006026F0604C06F0604957F833
:10033000236006EB0B08E04502D0BBF1FF0F05D1AF
:1003400006EB010C4CEA090CCAF800C05B1C521CFD
:10035000DBB292B2A24201D8042BD9D300233035AC
:100360004269846995E8E010128924898DE8E010DB
:100370006D461ABB26E04668D0F800C056F83260D9
:100380009CF800A0D6F81890D9F8007027F06046C5
:1003900007F0604855F8237007EB0A0CB44502D00B
:1003A000BAF1FF0F06D100E01CE07E1846EA08060D
:1003B000C9F800605B1C521CDBB292B2A24201D8A9
:1003C000042BD8D30268D0F8143212781D6802F1D9
:1003D0008004A54201D0FF2A02D101F180021A60F7
:1003E00000680170BDE8FF8F642A0108202A01D946
:1003F000FF207047C1EBC10101EB410100EB81001F
:1004000042630020704700007CB5044690F87C00F1
:10041000884244D0244D31B1042930D005291FD061
:100420007F293FD10EE0D5E90001CDE90001002090
:1004300084F87C006946204600F040F9D4F8841026
:1004400020468847D5E90201CDE900017F2084F8E4
:100450007C006946204600F031F9D4F888101CE091
:1004600000B3D5E90401CDE90001052084F87C0042
:100470006946204600F022F9D4F88C100DE088B1CE
:10048000D5E90601CDE90001042084F87C00694625
:10049000204600F013F9D4F890102046884794F8CD
:1004A0007C007CBDFF207CBD642A010830B50A4C6D
:1004B0002268536A09490D685B1B4D682B444B60E9
:1004C0004FF6FF73181A086050622068016841F007
:1004D0000101016030BD0000881B002030100020A9
:1004E0000EB501680122097841F4E061ADF8001011
:1004F00000218DF802108DF804108DF8032090F87B
:10050000E1016946FAF71CFF0EBD00002DE9F84332
:100510001D4617460E460446082803D94FF0FF3003
:10052000BDE8F883012E08D0022E0ED0032E0CD089
:10053000042E0AD06FF00400F2E7042269464FF45B
:100540007060F8F71BFC009848B169076FF0050070
:10055000E6D49DB1012E05D0022E0FD106E06FF03A
:100560000200DDE715F0210FDAD007E0A90601D57A
:100570002906D5D5E90601D52906D1D52046FAF7B1
:10058000DFFF600105F0F0014FF001083143083052
:10059000F8F72EFC224E57B93788781C80B2A0F5A8
:1005A0007F413080F03902D14FF4404030804FF429
:1005B0008160390A00EB4410F8F71AFC4FF4A1608F
:1005C000F9B200EB4410F8F713FC4FF4847000EB21
:1005D000441007460121F8F70BFC3846F8F7A2FB58
:1005E0000028FAD108FA04F0718805F0010281436D
:1005F000A2400A437280B1888143B180094900203A
:1006000021F814000649891D08554FF4427000EB8B
:1006100044152846F8F786FB0028FAD060B27FE739
:1006200080010020C08D002038B50446B0F9C40117
:10063000401C02D0204600F02BF8134B002241F260
:1006400005012046F6F706FB0F4B002241F206019A
:100650002046F6F7FFFAD4F8C8010068400011D52B
:10066000D4F8CC01006800280CD00A22B0FBF2F1CB
:10067000B0FBF2F30091054A00212046F6F704FE94
:10068000A4F8C40138BD0000216A0008897F000871
:1006900010B5002304461A4641F20501F6F7DAFACE
:1006A00000231A4641F206012046F6F7D3FAB4F9C0
:1006B000C401F1F737F8A4F8C40110BD2DE9F041E9
:1006C0000D460446497890F97E000126002719B1AD
:1006D00048B984F87E6006E0012804D184F87E7071
:1006E0002046FFF77DFBE878002894F8800006D0CC
:1006F00060B984F880602046FFF796FF06E0012885
:1007000004D184F880702046FFF7C2FF28790028C2
:1007100094F8810006D060B984F881602046FCF727
:100720005FF806E0012804D184F881702046FCF7C8
:1007300060F8A878002894F87F0006D060B984F8A3
:100740007F602046FBF7EAF906E0012804D184F82F
:100750007F702046FBF7F2F96879002894F8820050
:1007600006D060B984F882602046F6F7C3F906E047
:10077000012804D184F882702046F6F7E7F928783A
:10078000002894F87D0005D0002801D184F87D6010
:10079000BDE8F0810128FBD184F87D702046BDE8DA
:1007A000F041FFF79DBE000072B6BFF34F8F0548C2
:1007B0000168054A01F4E06111430160BFF34F8F06
:1007C00000BFFDE70CED00E00400FA0570B50C4633
:1007D000064600F0F3F8154D2868406D80B9296889
:1007E000012081F858005CB101212046FEF7E4FCAD
:1007F0000F494FF080500860BFF34F8FBFF36F8FEA
:1008000000F0FCF800F0DAF82868446D002034B1FC
:1008100016B12968486502E02A68611E5165296899
:1008200081F8580000F0EAF8204670BD0001002071
:1008300004ED00E02DE9F04705460027481B164669
:10084000894606285DDBA81CFCF76BFD0446A0F575
:100850005C414FF48060814253D3A4F558418246F5
:1008600051451AD2A81DA9EB00014FF00C0806292A
:1008700047DB01785C2944D14178752941D1801C3E
:10088000FCF74FFDA0F55C4151453AD2C4F3090194
:1008900061F39F2000F5803002E04FF0060820460B
:1008A000802801D2012110E0B0F5006F02D20221B0
:1008B000C0270AE0B0F5803F02D20321E02704E020
:1008C000B0F5881F1DD20421F0274A1E08E000BFA2
:1008D00000F0BF03346843F080038009A354521E24
:1008E00012F0FF02F4D1012901D9384301E000F0F0
:1008F0007F00326810703068084430604046BDE8C0
:10090000F0870020FBE7D0E9013201699A60D0E965
:1009100001235A604A68824201D182684A600022FB
:1009200002610868401E086008687047034B036056
:1009300003F15C00086080201060704708270020E9
:10094000044B036003F15C0008604FF4807010609A
:10095000704700006429002000F108014FF0FF32C9
:10096000C0E90112C16001610021016070470021EE
:100970000161704730B50B685A1C02D000F10802C3
:1009800002E0026904E02246546825689D42FAD9D3
:1009900053684B6099608A60516008610168491C26
:1009A000016030BD42684A6093688B60936859600B
:1009B000916008610168491C01607047502080F314
:1009C0001188BFF34F8FBFF36F8F0A494868401CEF
:1009D000486001280CD10848006810F0FF0F07D0CC
:1009E000502080F31188BFF34F8FBFF36F8FFEE766
:1009F000704700007401002004ED00E008494868D9
:100A000028B1401E486001D180F311887047502002
:100A100080F31188BFF34F8FBFF36F8FFEE70000A5
:100A20007401002070B500282AD0164DA0F10804EA
:100A300060686969084207D1502080F31188BFF3CC
:100A40004F8FBFF36F8FFEE722683AB1502080F3DB
:100A50001188BFF34F8FBFF36F8FFEE7884360604D
:100A600000F032FA60686968084468602046FEF762
:100A7000BFFD2869401C2861BDE8704001F096BDAB
:100A800070BD0000540100204FF0E0200021016102
:100A9000816105494FF47A720968B1FBF2F1491E90
:100AA0004161072101617047FC00002010B5EFF79C
:100AB000D3FB114910280ED300F1E02090F8F00389
:100AC0000A78904207D2502080F31188BFF34F8FED
:100AD000BFF36F8FFEE709480068896800F4E060A3
:100AE000884207D9502080F31188BFF34F8FBFF39E
:100AF0006F8FFEE710BD0000740100200CED00E0D8
:100B000010B5084B002200BF53F832401CB1521CF4
:100B1000082AF9D310BD43F8321003EBC201486034
:100B200010BD0000AC1F002010B504000AD000F07A
:100B300013F894F8460000280CD12046BDE8104078
:100B4000FFF770BF502080F31188BFF34F8FBFF3C2
:100B50006F8FFEE710BD0000084A002102EBC103C1
:100B60005B68834206D1002042F8310002EBC101EC
:100B700048607047491C0829F0D37047AC1F00201B
:100B800070B515460E460446FFF718FF94F9441059
:100B90000020491C01D184F8440094F94510491CF7
:100BA00001D184F84500FFF729FFA06B28B92A4638
:100BB000314604F1240000F0DFF82046BDE8704023
:100BC000FEF7C4BE10B5020014D00F48006B38B158
:100BD000502080F31188BFF34F8FBFF36F8FFEE774
:100BE00000F072F900211046FEF7E6FA01F0DEFC93
:100BF000002807D105494FF080500860BFF34F8FA0
:100C0000BFF36F8F10BD00000001002004ED00E075
:100C100070B50D4604000BD095B11E4A106BB8B1EB
:100C2000502080F31188BFF34F8FBFF36F8FFEE723
:100C3000502080F31188BFF34F8FBFF36F8FFEE713
:100C4000502080F31188BFF34F8FBFF36F8FFEE703
:100C500000F03AF9D26823685919934204D98B42BB
:100C60000AD9914202D807E08B42FAD9881A21604A
:100C70000021FEF7A1FA00E0216001F097FC0028B6
:100C800007D105494FF080500860BFF34F8FBFF385
:100C90006F8F70BD0001002004ED00E070B50546C7
:100CA000FFF78CFE1E4C05B92568281DFFF72BFEAB
:100CB000A86A18B105F11800FFF725FE606A401C0C
:100CC00060622068854207D1291D1648FFF76AFE39
:100CD0006068401C606007E0A068401EA060284675
:100CE000FEF777FBFEF7B2FDFFF788FE606900288C
:100CF00014D02068854211D1206B38B1502080F388
:100D00001188BFF34F8FBFF36F8FFEE706494FF097
:100D100080500860BFF34F8FBFF36F8F70BD00002E
:100D2000000100208824002004ED00E002490A6A46
:100D30000260C9684160704700010020014901203C
:100D4000C86170470001002010B50C4650B1094938
:100D500009681831FFF70EFE2046BDE8104001215A
:100D6000FEF72ABA502080F31188BFF34F8FBFF3EC
:100D70006F8FFEE70001002070B514460D4668B184
:100D80000A4909681831FFF70DFE0CB14FF0FF3525
:100D900021462846BDE87040FEF70EBA502080F389
:100DA0001188BFF34F8FBFF36F8FFEE70001002064
:100DB00070B504003ED0226DA2B1E06C884200D331
:100DC0000146E06A884235D0012A33D11A4D2A689B
:100DD00094420FD1502080F31188BFF34F8FBFF39F
:100DE0006F8FFEE7502080F31188BFF34F8FBFF362
:100DF0006F8FFEE7E162A269002A02DBC1F13801D0
:100E0000A1610E4E00EB8000616906EB800081421B
:100E100010D1201DFFF777FDE06A2969884200D9CB
:100E2000286100EB800006EB8000211DBDE87040CA
:100E3000FFF7B8BD70BD000000010020EC1F0020CE
:100E400030B587B00024039405AA04A903A804942C
:100E5000FFF76CFDDDE903010094CDE901100023EB
:100E600015A11748059A01F04AF9164D0028E862C5
:100E70001FD001F02FFC012809D0401C19D15020AF
:100E800080F31188BFF34F8FBFF36F8FFEE75020C1
:100E900080F31188BFF34F8FBFF36F8F4FF0FF3098
:100EA000A86201206861EC6007B0BDE8304000F046
:100EB0004BBC07B030BD000049444C450000000069
:100EC00055F40008000100200248016B491C016331
:100ED0007047000000010020164810B5016B11B1E9
:100EE0000121C16110BD0021C1610169124A01E007
:100EF000B9B1491E01EB810352F82330002BF7D022
:100F000001EB810302EB830202F1080453685B6882
:100F10005360A34201D15B685360DA6802600161EB
:100F200010BD502080F31188BFF34F8FBFF36F8F38
:100F3000FEE7000000010020EC1F00202DE9F8432F
:100F40000024124D804627462E1F1AE055F8240033
:100F5000D0F8B020424513D10178042907D1009779
:100F60000023D0F8B4001A46032101F0E3FB55F842
:100F7000240000230322D0F8AC00194601F0EAF85F
:100F8000641C30788442E1DBBDE8F883D4010020A2
:100F90002DE9F0410D4D002406466FF007082F1F84
:100FA0000EE000BF55F82400D0F8B410B14206D1CD
:100FB000D0F8AC0000230322414601F0CBF8641CBA
:100FC00038788442EEDBBDE8F0810000D4010020D7
:100FD00030B5044690F8930004F111010144801EDD
:100FE00009884DBAC1B204F11300FAF7D2F8A84249
:100FF00005D034F8A00F401C2080FC2030BD217D9E
:10100000080605D534F8A00F401C2080FB2030BD19
:10101000084A0020135C8B4201D1002030BD401CE7
:10102000C0B20828F6D334F8A00F401C208001205D
:1010300030BD0000EC2901082DE9F041044690F88C
:10104000930004F111010144801E09884DBAC1B218
:1010500004F11300FAF79DF8A84206D034F8A00F67
:10106000401C2080FC20BDE8F0813F4A217D00200B
:10107000135C8B420DD14FF48076052940D012DCF1
:10108000012917D0022915D0032953D0042969D189
:1010900050E0401CC0B20828EAD334F8A00F401C2E
:1010A00020800120DFE706293BD00F2902D010293C
:1010B00058D13FE0A17D607D00F0EAFA0709217E6A
:1010C000E07D00F0E5FA0509217EE07D00F0E0FA20
:1010D000000700D06D1CB4F8A4107819884237D8E6
:1010E000217EE07D00F0D4FAC508217EE07D00F08D
:1010F000CFFA400700D06D1C6D1DB54230D831E0ED
:10110000A17D607D00F0C4FA0509A17D607D00F03D
:10111000BFFA000700D06D1CB4F8A400A84217D392
:1011200020E0A17D607D00F0B3FAB4F8A410814204
:101130000ED317E0A17D607D00F0AAFA0546217E5E
:10114000E07D00F0A5FAB4F8A4202918914201D955
:10115000022088E7052101EB400080B2B04201D9AE
:10116000032080E700207EE7EC2901082DE9F0410B
:1011700016460D4607464FF0FF343046F7F7EBF8BA
:1011800040B931463846FAF74FFB0446A84201D031
:10119000002CF2DA2046BDE8F0812DE9F0475FEA45
:1011A00002088946064626D042F6081000EB46158E
:1011B0002846F7F7B7FD074642F6080000EB46144D
:1011C0002046F7F7AFFD07EB002087B2380200EBAF
:1011D0004610424649461830F7F7D0FD07EB0800A5
:1011E00086B2310A2046F7F703FEF1B22846BDE881
:1011F000F047F7F7FDBDBDE8F0872DE9F0475FEA5E
:1012000002088946064626D042F2085000EB4615F1
:101210002846F7F787FD074642F2084000EB4614E0
:101220002046F7F77FFD07EB002087B2380200EB7E
:101230004610424649461030F7F70AFE07EB080011
:1012400086B2310A2046F7F7D3FDF1B22846BDE851
:10125000F047F7F7CDBDBDE8F08700787047017023
:10126000704700002DE9F041050A00F0F0014FF44D
:10127000A850F7F7BDFD002401264FF4027700BF08
:1012800006FA04F0284204D007EB44101F21F7F7B8
:10129000AFFD641CE4B2082CF2D3BDE8F0817047C6
:1012A000704772B6704762B670477047704700006B
:1012B000012211030148F1F7B7BB0000000402400E
:1012C00010B54FF4A850F7F72DFD00F0F0044FF4DF
:1012D000B850F7F727FD04EB002080B210BD10B521
:1012E0004FF4B050F7F71EFD04464FF4C050F7F727
:1012F00019FD04EB002080B210BD000010B50446BB
:10130000014606224FF41060F7F738FD042204F17D
:101310000E019001F7F732FD042204F10A014FF4A7
:10132000A060F7F72BFD0422A11D4FF47060F7F7C2
:1013300025FD07480178A1744178E1748178217511
:10134000C07860750248401E0078A07510BD00008E
:10135000910100200020F7F7E5BC70B504464FF47A
:10136000D850F7F7DFFC20704FF4D050F7F7DAFCD5
:1013700005464FF4C850F7F7D5FC05EB0020608018
:1013800070BD2DE9F0410D460646002400F0A3F89B
:101390004FF0FF38AEB10022B05C204444B2102CB4
:1013A00017DC521C52B2082AF6DB002441F60877FB
:1013B000315D07EB4410F7F71BFD641C64B2082C89
:1013C000F6DBCDB1002108462A5C114449B2102950
:1013D00002DD4046BDE8F081401C40B20828F3DB46
:1013E000002441F60866295D06EB4410F7F700FD7E
:1013F000641C64B2082CF6DB0020EBE7F7F720BC96
:1014000000224FF480510148F1F70EBB0004024066
:1014100010B5C1B2040A4FF4B050F7F7E9FC214609
:10142000BDE810404FF4C050F7F7E2BC10B50446D9
:10143000014606224FF41060F7F70AFD042204F17A
:101440000E019001F7F704FD042204F10A014FF4A4
:10145000A060F7F7FDFC0422A11D4FF47060F7F7C0
:10146000F7FC0748A17C0170E17C4170217D81700F
:10147000617DC1700249A07D491E087010BD000049
:101480009101002010B5044630F03A0002D04FF030
:10149000FF3010BD0020F7F745FC40EA04010020B2
:1014A000F7F7A6FC002010BD10B5044601784FF4F4
:1014B000D850F7F79DFC6088010A4FF4C850F7F741
:1014C00097FCA178BDE810404FF4D050F7F790BCDE
:1014D000002070477047F0B585B04FF410640622C5
:1014E00069462046F7F74AFC0422950102A92846DE
:1014F000F7F744FC4FF4A066042203A93046F7F73F
:101500003DFC4FF47067042204A93846F7F736FC17
:1015100080210020F7F76CFC0020F7F703FC06227F
:1015200069462046F7F794FC042202A92846F7F7FB
:101530008FFC042203A93046F7F78AFC042204A991
:101540003846F7F785FC05B0F0BDF7F79FBB10B53F
:1015500004464FF43850F7F7E5FBC0F380112170D3
:1015600000F0380001220021202811D038280FD0A7
:10157000617010280ED018280CD020280AD0A17035
:10158000082809D0182807D0202805D0E17010BD00
:101590006270EEE7A270F3E7E27010BD10B50024B0
:1015A0004FF43850F7F7BEFBC00700D001242046A7
:1015B00010BD10B500244FF43850F7F7B3FBC0F35B
:1015C000C200062800D10124204610BD10B54FF4FA
:1015D00038542046F7F7A6FB20F080012046F7F7A5
:1015E00007FC2046F7F79EFB40F080012046BDE84F
:1015F0001040F7F7FDBB10B502780021012A00D199
:1016000040214278012A06D0C2788078012A05D08C
:1016100001280BD00CE041F0380109E0012802D08C
:1016200041F0080104E041F0180101E041F010012F
:101630004FF43850F7F7DCFBBDE81040FFF7C6BFAA
:1016400070B504464FF438563046F7F76BFB410649
:101650004FF0FF351AD520F03800012C10D040F0A3
:1016600038013046F7F7C4FBFFF7B0FF3046F7F715
:1016700059FB012C07D000F0380038B1002070BDB4
:1016800040F03001EDE700F03000F6E7284670BD8D
:1016900061F3070260F30F2290B2704770B5044601
:1016A0000E460846EEF749FE05460146204600F084
:1016B0000FF82A4631462068EEF71BFE20682844C2
:1016C000206070BD026811700168491C016070479C
:1016D00010B5CA17046801EB12631A0A2270026877
:1016E000521C026011700168491C016010BD70B588
:1016F000141E1E4605460BDD1146FFF7E9FF224684
:1017000031462868EEF7F5FD28682044286070BD52
:1017100019B1BDE87040FFF7C1BFBDE870400021BE
:10172000FFF7D6BFF0B587B00DF1300C4FF0000ECB
:101730009CE8F0004FF0010CCDE904C78DE8704043
:10174000F9F7EEFA07B0F0BD1CB537480168374A23
:10175000914207D1502080F31188BFF34F8FBFF320
:101760006F8FFEE700683149491E884207D150203B
:1017700080F31188BFF34F8FBFF36F8FFEE72C49C3
:1017800008780190FF20087008788DF800009DF817
:1017900000009DF8002000F0F000904207D050209B
:1017A00080F31188BFF34F8FBFF36F8FFEE79DF873
:1017B0000000204C00F0500020700720A06005E0E1
:1017C0009DF8002052008DF80020401E9DF800205A
:1017D0001206F5D4A060032807D0502080F31188AA
:1017E000BFF34F8FBFF36F8FFEE74FF44070A060E1
:1017F000019808700C482030016841F470010160C4
:10180000016841F070410160FFF73EF9002060601F
:10181000EEF7EAFC0848016841F040410160EEF74C
:10182000CFFC00201CBD000000ED00E071C20F41A4
:1018300000E400E07401002034EF00E010B5502017
:1018400080F31188BFF34F8FBFF36F8F00F096FDC9
:1018500018B104494FF080500860002080F31188CF
:1018600010BD000004ED00E010B50C4648B1844204
:101870000FD9502080F31188BFF34F8FBFF36F8FC4
:10188000FEE7502080F31188BFF34F8FBFF36F8FB7
:10189000FEE70222002100F02FF8002800D0846328
:1018A00010BD38B50C4648B184420FD9502080F3A2
:1018B0001188BFF34F8FBFF36F8FFEE7502080F387
:1018C0001188BFF34F8FBFF36F8FFEE702211346DE
:1018D00000220091114600F030F8002800D0846307
:1018E00038BD10B502460021012000F005F804467D
:1018F000FDF7E0FD204610BDF8B517460E46050081
:1019000013D005FB06F05030FEF756F804000AD05D
:10191000002084F8460004F150023B463146284638
:101920000094FDF7D3FD2046F8BD502080F31188C8
:10193000BFF34F8FBFF36F8FFEE738B5049D18B12B
:1019400053B1CAB181B120E0502080F31188BFF3B8
:101950004F8FBFF36F8FFEE7502080F31188BFF3E6
:101960004F8FBFF36F8FFEE7502080F31188BFF3D6
:101970004F8FBFF36F8FFEE739B1502080F311888E
:10198000BFF34F8FBFF36F8FFEE750241C46012338
:1019900084F846302B460094FDF798FD204638BD6C
:1019A00070B50D46040025D0FFF708F8D4E90F20E4
:1019B000216802FB0011A1600021A1632168616020
:1019C0000A46D4E90F01401E00FB0121E1602146D7
:1019D0004FF0FF3001F8440F487004F110008DB152
:1019E000FEF7BAFF04F12400FEF7B6FFFFF706F892
:1019F000012070BD502080F31188BFF34F8FBFF3DB
:101A00006F8FFEE721690029F0D000F097FD0028D4
:101A1000ECD004494FF080500860BFF34F8FBFF304
:101A20006F8FE3E704ED00E02DE9FF4782B01D462C
:101A30008A464FF00008040003D0BAF1000F08D026
:101A400011E0502080F31188BFF34F8FBFF36F8FE9
:101A5000FEE7206C38B1502080F31188BFF34F8F20
:101A6000BFF36F8FFEE7022D0AD1E06B012807D08C
:101A7000502080F31188BFF34F8FBFF36F8FFEE7C5
:101A800000F060FC3F4F4FF000094FF0805648B91E
:101A9000049838B1502080F31188BFF34F8FBFF303
:101AA0006F8FFEE7FEF78AFFA06BE16B884207D3DA
:101AB000022D05D00498D0B1B8F1000F1AD01EE065
:101AC0002A4651462046FDF74EFC616A19B104F1E1
:101AD000240000F033FD20B13E60BFF34F8FBFF311
:101AE0006F8FFEF78BFF012006B0BDE8F087FEF791
:101AF00085FF22E06846FFF719F94FF00108FEF76D
:101B00007DFFFFF7E1F9FEF759FF94F94400401C0F
:101B100001D184F8449094F94500401C01D184F827
:101B20004590FEF76BFF04A9684600F081FA30B1DA
:101B30002046FDF70BFF00F039FD0020D4E7FEF74B
:101B40003DFFA06BE16B884213D1FEF757FF04F114
:101B500010000499FFF7F8F82046FDF7F7FE00F0B3
:101B600025FD00289ED13E60BFF34F8FBFF36F8FDE
:101B700098E7FEF743FF2046FDF7E8FE00F016FD6C
:101B800090E7000004ED00E02DE9F0471F46904685
:101B90008946040003D0B9F1000F08D011E05020AD
:101BA00080F31188BFF34F8FBFF36F8FFEE7206C78
:101BB00038B1502080F31188BFF34F8FBFF36F8F80
:101BC000FEE7022F0AD1E06B012807D0502080F3F6
:101BD0001188BFF34F8FBFF36F8FFEE7FEF766FFED
:101BE0005020EFF3118680F31188BFF34F8FBFF3BE
:101BF0006F8FA06BE16B884206D3022F04D00020C8
:101C000086F31188BDE8F08794F94550A06B3A46F9
:101C100049462046FDF7A7FB681C04D06D1C84F8DC
:101C200045500120ECE7606A0028FAD004F1240056
:101C300000F084FC0028F4D0B8F1000FF1D00121AD
:101C4000C8F80010EDE770B50E46040009D0206C0E
:101C500078B1502080F31188BFF34F8FBFF36F8F9F
:101C6000FEE7502080F31188BFF34F8FBFF36F8FD3
:101C7000FEE7206848B9A06838B1502080F3118889
:101C8000BFF34F8FBFF36F8FFEE7FEF70FFF5020BC
:101C9000EFF3118580F31188BFF34F8FBFF36F8F80
:101CA000A16BE06B884218D994F94500491CA163E7
:101CB000411C04D0401C84F8450001200EE0606AFD
:101CC0000028FAD004F1240000F038FC0028F4D0F9
:101CD000002EF2D001203060EFE7002085F311885C
:101CE00070BD00002DE9F747002683B08A46040046
:101CF00003D0BAF1000F08D011E0502080F3118812
:101D0000BFF34F8FBFF36F8FFEE7206C38B15020C9
:101D100080F31188BFF34F8FBFF36F8FFEE700F0A2
:101D200011FBDFF8F4804FF000094FF0805748B9FD
:101D3000059838B1502080F31188BFF34F8FBFF35F
:101D40006F8FFEE7FEF73AFEA56BC5B15146204600
:101D5000FDF7F6FA6D1EA563206950B104F110007D
:101D600000F0ECFB28B1C8F80070BFF34F8FBFF351
:101D70006F8FFEF743FE012006B0BDE8F08705989F
:101D800008B11EB106E0FEF739FE27E06846FEF70F
:101D9000CDFF0126FEF732FEFFF796F8FEF70EFEA6
:101DA00094F94400401C01D184F8449094F9450012
:101DB000401C01D184F84590FEF720FE05A9684635
:101DC00000F036F9002820460AD0FDF7BFFD00F0EC
:101DD000EDFB2046FDF74EFC0028B3D00020CBE7FA
:101DE000FDF748FC90B104F124000599FEF7ACFF23
:101DF0002046FDF7ABFD00F0D9FB0028A2D1C8F8C2
:101E00000070BFF34F8FBFF36F8F9BE72046FDF746
:101E10009DFD00F0CBFB95E704ED00E02DE9F047D8
:101E200090468946040003D0B9F1000F08D011E0B4
:101E3000502080F31188BFF34F8FBFF36F8FFEE701
:101E4000206C38B1502080F31188BFF34F8FBFF35F
:101E50006F8FFEE7FEF72AFE5020EFF3118680F326
:101E60001188BFF34F8FBFF36F8FA76BF7B194F952
:101E7000445049462046FDF763FA7F1EA763681C5D
:101E800004D06D1C84F84450012010E02069002823
:101E9000FAD004F1100000F051FB0028F4D0B8F1A2
:101EA000000FF1D00121C8F80010EDE7002086F303
:101EB0001188BDE8F08700002DE9F343002683B0C8
:101EC0000400354609D0206C78B1502080F3118889
:101ED000BFF34F8FBFF36F8FFEE7502080F3118861
:101EE000BFF34F8FBFF36F8FFEE700F02BFADFF8E1
:101EF0003C814FF000094FF0805748B9049838B141
:101F0000502080F31188BFF34F8FBFF36F8FFEE730
:101F1000FEF754FDA06BC8B1401EA063206810B945
:101F2000FDF7B8FDA060206950B104F1100000F089
:101F300005FB28B1C8F80070BFF34F8FBFF36F8F58
:101F4000FEF75CFD012005B0BDE8F083049808B100
:101F500066B10FE03DB1502080F31188BFF34F8F81
:101F6000BFF36F8FFEE7FEF749FD5DE06846FEF7C1
:101F7000DDFE0126FEF742FDFEF7A6FFFEF71EFD81
:101F800094F94400401C01D184F8449094F9450030
:101F9000401C01D184F84590FEF730FD04A9684645
:101FA00000F046F80028204612D0FDF7CFFC00F0E4
:101FB000FDFA2046FDF75EFB0028A9D09DB3FEF791
:101FC000FDFC606A50B3206B0068C0F1380126E068
:101FD000FDF750FBE0B1206838B9FEF7EFFCA068D0
:101FE00000F070FA0546FEF709FD04F1240004999B
:101FF000FEF7AAFE2046FDF7A9FC00F0D7FA00285C
:1020000086D1C8F80070BFF34F8FBFF36F8F7FE7A3
:102010002046FDF79BFC00F0C9FA79E70021A06893
:10202000FEF7C6FE9FE7FFE700208CE704ED00E027
:102030002DE9F0410C46050011D0C4B1FEF7BEFCFD
:10204000174BDA686E682068911B471C17D02F6801
:102050001B6A9F4219D0964217D8012410E05020E5
:1020600080F31188BFF34F8FBFF36F8FFEE75020CF
:1020700080F31188BFF34F8FBFF36F8FFEE700240B
:10208000FEF7BCFC2046BDE8F081884205D9401A25
:1020900020602846FEF74AFEF1E700202060DCE7DA
:1020A000000100202DE9FF5F8346DDE90E87994698
:1020B00016468A469000FDF77FFC05001CD05C2088
:1020C000FDF77AFC040014D00020256384F8590041
:1020D000CDE90240CDE900874B463246514658468D
:1020E000FDF706FA2046FDF795F8012004B0BDE89B
:1020F000F09F2846FEF796FC4FF0FF30F6E7F0B56C
:1021000085B0DDE90B640A9DA6B1DCB15C270097C0
:102110002663022684F85960002604AFCDE9024602
:10212000CDE90057FDF7E4F92046FDF773F8049870
:1021300005B0F0BD502080F31188BFF34F8FBFF37F
:102140006F8FFEE7502080F31188BFF34F8FBFF3EE
:102150006F8FFEE72DE9F0411F4690460D460126A0
:1021600090B10446FEF72AFC0FB1606D386094F818
:102170005800022184F85810B8F1050F19D2DFE891
:1021800008F0230B0E141200502080F31188BFF3C7
:102190004F8FBFF36F8FFEE7616D294301E0616DE3
:1021A000491C616510E0022801D065650CE000263D
:1021B00034E0616D491C07D0502080F31188BFF3D3
:1021C0004F8FBFF36F8FFEE7012827D1201DFEF749
:1021D0009AFB154DE06A2969884200D928611349A4
:1021E00000EB800001EB8000211DFEF7DBFBA06A05
:1021F00038B1502080F31188BFF34F8FBFF36F8F3A
:10220000FEE7E06A2968C96A884207D908494FF0A1
:1022100080500860BFF34F8FBFF36F8FFEF7EEFB68
:102220003046BDE8F081000000010020EC1F0020D6
:1022300004ED00E02DE9F0471F46DDF820909246BE
:102240000D4604004FF001081AD0FEF72FFC502075
:10225000EFF3118680F31188BFF34F8FBFF36F8FB9
:102260000FB1606D386094F85800022184F858105E
:10227000BAF1050F1AD2DFE80AF0240B0E1412008F
:10228000502080F31188BFF34F8FBFF36F8FFEE7AD
:10229000616D294301E0616D491C616511E002280F
:1022A00001D065650DE04FF0000839E0616D491C13
:1022B00007D0502080F31188BFF34F8FBFF36F8F8B
:1022C000FEE701282CD1A06A38B1502080F3118894
:1022D000BFF34F8FBFF36F8FFEE7144D286B18B11C
:1022E00004F1180112480DE0201DFEF70CFBE06A16
:1022F0002969884200D928610E4900EB800001EB72
:102300008000211DFEF74EFBE06A2968C96A8842F9
:1023100006D90120B9F1000F01D0C9F80000E86129
:1023200086F311884046BDE8F087000000010020D8
:1023300074240020EC1F0020014800687047000052
:10234000000100200548416919B1006B18B1002057
:1023500070470120704702207047000000010020F4
:102360000148C068704700000001002010B5FEF76A
:102370009DFB0148C06810BD000100202DE9F0411F
:102380002E4C0027206B28B1A069401CA061384664
:10239000BDE8F081E668761CE66013D1606B0068EA
:1023A00038B1502080F31188BFF34F8FBFF36F8F88
:1023B000FEE7606BA16B6163A063206A401C206232
:1023C000FDF744FAA06ADFF87880864209D3606B93
:1023D0000068A0B1606BC068C5686868864211D2A9
:1023E000A0622068C06A00EB800158F82100012833
:1023F00000D90127E0690028C9D00127C7E74FF0BD
:10240000FF30EDE7281DFEF77EFAA86A18B105F146
:102410001800FEF778FAE86A2169884200D920613D
:1024200000EB800108EB8100291DFEF7BBFAE86A8A
:102430002168C96A8842CAD30127C8E70001002081
:10244000EC1F002070B504004FF0000133D01B4D8D
:102450002868844207D0502080F31188BFF34F8F43
:10246000BFF36F8FFEE7206D38B1401E2065E36C2F
:10247000E26A9A421FD040B11DE0502080F31188DB
:10248000BFF34F8FBFF36F8FFEE7201DFEF73BFAC0
:10249000E06CE062C0F13800A061E06A296988421E
:1024A00000D92861064900EB800001EB8000211D66
:1024B000FEF778FA0121084670BD000000010020F7
:1024C000EC1F002070B504004FF000002BD0194D18
:1024D000E16A2A68D26A914226D2A069002804DB08
:1024E0002868C06AC0F13800A061134E01EB810179
:1024F000606906EB8101884211D1201DFEF703FAC5
:102500002868C06AE0622969884200D9286100EB26
:10251000800006EB8000211DFEF744FA02E02868E7
:10252000C06AE062012070BDE16C2A68D26A914203
:10253000F8D370BD00010020EC1F002070B5C0680A
:10254000C46854B104F118000646FEF7DCF9144DD6
:10255000286B50B13146134815E0502080F31188A4
:10256000BFF34F8FBFF36F8FFEE7201DFEF7CBF950
:10257000E06A2969884200D928610B4900EB800094
:1025800001EB8000211DFEF70DFAE06A2968C96A97
:10259000884202D90120E86170BD002070BD0000B2
:1025A0000001002074240020EC1F00202DE9F047DA
:1025B0002C4D00242746286B38B1FEF7FFF9286B15
:1025C000401E2863286B40B146E0502080F31188FC
:1025D000BFF34F8FBFF36F8FFEE7A968224E012034
:1025E000D1B3A6F5916980463068E0B1F068C4685F
:1025F00004F11800FEF787F9201DFEF784F9E06A60
:102600002969884200D9286100EB800109EB81002B
:10261000211DFEF7C7F9E06A2968C96A8842E3D339
:10262000C5F81C80E0E70CB1FDF710F9AC694CB1BE
:102630004FEA0806FFF7A2FE00B1EE61641EF9D171
:102640000020A861E86938B1084901273807086007
:10265000BFF34F8FBFF36F8FFEF7D0F93846BDE859
:10266000F0870000000100207424002004ED00E049
:102670002DE9FC4781461E46174688462C200A9DB8
:10268000FDF79AF904000AD0002084F82800CDE96B
:10269000005433463A4641464846FCF781FF2046FF
:1026A000BDE8FC877CB52C26DDE90654009644B1D4
:1026B000022684F82860CDE90054FCF771FF20461B
:1026C0007CBD502080F31188BFF34F8FBFF36F8F15
:1026D000FEE7000010B586B0FCF704FE114C206840
:1026E000B8B100200390049005AA04A903A8FEF73E
:1026F00027F9DDE9032137208DE8070000230AA12F
:102700000B48059AFFF7FBFC606010B106B0012092
:1027100010BD502080F31188BFF34F8FBFF36F8F30
:10272000FEE700003C010020546D722053766300E8
:1027300029F900082DE9FF411E46134602000A9DB3
:102740004FF0000016D0144C2768002F0FD0CDE9B1
:1027500000130292062917DAFFF7F4FD02284FF062
:1027600000030FD0002269462068FFF75DF904B02E
:10277000BDE8F081502080F31188BFF34F8FBFF385
:102780006F8FFEE72A46EEE7002332466946384659
:10279000FFF7FAF9EBE700003C01002044575F32F5
:1027A00030323531313134000D0A00525332333278
:1027B000207265636569766564206D73673A0D0AFA
:1027C00000000000742D010800000000000000005F
:1027D00000000000000000000008000018000000D9
:1027E0000000000000000000842D0108000000002F
:1027F00000000000000000000000000000080000D1
:10280000180000000000000000000000C42D0108B6
:1028100000000000000000000000000000000000B8
:102820000008000018000000000000000000000088
:10283000942D0108000000000000000000000000CE
:102840000000000000040000200000000000000064
:1028500000000000A42D010800000000000000009E
:102860000000000000000000000400002000000044
:102870000000000000000000B82D0108000000006A
:102880000000000000000000000000000002000046
:102890000800000000000000000000004D515443FB
:1028A0000000000004000000000000000000000024
:1028B000000000003C0001004D5154570000000092
:1028C0000000000000000000000000000000000008
:1028D00000000000000000000000000000000000F8
:1028E00000000000000000000000000000000000E8
:1028F000000000004D51544300000000040000009F
:102900000000000000000000000000003C0001008A
:102910004D5154570000000000000000000000006E
:1029200000000000000000000000000000000000A7
:102930000000000000000000000000000000000097
:10294000000000000000000000000000000610165B
:102950000006101600000000000000000102030441
:102960000607080900000000010203040800000037
:102970000000000008000000000000000008DC115A
:102980002233C0A8027BFFFFFF00C0A80101080896
:10299000080801004D5154430000000004000000ED
:1029A0000000000000000000000000003C000100EA
:1029B0004D515457000000000000000000000000CE
:1029C0000000000000000000000000000000000007
:1029D00000000000000000000000000000000000F7
:1029E00000000000000000000000000001020304DD
:1029F00005060F105C2F0108000000000000000019
:102A00000000000000000000000000004C2F010842
:102A100000000000000000000000000000000000B6
:102A2000000200001800000000000000000000008C
:102A3000702F0108000000000000000000000000EE
:102A40000000000000040000200000000000000062
:102A500000000000842F01080000000000000000BA
:102A60000000000001000000000000000001010162
:102A7000010001000001010101010000000000004F
:102A8000010001000002000000030000000400003B
:102A900000050000800100008002000080030000AB
:102AA000800400000000000014020020010000105B
:102AB000280200200100011044020020010005103E
:102AC00058020020010006106C02002001000710CF
:102AD0008402002001001410B0020020050018102C
:102AE000100300200400801264030020070000147B
:102AF000E80300200700011464040020030000160E
:102B00009C04002002000116D004002007000018D9
:102B10005405002007000118D00500200300001A0A
:102B2000080600200200011A2806002001000020EB
:102B30003806002001000120480600200100022084
:102B40005806002001004060680600200100416036
:102B500078060020010064608806002001006C6097
:102B60009806002001007860A806002001007A6025
:102B7000B806002001008160C80600200100FF6047
:102B80000000070008000A000C000E00000007000B
:102B900009000B000D000F001B0000005809002069
:102BA000010000106C0900200100011088090020BC
:102BB000010005109C09002001000610B00900204A
:102BC00001000710C809002001001410F4090020BA
:102BD00005001810540A002004008012A80A0020E2
:102BE000070000142C0B002007000114A80B002084
:102BF00003000016E00B002002000116140C002058
:102C000007000018980C002007000118140D002080
:102C10000300001A4C0D00200200011A6C0D002068
:102C2000010000207C0D0020010001208C0D0020FF
:102C3000010002209C0D002001004160AC0D00202D
:102C400001006460BC0D002001006C600000070002
:102C500008000A000C000E000000070009000B002D
:102C60000D000F001600DDDDDDDDDCBBBBDDDDDDD5
:102C7000DDDDDDDDDDDD98888888888888887777E8
:102C8000777777888888855555566666666666665E
:102C900066666668888883333332222222222222A3
:102CA00022222228888D00005A65726F4572722098
:102CB00063757272656E74207374617475732069C4
:102CC00073204F5045524154494F4E5F454E41424B
:102CD0004C45442C20656E61626C6520636F6D709D
:102CE0006C657465642E0D0A000000004B696E630C
:102CF0006F2063757272656E74207374617475737E
:102D0000206973205357495443485F4F4E5F4449ED
:102D10005341424C45442C2064697361626C6520C8
:102D2000636F6D706C657465642E0D0A00000000A1
:102D30005A65726F4572722063757272656E742087
:102D400073746174757320697320535749544348F1
:102D50005F4F4E5F44495341424C45442C206469C7
:102D60007361626C6520636F6D706C657465642E51
:102D70000D0A00006B696E636F4374726C5461736B
:102D80006B0000007A65726F6572724374726C54E6
:102D900061736B006C65667447726970706572541C
:102DA00061736B00726967687447726970706572ED
:102DB0005461736B000000006D6F6E69746F725424
:102DC00061736B006D7174745461736B000000006B
:102DD000726F626F742F73746174757300000000FA
:102DE0007B226C6566745F67726970706572223AE7
:102DF0007B22706F73223A25752C2272656163689D
:102E00006564223A25752C227761726E696E67229D
:102E10003A25757D2C2272696768745F67726970E4
:102E2000706572223A7B22706F73223A25752C22CC
:102E300072656163686564223A25752C2277617238
:102E40006E696E67223A25757D2C227379735F6BEC
:102E5000696E636F223A7B227374617475735F7756
:102E60006F7264223A25752C226572726F725F63ED
:102E70006F6465223A25752C22706F736974696FCF
:102E80006E223A256C642C2276656C6F63697479C6
:102E9000223A256C647D2C227379735F7A65726F98
:102EA000657272223A7B227374617475735F776FF7
:102EB0007264223A25752C226572726F725F636F9D
:102EC0006465223A25752C22706F736974696F6E80
:102ED000223A256C642C2276656C6F6369747922C2
:102EE0003A256C647D2C226770696F5F696E223AA7
:102EF0005B25642C25642C25642C25642C25642CEE
:102F000025645D7D000000005B4E6574776F726B19
:102F1000436F6E6E6563745D20636F6E6E65637480
:102F2000282920726573756C743D25642C20536EBE
:102F30005F53523D3078253032582C20536E5F4914
:102F4000523D3078253032580D0A00005461736BC1
:102F50004D6F64627573536C61766500517565756C
:102F6000654D6F6462757354656C656772616D0061
:102F70005461736B4D6F646275734D6173746572E8
:102F8000000000004D6F644275735370687200005A
:102F9000B02F010800000020441000005C1300085E
:102FA000E4330108441000204C84000068A00008AD
:102FB000811309A01408819F14081DFC0220080C2D
:102FC0001FD02D0124014448185253343835412074
:102FD0007472616E736D697420746573742E0D0A5A
:102FE000180A1542180A104318C1320182100379D9
:102FF00024F41AAA01510216C050080102573535AF
:1030000030301E9F120108A1041AAD041AAB041A35
:103010005B041A5F0401205BFFFF04012B14920183
:1030200002230207320413100282201B020594318E
:103030009A2414412280124059305A401C244042A4
:103040000F59140A1154149A684419407918DA80F7
:103050005C39162203A3444669885A9E2C69ACDA6F
:10306000A010DAA410DAA8105AAC10195F112301CD
:10307000065A815869601919498C5930DA04106A66
:10308000081059305A0C10194B113A81410910B4EB
:10309000DA5044DA54446A581019453202DA5A2098
:1030A000DA5C20DA5E209A60840A158284DAD4849D
:1030B000DAD844DADC64DADE20DAE020DAE2205A18
:1030C000E410291C1210144160207B6460E08A0423
:1030D0003C297C6A5C10598C5A6010292C12207A89
:1030E0006C38DA94285A981029E81A01690A11FFF5
:1030F000E8DABC346AC01059209AC48C29ACDAC60C
:1031000020DAC820DACA209ACC840A150284CB407F
:1031100005846A441059206A48105964DA4A20DA52
:103120004C20DA4E205A5010291C22101320207BEC
:103130000120E0D97CDAC8105ACC10292C12207A50
:103140000238196CB9286A04105984CBE40120DADA
:10315000E8106AEC1059305AF0105A02106AF21056
:10316000192D2930DAF4106AF8104A03306AFC503D
:1031700059201915C9A0691059206A0810111AFFA1
:1031800001E1E9121A0C2C5EA82A0108D8E41309FF
:103190009F1F08802B01088C041A98041AA41C1382
:1031A0004D46024C086982720F13AFA21B08CD0472
:1031B0001AC1048B1BAD6C1A949C1A98041338091D
:1031C0001B209C0829381AAD240A270F0101561A22
:1031D000FF011ABF881A7C941A7E04018023FFFF26
:1031E0001A40881A54041ACB981AC7041AC3041A2E
:1031F000C5044113F5444C081DAD0C4102100119E2
:10320000111A383C1A3C041A24040A2180D45AC9E1
:103210005C011C23020732048B5409504B020580C9
:103220009A6814411A80C31159305A841C244042B0
:103230000F5914AA983059149AAC149A8118DAC408
:103240005C4916D99C59885AE22C69ACDAE410DA48
:10325000E810DAEC105AF01032031B0106885958B6
:1032600069605B440A8C5930DA48106A4C10593056
:103270005A5010194B112A81110911B4DA9444DA09
:1032800098446A9C1019453202DA9E20DAA020DAAE
:10329000A2209AA4840A158284CB180B846A1C107D
:1032A00059206A20105964DA2220DA2420DA2620F4
:1032B0005A2810291C1210144160207B6460E0D948
:1032C0007CDAA0105AA4103988117A6C38DAD82820
:1032D0005ADC1029E81A01690A11FFE811CA0C34F6
:1032E0006A041059206A081059C8DA0A20DA0C203A
:1032F000DA0E205A101029840A150284DA8484DA3E
:103300008844DA8C64DA8E20DA9020DA92205A949B
:1033100010291C22101320207B0120E0CA0D7CDA2A
:103320000C105A1010292C12207A0238DA44286A1C
:1033300048105984CB3A0920DA3C105A40105A02FE
:10334000306A4410191D3950D9106A4C40111AFFC7
:1033500001E1E9121A502C5E9C2B0108CC94130950
:103360009F1F084C2C010858041A64041A9A1C1355
:10337000D18F024C086982720F13AFA21B08CD04D3
:103380001AC1048B1BAD6C1AD89C1ADC04132C10C8
:103390001B20E00829381AAD240A270F0101561A0C
:1033A000FF011ABF881AC0941AC204018023FFFFCC
:1033B0001A84881A98041ACB981AC7041AC3041AD4
:1033C000C5044113C18E4C081DAD0C4102100119FA
:1033D000111A7C3C1A80041A68040A21C4D45AC900
:0433E0005C01140078
:040000050800018965
:00000001FF
