:020000040800F2
:10000000A894002061020008C9690008F3460008AE
:10001000196800086D150008818B000800000000B9
:10002000000000000000000000000000A101000826
:100030008917000800000000FD0100087582000813
:100040007B0200087B0200087B0200087B0200089C
:100050007B0200087B0200087B0200087B0200088C
:100060007B0200087B0200087B0200087B0200087C
:100070009D160008A9160008B5160008C11600084C
:100080007B0200087B0200087B0200087B0200085C
:10009000711500087B0200087B0200087B02000843
:1000A0007B0200087B0200087B0200087B0200083C
:1000B0007B0200087B0200087B0200087B0200082C
:1000C0007B0200087B0200087B0200087B0200081C
:1000D0007B0200085D8B0008698B0008758B0008A7
:1000E0007B0200087B0200087B0200087B020008FC
:1000F0007B0200087B0200087B0200087B020008EC
:100100007B0200087B020008398300087B0200089C
:100110007586000881860008858300087B02000838
:100120007B0200087B020008CD1600087B02000855
:100130007B0200087B0200087B0200087B020008AB
:100140007D1500087B0200087B0200087B02000886
:100150007B0200087B020008D91600087B02000819
:100160007B0200087B0200087B0200087B0200087B
:100170007B0200087B0200087B02000800000000F0
:100180007B0200087B020008DFF810D000F032FF8D
:100190000048004745CB0008AFF30080A89400203A
:1001A0002C4B19680868B0E8F04F80F30988BFF35A
:1001B0006F8F4FF0000080F311887047000000003F
:1001C00008480068006880F308884FF0000080F35A
:1001D000148862B661B6BFF34F8FBFF36F8F00DF35
:1001E00000BF00BF08ED00E0DFF80C00016841F43B
:1001F00070010160704700BF88ED00E0EFF30980F7
:10020000BFF36F8F134B1A681EF0100F08BF20ED5D
:10021000108A20E9F04F106009B44FF0500080F3CD
:100220001188BFF34F8FBFF36F8F10F0E3FF4FF0D4
:10023000000080F3118809BC19680868B0E8F04F25
:100240001EF0100F08BFB0EC108A80F30988BFF3CE
:100250006F8F704704010020EFF3058070470000A6
:100260000648804706480047FEE7FEE7FEE7FEE750
:10027000FEE7FEE7FEE7FEE7FEE7FEE7298300086C
:10028000890100082DE9F05F0546002092469B4653
:1002900088460646814640241BE02846414647469C
:1002A000224600F03CFD53465A46C01A914110D3F5
:1002B00011461846224600F023FD2D1A67EB01086F
:1002C0004F4622460120002100F01AFD17EB0009DD
:1002D0004E41201EA4F10104DFDC484631462A4687
:1002E0004346BDE8F09FA0F14101192900D8203014
:1002F000704740EA01039B0703D009E008C9121FB9
:1003000008C0042AFAD203E011F8013B00F8013BCF
:10031000521EF9D27047D2B201E000F8012B491EFB
:10032000FBD270470022F6E710B513460A46044692
:100330001946FFF7F0FF204610BD421C10F8011BC4
:100340000029FBD1801A704710B5002200E0521C32
:10035000835C8C5CA34201D1002BF8D1D8B2E1B20E
:10036000401A10BD30B504460020034600E05B1C77
:10037000934203D2E05CCD5C401BF8D030BD30B579
:1003800005460020034600E05B1C934205D2EC5C6E
:10039000C85C201A01D1002CF6D130BD0FB400B5D5
:1003A0008DB010A909900B9000914FF0FF300A908A
:1003B00000200C9005480690054807906A4609A859
:1003C0000F9900F0E3FC0DB05DF814FBA90D0008D7
:1003D000C70D00082DE9FF5F1D464FF0FF3BD5E933
:1003E000014691465F464FF00008A9697F1C0198BD
:1003F0008847296A824688470028F6D1BAF1FF3F2C
:100400000CD024F4C064002E19DD600614D5BAF1B6
:100410002B0F09D0BAF12D0F0ED103E0584604B0CE
:10042000BDE8F09F44F48064A9697F1C0198884767
:10043000761E8246002E02DDBAF1300F03D0B9F1EC
:10044000000F26D032E0A969761E44F400747F1CA8
:10045000019888478246002E05DDBAF1780F06D054
:10046000BAF1580F03D0B9F1000F10D01EE0B9F166
:10047000000F02D0B9F1100F18D1A969761E24F42B
:1004800000747F1C019888478246102002E00820F3
:1004900000E00A20814609E008FB0908A969761EE8
:1004A00044F400747F1C019888478246002E05DDC5
:1004B0004946504600F055FC0028EDDAE9690198FC
:1004C0008847A00502D46FF00100A8E7E00725D116
:1004D000600613D5600502D5C8F1000000E0404673
:1004E00029680A1D2A600968220501D5087015E0EF
:1004F000220701D5088011E008600FE02868011D7F
:1005000029600068210502D580F8008006E02107F7
:1005100002D5A0F8008001E0C0F8008038467EE7F0
:100520002DE9FF4F087883B09946FF2805D0491C74
:100530002D2804D00024002008E000200BE0012436
:10054000F9E700EB800003EB4000491C0B78FF2B20
:10055000F7D104B1404200230293147819461D4696
:100560002D2C01D02B2C04D1521C2D2C13D0002467
:100570000294AA461478FF2C0FD00A25A3FB057815
:1005800001FB05814FF0000C03FB0C11521CE31919
:100590004AEB0101EEE70124EAE7814453EA010056
:1005A00002D019F5C87F06DA03980021C0E90011CE
:1005B00007B0BDE8F08F0025AE4E2F46DFF8B882B9
:1005C000184600F0F3FCCDE90001B9F1000002DAB1
:1005D000C9F1000400E004460023A74A1AEB030B0C
:1005E00042EB045A12E0E00707D02A463346384669
:1005F000414600F0ECF9074688462A463346104645
:10060000194600F0E4F905460E466410002CEAD1C4
:10061000DDE90001B9F1000F5A46534606DA00F051
:1006200048FA3A46434600F044FA05E000F0CFF9B4
:100630003A46434600F0CBF9029A0AB181F00041F4
:10064000039AC2E90001B3E72DE9FF4F1F468DB0C1
:10065000D7E901464FF0FF382E2045464FF00009FC
:100660000B90B9696D1C0E988847396A8246884795
:100670000028F6D1BAF1FF3F0AD024F4D064002E4E
:1006800011DDBAF12B0F08D0BAF12D0F0BD102E01A
:10069000404611B08DE744F48064B9696D1C0E9832
:1006A00088478246761E6946600501D52D2000E008
:1006B0002B208DF8000001F1010B0DF1200809E05D
:1006C000B9696D1C0E98884782460F9844F40074EF
:1006D000761E0560002E02DDBAF1300FF0D00B99C6
:1006E0008A453ED144F0800406E00F99681CA9F1C8
:1006F000010944F400740860B9696D1C761E0E98F7
:10070000884782463028F0D02BE00B998A4505D1E6
:10071000200603D444F08004761E18E0504609F009
:1007200047FF08B30DF11301761E44F400748B45A6
:1007300008D2AAF130000BF8010B200607D5A9F169
:10074000010003E0200602D409F101008146A00562
:1007500002D50F99681C0860B9696D1C0E9888470E
:100760008246002ED1DC53E0002E51DDBAF1650F38
:1007700002D0BAF1450F4BD1A00549D5B9696D1C1E
:1007800024F44074761E0E9888478246002E0CDDB5
:100790002B2804D0BAF12D0F07D144F48074B96925
:1007A0006D1C0E9888478246761EE00501D52D21E6
:1007B00000E02B2108F8011BCDF82C8021E00DF181
:1007C0002901761E44F4007488450CD2AAF1300049
:1007D00010F0FF0088F8000002D10B99884509D974
:1007E00008F1010806E0E00501D5244801E042F2E5
:1007F0000F708146B9696D1C0E98884782460F9824
:100800000560002E04DD504609F0D2FE0028D6D146
:10081000F9690E988847FF208BF8000088F80000DF
:100820000020069007904B466A4608A906A8FFF7E5
:1008300077FEA00502D46FF001002AE714F0240F20
:100840000AD0E00714D1DDE906123868031D3B60C9
:100850000068C0E900120BE0DDE9060100F01EFAB5
:100860000146E00704D13868021D3A600068016063
:1008700028460EE7000014400000F03FF1D8FFFFCB
:100880002DE9FE4F804681EA0300C00F0C46009020
:1008900021F0004123F00045B8EB0200A94105D248
:1008A0004046214690461C460B46024623F0004037
:1008B000104347D0270DC7F30A00C3F30A51029033
:1008C000401A019040286BDAC3F3130040F4801BF8
:1008D0000098924620B10023D2EB030A63EB0B0B86
:1008E00001985946C0F14002504600F009FA064608
:1008F0000D4650465946019A00F021FA10EB0800C7
:100900006141002487EA115284EAE7731A4340D018
:10091000009A62B3019A012A4FEA075215DC001BC4
:1009200061EB02014FF0004202EA0752CDE90042BA
:10093000001C41F5801132462B4600F0E9FA03B065
:10094000BDE8F08F40462146F9E7001B61EB02014C
:10095000001C41F5801300185B412018A2F5001718
:1009600047EB030140EAD570B6196D4111E06D08FF
:100970004FEA360645EAC0754FEA0752001B61EBA5
:100980000201001C41F5801149084FEA30000019AE
:10099000514132462B4603B0BDE8F04F00F0A9BAF2
:1009A0000098012240000023D0EB020263EBE073C9
:1009B000009821464FEAE074B8EB000061EB0401B7
:1009C000E9E783F000435BE781F0004158E72DE958
:1009D000FE4F81EA030404F0004421F0004100943A
:1009E0004FF0000B23F0004350EA01045ED052EABE
:1009F00003045BD0C3F30A54C1F30A552C44A4F298
:100A0000F3340194A0FB0254C1F3130141F48011AB
:100A1000C3F3130343F4801301FB024400FB034EB2
:100A2000840A970A44EA815447EA8357A4FB07687B
:100A300002958D0A05FB07854FEA932C04FB0C54A5
:100A40002705029D4FEA065847EA1637B5EB080519
:100A50006EEB070C870E920E47EA811742EA83126B
:100A6000A7FB0201B6EB0B0164EB00042B0D43EA7C
:100A70000C335E1844EB1C50DA465146E7FB02018A
:100A8000C5F313044FEA0B3343EA14534FEA04321D
:100A9000019C43EA0603A4F10C040294009CCDE9F6
:100AA00000B400F035FA03B0BDE8F08F0020014635
:100AB000F9E72DE9F04D81EA030404F0004B21F041
:100AC000004514464FF0000A23F0004150EA0502A9
:100AD00020D054EA01021DD0C5F30A570246C5F3DF
:100AE0001303C1F31300C1F30A5640F4801543F415
:100AF0008013A7EB0608101BD64608F2FD3873EBEF
:100B0000050002D308F1010801E092185B41B8F139
:100B1000000F03DA00200146BDE8F08D00204FF4FD
:100B20008011064684460EE0171B73EB050705D3BC
:100B3000121B63EB050306434CEA010C49084FEA1C
:100B4000300092185B4150EA0107EDD152EA0300F0
:100B500012D082EA040083EA0501084305D0101B85
:100B6000AB4106D20122002306E000224FF00043F1
:100B700002E06FF0010253101AEB06004CEB085133
:100B800010EB0A0041EB0B01BDE8F04D00F0B1B9EC
:100B90000EB5C10F80EAE0700844CA07002140F298
:100BA00033438DE80E000A460B4600F0B1F903B05E
:100BB00000BD0EB540F2334102910021CDE9001194
:100BC0000A460B4600F0A4F903B000BD70B5C1F3AE
:100BD0000A5201F000450024C1F3130140F2FF3333
:100BE00041F480119A4201DA002070BD40F2334393
:100BF0009A42A2F2334203DC524200F090F800E045
:100C000090402C43F1D0404270BDC1F30A5210B560
:100C1000C1F3130140F2FF3341F480119A4201DA2B
:100C2000002010BD40F233439A42A2F2334203DC6B
:100C3000524200F074F810BD904010BD30B5041E53
:100C400071F1000404DB4FF00044404264EB010109
:100C5000141E73F1000405DB1C464FF000435242A2
:100C600063EB04038B4208BF824230BD30B5041EE3
:100C700071F1000404DB4FF00044404264EB0101D9
:100C8000141E73F1000405DB1C464FF00043524272
:100C900063EB0403994208BF904230BD01F000436A
:100CA00030B421F0004150EA010206D00A0DA2F54D
:100CB0006072C1F31301002A02DC30BC00207047CF
:100CC000440F44EAC104C100E01830BC00EBC2503C
:100CD00000F0D8B830B50B46014600202022012490
:100CE00009E021FA02F59D4205D303FA02F5491BFA
:100CF00004FA02F52844151EA2F10102F1DC30BD10
:100D0000202A04DB203A00FA02F1002070479140CB
:100D1000C2F1200320FA03F3194390407047202AC0
:100D200004DB203A21FA02F00021704721FA02F395
:100D3000D040C2F120029140084319467047202A52
:100D400006DBCB17203A41FA02F043EAE07306E0F3
:100D500041FA02F3D040C2F1200291400843194603
:100D600070473A2800D2303820F02002412A01D3BF
:100D7000A2F13700884201D34FF0FF3070470000E6
:100D8000026811441378016018467047D160044925
:100D900051610449116200211161114600F042B90C
:100DA000810D000819100008426842B1016811F86D
:100DB000013B23B1521EC0E90012184670470121C1
:100DC000C160881E704742685AB1C368016843B960
:100DD00083688B4205D0491E521CC0E900120020D6
:100DE00070474FF0FF3070470FB4002300B589B053
:100DF0000CA900910B996FF00042CB601E4B06933B
:100E00001E4B07930423CDE901321D4A0892024686
:100E10006B460020FFF718FC09B05DF814FB70B5B5
:100E200086B006464FF0FF300091CDE90101002069
:100E300015460C4604903246694604A8FFF7D4FFD5
:100E400002460498211825B108B1084600E0204662
:100E50002860049800280DD0002A02DD00988842FE
:100E600008D0081B0094CDE901043246694604A865
:100E7000FFF7BAFF06B070BDA90D0008C70D000846
:100E8000191000080029A8BF7047401C490008BF7E
:100E900020F00100704710B4B0FA80FC00FA0CF0AA
:100EA00050EA010404BF10BC704749B1CCF12004E2
:100EB00021FA04F411FA0CF118BF0121214308436F
:100EC000A3EB0C01CB1D4FEA00614FEA102042BF9B
:100ED000002010BC704700EBC35010440029A4BF91
:100EE00010BC7047401C490008BF20F0010010BC36
:100EF000704710B5141E73F1000408DA401C41F16C
:100F0000000192185B411A4301D120F0010010BD8D
:100F10002DE9F04D92469B4611B1B1FA81F202E003
:100F2000B0FA80F220329046FFF7EAFE04460F4600
:100F300040EA0A0041EA0B0153465A46084313D0DF
:100F4000114653EA010019D0C8F140025046FFF79C
:100F5000E6FE05460E46504659464246FFF7D0FE8D
:100F6000084305D0012004E020463946BDE8F08D55
:100F70000020054346EAE0762C4337430A98630590
:100F8000E40AA0EB08000022FD0A44EA47540A30B4
:100F900002D500200146E9E7010510196941DDE9A4
:100FA000084500196941BDE8F04DA2E70EB540F2D1
:100FB000334202920022CDE900221346FFF7A8FF38
:100FC00003B000BDC1F30A52C1F3130140F2FF3375
:100FD00041F480119A4202DA00200146704740F243
:100FE00033439A42A2F2334202DC5242FFF797BEE9
:100FF000FFF786BE064C074D06E0E06840F00103AF
:1010000094E8070098471034AC42F6D3FFF7C0F8D5
:101010001033010830330108C0B24FF4F05100F032
:1010200099B900002DE9F34F8BB04FF0000801F1A2
:101030000C000C464FF0010B46460DF1080A0190DA
:101040006269012101989047051E2DD0252D2CD0D5
:10105000216A8847C0B16269012101989047216ADD
:1010600088470028F7D1411E62690198904700E047
:10107000761CA1690B988847216A88470028F7D118
:10108000E1690B988847DBE7A1690B988847074619
:10109000A84201D1761CD3E7E1690B9888477F1CF1
:1010A00002D1B8F1000F6FD047E1002762693D46D9
:1010B0003946019890472A2804D162690121019894
:1010C00090470125DFF888926269012101989047D5
:1010D000A0F130010A290AD24F45E5DC07EB870170
:1010E00000EB4107303FDFD445F01005ECE7E9069F
:1010F00001D46FF000476C280AD04C2814D068281F
:1011000015D06A280DD074281CD07A281AD01DE07A
:1011100062690121019890476C2802D045F00405CE
:1011200014E045F002050DE045F020050AE0626993
:10113000012101989047682802D045F0080505E094
:1011400045F400656269012101989047C4E901579F
:1011500065283DD019DC58287AD00CDC452837D0DA
:1011600004DC252826D0412831D131E046282FD073
:1011700047282CD12CE05B2877D0612828D0632821
:101180007CD0642823D15AE0D1E06F2848D008DC15
:1011900066281DD067281BD0692821D06E2816D15B
:1011A00027E0702845D0732868D0752847D0782864
:1011B0000DD14DE0A1690B988847054625283FF4DD
:1011C00069AFE1690B9888476D1C3FF46AAFB4E0E2
:1011D00023466A466FF001000B99FFF735FA9FE04E
:1011E00045F040006060A80723464FF0000236D467
:1011F0003EE0E8077FF447AF2068011D21600068EA
:10120000290501D506701BE7290701D5068017E7D8
:10121000A90703D5F117C0E9006111E706600FE7E0
:1012200045F040006060A80723464FF0080216D43E
:101230001EE040F60E0125EA0100606016E045F070
:1012400040006060A80723464FF00A0207D40FE071
:1012500045F040006060A80708D5234610226FF0D3
:1012600001000B99AFF300805AE007E023461022FB
:101270006FF001000B99FFF7ADF851E04FF0000956
:101280004F464B46632802D05B2807D041E02079C7
:10129000C00601D40120A06001273AE06269012163
:1012A000019890475E2805D14FF0010962694946CF
:1012B00001989047216939B900210A46534643F8FD
:1012C0002120491C0829FADBB0B3216969B9C1178B
:1012D00000EBD16253110AEB830122F01F02821A44
:1012E00001200B68904003430B6062690121019863
:1012F00090475D28E8D1B9F1000F09D00020514690
:1013000051F82020D24341F82020401C0828F7DB68
:1013100002AB224600976FF001000B99AFF30080FB
:1013200000280CDA401C08D1BBF1000F05D04FF0AB
:10133000FF300DB0BDE8F08FFFE74046F9E7E90761
:1013400001D108F1010806444FF0000B78E60000D7
:10135000CCCCCC0C7F2801D9002208E0064A02EB55
:101360005002C007127800D1120902F00F020120CA
:101370009040084070470000A62F010870B58C18F7
:1013800010F8015B15F0070301D110F8013B2A1199
:1013900006D110F8012B03E010F8016B01F8016B86
:1013A0005B1EF9D12B0705D40023521E0DD401F882
:1013B000013BFAE710F8013BCB1A921C03E013F84B
:1013C000015B01F8015B521EF9D5A142D8D3002080
:1013D00070BD0000464910B54A6822F440324A60A8
:1013E0004A6843681A434A6001684A6822F4807276
:1013F0004A6001684A68036942EA03224A60016858
:101400004A6822F040724A6001684A6883681A4359
:101410004A6001688A6822F400628A6001688A680A
:10142000C3681A438A60816A6FF07062D1420168B2
:101430008A6822F070628A6001688A680CD0836AC8
:101440001A438A6001688A6822F040528A60016803
:101450008A68C36A1A4301E022F040528A60016838
:101460008A6822F002028A6001688A68037E42EA82
:1014700043028A6090F82010002901684A680FD062
:1014800042F400624A6001684A6822F460424A609D
:1014900001684A68174C436A04EB43331A4301E07E
:1014A00022F400624A600168CA6A22F47002CA62C9
:1014B0000168CA6A838B104C04EB03531A43CA6257
:1014C00001688A6822F400728A6001688A6890F86C
:1014D000303042EA43228A6001688A6822F48062DE
:1014E0008A6001688A68406942EA8020886010BD8D
:1014F0000023014000E0FFFF0000F0FF0122910205
:10150000014801F092BB000000100240012251028C
:10151000014801F08ABB00000010024001221102C4
:10152000014801F082BB00000010024001220421AA
:10153000014801F07ABB0000001002400122D102F4
:10154000014801F072BB00000010024010B5FFF727
:10155000E5FFFFF7DBFFFFF7D1FFFFF7EFFFFFF737
:10156000E5FFBDE81040C82001F050BAFEE70000DA
:10157000014800F0B4BD0000F41A0020014800F05A
:10158000AEBD00001C1B002010B54FF48071034855
:1015900001F046FB012800D0002010BD00000240F1
:1015A00010B54021034801F03BFB012800D000208A
:1015B00010BD00000008024010B54FF480510348F0
:1015C00001F02EFB012800D0002010BD00000240D9
:1015D00030B4D0F8A020D0F8A4404FF0FF3352F838
:1015E000212024F81130C2F307420121831883F827
:1015F000B410D0F8B03030BC114618472DE9F04F88
:101600009946DDE90A5A4FF0FF3BDDF824C041E07E
:10161000AB1A5BB20C78002B03DD00BF04FA03F4B5
:1016200003E0C3F1000324FA03F4E6B202DDC5F1DE
:10163000080301E0C2F10803DCB2844200D9044689
:1016400005EB0408FF2707FA08F3C5F10805EF408A
:101650003B439CF800509E431D4035432244D2B288
:101660008CF80050072A07D90022B9F1000F01D0E9
:101670005B4600E00123194408F0FF05072D07D958
:101680000025BAF1000F01D05B4600E001239C4425
:10169000001BC0B20028BBD1BDE8F08F014801F0AB
:1016A00043B80000B81E0020014801F03DB800001A
:1016B000381D0020014801F037B80000181F002035
:1016C000014801F031B80000981D0020014801F0E8
:1016D0002BB80000F81D0020014801F025B80000DB
:1016E000581E002001681823CAB2103AB2FBF3F268
:1016F000054B6FF30901032A9B5CC36500D9091DE3
:1017000081650846704700008C2C010810B5014621
:1017100000208B698A6A4FF0C07453B1B3F5005F43
:1017200015D072B1012A0CD0022A0AD0032A09D19D
:1017300004E01AB1012A06D0022A03D1C96AC901FC
:1017400000D5012010BDC96AA142FAD010BD002AFF
:10175000F7D0012AF2D0022AF3D0032AF3D010BD29
:1017600030B50468256825F4802525600468636029
:101770008368402B036803D099600068C26030BD65
:101780009A600068C16030BD70470000411C0CD0F9
:101790000749B1F90020904201D1521E0A80054A42
:1017A00000EB4000002102F830104FF0FF3070478E
:1017B000E0010020E48D002072B6FEE770B504461B
:1017C0004FF4027000EB44101F2107F085FC4FF42A
:1017D000847000EB4410102107F07EFC4FF442703F
:1017E000002500EB44160A200BF0A9FC304607F058
:1017F0000DFC020008D06D1C322DF4DB2146BDE843
:10180000704004A008F004BD2146BDE870400DA062
:1018100008F0FEBC536F636B657420256420636C15
:101820006F73652074696D656F75742C206C6173BE
:10183000742073746174653D3078253032580D0A18
:1018400000000000536F636B657420256420434CD7
:101850004F5345440D0A0000F0B5034640694288E5
:101860009869448842B10020042611E05D6806EBC7
:10187000C207EF5D032F01D8FF20F0BD55F83250AD
:10188000AD6B2D788D42F8D0521C401C92B2C0B284
:10189000A242EBD9FE20F0BD024908B1487870475A
:1018A00008787047140000202DE9F05F0127384CBC
:1018B000022603254FF004084FF005094FF0060AF1
:1018C0004FF0070B00B333480EF005FE01200BF07C
:1018D00036FC3148008810F04F0F47D000F04F0120
:1018E000402945D000F06F00212843D0232843D061
:1018F000272844D0072845D00F2946D0082901D1F0
:1019000008206070BDE8F09F24480EF0E4FD01203F
:101910000BF015FC2248008810F04F0F14D000F097
:101920004F01402912D000F06F00212810D0232849
:1019300010D0272811D0072812D00F2913D008293A
:10194000E0D108202070DDE72770DBE72670D9E7BB
:101950002570D7E784F80080D4E784F80090D1E7B9
:1019600084F800A0CEE784F800B0CBE76770C9E741
:101970006670C7E76570C5E784F80180C2E784F840
:101980000190BFE784F801A0BCE784F801B0B9E793
:1019900014000020F40D002048090020000700205A
:1019A000F60100201CB52E4D2E4C4FF47A76002304
:1019B0001A466946E86D0BF005FC30B9009979B11B
:1019C00001292CD028A008F023FCFFF7DDFD84F8C6
:1019D0004000FFF7F1FD84F84100002833D034E0E7
:1019E00028A0019908F014FC019860B1012810D0DA
:1019F0000228EAD12AA008F00BFC03F031FE3046A1
:101A00000BF09DFBE1E72CA008F002FC03F03AFE8E
:101A1000DBE72FA008F0FCFB03F048FEEFE732A065
:101A2000019908F0F5FB019838B10128CDD135A016
:101A300008F0EEFB07F0BFFBC7E738A008F0E8FBB3
:101A400007F0B2FBC1E703F01DFEFFF7A9FD84F824
:101A5000420008B903F016FE64200BF070FBA6E705
:101A600018000020441800205B4750494F5D205566
:101A70006E6B6E6F776E20747970653D25640D0A0C
:101A8000000000005B4750494F2D4C494654494ED9
:101A9000475D2073746174653D25640D0A00000084
:101AA0004C696674696E67205455524E5F444F57B7
:101AB0004E207365740D0A004C696674696E672068
:101AC000484F4C445F4F4E207365740D0A00000070
:101AD0004C696674696E67205455524E5F555020AC
:101AE0007365740D0A0000005B4750494F2D574144
:101AF000524E494E475D2073746174653D25640DF7
:101B00000A000000576172696E67204C49474854CB
:101B10005F4F4E207365740D0A00000057617269B3
:101B20006E67204C494748545F4F464620736574A2
:101B30000D0A000070B50546D0F83C01008818B3C6
:101B400000242E1996F8B4000F2818D028680078C1
:101B5000A04214D096F8440140B9D5F8382112B10A
:101B6000214628469047012086F8B40096F84401A3
:101B70002146401E86F8440128460BF0C3F8641C39
:101B8000E4B2802CDDD370BDB5F93401FFF7FEFD62
:101B9000A5F8340170BD000078B50024009490F8D9
:101BA0003C20012A19D0012280F83C200A68072332
:101BB0000568092A13D9EE680A3A02EB42029340FB
:101BC0009E43EE600B788A680A3B03EB43039A401E
:101BD0000368DD682A43DA6010E0022078BD2E69D0
:101BE00002EB420293409E432E610B788A6803EB1E
:101BF00043039A4003681D692A431A614A681F23F8
:101C0000072A13D205686E6B521E02EB82029340C4
:101C10009E436E630B790A885B1E92B203EB8303CB
:101C20009A4003685D6B2A435A6327E005680D2AD2
:101C300012D22E6BD21F02EB820293409E432E6380
:101C40000B790A88DB1F92B203EB83039A40036887
:101C50001D6B2A431A6311E0EE6A0D3A02EB820211
:101C600093409E43EE620B790A880D3B92B203EBE0
:101C700083039A400368DD6A2A43DA62164B0568DB
:101C8000144A9D4206D10D68122D03D1556845F4C2
:101C90008005556005689D4218D10B68102B01D056
:101CA000112B13D1536843F40003536009681029C2
:101CB0000CD10A490A4A0968B1FBF2F101EB810132
:101CC000490000E0491E00910029FBD180F83C400A
:101CD000002078BD002301400020014000010020C9
:101CE00040420F0070B504004FF0000503D0206C97
:101CF000002610B107E0012070BD204600F01CF85E
:101D0000666484F83C60206CC00610D4206C20F41B
:101D1000885040F0020020642046FFF75BFB6664B9
:101D2000206C20F0020040F00100206400E001255A
:101D300084F83C60284670BD30B587B00446142155
:101D40006846FEF7EFFA1849206888422AD11748FA
:101D50000025016841F480710160006800F4807022
:101D6000059012481438016841F0040101600168CF
:101D700001F004010591016841F002010160006871
:101D8000032400F00200059008208DE83100694628
:101D9000074800F04DFE009469460648CDE901452C
:101DA00000F046FE07B030BD00200140443802403C
:101DB000000802400004024090F82020012A07D0C9
:101DC000022A05D0416A41F4802141620120704716
:101DD000006842690A43426100207047F0B590F8FC
:101DE00020500468A468012D05D0022D03D0416A5B
:101DF00041F480215DE014F0406F01D1E50055D53C
:101E0000C4F30164022C03D9416A41F4000150E09B
:101E10000125A5401D608D684FF4C0739DB1CE684B
:101E200035434E6845EAC605066803EB0417F551CD
:101E30004FF4C275076805EB04150E697E51097DE4
:101E4000012905D009E00E88CD6845EA4655EBE743
:101E500001684E5946F480764E511179D5795679FC
:101E600041EA056195792D0445EA062529434FF499
:101E7000C676056806EB0416A9511178D57841EAB3
:101E80000561957852782D0445EA022211434FF4FA
:101E9000C475026805EB04155151006803EB041189
:101EA000425842F0010242500020F0BD416A41F424
:101EB000001141620120F0BD10B590F82020012AE8
:101EC00007D0022A05D0416A41F4802141620120F5
:101ED00010BD3B48D0F8002242F00102C0F80022B9
:101EE000D0F8002222F47C52C0F80022D0F8002260
:101EF0004B6A42EA0322C0F800220A7D02F01F0367
:101F000001229A40D0F81C329343C0F81C32CB69AE
:101F1000B3B9D0F80C329343C0F80C328C894B68BB
:101F200064F31F434C6900EBC404C4F840320C89CD
:101F30000B6864F31F434C6900EBC404C4F84432DB
:101F4000CB69012B16D1D0F80C321343C0F80C32F8
:101F50000C884B6864F31F434C6900EBC404C4F85D
:101F600040320C89CB6864F31F434C6900EBC40416
:101F7000C4F844328B69002BD0F804320ED01343DE
:101F8000C0F804320B69002BD0F8143208D0134388
:101F9000C0F81432096A012904D008E09343EFE73E
:101FA0009343F5E7D0F81C121143C0F81C12D0F887
:101FB000001221F00101C0F80012002010BD000045
:101FC000006400407047406A704730B590F8204088
:101FD000012C05D0022C03D0416A41F480215DE040
:101FE0000468002955D02469A40754D04FF4D8744C
:101FF000056804EB01142D5915F00405956005687A
:102000002D594ED0ED08556005682C5904F0020496
:10201000D4604FF4DA74056804EB01142D5905F00F
:102020000F05156105682D59C5F3072595610568EC
:102030002C59240C54614FF4DC72046802EB011239
:10204000A4581C700468A458240A5C700468A4583E
:10205000240C9C700468A258120EDA704FF4DE72E1
:10206000046802EB0112A4581C710468A458240AE5
:102070005C710468A458240C9C710468A258120E68
:10208000DA71006881B1016941F02001016100202D
:1020900030BDE468A8E7416A41F4001141620120C3
:1020A00030BD6D0D1560AFE7C16841F02001C16022
:1020B000EDE70246002092F82010012901D0022904
:1020C0000CD111688A68520100D501208A6812017A
:1020D00000D5401C8968C90000D5401C70472DE917
:1020E000F05F0546006800244669D0F804908768D0
:1020F000D0F80CB0D0F810A0D0F81880F10748D074
:10210000F90714D001218160B80703D5284600F0F3
:10211000AAFA0CE0780702D54FF4006407E038070C
:1021200002D54FF4805402E0284600F09BFAF805EF
:1021300016D529684FF480708860B80503D5284605
:1021400000F093FA0CE0780502D544F4005407E05F
:10215000380502D544F4804402E0284600F084FAB1
:10216000F80316D529684FF480308860B80303D58A
:10217000284600F07CFA0CE0780302D544F40044D1
:1021800007E0380302D544F4803402E0284600F02A
:102190006DFA300707D55FEACB6004D529681020B7
:1021A00044F40074C86070074FF0080707D55FEA71
:1021B0000B7004D52868C760284600F099F9B0076D
:1021C00006D52868C068800702D0284600F092F93A
:1021D000700607D55FEACA6004D52968102044F468
:1021E00080640861B00607D55FEA0A7004D52868E4
:1021F0000761284600F006FAF00606D5286800694F
:10220000800702D0284600F0FEF9B00308D55FEA47
:10221000C96005D5296810204860284600F0F4F907
:10222000F00307D55FEA097004D52868476028469F
:1022300000F01EFA300446D55FEA497040D5F0053B
:1022400004D55FEAC87001D044F00104B00504D59C
:102250005FEA887001D544F00204700504D55FEA96
:10226000487001D544F00404300529D518F0700FEA
:1022700026D008F07000402815D006DC102809D0C0
:1022800020280AD0302816D10AE050280ED0602825
:1022900011D10EE044F008040DE044F010040AE00F
:1022A00044F0200407E044F0400404E044F08004DB
:1022B00001E044F480742868816921F07001816133
:1022C000296804204860002C05D0686A20436862B1
:1022D0002846FFF777FEBDE8F09F70B5040003D0F5
:1022E00094F8200010B104E0012070BD204600F0F9
:1022F00081F82068016841F00101016000F09AFC5A
:102300000546052604E000F095FC401B0A2811D87C
:1023100020684068C007F6D02068016821F00201FB
:10232000016000F087FC05460BE000F083FC401BD9
:102330000A2806D9606A40F40030606284F82060A0
:10234000D2E7206840688007EFD4207E012820680B
:1023500001683DD021F080010160607E0128206885
:10236000016838D021F040010160A07E012820687A
:10237000016833D021F020010160E07E012820684F
:1023800001682ED041F010010160207F01282068F3
:10239000016829D021F008010160607F01282068D0
:1023A000016824D021F004010160D4E9020108434E
:1023B000D4E90412114308436168491E08432168A7
:1023C000C86100206062012084F82000002070BDF8
:1023D00041F08001C0E741F04001C5E741F0200134
:1023E000CAE721F01001CFE741F00801D4E741F03E
:1023F0000401D9E7F0B587B0044614216846FDF71B
:1024000091FF364B3648DFF8D0E05968D4F800C069
:10241000334A03250226092710300024491CF445BD
:1024200022D15960012907D1016841F00071016092
:10243000006800F000700590106840F0080010601F
:102440001068CDE9005600F00800CDE90470694637
:102450002448CDE9024500F0EBFA002205211420C2
:1024600000F0DAFC142032E0DFF87CE0F44530D1F3
:10247000D0F800C04CF0806CC0F800C0D0F800C0AC
:1024800001290CF0806CCDF814C0596007D10168A7
:1024900041F000710160006800F000700590106864
:1024A00040F002001060106802AB00F002000590DE
:1024B0006020CDE9000683E8B00069460B4800F0D3
:1024C000B7FA00220521402000F0A6FC402000F0D1
:1024D00095FC07B0F0BD000000640040E80000205B
:1024E00030380240000C0240006800400004024006
:1024F0007047000070B500683C49002401253C4E3F
:102500008CB0884235D11C2103A8FDF70BFF0A943B
:102510000B94009401940AAB03AA0021354802945D
:10252000FFF753FD00285DD1059804285AD0039881
:10253000ADF800000698022819D000208DF802009E
:1025400007988DF8030002460AA901A8FDF7D1FEFD
:1025500028480399203802C0079900F8011B0AA9EE
:10256000079AFDF7C6FE35706946234838E001201A
:10257000E4E72249884235D11C2103A8FDF7D2FEA9
:102580001C480A940B94009401940AAB03AA0021FE
:1025900028300294FFF719FD002823D1059804285C
:1025A00020D00398ADF80000069802281CD0002027
:1025B0008DF8020007988DF8030002460AA901A8C9
:1025C000FDF797FE0B480399103802C0079900F8F1
:1025D000011B0AA9079AFDF78CFE75706946084829
:1025E00008F0F0FF0CB070BD0120E1E7006400408E
:1025F000E8000020F41A00200007002000680040D6
:10260000F40D0020704770477047000070B5044615
:1026100090F82000012804D0606A40F40020606235
:1026200018E0022084F820002068016821F00101F0
:10263000016000F0FFFA05460EE000BF00F0FAFA74
:10264000401B0A2808D9606A40F400306062052007
:1026500084F82000012070BD20684068C007EDD1DB
:10266000606270BD70477047704770477047704731
:1026700070472DE9F0410446876D00F0DBFA06460D
:1026800094F835000025022806D08020606584F883
:1026900034500120BDE8F0812068016821F0160166
:1026A00001602068416921F080014161206C08B916
:1026B000A06C20B12068016821F008010160206849
:1026C000016821F0010101600CE000F0B3FA801B09
:1026D000052807D920206065032084F8350084F898
:1026E0003450D7E720680068C007EED194F85C103A
:1026F0003F208840B860012084F8350084F83450C9
:102700000020C7E790F83510022903D080214165E9
:1027100001207047052180F835100068016821F01C
:1027200001010160002070472DE9F84304464FF095
:102730000009CDF8009063484FF41651A56D00686C
:10274000B0FBF1F72E6894F85C10082000FA01F154
:1027500031420FD021680A6852070BD50A6822F06F
:1027600004020A6094F85C108840A860606D40F034
:102770000100606594F85C104FF0010808FA01F060
:10278000304208D021684969090604D5A860606D07
:1027900040F00200606594F85C10042088403042EC
:1027A00008D021680968890704D5A860606D40F0E9
:1027B0000400606594F85C1010208840304218D006
:1027C00021680968090714D5A860206801684903D1
:1027D00004D50068000308D5A16C07E00168C905AD
:1027E00003D4016821F008010160216C09B1204681
:1027F000884794F85C1020208840304231D021680E
:102800000968C9062DD5A86094F835000528206808
:10281000016806D0490347D5006800031DD4616CE8
:102820001CE021F0160101602068416921F080015F
:102830004161206C08B9A06C20B12068016821F0CA
:102840000801016094F85C103F208840A86084F87B
:10285000358084F83490216D1FE0E16B09B120468A
:102860008847606D00282BD0606DC00714D005200C
:1028700084F835002068016821F0010101600098AA
:10288000401C0090B84203D820680068C007F6D109
:1028900084F8358084F83490E16C002910D001B0C0
:1028A0002046BDE8F04308470168C905D5D4016852
:1028B00021F01001016084F8358084F83490CCE771
:1028C000BDE8F883000100202DE9F041044600F046
:1028D000B1F906465CB1022084F83500002584F881
:1028E00034502068016821F0010101600DE00120F1
:1028F000BDE8F08100F09EF9801B052805D9202055
:102900006065032084F83500F2E720680068C0079E
:10291000F0D12268116820480140D4E9010318432E
:10292000D4E903363343184363691843A369184352
:10293000E3691843236A18430843616A042903D1F1
:10294000D4E90B1319430843106020684069666A94
:1029500020F0070130460E43012704280CD1A06A5D
:102960000643E06A40B12046FEF7D0FE20B1402089
:10297000606584F83570BAE7206846612046FEF746
:10298000B1FE94F85C203F2191408160656584F838
:1029900035700020ACE700003F8010F02DE9F041D9
:1029A0000446866D90F83400002501280DD00120E2
:1029B00084F8340094F835700020012F07D084F893
:1029C000340002252846BDE8F0810220FBE70227FB
:1029D00084F8357060652046FEF7C2FE94F85C10FE
:1029E0003F208840B0602068016841F01601016016
:1029F000206C20B12068016841F008010160206866
:102A0000016841F001010160DCE7000070B5044697
:102A100000F010F90546601C02D004480078044418
:102A200000F008F9401BA042FAD370BDF40000206A
:102A30002DE9F84FDFF8BCA1002201250AF1040BB3
:102A400003264FF00F090BF1040E00BF0B6805FAC7
:102A500002F42340A34270D10F7907F00307012F3E
:102A600001D0022F16D187684FEA420806FA08FC07
:102A700027EA0C07D1F80CC00CFA08FC4CEA070C4A
:102A8000C0F808C04768A7430C79C4F30014944009
:102A90003C4344600C79E443A4070AD0C4684FEA7D
:102AA000420C06FA0CF7BC438F6807FA0CF7274371
:102AB000C7600C7904F00304022C12D1D40800EB97
:102AC000840CDCF820405707FF0E09FA07F824EAC7
:102AD0000804D1F8108008FA07F848EA0408CCF88E
:102AE000208004684FEA420C06FA0CF7BC430F79C9
:102AF00007F0030707FA0CF7274307604C6814F444
:102B0000403F70D03C4C276847F4804727602468DA
:102B100022F0030704F480440094384C07EB040CC3
:102B2000DCF8084897074FEA177809FA08F7BC431A
:102B3000334FB84202D1002724E054E0314FB8426D
:102B400001D101271EE0304FB84201D1022719E020
:102B50002E4FB84201D1032714E02D4FB84201D1C6
:102B600004270FE02B4FB84201D105270AE02A4F76
:102B7000B84201D1062705E0284FB84201D1072706
:102B800000E0082707FA08F72743CCF80878DAF8B6
:102B900000405746D1F804C09C435FEACC3C00D5C6
:102BA0001C433C60DBF800405F46D1F804C09C4306
:102BB0005FEA8C3C00D51C433C60DEF80040774661
:102BC000D1F804C09C435FEACC2C00D51C433C6088
:102BD000084F0C373C68D1F804C09C435FEA8C2C4A
:102BE00000D51C433C60521C102AFFF42FAFBDE8F7
:102BF000F88F0000003C01404438024000300140A2
:102C0000000002400004024000080240000C0240A4
:102C1000001002400014024000180240001C024054
:102C20000069084000D0012070470AB181617047F7
:102C30000904FBE70148806870470000F4000020A9
:102C400090F83C10012912D0012100F83C1F2421EA
:102C5000417050F83C1CCA6822F00C0242F0040299
:102C6000CA6020214170002101700846704702208F
:102C7000704790F83C10012912D0012100F83C1F48
:102C80002421417050F83C1CCA6822F00C0242F02A
:102C90000802CA6020214170002101700846704777
:102CA0000220704770B5040011D021684CF6CC406A
:102CB0000860216845F255500860D4E90001416080
:102CC0002168A0688860FFF7B5FF05460DE0012088
:102CD00070BD00BFFFF7AEFF401B312805D920684B
:102CE000C068800701D0032070BD2068C0688007DD
:102CF000F0D121684AF6AA200860002070BD006863
:102D00004AF6AA210160002070470000024881684D
:102D10000278114481607047F40000200B4810B520
:102D2000016841F400710160016841F48061016053
:102D3000016841F480710160032000F08DF80F20DC
:102D400000F006F800F03EF8002010BD003C024004
:102D500010B5014688B00022362000F05DF836201C
:102D600000F04CF813480024016841F010010160A4
:102D7000006805A900F010000690684600F018F9F8
:102D800000F036F90C494000B0FBF1F10C480B4A59
:102D9000491E026040F2E732C0E90324C0E9011491
:102DA00000F0F2FC10B1012008B010BD044800F0A2
:102DB00037FDF9E74038024040420F000010004064
:102DC000781F00200C4882B0016841F48041016006
:102DD000006800F4804000900748001F016841F03F
:102DE000805101600068002200F0805000900F21A7
:102DF000901E02B000F010B844380240002809DBF1
:102E000000F01F02012191404009800000F1E02004
:102E1000C0F8001170470000F0B40E4B1B680C4660
:102E2000C3F30223C3F10705042D00D90425191D9E
:102E3000072901D2002300E0DB1E012606FA05F176
:102E4000491E214099409E40761E16403143F0BCF9
:102E500007F008BA0CED00E0064900F00702086828
:102E60004FF6FF03184040EA0220034A104308606F
:102E7000704700000CED00E00000FA052DE9F04776
:102E80000E46050065D0DFF81481D8F80000F7B2CF
:102E900000F00700B04207D288F80070D8F80000B0
:102EA00000F00700B04254D128683D4C810712D58C
:102EB000400703D5206840F4E050206028780007E0
:102EC00003D5206840F4604020602068A96820F0A5
:102ED000F000084320602878C0072DD0304968688A
:102EE0000839012812D0022813D0032811D009680C
:102EF000890700292DDA216821F0030101432160AF
:102F0000FFF798FE814641F2883A0EE0096889038E
:102F1000EFE709688901ECE7FFF78CFEA0EB0901F8
:102F2000514502D90320BDE8F0872068696800F0A8
:102F30000C00B0EB810FEFD1D8F80010404601F043
:102F40000701B14207D90770006800F00700B042DE
:102F500001D00120E7E72878400705D52068E96817
:102F600020F4E050084320602878000706D5206848
:102F7000296920F4604040EAC100206000F058F860
:102F80002168084AC1F30311515CC8400649086032
:102F900006480068FFF7DCFE0020C4E7003C024062
:102FA00008380240942C010800010020F80000209D
:102FB0000F2202600C4A136803F003034360136896
:102FC00003F0F0038360136803F4E053C3601268F6
:102FD0004FF4E05303EAD20202610448006800F0B3
:102FE000070008607047000008380240003C0240BB
:102FF0000448054900680968044AC1F38221515C0C
:10300000C84070470001002008380240A42C010885
:103010000448054900680968044AC1F34231515C1B
:10302000C84070470001002008380240A42C010865
:10303000104810B5006810F00C010F4818D0042992
:1030400016D0082914D10B4C241F216801F03F022F
:10305000216821680023C1F38811A1FB0001FDF75D
:1030600011F92168C1F30141491C4900B0FBF1F09D
:1030700010BD0000083802400024F4002DE9F84F8C
:1030800004006ED02078DFF84C93C007A9F1040546
:103090004AD009F104000168C1F38101012908D077
:1030A0000068C0F3810002280AD1D9F8000040026C
:1030B00006D52868800337D560680028E1D033E062
:1030C0006068B0F5803F10D0B0F5A02F286810D010
:1030D00020F480302860286820F480202860606810
:1030E000A8B1FFF7A7FD06460DE0286840F4803040
:1030F000F4E740F480202860F7E700BFFFF79AFD6F
:10310000801B642873D828688003F7D50CE0FFF78C
:1031100091FD064605E000BFFFF78CFD801B64288B
:10312000F0D828688003F7D42078DFF8AC828007D5
:103130004FF0000A3ED5A748001D016811F00C0FA2
:1031400008D00068C0F3810002280BD1D9F8000034
:10315000400207D42868800716D5E068012800D10E
:1031600012E033E1E068B8B10120C8F80000FFF7D1
:1031700061FD064605E000BFFFF75CFD801B0228ED
:10318000C0D828688007F7D52868216920F0F800A2
:1031900040EAC10028600DE0C8F800A0FFF74AFD32
:1031A000064604E0FFF746FD801B02281FD828686A
:1031B0008007F7D42078000722D5864F87486169B9
:1031C000703771B101210160FFF734FD064604E05C
:1031D000FFF730FD801B022809D838688007F7D533
:1031E0000EE0C0F800A0FFF725FD064605E082E0EE
:1031F000FFF720FD801B02287DD838688007F7D4B0
:103200002078400768D5DFF8CCB100270BF13C0BE4
:10321000DBF80000C0000BD4DBF8001041F0805157
:10322000CBF80010DBF80000012700F08050009080
:103230006B4E3068C00510D4306840F48070306048
:10324000FFF7F8FC009005E0FFF7F4FC0099401A46
:10325000022850D83068C005F6D55E4EA0686C369E
:1032600001280FD00528306810D020F00100306010
:10327000306820F004003060A068B8B1FFF7DAFCD5
:1032800000900FE0306840F00100F4E740F00400E7
:103290003060F7E7FFF7CEFC0099411A41F2883021
:1032A000814266D830688007F4D50EE0FFF7C2FC93
:1032B000009007E0FFF7BEFC0099411A41F2883008
:1032C000814256D830688007F4D42FB1DBF8001063
:1032D00021F08051CBF80010A069C8B33D49091D09
:1032E0000968C1F3810102294AD00228504607D05B
:1032F000C8F8600000E03CE0FFF79CFC04463BE0BF
:103300004746C8F86000FFF795FC064605E000BF99
:10331000FFF790FC801B02282BD828688001F7D487
:10332000D4E907010843A16A2E4A490802EB01418A
:10333000626A41EA8211084394F82C1040EA016164
:10334000C9F8001001203866FFF774FC044606E057
:103350003EE000BFFFF76EFC001B022809D828687A
:103360008001F7D534E000BFFFF764FC001B0228A2
:1033700002D90320BDE8F88F28688001F4D427E043
:103380000128F7D0D9F80000E26900F480019142E9
:103390001CD1226A00F03F01914217D147F6C0715B
:1033A000626A0140B1EB821F10D1A26A4FF0FF3375
:1033B00000F4403103EB5202B1EB024F06D194F816
:1033C0002C1000F07060B0EB016F01D00120D1E74C
:1033D0000020CFE70438024000004742800E4742F9
:1033E000007000400000FFFF70B5040009D0606A63
:1033F000002540B125616561A56294F8510040B196
:103400000CE0012070BD6068B0F5827FF4D0E5610A
:10341000F2E784F85050204600F044F8022084F887
:1034200051002068016821F040010160A0882189D5
:1034300000F4827001F404410843A18901F40061A1
:103440000843217C01F002010843217D01F00101C4
:103450000843218B01F400710843217F01F03801FA
:10346000084394F8201001F080010843218D01F4F5
:103470000051084321680860A069042101EA104056
:1034800094F8241001F01001084321684860206876
:10349000C16921F40061C1616565012084F85100B2
:1034A000002070BD10B586B0044614216846FCF7B4
:1034B00039FF14492068884221D11348002102684D
:1034C00042F480420260006800F4804005900E489B
:1034D0001038026842F002020260006800F0020048
:1034E00005904FF4604000900220CDE901010320D7
:1034F00003900520049069460448FFF799FA06B046
:1035000010BD000000380040403802400004024076
:103510002DE9F84F044690F8500000270A9E1D46FA
:1035200092468B464FF0010901280ED0012084F805
:103530005000FFF77FFB804694F851006168012836
:103540000CD0B1F5827F07D102E00220BDE8F88FF0
:10355000A16809B9042801D00227C2E0BBF1000F1D
:1035600027D0BAF1000F24D01DB394F851000428DD
:1035700002D0052084F8510000206065C4F838A00E
:10358000E587A587C4F830B0E586A5862064606429
:1035900020680168490603D4016841F040010160D8
:1035A000E068B0F5006F606805D0E8B3012D46D043
:1035B0007FE0012795E008B1012D39D1206B21680A
:1035C0000088C860206B801C2063E08E401EE0866F
:1035D0002EE02068816889070FD5E18E69B1B9F1C5
:1035E000010F0AD1216B0988C160206B801C206308
:1035F000E08E401EE0864FF0000920688168C90710
:103600000CD0E18F51B1C068A16B0880A06B801C09
:10361000A063E08F401EE0874FF00109FFF70AFB2F
:10362000A0EB0800B04200E009E001D3701C50D1CB
:10363000E08E0028CDD1E08F0028CAD13FE0206B7A
:10364000216800780873206B401C2063E08E401EC8
:10365000E0862EE02068816889070FD5E18E69B188
:10366000B9F1010F0AD1216B09780173206B401C5D
:103670002063E08E401EE0864FF0000920688168DC
:10368000C9070CD0E18F51B1C068A16B0870A06B65
:10369000401CA063E08F401EE0874FF00109FFF758
:1036A000C9FAA0EB0800B04202D3701C01D010E0B0
:1036B0007EB1E08E0028CDD1E08F0028CAD14246ED
:1036C0003146204603F00AFE28B10127202060651C
:1036D00007E0032705E0A06818B92068C168806882
:1036E0000090012084F85100002084F850003846F2
:1036F0002CE770477047000070B590F83C20012A15
:1037000032D0012480F83C40022280F83D2003683A
:103710005A689D6822F070060A6832435A60134B5B
:1037200002689A4214D0B2F1804F11D0104B9A42E5
:103730000ED0104B9A420BD00F4B9A4208D00F4B31
:103740009A4205D00E4B9A4202D00E4B9A4204D1B7
:10375000496825F080031943916080F83D400021BD
:1037600080F83C10084670BD022070BD000001408A
:103770000004004000080040000C0040000401402C
:10378000004001400018004010B5040003D094F838
:103790003D0010B107E0012010BD002084F83C007E
:1037A000204600F01FF8022084F83D00211D20680B
:1037B00004F0EEFD012084F8460084F83E0084F811
:1037C0003F0084F8400084F8410084F8420084F807
:1037D000430084F8440084F8450084F83D0000204C
:1037E00010BD000008B500680B49884212D10B4893
:1037F000016841F0080101600068002200F0080043
:10380000009005213220FFF707FBBDE80840322079
:10381000FFF7F4BA08BD0000000C00404038024039
:1038200090F83D10012901D001207047022180F855
:103830003D100168CA6842F00102CA60006811497F
:10384000884214D0B0F1804F11D00F4988420ED079
:103850000E4988420BD00E49884208D00D49884253
:1038600005D00D49884202D00C49884204D18168B4
:1038700001F00701062903D0016841F00101016050
:103880000020704700000140000400400008004094
:10389000000C0040000401400040014000180040BE
:1038A00070B5044690F83C000025012817D0012689
:1038B00084F83C60022084F83D002068826822F091
:1038C000770222F47F4282600868502838D00DDCED
:1038D00020284FD005DC90B3102811D14AE00220F7
:1038E00070BD302846D040280AD13BE060282FD058
:1038F00070280DD0B0F5805F03D0B0F5005F12D016
:10390000012584F83D60002084F83C00284670BD05
:10391000CB68D1E90121206804F09EFD2068816810
:1039200041F0770109E0CB68D1E90121206804F07A
:1039300093FD2068816841F480418160E1E719E0EE
:10394000CA684968206804F099FD5021206806E0A3
:10395000CA684968206804F0A2FD6021206804F06C
:1039600085FDCEE7CA684968206804F087FD4021DC
:103970002068F4E7226801461046F0E7704770B50A
:103980000446006801694FF00005C943890715D452
:10399000C168C943890711D4E91E0161012020775C
:1039A000206880698007204602D0FFF7E7FF04E027
:1039B00000F098F8204600F0C2F8257720680169E9
:1039C000C943490717D4C168C943490713D46FF0E5
:1039D00004010161022020772068806910F4407F93
:1039E000204602D0FFF7CAFF04E000F07BF8204633
:1039F00000F0A5F8257720680169C943090716D4A6
:103A0000C168C943090712D46FF00801016104209D
:103A100020772068C0698007204602D0FFF7AEFFFC
:103A200004E000F05FF8204600F089F82577206870
:103A30000169C943C90617D4C168C943C90613D46B
:103A40006FF010010161082020772068C06910F430
:103A5000407F204602D0FFF791FF04E000F042F8DB
:103A6000204600F06CF8257720680169C943C90732
:103A700008D1C168C943C90704D1891E0161204624
:103A800000F05EF820680169C943090609D4C168DD
:103A9000C943090605D46FF0800101612046FFF794
:103AA00028FE20680169C943490609D4C168C94391
:103AB000490605D46FF040010161204600F05CF832
:103AC00020680169C94389060BD4C168C9438906C6
:103AD00007D46FF0200101612046BDE87040FFF778
:103AE00009BE70BD704770B50D46040003D094F850
:103AF0003D0010B107E0012070BD002084F83C00BB
:103B0000204600F01BF8022084F83D00211D2068AB
:103B100004F03EFC2068016821F00801016054F8BF
:103B2000460B016829430160012004F81F09E07574
:103B30002076E0762077A075002070BD7047704732
:103B400010B5044600680949884205D1084800219B
:103B50000160416004F0E8FC06492068884203D116
:103B6000BDE81040FFF7D2B810BD0000000C0040C7
:103B70003410002000100040704738B5044690F81B
:103B80003E00202822D181B17AB194F83C0001286E
:103B90001CD0012084F83C002063204604F03EFF46
:103BA000002803D1216B012901D0012038BD2168F3
:103BB0000A684968009121680C3151E8002F42F0F1
:103BC000100241E80023002BF5D138BD022038BD9A
:103BD0007CB50022254B01921446234D1B7835E01D
:103BE00055F82460766886422FD155F8240090F865
:103BF0004031042B2CD139B380F83E1155F8240004
:103C000080F83F2102E000BF00F082F855F8243030
:103C1000802203F1BC015868FFF7AFFF002855F878
:103C200024004068F0D1806B0068016821F0080131
:103C3000016001A8009055F8240000230322D0F869
:103C4000AC0019460EF084FC02E0641C9C42C7DB09
:103C50000198002807D006494FF080500860BFF354
:103C60004F8FBFF36F8F7CBDD8010020D40100209F
:103C700004ED00E07047000070B5044620680C3089
:103C800050E8001F21F4907140E80012002AF5D19D
:103C90002068143050E8001F21F0010140E80012B4
:103CA000002AF5D1206B012809D120680C3050E89A
:103CB000001F21F0100140E80012002AF5D1206811
:103CC00040694FF0200241064FF0000015D52168F1
:103CD000143151E8003F23F0400341E80035002D46
:103CE000F5D1A16B49B109480865A06BFEF70AFD43
:103CF00050B1A06B016D884706E0E08584F83E2056
:103D000020632046FFF7B6FF002070BD83870008C0
:103D100010B504460068406994F83D10C0F3C01027
:103D2000212911D180B12068143050E8001F21F002
:103D3000800140E80012002AF5D1606B08B1FEF75F
:103D400098FC204604F075FD2068406994F83E1008
:103D5000C0F38010222911D180B12068143050E8BE
:103D6000001F21F0400140E80012002AF5D1A06BAD
:103D700008B1FEF77EFC204604F034FD002010BDA3
:103D800070B516490024144D097822E055F8242016
:103D9000526882421CD155F8240090F84001042852
:103DA00002D070BDFFF7B4FF55F82430802203F134
:103DB000BC015868FFF7E1FE002855F82400406870
:103DC000F0D1806B0068016821F00801016070BDCE
:103DD000641C8C42DADB70BDD8010020D4010020C5
:103DE00010F83D1F4078084370470000F8B501689F
:103DF00004460868CA684B6910F00F0F4FF00005C1
:103E000059D003F0010602F49077374365D0C1071B
:103E100005D0D10503D5216C41F001012164410792
:103E200005D5D90703D0216C41F002012164810737
:103E300005D5D90703D0216C41F0040121640107A5
:103E400007D502F02001314303D0216C41F0080175
:103E50002164216C00293AD0800604D5900602D551
:103E6000204604F0F4FC20684069216CC0F3801007
:103E7000090700D460B3204604F0B4FC2068406910
:103E8000400621D52068143050E8001F21F0400181
:103E900040E80012002AF5D1A06BA8B16C49016579
:103EA000A06BFEF72FFC002811D0A06B016D01B0B4
:103EB000BDE8F040084783060FD593060DD5204690
:103EC000BDE8F84004F0C3BC2046FFF759FFF8BD39
:103ED0002046FFF755FF2564F8BD266B2023012EF1
:103EE00079D1C60677D5D60675D50868486800909A
:103EF0004869400640D5A16B086840680004000C82
:103F0000EAD0A28D8242E7D9E085C869B0F5807F0A
:103F10002DD020680C3050E8001F21F4807140E85B
:103F20000012002AF5D12068143050E8001F21F05B
:103F3000010140E80012002AF5D12068143050E851
:103F4000001F21F0400140E80012002AF5D184F85A
:103F50003E30256320680C3050E8001F21F010012E
:103F600040E80012002AF5D1A06BFEF782FBA08D7D
:103F7000E18D401A81B229E0A08DE18D401A81B215
:103F8000E08D0028A8D00029A6D020680C3050E889
:103F9000002F22F4907240E80026002EF5D1206810
:103FA000143050E8002F22F0010240E80026002ED5
:103FB000F5D184F83E30256320680C3050E8002F9E
:103FC00022F0100240E80023002BF5D12046FFF735
:103FD000FFFDF8BDFFE705062BD5150629D594F89A
:103FE0003D002128F5D1A068B0F5805F01D120699E
:103FF000B0B1206A411C2162216800784860E08CE1
:10400000401E0004000CE084E3D12068C16821F068
:104010008001C1602068C16841F04001C160D8E7FB
:10402000206A0088C0F308004860206A801C206273
:10403000E5E74006CDD55006CBD5CA68204622F02C
:104040004002CA6084F83D3000F024FBC1E7000064
:104050008D86000870B5040004D094F83D0000255A
:1040600010B106E0012070BD84F83C50204600F0FD
:1040700023F8242084F83D002068C16821F4005111
:10408000C160204604F044FC2068016921F490419D
:1040900001612068416921F02A0141612068C168FD
:1040A00041F40051C1602564202084F83D0084F86B
:1040B0003E00002070BD00002DE9F04F87B004469F
:1040C00014216846FCF72EF9D848D849D64B103849
:1040D0002268DFF85CE300264F0505154FF0020863
:1040E0004FF003094FF0080C4FF0400B9A425CD19F
:1040F0000A68B24642F400220A60096801F400210D
:104100000591016841F004010160006802AA00F015
:10411000040005904FF44060CDE9000882E84012A9
:1041200069467046FEF784FCDFF80C83C1494046BF
:10413000C8F80010C0E90176C0E90365C8F814604A
:10414000C8F81860C8F81C60C8F82060C8F8246077
:10415000FEF7BAFB08B1FDF72FFBB74EB548C4F820
:10416000388060363030C8F8384086E88108C6E9C3
:1041700003A5C6F814A0C6F818A0C6F81CA0C6F877
:1041800020A03046C6F824A0FEF79EFB08B1FDF73C
:1041900013FB6663002205213420B463FEF73CFE66
:1041A0003420FEF72BFEA548A6E0A54B9A4233D15A
:1041B0000A6842F480120A60096801F480110591CE
:1041C000016841F004010160016801F004010591FA
:1041D000016841F0080101600068029600F00800E3
:1041E00005909814CDE90008CDE9039C6446694622
:1041F0007046FEF71DFC0420CDE900080296CDE9CB
:10420000039469468F48FEF713FC002205213520F0
:10421000FEF702FE35209AE08B4B4FF0070C4FF073
:10422000010A9A4271D181490026091D0A6842F0AB
:1042300010020A60096801F010010591016841F05F
:1042400001010160006801AA00F001000590581505
:1042500000900220CDF810C082E84102E046694695
:104260007A48FEF7E5FB0220CDE90050CDF808A022
:10427000CDE9039869467548FEF7DAFBDFF8B881A7
:10428000734908F1C0084046C8F80010C0E901763B
:10429000C0E90365C8F81460C8F81860C8F81C6065
:1042A000C8F82060C8F82460FEF70EFB08B1FDF7DF
:1042B00083FA6748674EC4F838807830C8F83840C9
:1042C00086E881080020C6E903057061B061F061ED
:1042D000306270623046FEF7F7FA08B1FDF76CFA0B
:1042E0006663002205212520B463FEF795FD252095
:1042F000FEF784FD514888300068C16841F0100124
:10430000C16007B0BDE8F08FFFE7534B9A4221D15F
:104310000A6842F400320A60096801F4003105912C
:10432000016841F0080101600068694600F008007A
:10433000059060208DE80105CDE9039C4148FEF71A
:1043400077FB002205212620FEF766FD2620FEF7DA
:1043500055FDD6E7414B9A42D3D10A68002642F474
:1043600080220A60096801F480210591016841F00A
:1043700008010160006801AA00F008000590981586
:1043800000900220CDF810C082E84102E046694664
:104390002C48FEF74DFB4FF4007000900220CDE951
:1043A000010ACDE9039869462648FEF741FBDFF88C
:1043B000A480204908F1600818394046C8F8001068
:1043C000C0E90176C0E90365C8F81460C8F8186050
:1043D000C8F81C60C8F82060C8F82460FEF774FABA
:1043E00008B1FDF7E9F91B4E1248C4F83880C03611
:1043F0001830C8F8384086E881080020C6E903056F
:104400007061B061F061306270623046FEF75CFA54
:1044100008B1FDF7D1F96663002205212720B463B6
:10442000FEF7FAFC272092E7004C0040403802409B
:104430000008024040600240381D0020E41B0020BC
:1044400000500040000C02400010014000000240FB
:1044500040640240581E00200044004000480040D4
:1044600090F83E30202B0ED159B152B190F83C302B
:10447000012B08D0012380F83C300023036304F0B3
:1044800015BB012070470220704700007CB5002654
:104490001D49019634461B4D097825E055F8242026
:1044A000526882421FD155F8240090F8401101292A
:1044B0001CD190F8A610BC3002F0C0FD55F8243095
:1044C000012203F1A6015868FFF7CAFF0EF0DCF8DD
:1044D0000246009655F8240001AB0721D0F8B00041
:1044E0000EF0B6FA02E0641C8C42D7DB019800287B
:1044F00007D006494FF080500860BFF34F8FBFF3DD
:104500006F8F7CBDD8010020D401002004ED00E0B5
:10451000704700002DE9F843044690F83D001F461F
:1045200016460D4620284CD1C5B1BEB194F83C00CA
:10453000012846D0012084F83C004FF00008C4F860
:104540004080212084F83D00FEF774FBA68481465C
:10455000E684A068B0F5805F03D004E00120BDE8E8
:10456000F883206928B12E465FF0000584F83C806E
:104570000EE00026FAE78021204604F0B2FAA0B946
:10458000AEB116F8010B21684860E08C401EE08453
:10459000E08C4B464FF0000200970028EBD14FF023
:1045A0004001204604F09DFA30B10320D7E735F8EA
:1045B000020BC0F30800E6E7202084F83D0000204D
:1045C000CDE70220CBE7000070B5044690F83D002F
:1045D000202836D191B38AB394F83C00012830D01A
:1045E000012084F83C002162A284E2840025256435
:1045F000212084F83D00636B1348D863636B134834
:104600001864636B1248D864606B134605652668AE
:10461000606B321DFEF7C2F921686FF04000086040
:1046200084F83C502068143050E8001F41F08001AD
:1046300040E80012002AF5D1002070BDFFE70120FC
:10464000FBE70220F9E7000099870008DB870008F4
:104650009D86000890F83D30202B18D1A9B1A2B159
:1046600090F83C30012B12D001628284C284002178
:104670000164212280F83D2080F83C100068C16868
:1046800041F08001C1600020704701207047022086
:10469000704700001CB5144B00210191114A1B7892
:1046A00012E000BF52F82140646884420BD101A897
:1046B000009052F8210000231A46D0F8AC001946A9
:1046C0000DF046FF02E0491C9942EBDB01980028FF
:1046D00007D006494FF080500860BFF34F8FBFF3FB
:1046E0006F8F1CBDD8010020D401002004ED00E034
:1046F0007047FEE741F60103C81A994270D034DCD6
:1047000041F21803A1EB030099426BD015DC41F292
:104710000603A1EB030099425CD009DCB1F5805F90
:1047200052D06FF48050081850D0042848D14FE080
:10473000012851D00E2843D150E0B0F5BD6F59D0BB
:104740000ADCB0F51A7F4FD0B0F57A7F4ED0A0F5D5
:104750004070E93834D14BE0A0F5A060E9384BD087
:10476000A0F58070FF382BD148E044F64003C11A11
:10477000984253D016DCB0F5006F49D009DCA0F5A3
:104780008070FF383ED001283ED0B0F5C06F17D101
:104790003CE0A0F5006001383CD03E38B0F5804FD9
:1047A0000ED139E0392941D006DC232938D02B2914
:1047B00038D0372904D137E0402939D0BE2939D043
:1047C0002048106000207047002034E0012032E0D3
:1047D000022030E003202EE004202CE005202AE017
:1047E0000EE0FFE7062026E0072024E0082022E074
:1047F000092020E00A201EE00B201CE00C201AE01B
:104800000D2018E00E2016E00F2014E0102012E01A
:10481000112010E012200EE013200CE014200AE01A
:10482000152008E0162006E0172004E0182002E01A
:10483000192000E01A2000211160034901EBC0009B
:104840007047000000000206E82D01089F2803D1F0
:10485000087808B101487047002070473000090609
:104860002DE9FF472B4DA87800284FF0020027D1F3
:10487000294F03900620388000240DF10C08CDE963
:1048800000844FF400593B4622464946234802948F
:1048900006F042FB21480BF085FD0026322008F08F
:1048A0004EFC0020FDF700F8287803280BD0761C7A
:1048B0000A2EF3DB1AA005F0ABFCAC706FF002001F
:1048C00004B0BDE8F087052008F039FC3C80CDE954
:1048D0000084114B002249461048029406F01CFB4C
:1048E0000E480BF05FFD00260020FCF7DDFF287866
:1048F000022809D0761C0A2EF6DB15A005F088FCEC
:10490000AC706FF00100DBE71E4805F081FC002071
:10491000D6E7000014000020E80100200007002076
:104920004B696E636F20656E61626C6520666169BC
:104930006C65642C2052454144595F535749544398
:10494000485F4F4E5F4641494C45442E0D0A0000DA
:104950004B696E636F20656E61626C65206661698C
:104960006C65642C205357495443485F4F4E5F4455
:10497000495341424C45445F4641494C45442E0D04
:104980000A0000002C3001082DE9FF5F504CA07890
:1049900000284FF001003DD10026A07035460020D0
:1049A000FCF782FF2078002837D04A4F06200DF10F
:1049B0000C0A38804FF00209CDE900A5CDE9025973
:1049C0004FF4005B56463B4600225946424806F0EB
:1049D000A3FA4248414B002205600420CDE9025071
:1049E000CDE9006542F201013B4806F095FA3A48EC
:1049F0000BF0D8FC00260020FCF756FF2078032897
:104A000015D0761C0A2EF6DB35A005F001FCA5704A
:104A10006FF0020004B0BDE8F09F761C0A2EBEDBEA
:104A20003BA005F0F5FBA5704FF0FF30F2E7052045
:104A300008F085FB07213980CDE900A5CDE90259B1
:104A4000B8465746234B00225946234806F064FADD
:104A500021480BF0A7FC00260020FCF725FF20785A
:104A6000042809D0761C0A2EF6DB34A005F0D0FB12
:104A7000A5706FF00300CDE7052008F060FB0F2163
:104A8000A8F80010CDE90075124B002259461248D3
:104A9000029506F041FA10480BF084FC0026322003
:104AA00008F04DFB0020FCF7FFFE2078052809D018
:104AB000761C0A2EF3DB2CA005F0AAFBA5706FF084
:104AC0000400A7E735A005F0A3FBA5700020A1E72F
:104AD00014000020E801002000070020EC01002065
:104AE0004B696E636F20656E61626C6520666169FB
:104AF0006C65642C2052454144595F5357495443D7
:104B0000485F4F4E5F4641494C45442E0D0A000018
:104B10004B696E636F20656E61626C6520666169CA
:104B20006C65642C204745545F5354415455535F82
:104B30004641494C45442E0D0A0000004B696E6306
:104B40006F20656E61626C65206661696C65642CBE
:104B50002053574954434845445F4F4E5F464149AF
:104B60004C45442E0D0A00004B696E636F20656E44
:104B700061626C65206661696C65642C204F5045EC
:104B8000524154494F4E5F454E41424C45445F4669
:104B900041494C45442E0D0A000000004B696E63EC
:104BA0006F2063757272656E7420737461747573AF
:104BB000206973204F5045524154494F4E5F454E36
:104BC00041424C45442C20656E61626C6520636FE8
:104BD0006D706C657465642E0D0A000010B50221BD
:104BE00014480BF0EBFC1349012081F8E10100218E
:104BF00010480BF097FD7F210E480BF093FD052127
:104C00000C480BF08FFD022201210A4808F08BF8B6
:104C100082220121074808F086F8C82008F08FFAA0
:104C200080220121034808F07EF8BDE810403220C0
:104C300008F085BA000700202DE9FF411C4E804690
:104C40002F2030800024022003ADCDE90240CDE9C1
:104C500000540703334622463946164806F05CF9ED
:104C6000154904200B46C1F80080CDE90240CDE98A
:104C700000540022791C0F4806F04EF90D480BF045
:104C800091FB3F203080CDE9005433460022394665
:104C90000848029406F040F906480BF083FB0548EB
:104CA0000BF019FC052008F04AFABDE8FF8100006E
:104CB000E801002000070020EC0100203EB5054679
:104CC0000020ADF80800062102A8CDE9000100236C
:104CD00046F23F020121074802F046FA040004D0E0
:104CE00005A005F095FA20463EBDBDF808002880D5
:104CF000F9E70000000700204B696E636F20534402
:104D00004F2072656164204552524F525F434F44B9
:104D1000455F494E444558204661696C65640D0AFB
:104D2000000000001FB504210391FBF742FF9FED37
:104D30000E1B53EC112BFBF74AFEFBF766FF0C49E9
:104D40000B4B0860002003A9CDE900100246029039
:104D500042F20201074806F0DFF806480BF022FB9A
:104D600004480BF0B8FB1FBD2D7AA702EE79D140A5
:104D700008020020000700202DE9F04F87B04FF017
:104D800001088DF81480052705ACCDE9004746F2EF
:104D9000600500232A464146B84802F038FA10B1AF
:104DA000B7A005F035FA00268DF81460CDE900476C
:104DB00033462A460121B14802F0D6F910B1BCA011
:104DC00005F026FA9DF81400012802D0C4A005F0D1
:104DD0001FFACC48072403ADCDE90054029046F2F7
:104DE0008109039000234A460121A44802F00FFAEA
:104DF00010B1C5A005F00CFACDE9005400234A46D5
:104E000001219E48039602F0AFF910B1CBA005F046
:104E1000FFF9DDE90201814204D04FF4FA71D3A019
:104E200005F0F6F94DF2B710CDE90054029046F2C4
:104E30008309039000234A460121904802F0E7F9D4
:104E400010B1D6A005F0E4F9CDE9005400234A469C
:104E500001218A48039602F087F910B1DAA005F023
:104E6000D7F9DDE90201814203D03221E1A005F04A
:104E7000CFF9ED48CDE90054029046F28409039041
:104E800000234A4601217D4802F0C1F910B1E7A094
:104E900005F0BEF9CDE9005400234A4601217748C8
:104EA000039602F061F910B1EBA005F0B1F9DDE96C
:104EB0000201814203D0C821F2A005F0A9F90DF149
:104EC0000809FD48CDE90094012302904FF4A05257
:104ED00019466A4802F09BF910B1F8A005F098F95C
:104EE00045468DF810800DF11008CDE900870223AA
:104EF0004FF4A0520121614802F089F910B1EFA0EE
:104F000005F086F9CDE900874FF4B05B8DF81060AD
:104F100000235A460121594802F079F910B1F2A054
:104F200005F076F9FC48CDF80090CDE90140012369
:104F30005A461946514802F06AF910B1EAA005F044
:104F400067F9F648A246CDF80090CDE901A04C469D
:104F500002234FF4B0520121484802F058F910B131
:104F6000E1A005F055F90220CDE900878DF8100089
:104F7000B946C34600234FF4B05201213F4802F026
:104F800046F910B1D8A005F043F940F20120009491
:104F9000CDE901A0012357464FF4A05219463748E6
:104FA00002F035F910B1C5A005F032F9C24802A9E6
:104FB000CDE90017401C01230290BA4641F201429C
:104FC00019462E4802F023F910B1D5A005F020F9BA
:104FD000CDE900B9A8468DF810504C465D46022335
:104FE00041F201420121254802F011F910B1CCA093
:104FF00005F00EF9CDE9005441F2016BB1468DF890
:10500000106000235A4601211C4802F000F910B13B
:10501000CEA005F0FDF8D94802AF0097CDE901A078
:10502000012356465A461946144802F0F0F810B1CA
:10503000C6A005F0EDF8CDE900548DF810800023EE
:105040005A4601210D4802F0E2F810B1BFA005F068
:10505000DFF840F202200097CDE90160012341F220
:1050600001421946054802F0D2F810B1ACA005F093
:10507000CFF8C34801234FF4C05A83E10007002052
:105080004B696E636F2053444F20577269746520DB
:10509000534552564F5F574F524B5F4D4F44455FFC
:1050A000494E444558204661696C65640D0A00000C
:1050B0004B696E636F2053444F20726561642053C7
:1050C0004552564F5F574F524B5F4D4F44455F49D6
:1050D0004E444558204661696C65640D0A00000025
:1050E0004B696E636F2073657420706F73697469A8
:1050F0006F6E206D6F6465204661696C65640D0A92
:1051000000000000938888004B696E636F20534451
:105110004F2057726974652050524F46494C4544A0
:105120005F56454C4F434954595F494E44455820BA
:105130004661696C65640D0A000000004B696E638E
:105140006F2053444F20726561642050524F46498E
:105150004C45445F56454C4F434954595F494E4472
:105160004558204661696C65640D0A004B696E63A1
:105170006F207365742070726F66696C6564207649
:10518000656C6F6369747920746F20256420727078
:105190006D204661696C65640D0A00004B696E63A1
:1051A0006F2053444F2057726974652050524F4608
:1051B000494C45445F4143435F494E44455820466E
:1051C00061696C65640D0A004B696E636F2053441E
:1051D0004F20726561642050524F46494C45445FF0
:1051E0004143435F494E444558204661696C6564BC
:1051F0000D0A00004B696E636F2073657420707236
:105200006F66696C656420616363656C6572617467
:10521000696F6E20746F2025642072706D20466166
:10522000696C65640D0A0000DC4603004B696E631F
:105230006F2053444F2057726974652050524F4677
:10524000494C45445F4445435F494E4445582046D8
:1052500061696C65640D0A004B696E636F2053448D
:105260004F20726561642050524F46494C45445F5F
:105270004445435F494E444558204661696C656426
:105280000D0A00004B696E636F20736574207072A5
:105290006F66696C656420646563656C65726174D2
:1052A000696F6E20746F2025642072706D204661D6
:1052B000696C65640D0A0000210000084B696E638B
:1052C0006F2053444F205772697465205250444FE9
:1052D000315F504152414D5F494E4445582046612F
:1052E000696C65640D0A00004B696E636F2053445E
:1052F0004F205772697465205250444F315F4D41C1
:105300005050494E475F494E444558204661696CAC
:1053100065640D0A000000001000406020007A6003
:105320004B696E636F2053444F2057726974652038
:105330005250444F325F504152414D5F494E4445B7
:1053400058204661696C65640D0A00004B696E6304
:105350006F2053444F205772697465205250444F58
:10536000325F4D415050494E475F494E44455820A9
:105370004661696C65640D0A0000000020008160D0
:10538000810100800097CDE90160524619466148CD
:1053900001F03DFF10B160A004F03AFFCDE90054E8
:1053A0008DF810800223D34652460121594801F05E
:1053B0002EFF10B158A004F02BFFCA468DF81090B4
:1053C000CDE900544FF4D05900234A4601215148F9
:1053D00001F01DFF10B15BA004F01AFF65480097B3
:1053E000CDE9016001234A4619464A4801F00FFF02
:1053F00010B154A004F00CFF5F480097CDE90160A4
:1054000002234A460121434801F001FF10B14DA09B
:1054100004F0FEFE0220CDE900548DF810000023B8
:105420004A4601213B4801F0F2FE10B145A004F0CC
:10543000EFFE40F281100097CDE9016001235A464A
:105440001946344801F0E3FE10B133A004F0E0FE49
:105450004A480097CDE90160012341F6010BB946A6
:105460005A4619462B4801F0D2FE10B144A004F070
:10547000CFFECDE9005447468DF8108002235A46EE
:105480000121244801F0C3FE10B13DA004F0C0FE8C
:105490008DF810A0CDE9005441F6012A00235246B0
:1054A00001211C4801F0B3FE10B135A004F0B0FE9C
:1054B0003E48B046CDF80090CDE9018001234E462C
:1054C00052461946134801F0A2FE10B12CA004F078
:1054D0009FFECDE900548DF8107000235246012143
:1054E0000C4801F094FE10B125A004F091FE4FF499
:1054F000C1700096CDE9018001235A46194605483E
:1055000001F085FE002802D01DA004F081FE07B046
:10551000BDE8F08F000700204B696E636F20534495
:105520004F205772697465205450444F315F504189
:1055300052414D5F494E444558204661696C65644F
:105540000D0A00004B696E636F2053444F20577261
:10555000697465205450444F315F4D415050494E5D
:10556000475F494E444558204661696C65640D0AA1
:105570000000000010004160200063608201008094
:105580004B696E636F2053444F20577269746520D6
:105590005450444F325F504152414D5F494E444553
:1055A00058204661696C65640D0A000020006C603B
:1055B0001E4D88B0287828B91DA004F029FE0020CF
:1055C0000BF0FAFC00273E4607F0C6FD044600211A
:1055D000A86E07F089FEA0B900231A4601A9286D1C
:1055E00007F0F0FD68B9002000900DF1080C1A4892
:1055F0009CE80E0006F0C2FF1849029804F1C806A4
:105600004860E01B64280CD3B4420AD30021E86E42
:1056100007F06AFE28B9002210490F4807F07AF80F
:1056200027460A2007F08BFDCEE700001800002077
:1056300041637175697265206C6566745265637645
:1056400052617744617461507472206661696C655F
:1056500064210D0A00000000CC1400204418002032
:1056600010B500224FF400610448FDF7DEFA012274
:10567000BDE8104051020248FDF7D7BA00000240D1
:105680000008024010B500224FF400610548FDF704
:10569000CCFABDE8104000224FF400710248FDF73B
:1056A000C4BA0000000002400008024010B5012208
:1056B000D1020548FDF7B9FABDE8104000224FF4C9
:1056C00000710248FDF7B1BA000002400008024034
:1056D00000210A4600EBC103491C9A620529F9DB47
:1056E000704700002DE9F0410446DDE90765069F9B
:1056F000416500214FEA010004EBC10C491CCCF8C4
:1057000028000529F8DB206266616062C4E9012790
:10571000C4E90353207720650120206004F158007C
:1057200002F085FF04F16000BDE8F04102F07FBFA8
:10573000002101770162416A002901D0FFF7C8BF4B
:10574000704708B56A4600F001F808BD2DE9F04140
:1057500098B016460F4604464FF0FF38454658228B
:1057600020496846FAF7C5FD206A80BB16A802F0FA
:105770005EFF16A8616802F052FF07B96F46398BC9
:10578000A161B87E606204F1600002F03DFF3A461C
:10579000A168206900F00AFA011E1EDD16AA204643
:1057A0000AF003FE050018D116AA022120460BF0CC
:1057B0006BFE02280AD10027377077703146701CC3
:1057C000E368626900F034F8012801D0454604E03E
:1057D000357815B901202062277718B02846BDE832
:1057E000F0810000D42C01082DE9FC410746154644
:1057F0000E460024684600930AF00EFB60F307048F
:10580000C4F3C00030702009387001A9009800F07E
:10581000F9F80099019A014400910A44511A0229A9
:1058200004DB68460AF0FEFA28800120BDE8FC810E
:105830002DE9FC41074600240E46254668460092A5
:105840000AF0EAFA0146204661F30700000902283F
:1058500019D101A9009800F0D5F80099054608442F
:10586000019900900144081A02280CDB68460AF0EE
:10587000D3FA60F3070404F00100387068460AF0B8
:10588000CBFA307001252846BDE8FC812DE9FC5F8C
:105890008046DDE90EA00024CDE9000499461746B4
:1058A0000E462546DDF834B068460AF0B5FA60F3D6
:1058B0000704200903282CD1C4F3C00188F8001084
:1058C000C4F34100306004F00100387001A9009871
:1058D00000F098F800990546084401990090441892
:1058E000224669460C980AF0A6FA90B10098201A50
:1058F0000FD43068002804DD68460AF093FAA9F84E
:1059000000000098211ACAF8001000990125CBF870
:1059100000102846BDE8FC9F2DE9FC4781460A9807
:10592000002400909A4616468846254668460AF0A6
:1059300073FA0146204661F307000009092826D1C1
:1059400001A9009800F05EF8009905460844019905
:1059500000904718381A022819DB68460AF062FAE4
:10596000A9F8000034600EE03168414502DD4FF0D7
:10597000FF350CE068460AF04FFA31688B00491C8D
:1059800031604AF803000098B842EDD3012528465B
:10599000BDE8FC877CB504464FF0FF35684602F051
:1059A00046FE6846616802F03AFEA168206900F090
:1059B000C4F9011E04DD6A4620460AF0F6FC0546DD
:1059C0002046FFF7B5FE28467CBD006A7047F8B553
:1059D000012500240E4607460C60641C042C0FDCD5
:1059E00001216846B84701280AD19DF800003168B6
:1059F00000F07F0202FB0511ED0131600006ECD4DE
:105A00002046F8BD024A10600248FFF7E0BF0000E0
:105A1000D0010020ADB1000810B503460020CA1720
:105A200001EB526424F07F02891ACAB2E111002905
:105A300002DD00BF42F080021A5400F10100EEDCEA
:105A400010BD70B504680E4624B12046FAF775FC07
:105A5000054601E0D0E901543046FAF76EFC854274
:105A600005D12A4631462046FAF789FC08B10020C4
:105A700070BD012070BD0000401C802801DA401C70
:105A80007047B0F5804F01DA801C704703498842A7
:105A900001DAC01C7047001D70470000FFFF1F00A7
:105AA0002DE9F04306464FF0FF37006A89B01546EE
:105AB0003C464FF00009884678B307A802F0B7FDCE
:105AC00007A8716802F0ABFD2878012801D00228F0
:105AD00003D1304606F01EFAA880D5E90201CDE9CF
:105AE0000501CDE90289CDF81090A9886878CDE943
:105AF00000012B780022B168306900F024F9011E02
:105B000029DD07AA30460AF050FC040021D128788C
:105B1000012803D0022813D01BE01CE007AA0421AF
:105B200030460BF0B1FC042811D1F068009001AAB6
:105B300002A903A87369FFF757FE012807D108E0FF
:105B400007AA072130460BF09FFC0728EDD03C4602
:105B500001E0601C02D13046FFF7EAFD09B02046A3
:105B6000BDE8F083F8B50024069E054600900429A0
:105B700001DAA01EF8BD62F3071463F3C304062A1A
:105B800024F0060000D1801CC1B268460BF028FF4B
:105B900002210098FFF740FF009908440090314629
:105BA00068460BF023FF0098401BF8BD2DE9F84331
:105BB00007460090884614460025104600F082F8FB
:105BC0008146FFF759FF404502DDA81EBDE8F88376
:105BD0002E46314666F30701684610310BF000FF90
:105BE00049460098FFF718FF009908440090207A72
:105BF00004281DD02FA168460BF0DEFE0321684665
:105C00000BF0EEFEA07E66F3070560F34105E07E33
:105C100008B145F00405680707D594F83D0060F326
:105C2000C40594F83C0060F34515206C40B905E0CC
:105C300022A168460BF0C0FE0421E0E7A06C08B189
:105C400045F08005E06C08B9606D08B145F040058D
:105C5000294668460BF0C4FE218B68460BF0C6FE51
:105C600004F10C0168460EC90BF0CFFEE07E68B16E
:105C70002434684694E80E00243C0BF0C6FE303411
:105C8000684694E80E00303C0BF0BFFE280605D5B0
:105C900004F1400168460EC90BF0B7FE680605D551
:105CA0004C34684694E80E000BF0AFFE0098C01B21
:105CB0008CE700004D514973647000004D515454FD
:105CC0000000000070B50446007A0025032802D0C9
:105CD000042802D002E00C2500E00A2504F10C00A3
:105CE00007C800F0ABF90544E07EAD1C78B1243460
:105CF00094E80700243C00F0A1F93034064694E80B
:105D00000700303C00F09AF9304405442D1D206C0A
:105D100008B9A16C29B1D4E9111200F08FF905443A
:105D2000AD1CE06C08B9616D29B1D4E9141200F022
:105D300085F90544AD1C284670BD0E2200F0B3B8AD
:105D40000C2200F0B0B82DE9FC5F1C46129ECDE994
:105D50000060DDF838B09046DDF830A0DDE90F23B3
:105D6000894607465946204600F030F80546FFF7B9
:105D700083FE484503DD6FF00100BDE8FC9F302144
:105D800068F3C30164F342016AF3000101A80BF058
:105D900027FE29460198FFF73FFE0199084401902C
:105DA000DDE90F23594601A80BF02FFE002C03DD7F
:105DB00001A80D990BF01AFE324611990198FAF7D5
:105DC00098FA019830440190C01BD6E770B50E4692
:105DD000114604461A463046049D00F02FF9284427
:105DE000801C002C00DD801C70BD00002DE9FF4FE1
:105DF00083B0064610A8894690E8800900249246A0
:105E0000254641463846009600F036F80190FFF7E7
:105E100033FE484503DDA01E07B0BDE8F08F64F3F4
:105E2000070480346AF3C30424F00600801CC1B266
:105E300068460BF0D5FDDDE90001FFF7EDFD0099A7
:105E400008440090684606990BF0D0FD0FE000BFB3
:105E500005EB450108EB810090E80E0068460BF069
:105E6000D4FD1BF8251068460BF0BAFD6D1CBD4231
:105E7000EEDB0098801BCFE72DE9F04102250F46AD
:105E8000064600240AE000BF04EB440007EB800054
:105E900007C800F0D3F80544641CED1CB442F3DBE2
:105EA0002846BDE8F08138B5002304460090022959
:105EB00001DA981E38BD194663F3070162F3071132
:105EC00068460BF08DFD00210098FFF7A5FD0099B5
:105ED00008440090001B38BD2DE9F047174689465D
:105EE00006464FF0FF35002406EBC408D8F828001A
:105EF00018B14946FAF728FA30B1641C052CF3DBD7
:105F000017B3681C0DD01FE0002F06D106EBC401AB
:105F10004FF000008862C8F82C004FF000050DD14A
:105F200012E04FF0000400BF06EBC400806A20B10D
:105F300004F10104052CF7DB06E00025052C03DA4B
:105F400006EBC400C0E90A972846BDE8F0871CB5F7
:105F500001AC009400F001F81CBD2DE9FF478CB0A6
:105F6000002605460796089606914FF0FF38189FC1
:105F7000006A9A468946444620B309A802F057FBB6
:105F800009A8696802F04BFB284605F0C3FF83B2FD
:105F90000EAA06A901208DE807000022A968286939
:105FA000FFF724FF011E27DD09AA28460AF0FDF9A4
:105FB00004001FD109AA092128460BF065FA092817
:105FC00001D0444618E002963E70E9686869CDE960
:105FD00000013B4602AA012103A8FFF79DFC01280E
:105FE00008D13878802805D0524649462846FFF720
:105FF00073FF0446601C02D12846FFF799FB10B0DE
:106000002046BDE8F0877CB506460D46002468466C
:1060100002F00DFB2946684602F001FB6946304656
:1060200005F082FD002802DA4FF0FF3404E06846F4
:1060300002F005FB0028F1D020467CBD10B510B160
:10604000FAF77BF90146084610BD00007FB5002134
:1060500021480091019102911E4A0391026001249E
:106060004FF480320461C0E90121047680F82010E9
:106070001A4AC0E90A210325C561C16080F83010C1
:106080004461FBF72FFE08B1FBF796FB0820CDE932
:1060900000040720029069460F48FBF77DFD08B118
:1060A000FBF78AFB092000900220019069460A480C
:1060B000FBF772FD08B1FBF77FFB0D20CDE9000572
:1060C00069460548FBF768FD002801D0FBF774FB23
:1060D0007FBD0000002001408C1A00200100000F4D
:1060E00010B516488AB01449016006210024C0E9A1
:1060F00001140904C0E903414FF4A0014161047691
:1061000044768476C47604774477FCF7E6F808B1E1
:10611000FBF752FB0E200990012001940294CDE977
:10612000064003940094089005946946049403483B
:10613000FBF7C2FE0AB010BD00640040F41A002054
:1061400010B517488AB01549016003210024C0E941
:1061500001144FF42021C0E903414FF48011416143
:10616000047644768476C47604774477FCF7B5F8F1
:1061700008B1FBF721FB02940E2001210094019449
:10618000039407910990CDE90504089104946946A8
:106190000348FBF791FE0AB010BD00000068004004
:1061A0001C1B0020214808B5016841F480010160F2
:1061B000016801F480010091016841F4001101605F
:1061C0000068002200F40010009005210C20FCF76C
:1061D00023FE0C20FCF712FE002205210D20FCF707
:1061E0001BFE0D20FCF70AFE002205210E20FCF705
:1061F00013FE0E20FCF702FE002205210F20FCF703
:106200000BFE0F20FCF7FAFD002205213A20FCF7D7
:1062100003FE3A20FCF7F2FD002205214620FCF7A0
:10622000FBFDBDE808404620FCF7E8BD30380240E1
:1062300070B505F0F7FA02F085F80022114601204A
:1062400007F080F84B4C00221146A066012007F0B1
:1062500079F80022E0661146012007F073F8002269
:1062600020671146012007F06DF8002360671A4689
:106270000121414807F026F90023A0671A460121B1
:106280003E4807F01FF90023E0671A4601213C4809
:1062900007F018F904F18005002328601A4601214F
:1062A000384807F00FF9686000221C210A2006F028
:1062B000BBFF206500221C210A2006F0B5FF6065A7
:1062C000002210210A2006F0AFFFA065002218214D
:1062D000142006F0A9FF206600221821142006F0E1
:1062E000A3FF6066002208210A2006F09DFFE065FA
:1062F0000A21A06F07F022F9C821E06F07F01EF90C
:106300000A21286807F01AF9C821686807F016F909
:106310001D4A00211D4807F08FF81B4A6063243294
:1063200000211B4807F088F8174AA0634832002173
:10633000184807F081F8144AE0636C3200211648CF
:1063400007F07AF8104A606490320021134807F091
:1063500073F80D4AA064B4320021114807F06CF8BC
:10636000094AE064D83200210E4807F065F820643D
:1063700070BD000018000020C1850008D985000804
:10638000CD850008E5850008E02A0108E1750008D0
:10639000A980000811780008B15500087D6F000839
:1063A000A5190008897700082DE9F04F87B014215E
:1063B0006846F9F7B7FF70480024016841F0100102
:1063C0000160016801F010010591016841F0800150
:1063D0000160016801F080010591016841F004014C
:1063E0000160016801F004010591016841F00101BB
:1063F0000160016801F001010591016841F00201AD
:106400000160016801F002010591016841F0080195
:1064100001600068594E00F00800059000224BF61C
:1064200084713046FCF701FCDFF8549100224FF4F0
:106430000E614846FCF7F9FBDFF848A100224FF453
:106440002C715046FCF7F1FBDFF83C81002231153E
:106450004046FCF7EAFB0122170339464046FCF7A9
:10646000E4FBDFF828B1002208215846FCF7DDFBE9
:1064700040F6847000900125CDE90154694630460C
:106480000394FCF7D5FAE0200090CDE90154694669
:1064900048460394FCF7CCFA30200090CDE9015433
:1064A000694650460394FCF7C3FA4FF44050CDE9D7
:1064B000000569463046CDE90245FCF7B9FAE80324
:1064C000CDE900050320CDE9024069463046FCF7DE
:1064D000AFFA4FF4A0500090CDE901546946404610
:1064E0000394FCF7A5FA4FF420700226CDE90005CD
:1064F000CDE9024669465046FCF79AFA28028DE833
:10650000310069464846FCF793FA009769464846C9
:10651000CDE90145FCF78CFA40208DE83100694651
:106520005046FCF785FAEF0200970396CDE9015437
:1065300069464846FCF77CFA012239464846FCF792
:1065400074FB6F0200970396CDE9015469465046EB
:10655000FCF76EFA012239465046FCF766FB08202C
:106560000090CDE90154694658460394FCF760FA5F
:1065700007B0BDE8F08F0000303802400010024044
:10658000000002400008024000040240000C0240EB
:106590002DE9F04120480424204904700025416081
:1065A00005724FF47A76A0F8A26000F55277C0F831
:1065B00098704FF00808C560A0F8A48080F84041AA
:1065C00000F02CF9144800F0B3F9A7F5E270144973
:1065D000047041600572A0F8A260C0F89870C560B0
:1065E000A0F8A48080F8404100F018F9A7F5E27007
:1065F00000F09EF9084805F039FF0A4C012520619A
:1066000000B12570084805F031FF6061002800D016
:106610006570BDE8F0810000CC1400206C1C0020E7
:10662000F41C002018000020501600200F4810B560
:106630000D4901604FF48271416000218160C160A9
:106640004FF400720161C0E90512C161016241624B
:1066500081620A21C162FCF7C7FE002803D0BDE8B1
:106660001040FBF7A9B810BD00380040441B0020C3
:1066700010B586B000241B48009401940294039442
:10668000049417490594016040F24731C0E90114B0
:106690004FF6FF71C0E903148461FDF775F808B186
:1066A000FBF78AF84FF48050009069460D48FDF7DB
:1066B000F7F808B1FBF780F808210A48FDF713FA4C
:1066C00008B1FBF779F8049404A906480594FDF78E
:1066D00013F8002801D0FBF76FF806B010BD0000DA
:1066E000000C00409C1B00200C4810B50A490160BA
:1066F0004FF4E1314160002181600C22C160C0E9AA
:1067000004128161C161FDF7A5FC002803D0BDE83A
:106710001040FBF751B810BD004C0040E41B0020B6
:106720000E4810B50C4901604FF4E1314160002181
:1067300081600C22C160C0E904128161C161FDF772
:1067400089FC08B1FBF738F8BDE810400122044984
:106750000248FDF785BE000000500040281C0020C4
:10676000F00000200C4810B50A4901604FF4E131F7
:106770004160002181600C22C160C0E90412816186
:10678000C161FDF767FC002803D0BDE81040FBF7AE
:1067900013B810BD001001406C1C00200E4810B54D
:1067A0000C4901604FF4E1314160002181600C220D
:1067B000C160C0E904128161C161FDF74BFC08B101
:1067C000FAF7FAFFBDE81040012204490248FDF73C
:1067D00047BE000000440040B01C0020F000002034
:1067E0000C4810B50A4901604FF4E13141600021C5
:1067F00081600C22C160C0E904128161C161FDF7B2
:1068000029FC002803D0BDE81040FAF7D5BF10BD21
:1068100000480040F41C0020FEE7000038B52D4D74
:1068200004462878022853D204F1BC0000F025FC6D
:106830002078032802D0042808D0FEE7264A214603
:10684000264806F0F9FDC4F8AC001EE0224A2146B5
:106850002432234806F0F0FD44F8AC0F21480090A4
:1068600034F80A1C002220A0A3680CF08FF8A06066
:10687000AC3C40B3184A1021183A022006F0D4FC70
:10688000C4F8A80000B3D4F8AC00F0B11A480090E6
:106890000022052119A0D4F8B0300CF077F8C4F824
:1068A000B00098B10C4A01214832084606F04AFD72
:1068B000C4F8B80058B107492878091D41F82040AC
:1068C000401C287038BDFEE7FEE7FEE7FEE7FEE766
:1068D000FEE70000D40100204C2D0108117F0008C4
:1068E000AD7D0008AD1201087854696D6572546978
:1068F0006D656F75740000005912010854696D656B
:1069000072543335000000000FB410B5044600780F
:10691000042800D0FEE706F08DFD069000231A46FD
:1069200003A9D4F8A8000BF00DFA10BC5DF814FB15
:1069300010B5044690F84001012806D0032839D04C
:10694000022837D0042800D0FEE7E06818B1218A79
:106950000022FCF76AF92078032802D1D4F89800C5
:1069600080B16068FDF73CFA2028FAD194F8400124
:106970000428606807D0012204F1A601FDF770FD2C
:1069800078B1FEE7FEE7802204F1BC01FDF7F5F8DF
:1069900000B1FEE76068806B0068016821F00801C3
:1069A0000160207A0028207802D0042802D1FEE776
:1069B000032808D0002084F8930004F8940FA081E5
:1069C0006081208110BDFEE7FEE700002DE9F04F59
:1069D00087B0044693468A46084605A904AACDE92D
:1069E000002102AD06AE2A4645A12B1DF9F7D6FCC3
:1069F000042804D04FF0FF3007B0BDE8F08F00202E
:106A000015F820103154401C0428F9DB4FF002091E
:106A100001254FF4427629463CA003F0F9FB207B88
:106A200004F00EFF0BF02AFE07464FF4FA7812E04E
:106A30000BF024FEC01B40450AD9E06806EB40106D
:106A400002F0E4FA02463EA0E16803F0E1FB09E04F
:106A50000A2006F074FBE06806EB401002F0D6FA5C
:106A60000028E5D1207B00235A46012109F0DCFEF5
:106A7000E168884203D03EA003F0CAFB2DE05A46ED
:106A8000514644A003F0C4FB207B5A4606A904F0FB
:106A90002BFF0746E06806EB401002F0B7FA80468D
:106AA000E0684FF4027101EB401002F0AFFA00F021
:106AB0001F0342463946424803F0AAFB012F02D188
:106AC000B8F1170F14D03FA0E16803F0A1FB207BC1
:106AD00004F0B6FEC82006F032FB6D1C48464D455A
:106AE00099DD014646A003F093FB6FF0010083E7B8
:106AF0005B46524650A0E16803F08AFB00207BE72A
:106B000025642E25642E25642E2564005B4E657455
:106B1000776F726B436F6E6E6563745D2061747422
:106B2000656D70742025643A206F70656E696E67BC
:106B300020736F636B65742E2E2E0D0A000000000B
:106B40005761726E696E673A20736F636B6574206C
:106B5000256420636C6F73652074696D656F75744F
:106B60002C2053523D3078253032580D0A00000059
:106B70005B4E6574776F726B436F6E6E6563745DA9
:106B800020736F636B65742829206661696C656486
:106B90000D0A00005B4E6574776F726B436F6E6E0B
:106BA0006563745D20636F6E6E656374696E6720E4
:106BB000746F2025733A25642E2E2E0D0A000000D6
:106BC000883201085B4E6574776F726B436F6E6E2F
:106BD0006563745D20536F636B6574202564206367
:106BE0006F6E6E656374696F6E206661696C656453
:106BF0002C20636C6F73696E672E2E2E0D0A0000B9
:106C00005B4E6574776F726B436F6E6E6563745D18
:106C1000204661696C656420746F20636F6E6E65D9
:106C200063742061667465722025642061747465E4
:106C30006D7074730D0A00005B4E6574776F726B34
:106C4000436F6E6E6563745D20536F636B65742074
:106C5000256420636F6E6E656374656420746F20B5
:106C600025733A25640D0A00007B05F04DB800003D
:106C70000021C1600349016003494160034981600B
:106C800070470000BB8F0008E38F0008B58F000835
:106C900010B509F057FE002010BD000038B50446BD
:106CA000B0F9AC00A834FAF771FDA08054F8A80937
:106CB000008850B16421484300230090044A1946DB
:106CC000204600F045FCA4F8AC00002038BD0000D0
:106CD000256E000810B5044606F008FA204606F0B6
:106CE000C9F9002010BD0000D0F80812097869B970
:106CF00000210A4606E000BFD0F80C3243F82120FC
:106D0000491CC9B290F805328B42F5D80020704773
:106D100030B401EBC102846802254FF0FF3305EB6C
:106D20004205635300238468062505EB4202A35203
:106D300030BCC9B209F0AABA30B401EBC102846810
:106D400004254FF0FF3305EB420563538368C9B256
:106D500013F8124024F0010403F8124030BC09F08B
:106D600095BA00002DE9F843064640694FF4C05536
:106D70000489B0690789CCB1DFF83C80BC4215D8E2
:106D8000D6F8E4316A46294630469847009941B919
:106D90000268C2F82C800268C2F83C800068C0F823
:106DA0005C806D1C641CADB2A4B2E7E73046BDE860
:106DB000F843002104F022B8C38400082DE9F0470D
:106DC0000446406900260589A069B0F8088035BBF3
:106DD000BDE8F087A16806EBC607022000EB470973
:106DE00031F90900FAF7D2FCA26822F80900A1687B
:106DF000042000EB470931F90900FAF7C7FCA26843
:106E0000761CF6B222F80900A1680020062201F8DB
:106E10001700A16802EB47026D1C8852ADB24545D0
:106E2000D8D9D5E73EB50446D0F8A8000088A8B167
:106E300020686946007800F5E060ADF800000120A8
:106E40008DF8030000208DF8020094F87C008DF886
:106E5000040094F8E10104F0F3FB3EBD34F9AC0FFB
:106E6000FAF794FC20803EBD00B587B01421684637
:106E7000F9F758FA0C480021026842F00802026053
:106E8000006800F008000590082000900120CDE97E
:106E900001010220039069460448FBF7C9FD022066
:106EA00000F006F807B000BD30380240000C024088
:106EB000022804D1002208210148FBF7B6BE704722
:106EC000000C024038B51D461446D0F8E4316A463D
:106ED0009847009939B90179A14204D900680C2179
:106EE00001EB04114550009838BD000000228021BC
:106EF0000148FBF79ABE00000010024001228021E9
:106F00000148FBF792BE0000001002400022202141
:106F10000148FBF78ABE0000000802400122202140
:106F20000148FBF782BE0000000802400122102148
:106F30000148FBF77ABE00000008024000228021D1
:106F40000148FBF772BE00000000024001228021D0
:106F50000148FBF76ABE0000000002400022402109
:106F60000148FBF762BE0000000002400122402100
:106F70000148FBF75ABE000000000240224D88B0D5
:106F8000687828B921A003F043F900200AF014F82A
:106F900000273E4606F0E0F804460021286F06F080
:106FA000A3F9A0B900231A4601A9686D06F00AF9F1
:106FB00068B9012000900DF1140C1E489CE80E00E9
:106FC00005F0DCFA1C49059804F1C8064861E01B8D
:106FD000642814D3B44212D30021686F06F084F9F8
:106FE00018B10CE0052006F0AAF8A8780028F9D11D
:106FF0001149012210310F4805F08CFB27460A2069
:1070000006F09DF8C6E70000180000204163717586
:107010006972652072696768745265637652617738
:1070200044617461507472206661696C6564210DFD
:107030000A000000501600204418002090F881201B
:10704000815490F88110491C01F07F0180F8811073
:1070500090F88210802906D0002280F88320491CF5
:1070600080F882107047012180F8831010F8801F8B
:10707000491C01F07F0101707047002100F8801F5A
:1070800041708170C170704790F88220AFF300802A
:1070900010B590F8823013B10AB1802A01D90020CE
:1070A00010BD00230DE000BF90F88040045DCC547B
:1070B00090F88040641C04F07F045B1C80F88040E2
:1070C000DBB2934203D290F882409C42ECD890F815
:1070D0008210C91A80F88210002180F88310FFF70F
:1070E000CCFF184610BD00002DE9FC410546406963
:1070F0000F464088002833D0C7EBC70101EB4101A0
:1071000005EB8104A96994F8282049881044884235
:1071100026D86968134E51F83000806B90F80080D3
:107120004FF0FF30A4F87400852084F82A0094F80A
:107130003200CDE90006238E94F82910284609F084
:10714000AEF9E662A26F2AB1414628469047E06A4E
:10715000B04205D1F9B22846BDE8FC4108F0DABFDB
:10716000BDE8FC81000004052DE9F04786B08946A2
:10717000DDE90E648246052C11D0062C11D0072CB7
:1071800011D00020029080B100255046CDE9004585
:1071900008F06BFE60B1A81E06B0BDE8F0870120C4
:1071A000F0E70220EEE70420ECE74FF0FF30F3E7D2
:1071B0000495039500254FF4FA7804AF0DE0012003
:1071C00005F0BDFF6D1C454507D9022249465046D2
:1071D00004F070FB6FF00300DEE702AB03AA494640
:1071E0005046009704F0A4FE0128E8D1052C04D0F5
:1071F000062C05D0072C08D105E00398307004E078
:107200000398308001E0039830600020C4E7F0B5B7
:1072100085B00E46DDE90A140746052C07D0062C7A
:1072200007D0072C07D04FF0FF3005B0F0BD01208C
:1072300002E0022000E00420002500900395CDE943
:107240000141314638460AF0FBFB08B1A81EECE7C5
:10725000049502E0012005F072FF04AA3146384689
:1072600004F09CFF0128F5D10020DEE71FB5C1EB3B
:10727000C10101EB410100EB81014A6B0AB98A6B44
:107280004A630392012203ABCDE90032029201F17D
:107290003C0391F83220098E03F03EFE04B010BD8D
:1072A00070B5C1EBC10101EB410100EB81018C6BB9
:1072B000A018202801D9FF2070BD002006E0261864
:1072C0001D5C0E44401C86F83C50C0B29042F6D380
:1072D000886B10448863002070BD000038B50446F8
:1072E0001248134B0068B0FBF3F04FF47A73584325
:1072F00000906068B0F5827F0DD10B4600920022AD
:107300008021204600F016F870B1606D40F020003A
:107310006065032038BD009830B1401E00902068A1
:107320008068C0430006F6D5002038BD000100206B
:1073300000366E012DE9F8431E4691468846044604
:10734000089DFBF777FC401B351AFBF773FC0746DB
:1073500025480068C0F3CB30684338E0701C37D054
:10736000FBF768FCC01BA84203D215B1009860B3BC
:107370002CE02068416821F0E00141606068B0F5D0
:10738000827F0BD1A068B0F5004F02D0B0F5806FBE
:1073900004D12068016821F040010160A06AB0F5C5
:1073A000005F09D12068016821F400510160206864
:1073B000016841F400510160012084F8510000206F
:1073C00084F850000320BDE8F8830025401E00909B
:1073D0002068816838EA010004D000214945BDD108
:1073E0000020F0E70121F9E7000100202DE9F0413C
:1073F0000F460446002690461D46D0F8B800711E80
:107400000AF0E8FE207A00B1FF2694F8A70000B148
:10741000FE2617F0FF0001D0F72801D9F72600E07B
:107420005EB175B20023A5741A461946D4F8B800A7
:107430000AF088FC2846BDE8F081C4F89850E07452
:10744000C7F30723380C2375010A61751FFA88F208
:10745000A075170A06210026D0B2052B16D008DC2D
:10746000012B11D0022B0FD0032B0DD0042B5FD199
:107470000AE0062B13D04FF0070C04F113010F2B79
:1074800013D0102B54D133E0E7750CE0288800B1FD
:10749000FF20E07584F8186084F8931048E028888D
:1074A000000AE07528782076F6E713095B061B0EC4
:1074B000120701D05B1CDBB2E7752076637684F897
:1074C00093C0002011E0C20720F0010201D0AA5CA5
:1074D00001E0AA5A120A94F893707A5494F893200F
:1074E000521C401C84F8932080B29842EBD31FE0DA
:1074F000E77520765000607684F893C0002015E090
:1075000035F8103094F893701B0A7B5494F893303C
:107510005B1CDBB284F8933015F810705F5494F85C
:1075200093305B1C401C84F8933080B28242E7D8D1
:10753000204608F0EBFF00231A461946D4F8B8009D
:107540000AF000FC012084F8A700A674002072E76E
:107550002DE9F05F8B46214982460026B1F90000F3
:107560001C4691461C4D401C08E000BFB9F1000FBD
:1075700001D02A7852B1761C36B21835864201DC29
:10758000082EF3DB4FF0FF30BDE8F09F88468642BF
:1075900001D1A8F8000004F0ABFC07464FF6FF71DC
:1075A00020468C4200D30846D8F80420BA4207D9B6
:1075B000D21B824204D93A18C8F8042009F004F911
:1075C000E019C5E903B0C5E901A90A98686101207D
:1075D00028703046D8E70000E48D0020E00100204C
:1075E00088B04749474803F071FF28B946A002F028
:1075F0000FFE002009F0E0FCFDF7F0FAFDF7BCFB00
:10760000404809F0D3F9012211463E4805F08BFBB2
:107610000BF034F8414D424C4FF6FF7606900023B4
:107620001A466946206E05F0CDFD002835D1009838
:1076300001281DD10020FAF72FF905280ED00027C8
:10764000FDF7A2F938B10A2005F079FD7F1C0A2F59
:10765000F6DB34A000E039A002F0DAFD0098012842
:1076600006D10198B04203D0FDF7E6FA01986862AE
:10767000029840F6B731401E884202D20298FDF7C8
:1076800051FB009848B90020FAF706F9052804D103
:107690002FA002F0BDFDFDF7E3F8206A0521B0FB45
:1076A000F1F201FB120058B9164808F014FF2C48FB
:1076B000008828842B480068A8622B480068E8628C
:1076C000206A4FF4FA71B0FBF1F201FB120070B9BD
:1076D00013480A30FDF7F2FA08B1668101E06089CB
:1076E00018B1618921A002F093FD60896884206A45
:1076F0000A21401C206206A809F018FC8FE7000050
:1077000020A107000007002043414E3120696E6927
:1077100074206661696C65640D0A000044180020DD
:10772000180000204B696E636F20454E41424C4566
:107730005F4641494C45440D0A0000004B696E63A9
:107740006F20454E41424C455F4F4B0D0A000000F3
:1077500044697361626C65206B696E636F0D0A002A
:10776000F6010020F8010020FC0100204B696E6347
:107770006F206572726F725F636F64652069733A20
:10778000307825780D0A000008B5114C4FF47A7551
:107790001048FBF7B4FA0AF071FF01462089009007
:1077A000E388A2880CA002F033FDA0881E2805D231
:1077B000E088322802D22089322804D30CA002F0BB
:1077C00027FD09F07FF9284605F0B9FCE0E7000045
:1077D0001800002048100020743A256C75206D7345
:1077E00020653A25642025642025640D0A000000E8
:1077F00053797374656D2052657365742064756583
:1078000020746F206572726F7273210D0A00000080
:107810009AB004F02FFE012802D080A002F0F8FCFC
:107820008848FFF725FA874D874C4FF47A774FF059
:107830000008287BF9F7C2FF4FF4FA7608E083A02E
:1078400002F0E6FCE088401CE080304605F077FC62
:1078500001F062FAC007F2D040F25B7282A179486F
:10786000FFF7B4F8002812D083A002F0D1FCE08822
:107870000A30E08001F06AFA010001D08AA02DE010
:1078800092A002F0C5FC384605F059FCD1E79649B4
:107890004FF40070CDE90001A1F500736949029031
:1078A0004FF4FA6201F11000FDF71CFF58228F49D6
:1078B00003A8F8F71EFD04208DF814008CA0069094
:1078C0003C20ADF8240001208DF826005D4803A976
:1078D0001030FDF736FF010003D089A002F098FCBC
:1078E000D1E791A002F094FC5648A4F80680934B8F
:1078F000002293A11030FEF72AFB010003D094A0D0
:1079000002F086FC02E09DA002F082FC4D488B4B09
:107910000022A1A11030FEF71AFB010003D0A3A0A2
:1079200002F076FC02E0ACA002F072FC4548834B0A
:107930000022B1A11030FEF70AFB010003D0B2A073
:1079400002F066FC02E0BBA002F062FC0AF096FEC8
:10795000BDF82400BF495FF000064843B0FBF7F9CB
:1079600001F0DAF9C0070BD0E8684FF4427101EB7F
:10797000401001F04BFB014617280FD0B6A03FE0A6
:10798000C1A002F045FC2F481030FEF703F82D4847
:10799000FFF76AF9C54981F800804AE72948642160
:1079A0001030FEF730FB010006D5C1A002F030FC1C
:1079B000E088401CE08025E00AF060FE8246214815
:1079C0001030FEF702F850B10AF058FEA0EB0A01A1
:1079D000494506D9C3A000BF02F01AFC12E0CFA0AF
:1079E000FAE7DB4805F0B6FA08B1002612E0761C8B
:1079F0003146D8A002F00CFC032E0BDB3146E0A090
:107A000002F006FC0F481030FDF7C4FF0D48FFF7E9
:107A10002BF90EE70A2005F092FBA1E75735353028
:107A20003020696E6974206661696C65642C204D34
:107A3000515454207461736B20696E76616C696473
:107A40002E0D0A00541000201800002057616974A0
:107A5000696E6720666F7220504859204C696E6BC2
:107A60002E2E2E0D0A0000003139322E3136382EDE
:107A7000322E3130000000004D515454204E6574B8
:107A8000776F726B20636F6E6E65637420666169D9
:107A90006C65642C207265747279205735353030EE
:107AA00020696E69740D0A00573535303020696ED3
:107AB0006974206661696C65642C726573756C7499
:107AC0002069733A25640D0A0000000057353530EF
:107AD0003020696E697420737563636573736675AE
:107AE0006C6C792E0D0A0000CC120020342C010899
:107AF00053544D33325F436C69656E74000000006F
:107B00004D51545420436F6E6E65637420666169F5
:107B10006C65642C2072633D25642C207265747240
:107B2000792031730D0A00004D51545420436F6E7B
:107B30006E6563746564210D0A0000004DCD000878
:107B4000726F626F742F6770696F2F636D640000CE
:107B500053756273637269626520726F626F742F0E
:107B60006770696F2F636D64206661696C65642C52
:107B70002072633D25640D0A000000005375627396
:107B800063726962656420726F626F742F677069D7
:107B90006F2F636D640D0A00726F626F742F6772CE
:107BA00069707065722F636D6400000053756273B5
:107BB000637269626520726F626F742F6772697099
:107BC0007065722F636D64206661696C65642C203A
:107BD00072633D25640D0A005375627363726962B6
:107BE000656420726F626F742F677269707065725E
:107BF0002F636D640D0A0000726F626F742F7365DE
:107C000072766F2F636D640053756273637269627D
:107C10006520726F626F742F736572766F2F636D5C
:107C200064206661696C65642C2072633D25640D77
:107C30000A000000537562736372696265642072A2
:107C40006F626F742F736572766F2F636D640D0AA8
:107C50000000000080841E00536F636B6574206C0D
:107C60006F737420287374617475733D3078253098
:107C70003258292C207265636F6E6E656374696E6D
:107C8000672E2E2E0D0A0000504859204C696E6B4D
:107C900020446F776E2C207265636F6E6E6563741F
:107CA000696E672E2E2E0D0A00000000C80100200C
:107CB0004D5154545969656C642072657475726EC7
:107CC0006564206572726F722072633D25642C209A
:107CD0007265636F6E6E656374696E672E2E2E0D0E
:107CE0000A0000004E6F20737563636573736675D9
:107CF0006C204D5154545969656C6420666F722034
:107D0000746F6F206C6F6E672C207265636F6E6E80
:107D1000656374696E672E2E2E0D0A004D51545402
:107D20004973436F6E6E6563746564207265747524
:107D3000726E65642066616C73652C207265636F7A
:107D40006E6E656374696E672E2E2E0D0A0000003C
:107D5000441800205075626C69736820726F626FFE
:107D6000742073797320737461747573206661690C
:107D70006C65642028636E743D2564290D0A00003B
:107D80005075626C697368206661696C6564202552
:107D9000642074696D65732C207265636F6E6E6507
:107DA0006374696E672E2E2E0D0A000086B004469D
:107DB0004FF0FF394FF000084E464A4601A9D4F86B
:107DC000A8000AF01DF9049800900DF1040C20465B
:107DD0009CE80E00FFF70AFB3146012008F084FE04
:107DE000454684F8128020B184F8A7506FF007014F
:107DF0000AE0204604F0F6F894F8930006280AD228
:107E000084F8A7506FF00501A174B4F8A000401CDD
:107E1000A4F8A00010E000950023A8461A4603210C
:107E2000D4F8B4000AF014FE204609F05FFA41B21B
:107E300031B184F8A780A17400230322049864E080
:107E4000A1743146D4F8B8000AF0C4F9207D0528A1
:107E500049DA012806D0022804D0032820D00428BB
:107E600041D11DE00326002516E0E807D4F898006C
:107E700025F0010704D0C15DAA191019C07C04E0E7
:107E8000AA19C05B1119000AC97C09F08FFDD4F84A
:107E900098106D1CEDB2C853607DA842E5D822E071
:107EA000607D0326400884F84201002514E0A719EC
:107EB000397DF87C09F07AFD0146D4F89800B61CAB
:107EC000F6B220F81510B7F8130004EB450140BADC
:107ED0006D1CA1F84401EDB2607DB5EB500FE6D307
:107EE000012184F8411184F8A780A07C00287FF448
:107EF00063AF00231A461946D4F8B80009F022FFF0
:107F0000002303226FF00A0104980AF0B1FA53E744
:107F100004464FF0010B4FF0080900274FF0060A06
:107F2000A77494F84001012801D0042809D14FF02A
:107F3000FF31012008F0D8FD204604F053F8C01CA2
:107F40000BD094F89300072809D2FA20A074B4F853
:107F5000A000401CA4F8A000E2E7FD20F6E7E07CCA
:107F6000217A8842DCD1204609F0F4F905000DD0D1
:107F7000207D217AE174803020756575032084F8B6
:107F80009300204608F0C2FAA574C9E7A7744FF021
:107F9000FF31D4F8B8000AF01DF9207D05281AD069
:107FA00008DC01280DD002280BD003280DD00428AE
:107FB0002ED10AE006283DD00F284DD0102827D119
:107FC0004EE0204607F0B0F902E0204607F048FAFC
:107FD00084F8A7001CE0A17D607D09F0E7FC014664
:107FE000E27D000901F00F01FF2A19D0D4F8982092
:107FF0000BFA01F332F810509D4322F8105000BFE5
:1080000084F893A04D46204608F080FA84F8A750E3
:1080100000231A461946D4F8B80009F093FE7FE70A
:10802000D4F898300BFA01F533F810202A4323F8DE
:108030001020E5E7A17D607D09F0B8FC0546217EB2
:10804000E07D09F0B3FCD4F8981021F8150084F80D
:1080500093A04D462046D7E7204607F0BEF9B7E784
:10806000B4F81500002590FA90F8B4F81700E775F9
:1080700046BA267684F893A00FE000BF04EB4500D3
:10808000C17E807E09F092FC014608EB0500D4F821
:1080900098206D1CADB222F81010B542EED394F8C2
:1080A00093502046AD1CAFE788B04B494B4803F0D6
:1080B0004BFA28B94AA002F0ABF8002008F07CFF88
:1080C00040F6B83005F03BF801F0D6FA01F010FCAC
:1080D000424808F06BFC01221146404804F023FEA0
:1080E0000AF0CCFA434D444C4FF6FF76069000233D
:1080F0001A466946606E05F065F8002839D1039884
:10810000012810D1F9F7C8FB05280CD05FF0000753
:1081100001F082F920B17F1C0A2FF9DB37A000E0C3
:108120003CA002F075F80598401E1D2802D805985D
:1081300001F0B4FB0398012812D10498B04218D082
:10814000F8F726FD9FED381B53EC112BF8F7B1FC27
:10815000F8F7A4FD00EE100A01F0BCFA0498686379
:10816000039830B932A002F053F801F007FB01F098
:10817000BBF8626A0520B2FBF0F100FB112058B990
:10818000164808F0A8F92F48008828862E4800686D
:10819000A8632E480068E863616A4FF4FA70B1FB87
:1081A000F0F200FB121070B913480C3001F042FBE2
:1081B00008B1A68101E0A08918B1A18924A002F02C
:1081C00027F8A0896886606A0A21401C606206A8B8
:1081D00008F0ACFE8BE7000040420F00F40D0020D9
:1081E00043414E3220696E6974206661696C656432
:1081F0000D0A000044180020180000205A65726F14
:1082000045727220454E41424C455F4641494C45BE
:10821000440D0A005A65726F45727220454E414204
:108220004C455F4F4B0D0A000000000000408F409E
:1082300044697361626C65207A65726F6572720D54
:108240000A000000480900204C09002050090020C5
:108250005A65726F657272206572726F725F636FBA
:1082600064652069733A307825780D0A00000000B3
:1082700008F031B910B54FF0E02000690AF0F0F9CC
:10828000012803D0BDE8104009F066BC10BD000015
:1082900030B593B030216846F8F744F814210CA8A3
:1082A000F8F740F81E480025016841F08051016050
:1082B000006800F0805011901A48016841F4804134
:1082C00001600068022400F48040119001200090B9
:1082D000000401908001CDE90640102008904FF481
:1082E000A870CDE9090404200B906846FAF7C6FE91
:1082F00008B172B6FEE70CA90F2081E831004FF4F7
:10830000A0500F904FF48050109005210CA8FAF760
:10831000B5FD002801D072B6FEE713B030BD0000F5
:1083200040380240007000400248016841F470018A
:108330000160704788ED00E00148FBF720BB0000BA
:108340009C1B002010B5FEF793F90D4840F2473111
:108350000268916202684FF6FF71D162C1600268E3
:10836000012151620268C91E11610068C16841F0B3
:108370000101C160BDE810400148FBF751BA00009F
:108380009C1B00200148FBF7FABA0000781F002070
:10839000F0B50268254C264D264E274F274B4FF04F
:1083A000804CA04209D0604507D0A84205D0B04219
:1083B00003D0B84201D0984204D122F0700E4A682E
:1083C00042EA0E02A0421BD0604519D0A84217D045
:1083D000B04215D0B84213D0984211D0184DA842DF
:1083E0000ED0184DA8420BD0174DA84208D0174DFB
:1083F000A84205D0164DA84202D0164DA84203D17E
:1084000022F44075CA682A434D6922F080022A434B
:1084100002608A68C2620A688262A04201D0984201
:1084200001D10969016301214161F0BD00000140F2
:108430000004004000080040000C0040000401401F
:108440000040014000440140004801400018004045
:10845000001C00400020004010B5846842EA03225E
:1084600024F47F440A432243826010BD826822F0D4
:1084700070020A4342F007018160704710B5036A39
:10848000046A24F001040462846924F0F00444EADC
:10849000021423F00A020A438461026210BD10B57F
:1084A000036A23F0100303628369046A23F47043B0
:1084B00043EA023224F0A00343EA0111826101621F
:1084C00010BD2DE9F041044690F8820048B3022A1D
:1084D00003D0032A01D0052A23D16269A088127A29
:1084E00000EBC200081AC0F3C705A16805EBC5067A
:1084F000022000EB4607C85FF9F748F9A168C853A6
:10850000A168042000EB4607C85FF9F73FF9A168AE
:10851000C853A168002001F8160029462046FEF73E
:10852000F7FB0020BDE8F0812DE9F0414FF6FF7424
:1085300003F0DEFC204D02466868831800211F48C6
:1085400015E00678F6070FD006699E421DD84669E9
:10855000C6B1B2FBF6F706FB1727F61B0327066129
:108560000770A64200D23446491C09B21830B5F94A
:108570000060B142E5DD20466C6008F025F9002678
:108580000E4C13E002260670EEE7F61A0661E8E7E5
:108590002078810707D520F002002070A26812B170
:1085A000E16860689047761C36B21834B5F900006F
:1085B0008642EDDDBDE8F081E0010020E48D002081
:1085C0000148806E04F00ABF180000200148006FC7
:1085D00004F004BF180000200148C06E04F0FEBE85
:1085E000180000200148406F04F0F8BE1800002079
:1085F00010B507F0E9FB002805D0D0E90021BDE85F
:1086000010400846104710BD70B505464FF47A700B
:1086100001FB00F40AF032F8C5E9000470BD70B542
:108620000D4604460AF02AF8C4E9000570BD10B5ED
:1086300004460AF023F820600020606010BD10B5E9
:1086400004460AF01BF82168401A6168884201D389
:10865000012010BD002010BD10B504460AF00EF830
:108660002168401A6168884201D3002010BD081AB1
:1086700010BD00000148FBF7B9BB0000E41B00205F
:108680000148FBF7B3BB0000281C002010B5806B2D
:108690000021C185C184FBF773FB10BD70B5846BED
:1086A0002068406994F83D10C0F3C01000252129CE
:1086B00004D118B1E584204600F0BBF82068406979
:1086C00094F83E10C0F38010222904D118B1E5853A
:1086D000204600F087F8206C40F01000206420460F
:1086E000FBF74EFB70BD10B50146806B0968096849
:1086F000C9052FD40021C18501680C3151E8002F34
:1087000022F4807241E80023002BF5D10168143176
:1087100051E8002F22F0010241E80023002BF5D19F
:108720000168143151E8002F22F0400241E8002393
:10873000002BF5D1202180F83E10016B012909D1D1
:1087400001680C3151E8002F22F0100241E80023AB
:10875000002BF5D1016B012902D0FBF797FE10BD6C
:10876000818DFBF735FA10BD10B5806B016B0129C7
:1087700002D0FBF7CDFE10BD818D4908FBF728FA2A
:1087800010BD10B5806B0021C185202280F83E20ED
:108790000163FBF76FFA10BD10B50146806B0968E5
:1087A0000968C90516D40021C1840168143151E853
:1087B000002F22F0800241E80023002BF5D1016850
:1087C0000C3151E8002F42F0400241E80023002B19
:1087D000F5D110BDFBF75EFF10BD10B5806BFBF748
:1087E00087FF10BD01680C3151E8002F22F4907210
:1087F00041E80023002BF5D10168143151E8002F26
:1088000022F0010241E80023002BF5D1016B012980
:1088100009D101680C3151E8002F22F0100241E823
:108820000023002BF5D1202180F83E1000210163A8
:10883000704701680C3151E8002F22F0C00241E876
:108840000023002BF5D1202180F83D10704708B59A
:1088500090F83E10222901D0022008BD82684FF412
:1088600080539A4201D1016921B1816A9A421BD099
:108870004AB10AE00268816A5268C2F308020A80BB
:10888000816A891C08E0026972B10268526802F0CC
:108890007F020A70816A491C8162C18D491E0904E8
:1088A000090CC18503D019E002685268F1E701683C
:1088B000CA6822F02002CA600168CA6822F4807285
:1088C000CA6001684A6922F001024A61202180F8E9
:1088D0003E10016B012903D0FBF7D8FD002008BD35
:1088E0000021016301680C3151E8002F22F01002D1
:1088F00041E80023002BF5D101680A68D20602D5B1
:108900000A6849680091818DFBF762F9E6E700008B
:1089100070B5044600680169E26821F440511143D2
:1089200001612169A068E269084361691143084354
:108930002168CA6849F20C639A430243CA602068FE
:108940004169A26921F440711143416131492068B4
:10895000884202D03049884202D1FAF759FB01E03F
:10896000FAF746FBE2690023192164253226B2F5A5
:10897000004F626828D0A0FB0101930F9200F7F727
:1089800081FC0146B0FBF5F06FF01802504301EB9B
:10899000800006EB0010B0FBF5F000F0F002B1FB38
:1089A000F5F002EB0012B1FBF5F06FF0180358433D
:1089B00001EB800006EB0010B0FBF5F000F00F00BB
:1089C00021681044886070BDA0FB010192185B41D2
:1089D000F7F758FC0146B0FBF5F00201B1FBF5F0EA
:1089E0006FF01803584301EB800006EBC000B0FBAA
:1089F000F5F000F0F80002EB4002B1FBF5F058434F
:108A000001EB800006EBC000B0FBF5F000F00700C2
:108A1000D6E70000001001400014014038B5816223
:108A200082850025134604460564222084F83E0012
:108A3000A26B1B48D063A26B1A481064A26B1A4841
:108A4000D064A06B0A4605652168A06B091DF9F783
:108A5000A5FF206801684068009084F83C502068B9
:108A60000C3050E8001F41F4807140E80012002AE9
:108A7000F5D12068143050E8001F41F0010140E8B2
:108A80000012002AF5D12068143050E8001F41F090
:108A9000400140E80012002AF5D1002038BD000056
:108AA000E7860008698700089D8600088162828544
:108AB000C28500210164222280F83E2080F83C100B
:108AC0000168CA6842F48072CA6001684A6942F06B
:108AD00001024A610068C16841F02001C1600020C4
:108AE00070472DE9F041984617460E460446069D0C
:108AF00027E0681C25D02DB1FAF79CF8A0EB080000
:108B0000A8421ED920680C3050E8001F21F4D07113
:108B100040E80012002AF5D12068143050E8001F08
:108B200021F0010140E80012002AF5D1202084F84C
:108B30003D0084F83E00002084F83C000320BDE89E
:108B4000F0812068006836EA000004D00020B842B6
:108B5000CFD00020F3E70120F9E700000148FBF740
:108B600045B900006C1C00200148FBF73FB900002C
:108B7000B01C00200148FBF739B90000F41C0020AC
:108B8000FEE7000030B587B0012009F038F8394918
:108B900048603949394807F089FA3949394807F0B6
:108BA00097FA3949394807F06FFA394D4FF4806424
:108BB000002221462846FAF738F80A20F9F726FF5E
:108BC000012221462846FAF730F84FF49670F9F75B
:108BD0001DFF304B01AC0FCB84E80F0001A9012031
:108BE00002F02CFF401C1DD04FF4645000F00EFA30
:108BF000014629A001F00CFB01218DF81410002082
:108C00008DF815008DF816008DF8171005A90A20AB
:108C100002F014FF60B126A001F0FAFA6FF0010033
:108C200007B030BD29A001F0F3FA4FF0FF30F7E7AD
:108C30000024C820F9F7EAFE69460F2002F0FEFE84
:108C400005460346641C22469DF8001025A001F04D
:108C5000DFFA9DF8000008B9322CEAD325B910F0EC
:108C6000FF0F01D00020DBE726A001F0D1FA6FF062
:108C70000200D5E7C8010020CD1501081D17010825
:108C80006718010819170108C3150108BF15010865
:108C900000040240AC2C01085735353030205665B1
:108CA0007273696F6E3A203078253032580D0A00A1
:108CB0005365742050485920636F6E66696720665B
:108CC00061696C6564210D0A0000000057495A4330
:108CD00048495020496E6974206661696C65642E4C
:108CE0000D0A00004C696E6B3A2025642C63686B9A
:108CF0005F636E743A25642C726573756C743A25E3
:108D0000640D0A004C696E6B206F6E206661696CA1
:108D10006564210D0A00000038B500208DF80000C0
:108D20002E218DF801108DF8020008F0F7FC0024C8
:108D30006D46285D00F01EF9641C032CF9DB00F081
:108D4000F3F8044608F042FC204638BD70B50F4DDC
:108D500000200122287011030D48F9F766FFFFF784
:108D600011FF040004D001460AA001F051FA0AE004
:108D700011A001F04DFA0120287000F02BF800F04E
:108D800039F800F0BDF8204670BD0000C801002091
:108D900000040240573535303020696E6974206612
:108DA00061696C65642C726573756C742069733AC3
:108DB00025640D0A00000000573535303020696EFB
:108DC0006974207375636365737366756C6C792E53
:108DD0000D0A000000B587B0182205496846F7F76C
:108DE00088FA6946002002F003FE07B000BD0000CB
:108DF000BC2C010800B589B003A9012002F0F8FDE0
:108E00009DF80F009DF811209DF810108DE80700C7
:108E10009DF80E309DF80D209DF80C101AA001F061
:108E2000F7F99DF8150000909DF814309DF8132077
:108E30009DF812101EA001F0EBF99DF819000090AA
:108E40009DF818309DF817209DF816101DA001F010
:108E5000DFF99DF81D0000909DF81C309DF81B2047
:108E60009DF81A101CA001F0D3F99DF82100009084
:108E70009DF820309DF81F209DF81E101BA001F0CA
:108E8000C7F909B000BD00004D41433A20253032FA
:108E9000583A253032583A253032583A253032582F
:108EA0003A253032583A253032580D0A0000000079
:108EB0004950203A2025642E25642E25642E2564F1
:108EC0000D0A0000534E203A2025642E25642E25DD
:108ED000642E25640D0A00004757203A2025642E91
:108EE00025642E25642E25640D0A0000444E533A55
:108EF0002025642E25642E25642E25640D0A00008D
:108F0000084801680A6822F040020A6001680A689D
:108F100022F038020A600068016841F040010160F7
:108F200070470000441B00200EB5FF208DF808009C
:108F300000208DF8040014200090012301AA02A94A
:108F40000448FAF7E5FA10B103A001F061F99DF8C1
:108F500004000EBD441B00205735353030205350DF
:108F60004920726561642074696D656F75740D0ABE
:108F70000000000001B582B014200090012301AA76
:108F800002A90448FAF7C4FA002802D002A001F0AE
:108F90003FF90EBD441B002057353530302053506B
:108FA000492077726974652074696D656F75740DF9
:108FB0000A000000007B02F0A7BE70B5054614460B
:108FC0000E46007B03F09EF8002809D0A04200DD89
:108FD000204682B2287B3146BDE8704006F0E2BFF1
:108FE00070BD2DE9F04115460E460746002408E005
:108FF000281B82B23119387B07F0ACF8002802DD5B
:109000000444AC42F4DB2046BDE8F081F8B5144CD2
:109010000546E068804760698047616AC5F307409C
:10902000C5F3072699B1A26A8AB18DF800008DF8C0
:1090300001608DF80250032168469047E06980473F
:109040000546A0698047206980472846F8BD216A07
:109050008847216A30468847216AE8B28847EDE7A9
:109060009C0100202DE9F8431A4C05461746E0689C
:109070008846804760698047616AC5F30740C5F349
:109080000726A1B1A26A92B18DF800008DF80160A7
:109090008DF80250032168469047626A394640467F
:1090A0009047A069804720698047BDE8F883216A1E
:1090B0008847216A30468847216AE8B288470025F8
:1090C00005E0E069804708F805006D1CADB2BD42BF
:1090D000F7D3E6E79C010020F8B5164C05460E468E
:1090E000E068804760698047A26A45F004058AB15C
:1090F000280C8DF80000280A8DF801008DF8025028
:109100008DF80360042168469047A0698047206974
:109110008047F8BD216AC5F307408847216AC5F337
:1091200007208847216AE8B28847216A3046884785
:10913000EBE700009C010020F8B51A4C05461646E6
:10914000E0680F46804760698047A26A45F00405E1
:109150009AB1280C8DF80000280A8DF801008DF8CE
:109160000250032168469047A26A3146384690472C
:10917000A069804720698047F8BD216AC5F3074090
:109180008847216AC5F307208847216AE8B28847E3
:10919000002504E0216A785D88476D1CADB2B542B8
:1091A000F8D3E5E79C01002010B5FDF7D7FEBDE838
:1091B0001040FDF7CBBE10B5FDF7D8FEBDE810405E
:1091C000FDF7BCBE41F20163C81A994262D023DCAC
:1091D00041F21403A1EB030099424FD009DCA1F541
:1091E000805108293CD2DFE801F03F413B3B3B4343
:1091F0004547B0F57B7F47D005DC042840D0B0F56B
:109200001B7F2DD13EE0A0F54070ED383ED0A0F59B
:109210008070FF3824D13BE0B0F5206F46D013DCDE
:1092200040F2FF33A0F2FF31984239D006DCA0F5BE
:109230008070FF3830D0012812D12FE0012931D0C1
:10924000B1F5C06F0CD12FE0A0F5206001382FD010
:109250003F38B0F580402DD023282DD02B282DD09D
:109260001A48106000207047002028E0012026E006
:10927000022024E0032022E0042020E005201EE05C
:1092800006201CE007201AE0082018E0092016E05C
:109290000A2014E00B2012E00C2010E00D200EE05C
:1092A0000E200CE00F200AE0102008E0112006E05C
:1092B000122004E0132002E0142000E01520002119
:1092C0001160034901EBC000704700000000020676
:1092D000DC2E01089F2803D1087808B101487047A7
:1092E00000207047300009062DE9FF472C4DE87833
:1092F00000284FF0020027D12A4F03900620388023
:1093000000240DF10C08CDE900844FF400593B46D0
:10931000224649462448029401F0FEFD224807F007
:1093200041F80026322003F00AFF0120F8F7BCFACA
:10933000687803280BD0761C0A2EF3DB1BA000F004
:1093400067FFEC706FF0020004B0BDE8F087052005
:1093500003F0F5FE3C80CDE90084124B0022494623
:109360001148029401F0D8FD0F4807F01BF80026C1
:10937000642003F0E4FE0120F8F796FA68780228EA
:1093800009D0761C0A2EF3DB15A000F041FFEC702B
:109390006FF00100D8E71F4800F03AFF0020D3E744
:1093A000140000203E090020F40D00205A65726F61
:1093B00045727220656E61626C65206661696C65DC
:1093C000642C2052454144595F5357495443485FE8
:1093D0004F4E5F4641494C45442E0D0A00000000A7
:1093E0005A65726F45727220656E61626C652066A7
:1093F00061696C65642C205357495443485F4F4E54
:109400005F44495341424C45445F4641494C4544C1
:109410002E0D0A00703001082DE9FF5F544CE078F2
:1094200018B1012004B0BDE8F09F002635460120A8
:10943000F8F73AFA607800283AD0C0B2022801D092
:1094400005283FD04B4F06200DF10C0A38804FF015
:109450000209CDE900A5CDE902594FF4005B56465B
:109460003B4600225946444801F056FD4348434BD1
:10947000002205600420CDE90250CDE9006542F2EA
:1094800001013D4801F048FD3B4806F08BFF0026F6
:109490000120F8F709FA6078032817D0761C0A2E05
:1094A000F6DB37A000F0B4FEE5706FF00200B9E71C
:1094B000761C0A2EBBDB3FA000F0AAFEE5704FF041
:1094C000FF30AFE746A000F0A3FE4EE0052003F01A
:1094D00036FE07213980CDE900A5CDE90259B8460D
:1094E0005746244B00225946234801F015FD2248D7
:1094F00006F058FF00260120F8F7D6F96078042816
:1095000009D0761C0A2EF6DB41A000F081FEE57042
:109510006FF0030086E7052003F011FE0F21A8F885
:109520000010CDE90075134B0022594612480295F0
:1095300001F0F2FC104806F035FF0026322003F05F
:10954000FEFD0120F8F7B0F96078052809D0761CF7
:109550000A2EF3DB3AA000F05BFEE5706FF004002A
:1095600060E7444800F054FEE57000205AE7000030
:10957000140000203E090020F40D002040090020C6
:109580005A65726F45727220656E61626C65206605
:1095900061696C65642C2052454144595F535749B9
:1095A0005443485F4F4E5F4641494C45442E0D0A97
:1095B000000000005A65726F45727220656E61622C
:1095C0006C65206661696C65642C204745545F5367
:1095D00054415455535F4641494C45442E0D0A00B1
:1095E0005A65726F4572722063757272656E74206F
:1095F000737461747573206973204F5045524154E0
:10960000494F4E5F454E41424C45440D0A00000013
:109610005A65726F45727220656E61626C65206674
:1096200061696C65642C2053574954434845445F35
:109630004F4E5F4641494C45442E0D0A0000000044
:109640005A65726F45727220656E61626C65206644
:1096500061696C65642C204F5045524154494F4E0E
:109660005F454E41424C45445F4641494C45442E7E
:109670000D0A0000E82F010810B50321144806F078
:109680009DFF1349022081F8E1010021104807F0F5
:1096900049F87F210E4807F045F805210C4807F0EE
:1096A00041F8022201210A4803F03DFB82220121F8
:1096B000074803F038FBC82003F041FD8022012158
:1096C000034803F030FBBDE81040322003F037BD03
:1096D000F40D0020F0B5244E2F202DED028B85B027
:1096E00030800024022003ADCDE90240CDE90054D2
:1096F0000703B0EE408A3346224639461B4801F044
:109700000BFC9FED1B0ADFED1B0A1B4828EE000A2D
:10971000194B0022791C80EE201ABCEEC10A80EDA4
:10972000000A0420CDE90240CDE900540F4801F0C1
:10973000F3FB0E4806F036FE3F203080CDE90054A2
:109740003346002239460948029401F0E5FB0748F8
:1097500006F028FE054806F0BEFE052003F0EFFCEB
:1097600005B0BDEC028BF0BD3E090020F40D0020D9
:10977000000000490000B44340090020FEB500206D
:10978000062402ADCDE90054ADF80800034646F2C8
:109790004006324601210D48FDF7E6FC10B10CA051
:1097A00000F036FDBDF80800CDE9005420F00400BB
:1097B000ADF808000023324601210448FDF727FDDB
:1097C000002802D00EA000F023FDFEBDF40D002005
:1097D0005A65726F6572722053444F2072656164DE
:1097E00020534552564F5F4354524C5F574F52449B
:1097F0005F494E444558204661696C65640D0A0016
:109800005A65726F4572722053444F2057726974C3
:109810006520534552564F5F4354524C5F574F5249
:10982000445F494E444558204661696C65640D0AA1
:10983000000000003EB504460020ADF808000621F7
:1098400002A8CDE90001002346F23F0201210748AA
:10985000FDF78AFC28B106A000F0DAFC6FF00100E9
:109860003EBDBDF80800208000203EBDF40D002064
:109870005A65726F6572722053444F20726561643D
:10988000204552524F525F434F44455F494E444535
:1098900058204661696C65640D0A00001FB50421FB
:1098A0000391F7F786F99FED0E1B53EC112BF7F799
:1098B0008EF8F7F7AAF90C490B4B0860002003A9B2
:1098C000CDE900100246029042F20201074801F081
:1098D00023FB064806F066FD044806F0FCFD1FBDAC
:1098E0003D0AD7A370C1964044090020F40D002022
:1098F0002DE9F04F87B04FF0010A8DF814A0052430
:1099000005AECDE9006446F2600700233A465146B1
:10991000AC48FDF77CFC10B1ABA000F079FC002551
:109920008DF81450CDE90064A1462B463A4601213A
:10993000A448FDF719FC10B1B0A000F069FC9DF837
:109940001400012802D0B9A000F062FC43F6E30045
:10995000072403AECDE90064029046F2810703902C
:1099600000233A4601219748FDF751FC10B1B8A0F9
:1099700000F04EFCCDE9006400233A4601219148F5
:109980000395FDF7F1FB10B1BEA000F041FCDDE94D
:109990000201814203D00A21C7A000F039FC47F23E
:1099A000C717CDE9006446F28308029700234246B8
:1099B000012184480397FDF72AFC10B1CBA000F0E9
:1099C00027FCCDE900640023424601217D48039530
:1099D000FDF7CAFB10B1D1A000F01AFCDDE90201CD
:1099E000814203D01421D9A000F012FC0297039702
:1099F000CDE9006446F2840700233A46012171480C
:109A0000FDF705FC10B1DFA000F002FCCDE9006419
:109A100000233A4601216B480395FDF7A5FB10B1E1
:109A2000E4A000F0F5FBDDE90201814203D014213E
:109A3000ECA000F0EDFB02AE80200096CDE90140E5
:109A4000002341F2050201215E48FDF7E0FB10B161
:109A5000F2A000F0DDFB4FF47A700096CDE90140F2
:109A6000002341F2060201215648FDF7D0FB10B158
:109A7000F3A000F0CDFBFE480096CDE901400123A4
:109A8000B0464FF4C05219464E48FDF7C0FB10B126
:109A9000F8A000F0BDFB0DF1100BCDE900B9574661
:109AA0008DF810A04E4602234FF4C05201214548C4
:109AB000FDF7ADFB10B1EFA000F0AAFBAA468DF8B0
:109AC00010505D46CDE900564FF4D05BB1460023FF
:109AD0005A4601213B48FDF79AFB10B1F1A000F076
:109AE00097FBFC48CDF80080CDE9014001234646B4
:109AF0005A4619463348FDF78AFB10B1E9A000F039
:109B000087FBF5480096CDE90140B04602234FF4AB
:109B1000D05201212B48FDF77AFB10B1E1A000F0F3
:109B200077FB4E46CDE900564FF0020B8DF810B092
:109B3000A94600234FF4D05201212248FDF767FBCC
:109B400010B1D8A000F064FB40F28110CDF8008085
:109B5000CDE90140012345464FF4C052194619484A
:109B6000FDF755FB10B1C3A000F052FBC0480095B3
:109B7000401CCDE90140012341F60102194611487C
:109B8000FDF745FB10B1D5A000F042FBCDE90096F2
:109B9000B8468DF810704F46022341F601020121AC
:109BA0000848FDF734FB10B1CCA000F031FBD146E2
:109BB0008DF810A0002341F6012A524601210148E8
:109BC000A4E10000F40D00205A65726F4572722006
:109BD00053444F20577269746520534552564F5F66
:109BE000574F524B5F4D4F44455F494E44455820B7
:109BF0004661696C65640D0A000000005A65726F69
:109C00004572722053444F2072656164205345525F
:109C1000564F5F574F524B5F4D4F44455F494E443F
:109C20004558204661696C65640D0A005A65726F7B
:109C30004572722073657420706F736974696F6EFA
:109C4000206D6F6465204661696C65640D0A0000D3
:109C50005A65726F6572722053444F20577269744F
:109C6000652050524F46494C45445F56454C4F4342
:109C70004954595F494E444558204661696C6564B2
:109C80000D0A00005A65726F6572722053444F20AE
:109C9000726561642050524F46494C45445F5645B9
:109CA0004C4F434954595F494E44455820466169D9
:109CB0006C65640D0A0000005A65726F657272204F
:109CC0007365742070726F66696C65642076656C6C
:109CD0006F6369747920746F202564206470732029
:109CE0004661696C65640D0A000000005A65726F78
:109CF0004572722053444F20577269746520505248
:109D00004F46494C45445F4143435F494E444558A3
:109D1000204661696C65640D0A0000005A65726F27
:109D20004572722053444F20726561642050524F37
:109D300046494C45445F4143435F494E44455820A2
:109D40004661696C65640D0A000000005A65726F17
:109D5000457272207365742070726F66696C6564F9
:109D600020616363656C65726174696F6E20746FE6
:109D70002025642064707373204661696C65640DEE
:109D80000A0000005A65726F4572722053444F20DA
:109D900057726974652050524F46494C45445F44A0
:109DA00045435F494E444558204661696C65640DE2
:109DB0000A0000005A65726F4572722053444F20AA
:109DC000726561642050524F46494C45445F44459A
:109DD000435F494E444558204661696C65640D0AED
:109DE000000000005A65726F45727220736574201E
:109DF00070726F66696C656420646563656C65721A
:109E00006174696F6E20746F2025642064707373B1
:109E1000204661696C65640D0A0000005A65726F26
:109E20004572722053444F2064697361626C6520EF
:109E300053594E43204661696C65640D0A00000069
:109E40005A65726F4572722053444F206469736182
:109E5000626C6520636F6D6D206379636C65207043
:109E60006572696F64204661696C65640D0A000063
:109E7000810100805A65726F4572722053444F20F1
:109E80005772697465205450444F315F50415241BC
:109E90004D5F494E444558204661696C65640D0A22
:109EA000000000005A65726F4572722053444F20C3
:109EB0005772697465205450444F315F4D41505082
:109EC000494E475F494E444558204661696C656478
:109ED0000D0A000010004160200064605A65726F36
:109EE0004572722053444F20577269746520545054
:109EF000444F325F504152414D5F494E44455820D6
:109F00004661696C65640D0A00000000CDE90076C9
:109F1000FDF77DF910B17BA000F07AF98548009536
:109F2000CDE901400123524619468348FDF76FF9F8
:109F300010B174A000F06CF9CDE900768DF81080B6
:109F40000023524601217C48FDF761F910B16DA054
:109F500000F05EF94FF4C1700095CDE90140012396
:109F600041F6010219467448FDF751F918B1AFF2F4
:109F7000FC0000F04DF971480095CDE90140012346
:109F80004FF4A05219466C48FDF741F910B16CA08E
:109F900000F03EF9CDE900768DF8108002234FF4F1
:109FA000A05201216448FDF732F910B164A000F01D
:109FB0002FF9CDE900764FF4B05A8DF810900023B8
:109FC000524601215C48FDF722F910B168A000F06B
:109FD0001FF973480095CDE9014001235246194607
:109FE0005548FDF714F910B161A000F011F96D4862
:109FF0000095CDE901400223524601214E48FDF76C
:10A0000006F910B15AA000F003F9CDE900768DF8F9
:10A0100010B00023524601214748FDF7F8F810B16F
:10A0200053A000F0F5F840F201200095CDE9014081
:10A0300001234FF4A05219463F48FDF7E8F810B14C
:10A040003FA000F0E5F83D480095401CCDE90140F7
:10A05000012341F2014A524619463748FDF7D7F825
:10A0600010B151A000F0D4F8CDE900768DF8108041
:10A070000223524601213048FDF7C9F810B14AA029
:10A0800000F0C6F88DF81090CDE9007641F2016934
:10A0900000234A4601212848FDF7B9F810B14EA027
:10A0A00000F0B6F858480095CDE9014001234A4632
:10A0B00019462148FDF7ABF810B147A000F0A8F809
:10A0C000CDE900768DF8108000234A4601211A4818
:10A0D000FDF79DF810B140A000F09AF840F2022080
:10A0E0000095CDE901400123524619461248FDF77B
:10A0F0008EF8002802D02CA000F08AF807B0BDE846
:10A10000F08F00005A65726F4572722053444F20E1
:10A110005772697465205450444F325F4D4150501E
:10A12000494E475F494E444558204661696C656415
:10A130000D0A000020006C60F40D00200102008078
:10A140005A65726F4572722053444F20577269747A
:10A1500065205250444F315F504152414D5F494E4E
:10A16000444558204661696C65640D0A0000000092
:10A170005A65726F4572722053444F20577269744A
:10A1800065205250444F315F4D415050494E475F1A
:10A19000494E444558204661696C65640D0A0000CB
:10A1A0001000406020007A605A65726F457272201C
:10A1B00053444F205772697465205250444F325FA8
:10A1C000504152414D5F494E444558204661696CAB
:10A1D00065640D0A000000005A65726F45727220B6
:10A1E00053444F205772697465205250444F325F78
:10A1F0004D415050494E475F494E444558204661B5
:10A20000696C65640D0A00002000816070470000E1
:10A210000FB4054B10B503A9044A029800F0DEF90B
:10A2200010BC5DF814FB0000D9BE00083C100020F3
:10A230000FB47CB50C0009AD01D0611E00E0002117
:10A24000CDE90001064B6A462946089800F0C6F998
:10A25000002C02D0009A002111707CBC5DF814FB28
:10A2600005B000080907090E002804DB00F1E02012
:10A2700080F80014704700F00F0000F1E02080F833
:10A28000141D704730B528B1144C031F00202168FD
:10A290000A4605E0084630BD9A4203D81046526887
:10A2A000002AF9D1002800D041680BD00468A3EB44
:10A2B0000005A54204D11B681C440346046002E06B
:10A2C000436000E023603AB11C68D51AA54203D16F
:10A2D00015682C441C6052685A6030BD4010002044
:10A2E00000B583B09FED060B0A4601468DED000BCD
:10A2F0006846F6F794FD9DED000B03B000BD00002D
:10A3000000000000000000002DE9F04782460F4CDD
:10A3100010480D4E0E4F001B4FF0000820F00705AF
:10A320004FF0010900221146504602F07FFB002841
:10A3300002D1306810B10020BDE8F0873C60C4E96C
:10A340000058C6F80090EDE744100020AC8E0020C5
:10A3500040100020A890002002E008C8121F08C189
:10A36000002AFAD170477047002001E001C1121F96
:10A37000002AFBD1704700002DE9FF5F82B0002169
:10A38000DDE90430020DDDF840B0034318D044F697
:10A390001050A2F2FF3242431514119801281FD029
:10A3A000A5EB0B00401C5FEA000A4FF000064E4F81
:10A3B000DFF83891B046504615D5CAF1000413E0D5
:10A3C000119801244AA3012801D16FEA0B010298D8
:10A3D000119AC0E90031C0E9024206B0BDE8F09F21
:10A3E000CBF10000DFE704460021404A491842EB68
:10A3F0000450CDE9001012E0E00707D032463B469A
:10A4000040464946F6F7E3FA8046894632463B46DF
:10A4100010461946F6F7DBFA06460F466410002C84
:10A42000EAD1DDE90401DDE90023BAF1000F06DA23
:10A43000F6F7CDFA42464B46F6F7C9FA05E0F6F7CD
:10A4400038FB42464B46F6F734FB04460E460022E4
:10A45000284BF6F70BFC03D84FF0FF30014607E01E
:10A460000022254B20463146F6F70AFAF6F7AAFDF8
:10A47000102409E0002C0ADB0A220023F5F702FF72
:10A48000039B30321A55641E50EA0102F2D1641C5B
:10A49000039AC4F111031444119A012A03D0012232
:10A4A00008430DD10AE0084304D000204FF0110BFF
:10A4B000119072E7A3EB0B056D1E0DE05B4504DD0B
:10A4C0004FF0000205F1010504E003DA4FF000024D
:10A4D000A5F10105002AECD002981199C0E90231DA
:10A4E000C0E9004579E70000000014400000F03F9B
:10A4F000300000000000F0430000E03F2DE9F84F7D
:10A500009946DDE90BA51746D0F8E4310A9E6A4664
:10A51000984704460098002803D12079B84202D811
:10A520001F48BDE8F88F3DB1206800EB07100078A8
:10A53000C00701D01B48F4E7B9F1000F0BD004208D
:10A54000216800EB0718326851F80800904205D9DD
:10A5500030601548E5E74FF00060E2E7012000EBCE
:10A560000710095C8AF800102068082101EB071128
:10A5700050F8085041582A464846F5F7BAFE9AF86E
:10A580000000092809D1216851F808003168884283
:10A5900003D2002109F805106D1C00203560C0E7CA
:10A5A0001100090601000106050004057047704707
:10A5B00030380A2801D201207047002070477047C8
:10A5C000704770477047704770477047016A097855
:10A5D000002902D1812202F0A6BB70472DE9FF4F6E
:10A5E00095B09A46884606460025EEE1252877D1A3
:10A5F00000242746F94A0121039400E0044316F899
:10A60000013F203B01FA03F01042F7D130782A28AD
:10A6100011D06FF02F033078A0F13002092A16D83C
:10A62000039A44F0020402EB820203EB420210445C
:10A63000761C0390EFE758F8042B0392002A03DA04
:10A64000504244F40054039044F00204761C3078E5
:10A650002E2816D116F8010F44F004042A280DD034
:10A660006FF02F023078A0F13003092B09D807EBE7
:10A67000870302EB4303C718761CF3E758F8047B03
:10A68000761C30786C280FD006DC4C2817D0682850
:10A690000DD06A2814D104E0742810D07A280FD184
:10A6A0000DE044F400140AE044F4801401E044F4A2
:10A6B00040147278824202D104F58014761C761C14
:10A6C000307866280BD013DC582877D009DC0028B6
:10A6D00075D04528F6D04628F4D047281AD193E102
:10A6E00018E0632835D0642879D0652812D18BE131
:10A6F000702873D008DC6728F1D069286FD06E28E5
:10A700000DD06F2806D1ACE073282CD0752874D0FA
:10A71000782853D05246179990476D1C54E1C4F3E2
:10A720000250022809D003280DD0D8F800100428C0
:10A730000DD00D6008F1040846E1D8F80010EA17C2
:10A74000C1E90052F6E7D8F800100D80F2E70D706D
:10A75000F0E718F8041B8DF8001000208DF80100B8
:10A76000EB46012003E058F804BB4FF0FF306107CF
:10A770004FF0000102D40DE009F101018946B94210
:10A780000FDA8145F8DB1BF809100029F4D108E045
:10A7900009F1010189468142FADB1BF80910002901
:10A7A000F6D103985346A0EB090721463846179A7D
:10A7B00000F080FA284400EB090507E044E008E1D6
:10A7C0000DE01BF8010B524617999047B9F10109AA
:10A7D000F7D2534621463846179AF2E039E00A216B
:10A7E000C4F302524FF0000B0091022A06D058F831
:10A7F000040BC117032A09D00AE023E008F107007F
:10A8000020F00702F2E80201904605E000B2C1170D
:10A81000042A01D140B2C117002906DA0A460021F4
:10A82000404261EB02012D2202E0220504D52B22D9
:10A830008DF80420012203E0E20701D02022F7E78F
:10A84000914657E00A2100E010214FF0000B0091E3
:10A850000BE010214FF0000B44F004040827009196
:10A8600003E008204FF0000B0090C4F30252022ACC
:10A8700005D058F8040B0021032A08D008E008F19D
:10A88000070020F00702F2E80201904603E080B2E0
:10A89000042A00D1C0B24FF0000922072AD532782D
:10A8A000702A07D0DDF800C08CF0100C5CEA0B0CAD
:10A8B00005D00EE040228DF80420012208E050EA85
:10A8C000010306D030238DF804308DF805200222D4
:10A8D0009146009B83F0080353EA0B030AD150EA28
:10A8E000010201D1620705D530228DF804204FF016
:10A8F00001097F1E3278582A04D039A20C920CAA82
:10A9000002920BE03BA2F9E75B46009AF5F7BAFC2E
:10A910000C9B9B5C029A521E0292137050EA010239
:10A92000F2D1029804A9081A00F1200B600702D5A1
:10A9300024F4803400E001275F4502DDA7EB0B0023
:10A9400000E0002000EB0B01009003984944401AFE
:10A950000390E00306D453462146179A039800F06B
:10A96000A9F90544002706E001A85246C05D1799E1
:10A9700090476D1C7F1C4F45F6DBE0030CD553461A
:10A980002146179A039800F095F9054404E0302019
:10A990005246179990476D1C0099481E0090002957
:10A9A000F5DC08E00298029952460078491C0291B1
:10A9B000179990476D1CBBF10001ABF1010BF1DC65
:10A9C0005BE100F065F90544761C307800287FF4DF
:10A9D0000DAE19B02846BDE8F08F0000092801002F
:10A9E0003031323334353637383961626364656605
:10A9F00000000000303132333435363738394142C7
:10AA00004344454600000000600700D4062708F1D3
:10AA1000070020F00700F0E80223804603F0004C16
:10AA20005FEA0C0001D097A009E0200501D596A0AF
:10AA300005E0E00701D095A001E0AFF24C001390D3
:10AA4000307823F0004365280CD006DC452809D077
:10AA500046281DD047287FD13BE0662818D06728BC
:10AA60007AD136E00021112F01DB112000E0781CA3
:10AA7000CDE9000104A90CA8FFF77EFCDDE90D017A
:10AA80000C9A4FF0000B07F10109109200914EE073
:10AA90004FF000400097CDE9011004A90CA8FFF782
:10AAA0006BFCDDE90D020C9B0F994FF0000B9146FA
:10AAB0001093009211B9791C00EB0109B7EB090062
:10AAC00003D4C0F1FF3B07F10109A9EB0700019096
:10AAD00042E0012F00DA01270021112F01DD1120B2
:10AAE00000E03846CDE9000104A90CA8FFF744FCBA
:10AAF000DDE90D010C9A00914FF0000BB946109260
:10AB000021070FD4009A4A4503DA914601E0A9F1E2
:10AB10000109B9F1010F05DD109AA9F10101515C9C
:10AB20003029F4D0B84202DA10F1040F03DA01211F
:10AB3000CDE9011010E0002803DC8344A9EB0001FB
:10AB400002E0411C494500DD8946A0EB0B00401C9A
:10AB500001904FF000400290200705D4019848452D
:10AB600002DB4FF0FF30019000208DF84B0002987F
:10AB70000DF14B07B0F1004F25D002200C902B2097
:10AB80000D90029800280CDA404202902D200D9082
:10AB900007E00A210298F6F79DF83031029007F895
:10ABA000011D0C99481E0C900029F2DC0298002827
:10ABB000EFD1791E0D980870307800F0200040F039
:10ABC000450007F8020D11A8C01BC01D0290139884
:10ABD000007800B1012000EB0901019801EBE07160
:10ABE000029801440398401A401E0390E00306D4E3
:10ABF00053462146179A039800F05CF805441398D1
:10AC0000007818B15246179990476D1CE00323D580
:10AC100053462146179A039800F04CF805441BE070
:10AC2000BBF1000F07DB0098584504DD1098179919
:10AC300010F80B0001E01799302052469047019818
:10AC40000BF1010B401E05F10105019004D12E20EE
:10AC50005246179990476D1CB9F10001A9F10109FD
:10AC6000DEDC05E017F8010B5246179990476D1C82
:10AC70000299481E02900029F4DC53462146179A97
:10AC800003989EE62D0000002B000000200000002D
:10AC90002DE9F041044600251E461746880404D4D9
:10ACA00005E039462020B0476D1C641EF9D52846C2
:10ACB000BDE8F0812DE9F041044600251E4690468E
:10ACC000C80301D5302700E02027880404D505E01B
:10ACD00041463846B0476D1C641EF9D52846BDE88C
:10ACE000F0812DE9F04F85B01C4692460646DDF80E
:10ACF00038B0DDF84080F6F7AFFD0546FE280DD2EE
:10AD0000014602AB0222304601F0B3F928B102AA93
:10AD10000221304601F091F918B1FF2005B0BDE8DD
:10AD2000F08F0AF0FF094FEA1A27B8F1000F28D078
:10AD30000520CDE9004053462A469DF808103046CC
:10AD400001F02EFE9DF80810A020C1EBC10101EB1F
:10AD5000410106EB810103AA81F873B08DF80C0064
:10AD600010208DF80D908DF810008DF80E700520D4
:10AD70008DF80F4000211154401CC0B20828FAD3AE
:10AD800024E00320CDE9004053462A469DF80810F0
:10AD9000304601F005FE9DF808104020C1EBC101CE
:10ADA00001EB410106EB810103AA81F873B08DF834
:10ADB0000C008DF80D908DF80E7004208DF80F406A
:10ADC00000211154401CC0B20828FAD39DF8081085
:10ADD0000F98C1EBC10101EB410106EB8101134664
:10ADE00088672A460221304605F01DFB002895D0D1
:10ADF0009DF80810304605F08DF98EE72DE9FE4FDD
:10AE000004464069002589460689A069078994F8A7
:10AE1000820000280ED0002E6AD0A846CDF800800F
:10AE2000CDF80480CDF8088060E005286ED00B28AE
:10AE300058D0FF20BDE8FE8F606850F83600816969
:10AE40000968002901DA0B2024E0806AB9F1000FBB
:10AE500023D00178E9B3F02925D8A26805EBC50114
:10AE600012F811305B1CDBB202F811300278934209
:10AE700019D1A268204602F81180CDF80080CDF8E3
:10AE800004806A462946CDF8088000F0B9F9002808
:10AE9000D9D10520BE42C8D92AE00078FF2829D0A0
:10AEA000FE2827D01CE00078FC2818D105EBC50A45
:10AEB0000622A16802EB4A000A182946204600F043
:10AEC0009FF90028A06810F81A1003D021F00102A1
:10AED00002E016E041F0010200F81A20B3E780B169
:10AEE000BE4205D86D1C761CEDB2B6B2BE42A3D9E7
:10AEF00000209FE7A06805EBC50110F81100C0070E
:10AF0000EDE72946204605F0C1F99CE76A46294647
:10AF1000204605F074FA96E72DE9FF4F81B01546FB
:10AF2000DDE90E76D0F8E43180466A46029998470A
:10AF300004460098002803D12079A84203D82E485F
:10AF400005B0BDE8F08F2EB1206800EB0510007849
:10AF5000022828D00121206801EB051110F801A07A
:10AF6000042101EB051146580C2101EB051150F8A5
:10AF70000190386808B1B0423AD8D8F82420504639
:10AF80000499904700900028DAD10820216800EB4E
:10AF9000051B3A6851F80B000499F5F7AAF9BAF1C4
:10AFA000090F02D009E01548CAE73868B04204D258
:10AFB0002368002253F80B100A543E60B9F1000FC9
:10AFC00007D02A46214640464B4698470090002825
:10AFD000B6D1206800EB05100078400706D5D8F8F8
:10AFE000E83140462A4602999847A9E70020A7E79A
:10AFF00003483E60A4E700001100090602000106B4
:10B00000100007064A68002A06D00A68531C0B6025
:10B0100010704868401E48607047704700207047B5
:10B020002DE9F04F85B090460EAADDF84C9092E8DD
:10B03000100C1F460546202C11D8F6F70DFC0646CD
:10B04000FE280DD2014602AB0222284601F011F87B
:10B0500028B102AA0221284600F0EFFF18B1FF2014
:10B0600005B0BDE8F08FB9F1000F13D00420CDE991
:10B070000070434632469DF80810284601F090FCC7
:10B080009DF80800C0EBC00000EB400005EB80001D
:10B09000046609E00220CDE90070434632469DF87F
:10B0A0000810284601F07CFC9DF80800C0EBC000A9
:10B0B00000EB400005EB800044639DF80810002081
:10B0C000C1EBC10101EB410105EB810181F873A0E6
:10B0D0000EE000BF9DF808201BF80010C2EBC20272
:10B0E00002EB420205EB82020244401C82F83C1053
:10B0F000A042EFD303A9B9F1000F0DD0C2208DF803
:10B100000C000020C30024FA03F20B18401CC0B24C
:10B110001A710428F6D328E0042C19D8C4F10400CD
:10B12000232242EA80009DF808208DF80C00C2EB33
:10B13000C20202EB4202042005EB8202131893F8CC
:10B1400038300B54401CC0B20828F7D394630CE08D
:10B1500021208DF80C000020C30024FA03F20B1804
:10B16000401CC0B21A710428F6D39DF808108DF85F
:10B170000D804FEA1820C1EBC1018DF80E0001EBE4
:10B18000410105EB81018DF80F701198886703ABC1
:10B1900032460221284605F046F900283FF460AF08
:10B1A0009DF80810284604F0B5FF58E730B504466E
:10B1B00006480023026803E012F8015B25705B1C5F
:10B1C0008B42F9DB0260084630BD0000D001002050
:10B1D00010B530B1036823B1D0E90121914201D209
:10B1E00004E0002010BD491C816020B1914202D2D0
:10B1F0005C5C202CF7D99142F4D1491E816010BDCE
:10B200002DE9F04F43698346914618895B89C00058
:10B2100000EBC102DBF80400DB0003EBC1010F18F7
:10B220000244386889B00026D0F808A01068354676
:10B2300080690088C0F30A01A9F8001089F802604B
:10B2400000200490059018213A6801EB061152582D
:10B250001368190C13F0FF042ED02B190793402B01
:10B260002AD8A4F1010C012303EBDC0CCDF818C0A3
:10B270001288CDE902030DF1200C0DF11808CDE97B
:10B28000008CC2F3072204AB5846FFF737F918B118
:10B29000FF2009B0BDE8F08F09EBD502121D009226
:10B2A000002005F00701CDE90110002320461A46D1
:10B2B00004A9F6F7A3F9079D761C9AF80000F6B2E8
:10B2C000B042BDD801206D1E00EBD50089F8030007
:10B2D0000020DEE72DE9F04104460027104E1BE078
:10B2E000A0892568C0050BD4A06820B1FFF7F2FF44
:10B2F000A089C00504D4206910B17168884727610E
:10B30000A089800504D4206A10B17168884727623B
:10B310007168204688472C46002CE1D1BDE8F081B9
:10B3200008000020002200F064BF000030B50D4C82
:10B330000D4A0E4B0E4988B10A60056805B10D60D3
:10B340004B60406800B14860002088600868904207
:10B3500003D14868984200D18C6030BD81E81C0060
:10B3600030BD000039FF000809A3000885A20008CD
:10B370000800002010B5016828208847040002D08A
:10B380002821F4F7CFFF204610BD0022114600F01F
:10B390006FB800002DE9F04788B00F4604469A4682
:10B3A00016461C216846F4F7BDFF2F480025002CE7
:10B3B0000560456055D08146E7B3CDE90047029569
:10B3C000D9E90212D9F810000491CDE9052009F15C
:10B3D0000800FFF7CFFF5FEA00082BD000986F4608
:10B3E00008B1029808B100270BE00198042808D999
:10B3F00003221EA10098F4F7C2FF10B90298C01CE6
:10B4000002903846FFF7E4FE0146404602F0EAFAB1
:10B4100068B1BAF1000F13D06846FFF7D9FEDDE935
:10B420000101814203D202990098405C40B140463C
:10B43000FFF750FFDDE9011088420AD205460BE014
:10B440001EB10299009808443060404608B0BDE83B
:10B45000F087081E00D0451E0EB160193060C9E9A2
:10B4600000450020F2E7000000000020EFBBBF0015
:10B4700070B515460E46040009D0F4F75EFF411C76
:10B480002B4632462046BDE87040FFF783BF0020C0
:10B4900070BD70B54FF6FF7200234AF201050EE051
:10B4A000C45C6240012412F0010F4FEA520200D046
:10B4B0006A40641CE4B2082CF5D95B1CDBB28B42F9
:10B4C000EED3100A40EA022080B270BD10B50948E0
:10B4D000F7F79CF808B108A005E002210548F6F747
:10B4E0006BFC20B10FA0FEF793FE002010BD0120E1
:10B4F00010BD0000F41A002043414E3120737461E6
:10B500007274206661696C65642C73746F7020536B
:10B510007461727443616E546573745461736B210A
:10B520000D0A0000456E61626C652043414E31207A
:10B530006E6F74696669636174696F6E20666169B4
:10B540006C6564210D0A000010B50948F7F75EF834
:10B5500008B108A005E002210548F6F72DFC20B14E
:10B560000FA0FEF755FE002010BD012010BD000009
:10B570001C1B002043414E3220737461727420669C
:10B5800061696C65642C73746F702053746172749C
:10B5900043616E546573745461736B210D0A00002E
:10B5A000456E61626C652043414E32206E6F746956
:10B5B0006669636174696F6E206661696C65642198
:10B5C0000D0A000030B40A88D3090F2B35D2DFE80A
:10B5D00003F02D081818181818181818181F1F34F9
:10B5E0002600802A06D090F87F20002A25D030BC83
:10B5F00002F076BA90F8801000291ED030BC03F01B
:10B600007FBE90F88220002A17D030BC02F044BBE5
:10B6100090F87E20002A10D030BC02F04FBC90F889
:10B620008120002A09D030BC02F0B8BA026A127830
:10B63000002A02D030BC02F065BA30BC704700006E
:10B6400030B50C463C4987B091F8E1210021824297
:10B650002FD12088CDE900010291A07800B102200D
:10B660000390E07804908DF81410F7F7E3FA05469C
:10B6700008E000BFF7F7DEFA401B642802D92188F2
:10B680002EA032E03548F6F714FD0028F2D006ABC4
:10B69000221D69463148F6F7A1FB040043D02F482C
:10B6A000F6F791FC02462D480068836821462CA0DD
:10B6B00034E03B4A92F8E121824239D12088CDE939
:10B6C00000010291A07800B102200390E07804907C
:10B6D0008DF81410F7F7AEFA054609E0F7F7AAFA65
:10B6E000401B642804D921882EA0FEF791FD17E0A5
:10B6F0003448F6F7DEFC0028F0D006AB221D694680
:10B700003048F6F76BFB04000DD02E48F6F75BFCD3
:10B7100002462C480068836821462BA0FEF778FD7E
:10B72000012007B030BD0A2001F009FD0020F8E734
:10B73000014635A0D9E700000007002043414E3103
:10B740002054582074696D656F75742C20434F42E6
:10B750002D49443D307825580D0A0000F41A002088
:10B7600043414E31205458204552524F523A2048BE
:10B77000414C207374617475733D25642C204841DD
:10B780004C5F43414E206572726F723D3078256C7C
:10B79000782C205453523D3078256C780D0A0000E7
:10B7A000F40D002043414E322054582074696D65D9
:10B7B0006F75742C20434F422D49443D30782558F5
:10B7C0000D0A00001C1B002043414E32205458201B
:10B7D0004552524F523A2048414C2073746174755F
:10B7E000733D25642C2048414C5F43414E206572D7
:10B7F000726F723D3078256C782C205453523D3056
:10B8000078256C780D0A0000496E76616C696420B9
:10B8100043414E2068616E646C653A2025640D0AD0
:10B82000000000001CB504480090044801906846E0
:10B83000FFF77CFD1CBD0000D5FC0008410D010890
:10B8400070B50446082802D94FF0FF3070BD4FF4A0
:10B85000847000EB441005461021FDF73DFC28469E
:10B86000FDF7D4FB0028FAD14FF4027000EB44102E
:10B870001F21FDF731FC0D490120A0404A88824379
:10B880004A808A8882438A800949002021F814006E
:10B890000649891D08554FF4427000EB44142046B8
:10B8A000FDF7B4FB0028FAD1012070BD840100200F
:10B8B000D48D002038B514460546F5F7CDFF014676
:10B8C000FE2801D3852038BD6B462246284600F06D
:10B8D000FCFB08B1FF2038BD9DF80010284604F09D
:10B8E00019FC002038BD00002DE9F04117460E4636
:10B8F0000446082803D94FF0FF30BDE8F08160010D
:10B900004FF001080830FDF781FB00F00F0001281F
:10B9100002D06FF00400F0E74FF4427000EB4410E7
:10B920000546FDF773FB132802D06FF00200E4E731
:10B930003078717801EB0020B17801EB0020F178CC
:10B9400001EB0020411C2CD058B36FB340F60840E7
:10B9500000EB441004223146FDF7EEFB41F20800F3
:10B96000390A00EB4410FDF7B7FB41F20810F9B2B9
:10B9700000EB4410FDF7B0FB4FF4847000EB441073
:10B9800006460421FDF7A8FB3046FDF73FFB0028E3
:10B99000FAD1164908FA04F0498808421AD0002062
:10B9A000ABE76FF00B00A8E76FF00A00A5E72046B1
:10B9B000FDF72CFB000706D520460821FDF78CFB80
:10B9C0006FF00C0099E72846FDF720FB30B96FF0C7
:10B9D000030092E74FF4027000EB44142846FDF791
:10B9E00015FB1728E3D1012087E700008401002020
:10B9F00010B50C4606281ED2DFE800F003070B1036
:10BA00001418204605F0A0FE13E0204605F004FEC1
:10BA10000FE02078BDE8104005F0C2BE05F028FE1A
:10BA2000207006E0204605F0CDFE02E0204605F03D
:10BA300022FE002010BD4FF0FF3010BD2DE9F04177
:10BA40000C46002102464F1E08464FF498554FF40D
:10BA5000A056102A63D2DFE802F0080B17131A1E53
:10BA6000222C3645484C5950555C05F0C2FE4DE03D
:10BA700014B1204604F10801BDE8F04105F00FBE05
:10BA8000208805F07DFD41E005F0A8FD05E0208857
:10BA900005F04CFE3AE005F0B0FD208036E020884D
:10BAA000010A2846FDF718FB21783046FDF714FB04
:10BAB0002CE03046FDF7AAFA06462846FDF7A6FA1E
:10BAC00006EB0020E9E7174882782270C27862709E
:10BAD0000279A2704279E27082792271C079607134
:10BAE000A17113E005F000FF10E0204605F011FF02
:10BAF0000CE0204605F0B9FE08E02078BDE8F041F2
:10BB000005F02CBF05F0E3FE05E020700020BDE845
:10BB1000F08105F0D1FEC0B241B2491CF5D13846E2
:10BB2000F5E700009C0100202DE9F0418EB0884629
:10BB30000546002404F0A2F900214F1E06460E28F7
:10BB400008D2DFE800F06B076B096B48486B076BA6
:10BB5000076B076A044669E0089108AA6969E86802
:10BB60000292CDE9031007AB0AA8CDE9000305A8AE
:10BB7000031D421C09A9801CF9F788FE01285FD12A
:10BB800009988DF8140005AA0AA9284600F064F85F
:10BB90009DF81400F0B3012802D0022808D037E045
:10BBA000BDF81800009000230422A968286906E067
:10BBB000BDF81800009000230522A9682869F9F74C
:10BBC000D1FF011E24DD4246284604F0EEFB044668
:10BBD000401C2CD022E0E868009001AA02A903A82A
:10BBE0006B69F9F701FE012812D1BDF8040000903D
:10BBF000052E10D007220023A9682869F9F7B2FFA3
:10BC0000011E05DD4246284604F0CFFB040005D0A6
:10BC10003C460CE002E00622EDE72977284600F0DA
:10BC20002DFF18B107A0FEF7F3FAF1E744B1286A37
:10BC300010B12846F9F77CFD0EB02046BDE8F08132
:10BC40003446F9E76B656570616C697665206661FD
:10BC5000696C65640D0A00002DE9FC479146884631
:10BC600006464FF0FF34002506EBC507B96AD1B38D
:10BC70004046F9F7E6FE70BBD8E901100A18BB6A26
:10BC800020E000BF90F800C0BCF12F0F0AD02B2994
:10BC90000BD0232913D0614518D12B2905D0232996
:10BCA0000DD00DE02F2911D10AE0411C01E0811CCB
:10BCB000401C914204D209782F29F8D100E0501E8F
:10BCC000401C5B1C197809B19042DBD390420AD129
:10BCD00011F0FF0F07D1F86A28B1CDE90098F96A91
:10BCE0006846884700246D1C052DBDDB601C07D10C
:10BCF000306D28B1CDE90098316D68468847002441
:10BD00002046BDE8FC8700002DE9F04704460828DE
:10BD100003D94FF0FF30BDE8F087600101250830FE
:10BD2000FDF774F900F00F00012801D0A81FF2E719
:10BD30004FF4847000EB441006460821FDF7CCF95F
:10BD4000F6F778FF074608E0F6F774FFC01BC8282F
:10BD500003D91EA0FEF75CFA04E03046FDF756F961
:10BD60000028F1D12048A5408188A94381804088DE
:10BD7000054201D00020CEE7F6F75CFF07464FF4FE
:10BD8000027000EB44164FF442706FF00C094FF450
:10BD9000FA7800EB441512E03046FDF737F900075A
:10BDA00004D52046FFF74CFD4846B4E7F6F742FFBE
:10BDB000C01B404503D90DA0FEF72AFAF1E728463B
:10BDC000FDF724F90028E7D10120A4E76469736333
:10BDD0006F6E6E6563743A20536E5F4352207469D0
:10BDE0006D656F75740D0A008401002064697363CA
:10BDF0006F6E6E6563743A20534F434B5F434C4FF5
:10BE00005345442074696D656F75742C20666F729C
:10BE1000636520636C6F73650D0A000010B50446FE
:10BE2000054B002241F20301FBF74CF8D4F808124D
:10BE30000020087010BD0000E96C000870472DE973
:10BE4000FE439946DDE90A7615468846044602AB6C
:10BE500000F00FF990BB012D04D19DF80810204689
:10BE600004F058F9022D29D19DF80800C0EBC0005C
:10BE700000EB400004EB8000B0F97400F5F786FC9D
:10BE80009DF80810C1EBC10101EB410104EB8101F8
:10BE9000A1F874009DF808108520C1EBC10101EBE9
:10BEA000410104EB810181F82A009DF80800C0EBF4
:10BEB000C00000EB400004EB8000C662CDE90076D4
:10BEC0004B4642462946204604F0E9FA002800D0B5
:10BED000FF20BDE8FE83000013B54FF0FF330122C1
:10BEE00069460248F8F716FB00981CBDB01C0020FC
:10BEF00006480068406A06490A68904202D24FF636
:10BF0000FF7318444968801A084470479C1B00203E
:10BF1000341000200168A1F57F42FF3A03D0491C8C
:10BF20000160084670470121FAE700680078704711
:10BF30002DE9F8430025089F1C46904606463D60C3
:10BF4000F5F78AFC0146FE2805D26B4602223046F0
:10BF500000F08FF818B185202560BDE8F8839DF8C2
:10BF60000000C0EBC00000EB400006EB800090F842
:10BF70002A10012909D0802901D0852902D1C16A5E
:10BF80003960256090F82A00E7E7416B09B9816BB9
:10BF900041639DF800002168C0EBC00000EB400049
:10BFA00006EB8000406B814202D28A202560D4E7F4
:10BFB000206000200CE000BFC1EBC10101EB41019A
:10BFC00006EB8101014491F83C2008F80020401C58
:10BFD000216881429DF80010EED8304604F09AF8AE
:10BFE0000120BAE770B5044690F84001012802D15B
:10BFF0006068F7F741FE94F83F1104F1BC0021B1ED
:10C00000FBF73BF86FF002050BE004F11301FBF7BF
:10C010003BF884F89300B4F89C100546491CA4F83A
:10C020009C1094F84001012805D1012204F1A601D9
:10C030006068F8F715FA284670BD10B50023C3EB09
:10C04000C30404EB440400EB840494F82A402CB1AC
:10C050005B1C13F0FF03F2D0FF2010BD1370C3EB85
:10C06000C30202EB420200EB820080F8291000209C
:10C0700010BD70B50024C4EBC40505EB450500EB0D
:10C08000850595F82A606EB1852E0BD095F828604D
:10C090008E4207D195F82950954203D103B11C7007
:10C0A000002070BD641C14F0FF04E4D0FF2070BDBC
:10C0B000C1EBC10101EB410100EB8101486B08B10B
:10C0C000896B401A10600020704770B50024C4EBE3
:10C0D000C40505EB450500EB850595F82A605EB1C2
:10C0E00095F828608E4207D195F82950954203D1E2
:10C0F00003B11C70002070BD641C14F0FF04E6D076
:10C10000FF2070BD2DE9F04142F2086101EB4015BE
:10C1100042F20871002601EB40142846FCF776FF36
:10C1200007462046FCF772FF00EB072007043F0C90
:10C1300009D02846FCF76AFF06462046FCF766FF52
:10C1400000EB062086B2BE42E7D13046BDE8F08162
:10C150002DE9F04142F2080101EB401542F20811CD
:10C16000002601EB40142846FCF750FF0746204606
:10C17000FCF74CFF00EB072007043F0C09D02846D2
:10C18000FCF744FF06462046FCF740FF00EB062084
:10C1900086B2BE42E7D13046BDE8F08138B50546EB
:10C1A00000208DF80000106014462846F5F754FB77
:10C1B0000146FE2805D26B4602222846FFF759FFAA
:10C1C00008B1852038BD9DF80010C1EBC10000EB1F
:10C1D000400005EB8000C26A226090F82A00012826
:10C1E000F0D1284603F096FF012038BD90F84101B8
:10C1F00070472DE9F0418846A8B3B8F1000F33D05D
:10C2000084680AB90AE024686CB3216A59B34046CD
:10C21000F4F79AF80028F6D120E024681CB3266AC7
:10C220005FEA0805F9D0002EF7D0B54218D002E039
:10C2300098B16D1C761C2878F4F755F807463078CD
:10C24000F4F751F887422878F2D0F4F74CF8054615
:10C250003078F4F748F88542DFD124B1206A10B174
:10C260002046BDE8F081FFE70020FAE72DE9F8431A
:10C2700080462B4E012003232A4C0D4640F2026CCF
:10C28000871E02B304F1300108704B70A1F802C0A0
:10C290008880404603F059FFE06B3034009094E80A
:10C2A0000E004046FAF730FB3946012004F01CFC32
:10C2B000014610F10B0F29D01BA000BFFDF7A8FF0E
:10C2C0000020BDE8F8831749203108704B70A1F8B1
:10C2D00002C08880404603F038FFE06A20340090B6
:10C2E00094E80E004046FAF70FFB3946012004F0AF
:10C2F000FBFB014610F10B0F01D013A0DEE7404617
:10C30000FFF774FF0028DCD0306905E04046FFF7F6
:10C310006DFF0028D5D07069408828800120D0E7C3
:10C3200018000020D417002052207265616420524A
:10C33000454143484544206E6F7469667956616C87
:10C340003A25640D0A0000004C2072656164205299
:10C35000454143484544206E6F7469667956616C67
:10C360003A25640D0A0000002DE9F8430D462F4ED2
:10C3700003212F4C81464FF0010840F209634FF032
:10C38000020C0F1F0AB304F1300080F800804170E6
:10C390004380A0F804C0484603F0D7FEE06B303479
:10C3A000009094E80E004846FAF7AEFA39460120AC
:10C3B00004F09AFB014610F10B0F2AD01DA000BF1C
:10C3C000FDF726FF0020BDE8F8831948203080F8EB
:10C3D000008041704380A0F804C0484603F0B5FED9
:10C3E000E06A2034009094E80E004846FAF78CFA90
:10C3F0003946012004F078FB014610F10B0F01D003
:10C4000013A0DDE74846FFF7F1FE0028DBD03069D6
:10C4100005E04846FFF7EAFE0028D4D07069D0F85E
:10C4200002004FEA304028600120CCE718000020CD
:10C43000D417002052207265616420504F53206E43
:10C440006F7469667956616C3A25640D0A000000C4
:10C450004C207265616420504F53206E6F74696682
:10C460007956616C3A25640D0A00000000F5A17050
:10C47000704700000148007870470000C8010020A4
:10C480002DE9F84380462B4E012003232A4C0D460C
:10C4900040F2126C871E02B304F1300108704B7039
:10C4A000A1F802C08880404603F04FFEE06B3034B4
:10C4B000009094E80E004046FAF726FA394601202B
:10C4C00004F012FB014610F10B0F29D01BA000BF96
:10C4D000FDF79EFE0020BDE8F88317492031087063
:10C4E0004B70A1F802C08880404603F02EFEE06A3F
:10C4F0002034009094E80E004046FAF705FA3946D9
:10C50000012004F0F1FA014610F10B0F01D013A045
:10C51000DEE74046FFF76AFE0028DCD0306905E020
:10C520004046FFF763FE0028D5D070694088288018
:10C530000120D0E718000020D41700205220726597
:10C540006164205741524E494E47206E6F746966B0
:10C550007956616C3A25640D0A0000004C20726522
:10C560006164205741524E494E47206E6F74696690
:10C570007956616C3A25640D0A0000002DE9FF4FE1
:10C5800081B0080C1FFA82FC9EB21022DFF82CA1A9
:10C590004B4C0E9D89B24FF4817704234FF0060B6C
:10C5A0004FF001084FF4FA790DB3012D7DD10AF156
:10C5B000100528806980A5F804C0EE8005F12006EA
:10C5C00086F8008072707780B380B560DAF83C003E
:10C5D00057460090D7E90C122B460198FAF794F9C8
:10C5E0004946012004F080FA00283ED043E0334D54
:10C5F00028806980A5F804C0EE8005F1200686F841
:10C60000008072707780B380B560DAF82C005746EE
:10C610000090D7E908122B460198FAF775F94946B8
:10C62000012004F061FA0B3005D026A0FDF7F0FDE3
:10C63000A088401CA080A5F8008086F801B04FF4C7
:10C6400084717180A6F80480B560F86A0090D7E91B
:10C6500008122B460198FAF757F94946012004F0D1
:10C6600043FA002827D117A01EE020A0FDF7D0FD37
:10C67000A088401CA080A5F8008086F801B04FF487
:10C6800084717180A6F80480B560F86B0090D7E9DA
:10C690000C122B460198FAF737F94946012004F0AD
:10C6A00023FA0B3007D011A000E004E0FDF7B0FD45
:10C6B000A088401CA08005B0BDE8F08FD4170020F2
:10C6C000180000204C65667420677269707065728E
:10C6D000206D6F646275732071756572792074695D
:10C6E0006D656F7574210D0A00000000526967685E
:10C6F000742067726970706572206D6F6462757303
:10C700002071756572792074696D656F7574210D7E
:10C710000A0000002DE9FE4380460020471E364CEB
:10C720000D460090ADF80400ADF808003E0CE2B1F3
:10C7300001202870024669464046FFF715FE002892
:10C7400042D00098A860012201A94046FFF78EFD63
:10C75000002841D0BDF80400A881012202A940466A
:10C76000FFF78EFE00283FD017E0287000226946B0
:10C770004046FFF7F9FDA8B10098A860002201A982
:10C780004046FFF773FDA8B1BDF80400A881002260
:10C7900002A94046FFF774FEA0B1BDF80800E88189
:10C7A000BDE8FE8315A0FDF733FDAF60A088401CF7
:10C7B000A080E3E71BA0FDF72BFDAE81A088401C05
:10C7C000A080E4E721A010E02AA0FDF721FDAF60E2
:10C7D000A088401CA080B6E730A0FDF719FDAE810F
:10C7E000A088401CA080B8E736A0FDF711FDEE81BF
:10C7F000A088401CA080D3E7180000205265616427
:10C80000206C656674205245475F5245414C54493F
:10C810004D455F504F53206661696C6564210D0A78
:10C82000000000004C2072656164206C6566742015
:10C830005245475F504F535F52454143484544205E
:10C840006661696C6564210D0A0000004C20726508
:10C850006164206C656674205245475F5741524EB3
:10C86000494E475F494E464F206661696C656421B9
:10C870000D0A000052207265616420726967687455
:10C88000205245475F5245414C54494D455F504FFA
:10C8900053206661696C6564210D0A00522072653F
:10C8A0006164207269676874205245475F504F5336
:10C8B0005F52454143484544206661696C65642187
:10C8C0000D0A000052207265616420726967687405
:10C8D000205245475F5741524E494E475F494E46A9
:10C8E0004F206661696C6564210D0A00F8B5054644
:10C8F0001A4B002241F21701FAF7E4FA002685F8F4
:10C90000E061344615E000BFD5F8A00030F82400FF
:10C9100003041B0C0BD064204343114A21462846D4
:10C920000096FAF715FED5F8A41021F81400641C3F
:10C93000E4B2D5F89C000078A042E5D8D5F8A8006C
:10C940000388002B09D064204343064A002128466F
:10C950000093FAF7FDFDA5F8AC00F8BD9D6C00084A
:10C96000D1150008256E000870B5054600240BE0BF
:10C97000D5F8A40030F91400F4F708FFD5F8A41096
:10C9800021F81400641CE4B2D5F89C000078A042A1
:10C99000EED835F9AC0FF4F7F9FE288070BD000031
:10C9A0002DE9F8431746DDE90896C1EBC1020025E1
:10C9B00002EB4202984600EB8204022E2CD0032E9A
:10C9C0002AD0042E28D0052E26D0B4F97400F4F70E
:10C9D000DDFE00BFA4F8740084F82870A4F830804D
:10C9E00084F8329084F82A6084F82B506563A5633C
:10C9F00084F85C5084F85D5084F85E502566656666
:10CA000084F8685084F8695084F86A5084F8735048
:10CA10000020A567BDE8F883024B034A0095FAF7AA
:10CA200097FDD7E7E0930400E97000082DE9F04195
:10CA30000B3020F00706104D19E02068B04215D3E6
:10CA4000B0420AD9871B201DD4F80480F3F751FCAB
:10CA5000A019C0E90078286004E060682860201D03
:10CA6000F3F747FC201D2660BDE8F081251D2C68EA
:10CA7000002CE2D10020F7E7401000207CB50446EE
:10CA80008069002550B304F15800FBF7D8FD04F18C
:10CA9000600618B93046FBF7D2FDF8B1207F10B11F
:10CAA0004FF0FF351AE06846FBF7C1FD4FF47A718D
:10CAB0006846FBF7B4FDA1682069F9F741F9011E4A
:10CAC0000CDD6A46204603F070FC050006D140F6F6
:10CAD000B8313046FBF7A3FD0120207728467CBD06
:10CAE00010B50446FFF702FF2046BDE8104000F0F5
:10CAF000C1BA10B50446FFF737FF2046BDE8104025
:10CB000000F0F4BAC1EBC10130B501EB410100EB1B
:10CB100081018C6BA018202802D84D6BA84201D946
:10CB2000FF2030BD002006E025180D4495F83C504C
:10CB30001D54401CC0B29042F6D3886B10448863E9
:10CB4000002030BD3B4D2C68F6F7E8F8FBF7A0FB62
:10CB5000F9F72AFCF4F7FAFCF9F778FAF9F722FB6F
:10CB6000F9F700FEF9F71AFEF9F73AFEF9F7BCFDFE
:10CB7000F9F7D6FD304931A0FDF74AFBFAF7EEF997
:10CB8000FAF7E4F9FAF7D2F9A00002D52DA0FDF7E3
:10CB90003FFB200114D52FA0FDF73AFBFAF7AEF9C1
:10CBA000FAF7BCF930A0FDF733FB42F21070F5F74D
:10CBB0002DFFFAF79BF9FAF7A9F931A0FDF728FB49
:10CBC000E00002D533A0FDF723FB002C02DA36A0EB
:10CBD000FDF71EFB286840F080702860F9F780FAA6
:10CBE000F9F724FDF9F7ACFAF8F74CFDFAF73CF940
:10CBF000FCF7ACF8010003D030A0FDF709FB02E020
:10CC000037A0FDF705FBF9F7C3FC3D483B49016040
:10CC10000621416040F2E2418160F6F743F808B135
:10CC200072B6FEE700F0A0FAF9F702FB00F0AEFAE8
:10CC3000FEE7000074380240B82A010825730D0A87
:10CC400000000000495744472072657365740D0A5F
:10CC500000000000506F7765722D6F6E2072657353
:10CC600065740D0A0000000041726D7320706F77CB
:10CC70006572206F6E2073746172740D0A0000007B
:10CC800041726D7320706F776572206F6E20656ED4
:10CC9000640D0A00536F6674776172652072657364
:10CCA00065740D0A000000004C6F772D706F77657A
:10CCB000722072657365740D0A00000057353530B7
:10CCC0003020696E6974206661696C65642C7265D8
:10CCD00073756C742069733A25640D0A00000000B6
:10CCE000573535303020696E69742073756363651C
:10CCF000737366756C6C792E0D0A0000003000406D
:10CD0000481000200EB541F4E061ADF8001001219B
:10CD10008DF8021000218DF8031090F8E1016946AA
:10CD2000FEF78EFC0EBD0EB50023ADF800308DF879
:10CD300002308DF8042002238DF805108DF80330A1
:10CD400090F8E1016946FEF77BFC0EBDF0B5006886
:10CD50008FB08068FEF719FB06007DD01C21684665
:10CD6000F3F7E0FA55A13046FEF7DCFA406900908F
:10CD700054A13046FEF7D6FA074654A13046FEF7D6
:10CD8000D1FA544C0546BFB153A13846FEF7CAFA52
:10CD90004069019053A13846FEF7C4FA40690290F9
:10CDA00052A13846FEF7BEFA4069002303901A46A6
:10CDB0006946206D00F064FABDB147A12846FEF730
:10CDC000B1FA4069049047A12846FEF7ABFA4069E2
:10CDD000059046A12846FEF7A5FA40690023069073
:10CDE0001A466946606D00F04BFA182107A8F3F760
:10CDF00099FA40A13046FEF795FA07463FA1304622
:10CE0000FEF790FA0546BFB13EA13846FEF78AFA12
:10CE10004069079030A13846FEF784FA40690890CF
:10CE20003BA13846FEF77EFA4069002309901A4676
:10CE300007A9206E00F024FACDB132A12846FEF7F2
:10CE400071FA40690A9024A12846FEF76BFA4069FE
:10CE50000B902FA1284600E02DE0FEF763FA406911
:10CE600000230C901A4607A9606E00F009FA002012
:10CE70000D900E9029A13046FEF754FA070017D006
:10CE800028A1FEF74FFA054628A13846FEF74AFAD0
:10CE900075B168B169690D9140690E90024625A08F
:10CEA000FDF7B6F900231A460DA9E06D00F0E8F988
:10CEB0003046FEF70FFA0FB0F0BD00006D6F6465ED
:10CEC000000000006C65667400000000726967680D
:10CED0007400000018000020706F736974696F6E31
:10CEE000000000007370656564000000746F72716B
:10CEF000756500006B696E636F0000007A65726F84
:10CF00006572720069735F656E61626C6500000036
:10CF100076656C6F63697479000000006770696FF3
:10CF20000000000074797065000000007374617483
:10CF3000650000004750494F20636D64207479708C
:10CF4000653D25642C2073746174653D25640D0A6C
:10CF50000000000010B59CB000285AD090F8421094
:10CF60000DF14C0C90F8454090F8443090F8432077
:10CF70008CE81E00D0E90E120DF13C0C90F84140F7
:10CF800090F840308CE81E000DF12C0CC16A438EE5
:10CF9000028E446B8CE81E00D0E90934018C0DF13F
:10CFA0001C0C428C8CE81E00D0E905120DF10C0C13
:10CFB000C48B838B8CE81E008168C38982898DE8CD
:10CFC0000E004FF400744368144A21461448FDF7DC
:10CFD0002FF9002801DBA04203D312A0FDF718F9B6
:10CFE00016E000208DF85C008DF85D008DF85E0085
:10CFF0000B481990F3F7A1F91A90124817AAC169C2
:10D000001148F8F74DFD010005D010A0FDF700F91B
:10D0100000201CB010BD0120FBE700002C310108EE
:10D020008C1800204D515454204A534F4E207061AB
:10D03000796C6F6164206F766572666C6F77210D15
:10D040000A00000018000020641000204D515454C4
:10D05000207075626C6973682053797353746174BE
:10D060007573206661696C65642C2072633D25646C
:10D070000D0A000038B504461A4B002241F20C019B
:10D08000F9F720FF174B002241F20D012046F9F776
:10D0900019FFD4F83C010388002B21D0D4F84001BB
:10D0A000007800281CD0642043430F4A002120460A
:10D0B0000093FAF74DFAA4F834010020211891F8F2
:10D0C000B4200F2A08D022681278824204D0D4F803
:10D0D0004021127881F84421401CC0B28028EDD351
:10D0E00038BD0000D56C0008351B000810B504469B
:10D0F000B0F93401F4F74AFBA4F8340110BD10B5BF
:10D1000086B0202204AC04920094012205ABCDE944
:10D110000132C1EBC10101EB410100EB810403923B
:10D1200004F13C0394F83220218EFDF7E7F9002842
:10D1300003D1049860630020A06306B010BD10B551
:10D14000EFF3058111B16FF0050403E0002408B18D
:10D1500003F0C6FE204610BDEFF3058008B105F0D0
:10D1600093BA05F08BBA0000EFF3058010B16FF0B1
:10D17000050070470448016811B14FF0FF30704757
:10D1800001210160002070475401002010B5EFF329
:10D19000058010B16FF0050010BD08480168012935
:10D1A00002D04FF0FF3010BD054A002182F8141D57
:10D1B0000221016003F0D2FF002010BD54010020C5
:10D1C0000BE000E0F8B51D466FF003026FF00206B9
:10D1D0004FF00004EFF30583A3B1F0B1E9B1E5B975
:10D1E000002200926A4604F0A7FF012817D1009898
:10D1F000B0B10C494FF080500860BFF34F8FBFF3C0
:10D200006F8F0DE048B141B12A4604F0F9FE0128C4
:10D2100006D025B16FF0010402E0144600E0344668
:10D220002046F8BD04ED00E0F8B514464FF00005C7
:10D23000EFF3058212BB08B301B3A4B1D4E9023203
:10D2400063B1502A1AD32269C2B1676900FB01F6A3
:10D25000B74213D3009504F0FEFC07E072B92269CF
:10D2600062B9626952B9002204F0D4FC050005D00D
:10D270000CB1216800E0002103F0D0FD2846F8BD84
:10D28000F8B51D466FF003026FF002064FF0000480
:10D29000EFF30583ABB100B3F9B1F5B90022134642
:10D2A00000926A4604F0FEFD012818D10098B8B13A
:10D2B0000C494FF080500860BFF34F8FBFF36F8F62
:10D2C0000EE050B149B100232A4604F03BFD01288D
:10D2D00006D025B16FF0010402E0144600E03446A8
:10D2E0002046F8BD04ED00E0F8B50D460024211FEE
:10D2F0004E1C002804D000BFEFF30582A2B10DB18F
:10D300000C461BE000216A46009104F015FF01283D
:10D3100013D1009890B10A494FF080500860BFF3D4
:10D320004F8FBFF36F8F09E0294604F053FF0128A8
:10D3300004D015B16FF0010400E034462046F8BD7A
:10D3400004ED00E0F8B5144603460E464FF0000524
:10D35000EFF3058098BB93B39E423DD84CB1A068D3
:10D360000028E06803D0502836D3012002E008B13D
:10D3700032E00020012B05D010B31846A26804F05B
:10D380001EFC20E040B10320009000221146012045
:10D39000A36804F060FC04E003220021012004F0F3
:10D3A00039FC050018D086B100231A46194604F04E
:10D3B000C9FC012809D0284603F044FD00250BE0F4
:10D3C000184604F0DFFB050006D00CB1216800E030
:10D3D0000021284603F022FD2846F8BD38B5002478
:10D3E000E51E00280BD000BFEFF30581A9B1002195
:10D3F0000091694604F0B5FD012815D102E06FF0F7
:10D40000030412E0009880B109494FF08050086091
:10D41000BFF34F8FBFF36F8F07E000231A46194603
:10D4200004F090FC012800D02C46204638BD0000B6
:10D4300004ED00E005F00EB92DE9FF414FEA0103CC
:10D440004FF00005EFF30581039549BB40B38027FA
:10D45000182100244AB3166806B1344696691EB1F5
:10D460003146761E382E02D21679F60703D00020F8
:10D4700004B0BDE8F081566906B1B708D2F808C01B
:10D48000BCF1000F0DD0D5685C2D18D312693AB1EC
:10D4900036B18DE806103A46214604F0BEFF0390EF
:10D4A0000DE0D6685EB912694AB903AACDE9001247
:10D4B000BAB2214604F084FF012800D003950398F6
:10D4C000D6E700002DE9FC471C46904689460746F2
:10D4D0004FF00006EFF3058058BB57B3082002F069
:10D4E000F9FB050025D0C5E90078B9F1000F12D08D
:10D4F0000122114B002094B1216801B10846A168B6
:10D5000059B1E4682C2C11D3CDE900312B4601210F
:10D5100005F056FA08E00022EBE7E16831B9009324
:10D520002B46012105F032FA060002D1284603F00D
:10D5300007FC3046BDE8FC87F185000808B5EFF32D
:10D54000058212B16FF0050008BD58B100221346E4
:10D5500000920A46042105F07BFA012805D06FF0FD
:10D56000020008BD6FF0030008BD002008BD2DE9D2
:10D57000F04107460025C8680C462E46B0F57A7F74
:10D580005BD2401CE0602168A068095C5B2954D133
:10D59000401CA0602046FDF71BFE4CB1D4E90110F1
:10D5A000884203D22268125C5D2A33D0884203D3BA
:10D5B000A068401EA06040E0401E04F11008A0607A
:10D5C0004046FDF7D7FE98B30DB33060466006467F
:10D5D000A068401CA0602046FDF7FAFD21463046B9
:10D5E00000F000FA30B32046FDF7F2FD14B3D4E9A1
:10D5F0000110884203D22168095C2C29E0D06268BE
:10D60000904217D22168085C5D2813D102E00546DC
:10D610002E46DDE7E068401EE06005B16E60202028
:10D62000C7E90250A068401CA0600120BDE8F0815D
:10D63000FFE715B12846FDF74DFE0020F6E703464B
:10D6400010B500200246995CA1F13004092C01D8E4
:10D6500030380AE0A1F14104052C01D8373804E044
:10D66000A1F16104052C08D857380844032A00D2D8
:10D670000001521C042AE6D310BD002010BD00009A
:10D680002DE9F0474FF000092DED028B82B00746DF
:10D690000C004FF02E0A48464D46C846CDF8009083
:10D6A00041D02368DBB3D4E9012122E05E18865D16
:10D6B000342E1BD00ADCA6F12B06092E1CD2DFE883
:10D6C00006F0151B152F1B1515151500382E0DD03E
:10D6D00006DC352E0AD0362E08D0372E0CD105E0C8
:10D6E000392E03D0452E01D0652E05D16D1C401C6E
:10D6F00014B10E189642D9D32169681C88470600D8
:10D7000011D0A16820682A4601443046F2F7F1FDA5
:10D7100006F80590B8F1000F13D000200FE002E0EA
:10D720004FF00108E2E7002002B0BDEC028BBDE83B
:10D73000F087315C2E2901D106F800A0401CA842D8
:10D74000F7D369463046FCF7CBFD0098B0EE408A2F
:10D75000F0EE608A864203D1616930468847E2E78D
:10D760009FED150B87ED068B53EC102B51EC180B2E
:10D77000F3F77CFA02D86FF000400FE09FED100B3A
:10D7800051EC180B53EC102BF3F758FA02D84FF06A
:10D79000004003E051EC180BF3F718FA7861082009
:10D7A000F8600099A068891B0844A0606169304650
:10D7B00088470120B8E700000000C0FFFFFFDF41FD
:10D7C000000000000000E0C12DE9F04107460026FE
:10D7D000C8680C463546B0F57A7F7BD2401CE060C5
:10D7E000002C77D0D4E90110884273D22168095CFB
:10D7F0007B296FD1401CA0602046FDF7E9FCD4E9ED
:10D800000110884203D22268125C7D2A4FD08842E0
:10D81000A0F10100A0605DD204F110084046FDF7C0
:10D82000A9FDE8B30EB3286045600546CCB3D4E942
:10D830000110401C88424AD2A0602046FDF7C8FC77
:10D840002146284600F048F858B32046FDF7C0FCB2
:10D850002869286200202861D4E90110884236D264
:10D860002168095C3A2932D102E006463546DDE7F7
:10D87000401CA0602046FDF7ABFC2146284600F086
:10D88000B1F870B12046FDF7A3FCD4E9011088423D
:10D8900003D22168095C2C29C0D06268904201E063
:10D8A00014E014E013D22168085C7D280FD1E068F1
:10D8B000401EE06006B175604020C7E90260A068C4
:10D8C000401CA0600120BDE8F08103E016B13046A5
:10D8D000FDF700FD0020F6E72DE9F84380468B6850
:10D8E00008684FF00009C418CDF8009008680E468B
:10D8F000651CC15C641C22296ED10022716808E09D
:10D90000BCF15C0F04D17F1C8F4265D2521C641C99
:10D91000641C271A8F4204D294F800C0BCF1220F75
:10D92000EED1271A8F4257D22178222954D1184498
:10D93000201A801A3169401C884707004CD0009794
:10D9400037E029785C2905D000986D1C00F8011B90
:10D9500000902EE00220611B012939DB6A78662ADB
:10D9600014D008DC222A12D02F2A10D05C2A0ED024
:10D97000622A2DD108E06E2A0ED0722A0ED0742AA7
:10D980000ED0752A24D10DE0082200E00C22009967
:10D9900001F8012B00910BE00A22F8E70D22F6E7CF
:10D9A0000922F4E76A462146284603F0D1F878B107
:10D9B0000544A542C5D3009981F800901021C8E91B
:10D9C00003173068201A401CB0600120BDE8F883BE
:10D9D00017B171693846884715B13068281AB060A8
:10D9E0000020F3E770B50C0005465ED020680028E3
:10D9F0005BD0A16863680A1D9A4205D808440422D6
:10DA000031A1F2F7BCFC78B3A0686268411D012621
:10DA1000914206D82168052208442DA1F2F7AFFCF7
:10DA200028B3A0686268011D914206D821680422CB
:10DA3000084429A1F2F7A3FCE8B1D4E9010181422D
:10DA400003D22268525C222A1DD0814221D2226850
:10DA5000525C2D2A02D0303A092A1AD8214628468B
:10DA6000BDE87040FFF70CBE0420E86006E0EE6001
:10DA7000A068401D04E002206E61E860A068001DFF
:10DA8000A060012070BD21462846BDE87040FFF728
:10DA900023BF814203D22268525C5B2A07D08142B5
:10DAA00003D22068405C7B2807D0002070BD21464F
:10DAB0002846BDE87040FFF75ABD21462846BDE81C
:10DAC0007040FFF781BE00006E756C6C00000000B6
:10DAD00066616C736500000074727565000000007B
:10DAE00038B5CA78082A0CD111F8042B02F07F054A
:10DAF00031F8022B11F8013B0091D0F83842294649
:10DB0000A04738BD70B5044690F87C007F2803D04C
:10DB1000052801D004283FD14A791AB123681B781F
:10DB20009A4239D10979802925D009DC01291CD0F4
:10DB3000022931D17F2801D005282DD1042126E0EA
:10DB400081291ED0822927D12046FEF7EEF9D4F88C
:10DB50009810054609B1204688472168FF200870C3
:10DB60002946204602F02AFD10E07F2801D0042833
:10DB700012D105210BE0052801D004280CD17F210A
:10DB800005E0D4F8941009B12046884700212046CA
:10DB9000BDE8704002F0C6BD70BD00002DE9FE4337
:10DBA000044608784FF0000800F07F0688780128C6
:10DBB00018D00879A51900F07F07D4F84001007843
:10DBC00085F8440195F8B400B84207D0D4F8DC31A8
:10DBD0003A4631462046984785F8B47095F8B40027
:10DBE00038B32BE020680078B04220D1206841464D
:10DBF000007800F5E060ADF8000001208DF803002A
:10DC00008DF8028094F87C208DF8042094F8E0319F
:10DC100033B142F080008DF8040084F8E01101E097
:10DC200084F8E00194F8E1016946FDF709FDBDE8DB
:10DC3000FE83D4F8D82131462046904795F8B400A9
:10DC40000F28F4D000251EE0D4F8A00050F82510CD
:10DC5000C1F30740864214D1D4F8A4008FB230F942
:10DC60001500F3F793FD642007FB00F3094A2946EA
:10DC70002046CDF80080F9F76BFCD4F8A41021F809
:10DC800015006D1CEDB2D4F89C000078A842DBD8DA
:10DC9000CDE70000D11500082DE9F04F8946044674
:10DCA0000222002199F8020089B00D4610B1012826
:10DCB0007ED09AE06369A6699888B68820B994E016
:10DCC000022A04D0042A0FD0B042F9D98DE0B9F865
:10DCD0000020676857F830C0DCF818C0DCF800C0D6
:10DCE00094450CD1B04210D8DF886268F80000EB90
:10DCF000C50B002652F80B00D0F8088046E06D1CDA
:10DD0000401C80B2EDB2B042E4D96EE00020039036
:10DD10000490636853F80B20182303EB0613D258C2
:10DD20005FEA020A65D09AF8002012F0FF0207921B
:10DD30002AD00A44069299F80330B2EBC30F23D8D5
:10DD400003AACDE9002001F0070209EBD101034647
:10DD50000290091D0798F3F751FC07980121401E16
:10DD600001EBE000059005AA00200092CDE9010139
:10DD7000DAF8000003ABC0F30722010C2046FDF7E0
:10DD8000CBF8B0BB0698C1B2761CF6B298F800008A
:10DD9000B042BBD8E068F8B1616851F83710896DBE
:10DDA0000E88CEB130F91500F3F7F0FC002000E04A
:10DDB0000CE00090642006FB00F32946204622690F
:10DDC000F9F7C6FBE16821F815000EE06069A26969
:10DDD00001210089128930B907E001290AD00429FC
:10DDE0001BD005293CD09042F7D9002009B0BDE8EE
:10DDF000F08F3BE0B9F80030D4F8041051F83060EF
:10DE0000B66936689E4201D1042116E06D1C401CA3
:10DE100080B2EDB29042F1D9E7E7616851F8301075
:10DE2000896A0B78FD2B07D0D9B2FC2908D0FF29CD
:10DE30001ED0FE291CD019E005219042CFD9D4E78D
:10DE4000A36805EBC50113F81160F60706D006209C
:10DE500000EB4100191894F8E1012CE09042C4D87D
:10DE60006A4629462046FDF7CBF908B3FF20BDE7F7
:10DE7000A16805EBC506022000EB4607C85FF3F773
:10DE800085FCA168C853A168042000EB4607C85F61
:10DE9000F3F77CFCA168C853A06810F8161021F0B5
:10DEA000010100F8161029462046F8F731FF9CE7DB
:10DEB00094F8E1016946FDF7C3FB96E72DE9F04FC1
:10DEC0008DB000268DF808600C9604464069A36961
:10DED00081460D4600881A883146D8B14FF0040CAF
:10DEE000904217D867680CEBC00817F80880B8F1A3
:10DEF000010F72D957F83070B5F80080BF693F68DC
:10DF0000474502D10127039125E0491C401CC9B2B5
:10DF100080B2E5E7B9F802005A88002100285CD0F9
:10DF20000423904259D8676803EBC00C17F80CC063
:10DF3000BCF1030F51D957F83070B5F800C0BF6A73
:10DF40003F68674511D103916168022751F830009D
:10DF5000806B00780C90E8784FF00069082809D0B1
:10DF6000CDE9006900233A469CE0491C401CC9B237
:10DF700080B2D6E702AB3A4620460399FEF779F81D
:10DF8000E8B9012F02D0022F0DD018E09DF808103B
:10DF9000C1EBC10101EB410104EB810191F82A10B1
:10DFA000042921D00BE09DF80810C1EBC10101EB61
:10DFB000410104EB810191F82A10052914D0297937
:10DFC0004909DFF85484DFF854A405F108020DF183
:10DFD000180B089207296FD200E067E0DFE801F034
:10DFE00009FDFCFB86FAF900297980297ED00621FB
:10DFF000E7E7012F02D0002879D051E0E8BB9DF877
:10E000000800C0EBC00000EB400004EB800090F87B
:10E010002A10022944D1B0F97400411C1DD0F3F735
:10E02000B5FB9DF80810FE4BC1EBC10101EB4101AE
:10E0300004EB8101FB4AA1F8740000969DF80810DA
:10E040002046F9F785FA9DF80810C1EBC10101EBF4
:10E05000410104EB8101A1F874009DF80800C0EBB8
:10E06000C00000EB400004EB8000018E059190F8A9
:10E07000328090F82B10287900E011E0C0F30012F4
:10E0800091427DD1C0F34200C0F107026B1D0A929C
:10E090009DF808102046F9F703F9002871D10CE02B
:10E0A0000023FDE320460399FDF7C9FE0DB0FF20D4
:10E0B000BDE8F08F059BF4E3F4E39DF80800202110
:10E0C000C0EBC00000EB400004EB800090F82B0098
:10E0D00041EA00108DF81800012059460E54401CEA
:10E0E0000828FBD306AB3946204601E0E3E322E0F3
:10E0F000039A02F098F99DF80800C0EBC00000EB0D
:10E10000400004EB800090F82B1079B15FF0000123
:10E1100080F82B102879C0077DD09DF80810204684
:10E12000F9F7A4F820B1CDE90080C3E70121EFE7BA
:10E130009DF80810FEE39DF80800C0EBC00000EB5E
:10E14000400004EB800090F82A100329A8D1B0F910
:10E150007400411C20D0F3F719FB9DF80810B04B58
:10E16000C1EBC10101EB410104EB8101AD4AA1F812
:10E17000740000969DF808102046F9F7E9F901E0CF
:10E180009BE09BE09DF80810C1EBC10101EB410150
:10E1900004EB8101A1F874009DF80800C0EBC000F9
:10E1A00000EB400004EB8000018E059190F8328076
:10E1B00090F82B102879C0F3001291427DD1C0F362
:10E1C0004200C0F107026B1D0A929DF8081020461C
:10E1D00004E0FDE3B6E35AE24FE13CE0F9F760F812
:10E1E00000286BD19DF80800C0EBC00000EB400098
:10E1F00004EB800191F82B00F8B1002081F82B008E
:10E200002979C9071BD000BF9DF80800C0EBC000EA
:10E2100000EB400000E058E304EB8000B0F974002C
:10E22000F3F7B4FA9DF80810C1EBC10101EB41010D
:10E2300004EB8101A1F87400FBE10120DEE760211D
:10E2400041EA00108DF81800012059460E54401C78
:10E250000828FBD31AE2012F6CD000287FF4CDAE42
:10E260009DF80800C0EBC00000EB400004EB80000C
:10E2700090F82A100229F1D1B0F97400411C20D085
:10E28000F3F784FA9DF80810654BC1EBC10101EB6F
:10E29000410104EB8101634AA1F8740000969DF8E6
:10E2A00008102046F9F754F99DF80810C1EBC10198
:10E2B00001EB410104EB810101E093E0B4E0A1F83E
:10E2C00074009DF80810C1EBC10000EB400004EBA6
:10E2D0008000028E059290F832802A7990F82B0007
:10E2E000C2F3001290427DD10AAA2046FDF7E0FE5B
:10E2F0000A98002888D007289DF80800C0EBC000C5
:10E3000000EB400004EB800191F82B006BD9E8B3DF
:10E310005FF0000081F82B0000018DF818009DF8D7
:10E3200008100BF1010307222046FEF7EBFB002843
:10E330007AD18FE7B5F80510059195F807A040B19F
:10E3400002AA39462046FDF778FE28B1CDE900A89B
:10E35000B0E6CDE900A8ADE60220CDE900A09DF829
:10E3600008102046059B039AFEF71AFB28794108FE
:10E37000C90726D09DF80810C0F38100C0F1040041
:10E38000C1EBC1010A9001EB410100E051E004EB57
:10E39000810148639DF808102046089B0A9AF8F707
:10E3A0007FFF20BB9DF808102046F8F75FFF10B1F3
:10E3B000CDE900A07EE69DF80810204601F0AAFEF7
:10E3C00018E0C00716D0287A697AEA7A00EB0120B3
:10E3D000A97A090401EB026142180A929DF808101B
:10E3E000204601E0F7E126E002F08EF910B1CDE918
:10E3F00000A95FE660208DF8180005988DF81900D7
:10E40000000A8DF81A008DF81BA0042059460E54FE
:10E41000401C0828FBD339E1210000080000030557
:10E42000E0930400E97000089AE020460C999047B8
:10E430004BE201206EE7B0B15FF0000081F82B00E5
:10E440000A9A0001C2F1070340EA4300401C8DF81C
:10E4500018009DF808100BF101032046FEF752FB4F
:10E4600000287DD101E00120E8E759460A9800E044
:10E470000E54401C0828FBD308E1012F4DD0002882
:10E480007FF4BBAD9DF80800C0EBC00000EB40007E
:10E4900004EB800090F82A100329F1D1B0F9740040
:10E4A000411C1DD0F3F772F99DF80810FA4BC1EB2F
:10E4B000C10101EB410104EB8101F84AA1F87400AC
:10E4C00000969DF808102046F9F742F89DF80810CC
:10E4D000C1EBC10101EB410104EB8101A1F8740022
:10E4E0009DF80800C0EBC00000EB400004EB80008A
:10E4F000B0F830A090F8328028794108C9076ED072
:10E50000C0F38100C0F104020A929DF80810204671
:10E51000089BF8F7C5FEE0BB6BE0B5F80510ED7998
:10E520008A4650B102AA39462046FDF786FD30B131
:10E530005346CDE900583A46B4E50B46F9E70320C7
:10E54000CDE9005053469DF808102046039AFEF787
:10E5500027FA9DF808102046FEF7D1FD30B100E003
:10E5600077E1CDE9005053463A469BE50AAA9DF86B
:10E5700008102046FDF79CFD0A9A042A16D941206E
:10E580008DF818008DF819A04FEA1A208DF81A009E
:10E5900000E06DE08DF81C20100A8DF81D00100CB5
:10E5A0008DF81E008DF81B50100E59E2C2F10400C8
:10E5B000432141EA80008DF818008DF819A04FEA38
:10E5C0001A208DF81A008DF81B500BF104039DF8EA
:10E5D00008102046FEF796FA10B1534658E134E091
:10E5E0000A985946001D01E00E54401C0828FBD330
:10E5F00039E19DF80800C0EBC00000EB400004EBDF
:10E600008000B0F97400F3F7C1F89DF80810C1EB71
:10E61000C10101EB410104EB8101A1F874009DF8F7
:10E6200008100A98C1EBC10101EB410104EB810123
:10E6300048639DF808100120C1EBC10101EB4101C5
:10E6400004EB810181F82A006DE1C00715D0287A1A
:10E65000697AEA7A00EB0120A97A090401EB0261E8
:10E6600042180A929DF80810204602F04DF820B199
:10E6700053463A46CDE9008914E560208DF818002C
:10E68000012059460E54401C0828FBD365E2012F97
:10E690005CD000287FF4B1AC9DF80800C0EBC0004E
:10E6A00000EB400004EB800090F82A100229F1D121
:10E6B000B0F97400411C1DD0F3F768F89DF80810FC
:10E6C000754BC1EBC10101EB410104EB8101734AC0
:10E6D000A1F8740000969DF808102046F8F738FF5E
:10E6E0009DF80810C1EBC10101EB410104EB810170
:10E6F000A1F874009DF808100AAAC1EBC10000EB54
:10E70000400004EB8000B0F8308090F83250204692
:10E71000FDF7CEFC0A9A002A3FF476AD9DF808106A
:10E72000072AC1EBC10000EB400004EB800090F829
:10E730002B004FEA00107CD98DF818000BF1010373
:10E7400007222046FEF7DEF9E8BB06E20028A1D149
:10E750009DF80800C0EBC00000EB400004EB800017
:10E7600090F82A10032995D1B0F97400411C1DD0EE
:10E77000F3F70CF89DF80810474BC1EBC10101EB12
:10E78000410104EB8101454AA1F8740000969DF80F
:10E7900008102046F8F7DCFE9DF80810C1EBC10117
:10E7A00001EB410104EB8101A1F874009DF8081010
:10E7B000C1EBC10000EB400004EB8000028E05922B
:10E7C00090F8328000E062E02A7990F82B00C2F3E2
:10E7D0000012904202D0CDE9008A6BE40AAA2046DA
:10E7E000FDF766FC9DF808100A9AC1EBC10000EB2A
:10E7F000400004EB8000072A90F82B004FEA00103D
:10E800001AD98DF818000BF1010307222046FEF7F4
:10E8100079F9F0B99DF80800C0EBC00000EB4000AA
:10E8200004EB800090F82B1021B1002180F82B1010
:10E8300093E11FE00121F9E7C2F1070340EA430039
:10E84000401C8DF818000BF101032046FEF75AF921
:10E8500010B1CDE900892DE459460A9800E00E5424
:10E86000401C0828FBD306AB39462046039A01F02A
:10E87000DAFD5DE4C2F1070340EA4300401C8DF875
:10E8800018000BF101032046FEF73CF958B143464E
:10E89000CDE900593A4605E4E0930400E970000828
:10E8A00082E0FDE3FDE359460A9800E00E54401C67
:10E8B0000828FBD351E1AA7A2989012F62F31F416D
:10E8C000EA7A41EA026501D018B195E20028D0D079
:10E8D00092E29DF80800C0EBC00000EB400004EBA2
:10E8E0008000B0F97400F2F751FF9DF80810C1EBF9
:10E8F000C10101EB410104EB8101A1F874009DF815
:10E9000008108020C1EBC10101EB410104EB810142
:10E9100081F82A009DF80800C0EBC00000EB400021
:10E9200004EB8000C5629DF80800C0EBC00000EB5E
:10E93000400000E0A6E004EB8000826F002A7FF434
:10E9400074AD59E22979012F01F0030A0BD0BAF115
:10E95000000F7CD0BAF1020F79D0BAF1010F3FF469
:10E9600053ACFFF79DBBBAF1000F09D0BAF1010F0C
:10E9700079D0BAF1020F6CD0BAF1030F69D03BE243
:10E98000B5F80510EE79894628B1287A7F2804D990
:10E99000FB480B4637E00B4606E002AA3946204604
:10E9A000FDF74BFB20B14B46CDE900683A46C3E585
:10E9B0000520CDE900604B469DF808102046039ADB
:10E9C000FDF7EEFF28799DF80810C0F3800000E005
:10E9D0003EE2C1EBC10101EB410104EB810181F891
:10E9E0005C009DF80810287AC1EBC10101EB4101E0
:10E9F00004EB810181F85D009DF808102046FEF7C8
:10EA00007EFB20B14B46CDE900603A4694E50AAA68
:10EA10009DF808102046FDF74BFB9DF808100A985A
:10EA2000C1EBC10101EB410104EB81010866C22089
:10EA30008DF818008DF819904FEA19208DF81A00FA
:10EA40000A988DF81B608DF81C00010A02E0EEE0C8
:10EA500009E01BE08DF81D10010C8DF81E10000E52
:10EA60008DF81F008CE300287FF47BAF9DF8081021
:10EA7000C1EBC10000EB400004EB800090F82A00DD
:10EA80000528F1D1204601F045FBE8E30028EBD151
:10EA90009DF80800C0EBC00000EB400004EB8000D4
:10EAA00090F82A100529DFD1B0F97400411C1DD05F
:10EAB000F2F76CFE9DF80810B24BC1EBC10101EBFF
:10EAC000410104EB8101B04AA1F8740000969DF861
:10EAD00008102046F8F73CFD9DF80810C1EBC10175
:10EAE00001EB410104EB8101A1F874009DF80800DD
:10EAF000BAF1020FC0EBC00000EB400004EB800055
:10EB0000018E059190F832100B9140D1A97980F8CF
:10EB10005D1068790AAA00F07F039DF8081020466E
:10EB2000FDF7C6FA0A98C8B99DF80800C0EBC00006
:10EB300000EB400004EB800090F8681099420DD182
:10EB400090F86910C12040EA81008DF8180001207A
:10EB500059460E54401C0828FBD311E39DF80800C9
:10EB6000C3EBC302C0EBC00000EB400004EB80002D
:10EB7000416E114481639DF80800C0EBC00000EBBA
:10EB8000400004EB8000406B81423FF6EAAE9DF806
:10EB900008000125C0EBC00000EB400004EB800042
:10EBA000816B41661EE000BF81F868500AAA9DF89B
:10EBB00008102046FDF77CFA0A9807281FD98DF81F
:10EBC00018500BF1010307229DF808102046FDF7AD
:10EBD00099FF08BB06AB39462046039A01F023FC97
:10EBE0006D1CEDB29DF80800C0EBC00000EB4000CA
:10EBF00004EB800191F85D00A842D5D22FE345F0E7
:10EC000080008DF818005D466B1C9DF808102046AA
:10EC10000A9AFDF777FF18B10B99CDE90019DCE5E9
:10EC20000A9800E02E54401C0828FBD3FCE0002882
:10EC30007FF497AE9DF80800C0EBC00000EB4000E9
:10EC400004EB800090F82A100429F1D1018E05917F
:10EC500090F832100B91B0F97400411C1DD0F2F7FE
:10EC600095FD9DF80810474BC1EBC10101EB410137
:10EC700004EB8101444AA1F8740000969DF8081045
:10EC80002046F8F765FC9DF80810C1EBC10101EBC7
:10EC9000410104EB8101A1F87400BAF1000F07D023
:10ECA000A8797F2820D936490B98CDE9000194E551
:10ECB000287A7F28F7D89DF808102879C1EBC10180
:10ECC00001EB410104EB8101C0F3800081F85C009D
:10ECD0009DF80810287AC1EBC10101EB410104EB5A
:10ECE000810181F85D0051E09DF808100AAAC1EB8E
:10ECF000C10101EB410104EB810181F85D006879FC
:10ED00009DF8081000F07F032046FDF7D1F90A981E
:10ED1000C8B99DF80800C0EBC00000EB400004EB50
:10ED2000800090F8681099420DD190F86910C120C8
:10ED300040EA81008DF81800012059460E54401C0D
:10ED40000828FBD31CE29DF80800C3EBC302C0EB0C
:10ED5000C00000EB400004EB8000416E1144816371
:10ED60009DF80800C0EBC00000EB400004EB800001
:10ED7000406B81420AD90B99CDE900182DE50000BE
:10ED800002000405E0930400E97000089DF8080003
:10ED90000125C0EBC00000EB400004EB8000816B5C
:10EDA00041661DE080F868500AAA9DF808102046C8
:10EDB000FDF77EF90A9807281FD98DF818500BF136
:10EDC000010307229DF808102046FDF79BFE08BBB3
:10EDD00006AB39462046039A01F025FB6D1CEDB2C7
:10EDE0009DF80800C0EBC00000EB400004EB800081
:10EDF00090F85D10A942D5D231E245F080008DF83F
:10EE000018005D466B1C9DF8081020460A9AFDF715
:10EE100079FE18B10B98CDE90009DEE40A9800E00C
:10EE20002E54401C0828FBD306AB39462046039AD3
:10EE300001F0F9FA9DF808100A98C1EBC10101EB45
:10EE4000410104EB8101C0F1070081F8690006E28D
:10EE50004FF0100A012F3CD000287FF482AD9DF8BE
:10EE60000800C0EBC00000EB400004EB8000B0F9EC
:10EE70007400411C1DD0F2F789FC9DF80810C1EB0D
:10EE8000C10101EB410104EB8101A1F87400FE4BCB
:10EE9000FE4A00969DF808102046F8F759FB9DF8A9
:10EEA0000810C1EBC10101EB410104EB8101A1F8A4
:10EEB00074009DF80810C1EBC10000EB400004EBAA
:10EEC000800393F86A00E8B3012874D0022873D055
:10EED000C5E1C0B3287910F0010FBED1B5F805B077
:10EEE00095F8079002AA39462046FDF7A6F820B10A
:10EEF000CDE900985B463A46CDE40420CDE9009088
:10EF00005B469DF808102046039AFDF749FD9DF8E1
:10EF100008100120C1EBC10101EB410104EB8101AB
:10EF200081F86A009DF808102879C1EBC10101EB56
:10EF3000410104EB8101C0F3800081F85C00287975
:10EF4000800701E0EAE027E012D5287A697AEA7AB8
:10EF500000EB0120A97A090401EB026108449DF845
:10EF60000810C1EBC10101EB410104EB810108660E
:10EF7000A0208DF818008DF81CA08DF819B04FEA6C
:10EF80001B208DF81F608DF81A008DF81E608DF81B
:10EF90001B908DF81D60F3E09DF80800C0EBC000E9
:10EFA00000EB400004EB800090F86A10012904D0C7
:10EFB000022940D053E1EAE055E1B0F97400411C68
:10EFC0001DD0F2F7E3FB9DF80810AF4BC1EBC10178
:10EFD00001EB410104EB8101AC4AA1F874000096F9
:10EFE0009DF808102046F8F7B3FA9DF80810C1EB19
:10EFF000C10101EB410104EB8101A1F87400287902
:10F0000000F07F0800069DF80800C0EBC00000EB90
:10F01000400004EB800090F8681001F1010105D573
:10F02000414575D1022180F86A10BEE0414571D199
:10F0300080F86880FBE02979C9073FF492ACB0F909
:10F040007400411C1DD0F2F7A1FB9DF808108E4BF7
:10F05000C1EBC10101EB410104EB81018B4AA1F835
:10F06000740000969DF808102046F8F771FA9DF894
:10F070000810C1EBC10101EB410104EB8101A1F8D2
:10F0800074009DF808102879C1EBC10202EB42021E
:10F09000C0F3820004EB8203C0F10702204601E0C6
:10F0A0003AE016E16C33F8F7FBF890BB9DF80800E6
:10F0B000C0EBC00000EB400004EB8000016E11B11A
:10F0C000826B91427ED1A1208DF818000120594613
:10F0D0000E54401C0828FBD306AB39462046039A41
:10F0E00001F0A1F99DF808102046F8F7BFF80028B4
:10F0F0003FF41EA89DF80810C1EBC10101EB4101CE
:10F1000004EB810191F83220CDE900200B8E03E061
:10F1100064E094E0A0E0038E3A4648E42879C00712
:10F1200034D1012083F86A009DF808102879C1EBDA
:10F13000C10101EB410104EB8101C0F3800081F8C2
:10F140005C002879800712D5287A697AEA7A00EB80
:10F150000120A97A090401EB026108449DF8081016
:10F16000C1EBC10101EB410104EB81010866A32061
:10F170008DF81800012059460E54401C0828FBD376
:10F1800006AB39462046039A01F04DF967E028792D
:10F1900000F07F08000693F8680000F1010042D5F6
:10F1A00040451BD1022083F86A009DF80810C1EB8E
:10F1B000C10101EB410104EB810181F868809DF8F8
:10F1C000080000E06FE0C0EBC00000EB400004EB83
:10F1D0008000696840F86B1FA9684160A2208DF823
:10F1E00018009DF8080006ABC0EBC00000EB400023
:10F1F00004EB8000394690F868008DF819008DF80E
:10F200001AA007968DF81B602046039A01F00BF9AF
:10F210009DF80800C0EBC00000EB400004EB80004C
:10F2200080F868601BE0404516D183F868806B1D4C
:10F2300007229DF808102046F8F732F860B19DF8D3
:10F240000800C0EBC00000EB400004EB800090F829
:10F250003220CDE900295EE7B8F1100FBED00DB025
:10F260000020BDE8F08F2879C2073EF419AFC0F343
:10F270008200C0F1070220466C33F8F711F800282D
:10F28000DDD19DF8080003E0E0930400E970000878
:10F29000C0EBC00000EB400004EB8000016E39B110
:10F2A000826B914204D090F83220CDE9002832E7F9
:10F2B000A1208DF81800012059460E54401C082842
:10F2C000FBD306AB39462046039A01F0ACF8FEF7B3
:10F2D0009BBF0A4920B1CDE9006100233A460BE605
:10F2E0009DF80800C0EBC00000EB400004EB80007C
:10F2F00090F83220CDE900210DE70000010004055F
:10F3000070B5D0F8D0110446884794F882000028E0
:10F3100009D001212046FBF771FD0546D4F8D41130
:10F3200020468847284670BD2DE9F0410446817D7E
:10F33000407D02F03BFB0546217EE07D02F036FB7E
:10F340000246C0F3C700510701D0401CC0B260752F
:10F35000032184F89310E11C123000230B54012682
:10F360001846103127E0EF18BFB2D4F898E04FEA02
:10F37000171C07F00F073EF81CC02CFA07FC5FEAC9
:10F38000CC7794F8937006FA00FE17F801C002D00B
:10F390004CEA0E0C01E02CEA0E0C401CC0B207F83F
:10F3A00001C0072805D994F8937000207F1C84F8C9
:10F3B00093705B1C9BB29342D5D3500704D094F852
:10F3C0009300401C84F8930094F893502046AD1CA1
:10F3D00001F09CF868B2BDE8F0812DE9F0470446E1
:10F3E000817D407D02F0E2FA8146217EE07D02F0DF
:10F3F000DDFA0646002007230146012524E004EB40
:10F40000030C09EB010297B29CF813C03A092CFADD
:10F4100000FC1CF0010FD4F898C007F00F0705FAA4
:10F4200007F73CF8128002D048EA070801E028EA12
:10F430000708401CC0B22CF81280072802D900200F
:10F440005B1CDBB2491C89B2B142D8D3062084F8D8
:10F4500093000825204601F059F82846BDE8F087BA
:10F4600070B50446817D407D02F0A0FA0546217EFC
:10F47000E07D02F09BFAC0B24100617503212A18B9
:10F4800084F8931004F113001AE000BFD4F8981028
:10F4900094F8933031F81510090A195494F8931020
:10F4A000491CC9B284F89310D4F8983013F8153079
:10F4B0000B5494F89310491C6D1C84F89310ADB252
:10F4C000AA42E3D8CDB22046AD1C01F01FF868B2C5
:10F4D00070BD00002DE9F041134C0F460546E6686B
:10F4E0002068001D01F09DFB681C07D137B1216821
:10F4F000BDE8F0410D48091D01F0E2BB206835442C
:10F50000B5424560216805D2A06BBDE8F041091DF8
:10F5100001F0BEBB606B091D01F0BAFBA06A854219
:10F5200000D2A562BDE8F08104010020B0240020D3
:10F530002DE9F041054601F0CFFB2D4CA068401CA1
:10F54000A06020682B4F10B1606930B32BE02560BC
:10F55000A068012827D1002606EB860007EB800073
:10F5600001F088FB761C382EF6D3234801F082FB8D
:10F570002148143001F07EFB1F48283001F07AFB4F
:10F580001D483C3001F076FB1B48503001F072FB07
:10F59000194860631430A06305E02068E96AC06A16
:10F5A000884200D82560606A401C60626864E86A2E
:10F5B0002169884200D9206100EB800007EB8000C0
:10F5C000291D01F07DFB01F0A7FB606900280CD02C
:10F5D0002068E96AC06A884207D208494FF0805023
:10F5E0000860BFF34F8FBFF36F8FBDE8F08100005D
:10F5F00004010020002000206024002004ED00E031
:10F6000038B501F069FB104C2068C0B90F4801F013
:10F6100031FB0E48143001F02DFB0C48E060143033
:10F62000206100200A4B009003F1500210211E209F
:10F6300002F011FB206010B106A101F0EFFBBDE864
:10F64000384001F069BB000040010020F426002092
:10F65000C4240020546D72510000000030B4026CCC
:10F660000B46002A0BD0C1681144C1608468A142D6
:10F6700001D30168C16030BC1846F0F73ABE30BC17
:10F6800070472DE9F041856B174604460026026C51
:10F6900082B1C7B1E068F0F72CFEE168206C091A6E
:10F6A000E1602268914202D2A168081AE060022F4C
:10F6B00016D017E02068A8B9A06803F051F80646F4
:10F6C0000020A0600EE06068F0F713FE216C606817
:10F6D00008446060A168884204D32068606001E04B
:10F6E00005B16D1E6D1CA5633046BDE8F08110B5F7
:10F6F000044690F8590058B101280CD002280FD0C8
:10F70000502080F31188BFF34F8FBFF36F8FFEE758
:10F71000206B01F015FB2046BDE8104001F010BB46
:10F7200010BD000010484FF4C041420706D0C01D74
:10F730000D4920F00700411AC1F5C0410B4A0023D2
:10F740000144C2E900030839183A21F007011160A9
:10F750004B600B600B1AC0E9001393604FF0004040
:10F760005360506170470000D42D002070010020CC
:10F77000144E154CA6F29C474FF08058DFF84C9081
:10F7800012E000BF01F0A8FAF068C568281D01F07A
:10F7900048FAA068401EA0606068401E606001F0EA
:10F7A000BBFA2846FFF7A3FF60680028EAD1386853
:10F7B0000128F9D9C9F80080BFF34F8FBFF36F8FCD
:10F7C000F2E700009C2400200401002004ED00E08A
:10F7D000002807D00021816001600B460A46C16005
:10F7E00002F0B0BA7047000070B51D46049C51B1DC
:10F7F000C4F80020C4E90F010121204602F05EFA9E
:10F8000084F84C5070BD2460F4E700002DE9F05FEF
:10F810008846DDE90B941546834691009A460A9E78
:10F82000A522206BF0F777FD6FF00301206B01EB51
:10F830008501084420F00707780707D0502080F39F
:10F840001188BFF34F8FBFF36F8FFEE70025B8F12C
:10F85000000F0FD05FF00000221818F8001082F897
:10F86000341018F8001011B1401C1028F4D384F89B
:10F87000435001E084F83450382E00D33726E66236
:10F88000C4E91365201D01F000FA04F1180001F02D
:10F89000FCF92461C6F138006462A061656584F8F2
:10F8A000585052465946384600F0A0FA2060B9F147
:10F8B000000F01D0C9F80040BDE8F09F2DE9F047E6
:10F8C0001E46DDE9089417460D00804615D0002C31
:10F8D00011D0FFF795FE04F11801C4F8008081E80B
:10F8E0006002201D01F0D1F9002F04D014F8280F78
:10F8F00040F004002070BDE8F087502080F31188AC
:10F90000BFF34F8FBFF36F8FFEE7000030B5114993
:10F9100000E011460A688242FBD34B685C188442BF
:10F9200003D1406818444860084643681C18944254
:10F9300009D1084C183C2468A24209D052681A44E4
:10F9400042600A6812680260814200D0086030BDDF
:10F950000460F9E77001002070B5002441600B4D90
:10F960000061914206D8D11A8269914206D2011DE6
:10F97000286907E09A4203D2994201D3012403E0A7
:10F98000011DE86801F084F9204670BD40010020A7
:10F9900010B5044601F0A0F9A06B28B15FF0000497
:10F9A00001F0BAF9204610BD0124F9E730B589B05D
:10F9B0003C4D6EE00498002806DADDE90601059A60
:10F9C00090470498002864DB069C606910B1201DF4
:10F9D00001F027F903A800F0D7F8024604980A2896
:10F9E00057D2DFE800F00505052D334A05052D3314
:10F9F00094F8280040F0010084F828000599A069D7
:10FA0000059B01442046FFF7A7FF68B3216A204603
:10FA1000884794F8280040073BD5002000900598BF
:10FA2000A169002342181946204603F011F8D8B9FD
:10FA3000502080F31188BFF34F8FBFF36F8FFEE725
:10FA400014F8280F20F00100207022E094F828001C
:10FA500040F0010084F828000598A06128B18118C1
:10FA600013462046FFF778FF13E0502080F31188FB
:10FA7000BFF34F8FBFF36F8FFEE794F82800810725
:10FA800003D4204601F05CF903E020F0010084F883
:10FA90002800002204A9286802F0B2FA002889D1BF
:10FAA00009B030BD400100202DE9FC410F4605465C
:10FAB00001F098FB01A800F067F80446019818B11E
:10FAC00002F002FFBDE8FC81254EAFB1306900684D
:10FAD000D0B30027291B3A46306801F0DFF902F065
:10FAE000F3FE0028EED11F494FF080500860BFF3AD
:10FAF0004F8FBFF36F8FE5E7A542EBD802F0E4FE2E
:10FB0000F0682746C068C468201D01F08AF894F8A0
:10FB10002800410719D5A0692B4641193A462046CD
:10FB2000FFF71AFFA8B100200346014600902A46BD
:10FB3000204602F08DFF60B9502080F31188BFF39A
:10FB40004F8FBFF36F8FFEE707E020F0010084F8CE
:10FB50002800216A20468847B4E70127BAE7000059
:10FB60004001002004ED00E00648416B096829B11E
:10FB7000416BC968C9684968816270474FF0FF31BD
:10FB8000FAE700000401002070B5054602F076FD9A
:10FB9000064E0446B068844203D200F009F8012002
:10FBA00000E0002028602046B46070BD40010020C5
:10FBB000F8B5194D20E0C068C4680668201D01F042
:10FBC00030F8216A2046884794F82800400713D56A
:10FBD000A0693044B04206D924616060211DE86804
:10FBE00001F056F808E00020034601460090324636
:10FBF000204602F02DFF38B1E86801680029DAD10B
:10FC00002969C5E90310F8BD502080F31188BFF3BE
:10FC10004F8FBFF36F8FFEE7400100200848406818
:10FC2000401C4FF0500080F3118804D0BFF34F8F79
:10FC3000BFF36F8FFEE7BFF34F8FBFF36F8FFEE70A
:10FC400078010020074CE068016841B1C0680021DC
:10FC5000D0F80000FFF728FFFFF7A8FEF3E7012127
:10FC60000020F7E7400100202DE9F041044601F0B3
:10FC700033F894F9455004F1240609E0606A48B16C
:10FC8000304602F0E9FD08B101F0E6F96D1E6DB2F3
:10FC9000002DF3DC4FF0FF3684F8456001F03CF8AE
:10FCA00001F01AF894F9445004F1100709E02069B2
:10FCB00048B1384602F0D0FD08B101F0CDF96D1E13
:10FCC0006DB2002DF3DC84F84460BDE8F04101F032
:10FCD00023B800002DE9F0410546002701F082FA23
:10FCE000324E306808B9FFF71DFD706905424ED1EC
:10FCF000C5B3083568070ED005F00700C0F108004D
:10FD00000544680707D0502080F31188BFF34F8F58
:10FD1000BFF36F8FFEE72DB37068854237D8234855
:10FD2000183001460C6801E020460C466168A94283
:10FD300002D221680029F7D131688C4227D00768A8
:10FD40002168016060680837411B10290FD96019CC
:10FD5000420708D0502080F31188BFF34F8FBFF3C4
:10FD60006F8FFEE713E041606560FFF7CFFD6168CC
:10FD70007068401A7060B268904200D2B0607069DA
:10FD800001430020C4E90001F068401CF06002F06B
:10FD90009BFD780707D0502080F31188BFF34F8F69
:10FDA000BFF36F8FFEE73846BDE8F08158010020B1
:10FDB0000449086818B10868026D521C0265086899
:10FDC000704700000401002010B5040006D000F0C8
:10FDD00083FFE46900F0A0FF204610BD502080F3AF
:10FDE0001188BFF34F8FBFF36F8FFEE710B5031F6E
:10FDF0004FF080741C601B1F21F001011960191F56
:10FE0000044B0B6014390A60091F6FF0020244387A
:10FE10000A6010BD1DFC0008016811F8012B01608B
:10FE20001046704701684A7811F8023B016002EB06
:10FE3000032210467047F0B5054608680026101AE0
:10FE400017460C4601280CDD0846FFF7EBFF6860FB
:10FE500021680A18BA4204D8A9602168012608441A
:10FE60002060002028603046F0BDFEB50025DDE9A9
:10FE700008468DE87000FAF734FFFEBD2DE9F84F13
:10FE8000044600278B463D460846F8F7E5FB034647
:10FE9000606D616901220668B0470646012847D1B6
:10FEA00081465846F8F7D8FB01268246B04604E062
:10FEB00008F10108B8F1040F11DC606D534601220E
:10FEC000D0F800C06946E047012808D19DF800003D
:10FED00000F07F0101FB0655F6010006E8D46069D9
:10FEE0002946401CF5F798FD00EB0906E068801BE9
:10FEF000A84202D26FF001061AE0002D0DDD58462F
:10FF0000F8F7AAFB034660692A468119606D066806
:10FF1000B047A84201D000260AE06069A1690078D4
:10FF200060F307073E0919B104F16000F8F76CFBB4
:10FF30003046BDE8F88F00002DE9F04704008A46FE
:10FF400016D054F8047CD4F800903E1F564500D9D2
:10FF500056462046FAF796F9054688463246214627
:10FF60005046FCF763FD40B1C0F80090BDE8F08753
:10FF7000BDE8F0470846FAF7C7B944E9017955B139
:10FF800029686A18211F8A4202D9611B091F29604A
:10FF9000C5F80480EAE7024AC2F80080E6E70000FC
:10FFA000401000202DE9F74F14460546082803D9D4
:10FFB0004FF0FF30BDE8FE8F680101260830F9F7E9
:10FFC00025F800F00F00012801D0B01FF2E724B39C
:10FFD00041F6086000EB4510F9F718F84FF6FF718D
:10FFE00001EA8020A04200D204464FF4427000EBA8
:10FFF000451841F60870DFF88CA000EB451B06FAA7
:020000040801F1
:1000000005F92846FCF77EF806464046F8F7FEFF5D
:10001000172816D01C2803D00DE06FF00D00C9E79B
:10002000CEB92846FCF794F807465846F8F7EEFF95
:10003000B7EB802F05D12846FBF702FC6FF00600D6
:10004000B8E7BAF8021019EA010F02D01EB9002071
:10005000B0E7002ED5D0A64200D23446224628462C
:10006000019901F028FA4FF4847000EB4510054621
:100070004021F9F731F82846F8F7C8FF0028FAD1EF
:10008000204697E784010020054A18B111B1C2E962
:10009000030170470348D0600348106170470000B7
:1000A0009C010020BB150108BD150108054A18B1C7
:1000B00011B1C2E9050170470348506103489061DE
:1000C000704700009C010020C9150108C7150108F0
:1000D000074A10B513889C05FDD518B111B1C2E9C6
:1000E000070110BD0348D0610348106210BD000035
:1000F0009C010020ED170108F117010870B50546B5
:1001000000242146284600F005F8641C14F0FF0482
:10011000F7D070BD7CB500240D46064600942346FA
:1001200022460194FCF73CFCC5EBC50000EB400007
:10013000002206EB80008118521C81F83C40202AE6
:10014000F9D380F82940C4627CBD002180F84111B8
:10015000704700002DE9F74F15460646082803D9D9
:100160004FF0FF30BDE8FE8F700101240830F8F732
:100170004DFF00F00F00012801D0A01FF2E775B17C
:100180004FF4427000EB46100746F8F73FFF6FF060
:10019000060B172806D01C2804D05846E2E76FF05B
:1001A0000D00DFE7DFF8E080B440B8F80400044257
:1001B00013D04FF4027000EB46108146F8F726FF8B
:1001C00000F01F00C10627D548461021F8F784FF2C
:1001D000B8F80410A143A8F8041041F6087000EB29
:1001E0004610F8F713FF4FF6FF7101EA80208542B1
:1001F00000D90546F2F71EFD82463046FBF7A8FF00
:1002000081463846F8F702FF172808D01C2806D088
:100210003046FBF715FBC0E7000711D405E0B8F83E
:100220000200044203D04D4501D900209AE74D4514
:1002300010D9F2F7FFFCA0EB0A00B0F5FA7F05D960
:100240003046FBF7FDFA6FF00C008BE70520FCF75A
:1002500076FFD2E72A463046019901F05CF94FF467
:10026000847000EB461006462021F8F735FF304633
:10027000F8F7CCFE0028FAD1B8F8041028460C4351
:10028000A8F804406EE70000840100202DE9FF5F1C
:10029000044690F88200894600B3A16809EBC905BD
:1002A00011F81500C00719D16069018901EB090037
:1002B00086B2606850F836008069006800280DDB5F
:1002C0004FF00008CDF80480CDF8088001AA494617
:1002D0002046CDF80C80FAF793FF18B1002004B047
:1002E000BDE8F09FA068062101EB4501415ABDF829
:1002F00004204FF00A0B914210D1092101EB450176
:100300009DF80720415C914208D10BEB4501084460
:10031000082202A9F0F726F80028E0D0606850F81B
:100320003600816D806B0E880788A6B1A168022017
:1003300000EB450A31F90A00F1F728FA642006FBC0
:1003400000F3164A49462046CDF80080F7F700F939
:10035000A26822F80A00D7B1A168042000EB450684
:10036000885FF1F713FA64204743B7FBFBF30C4AAD
:1003700049462046CDF80080F7F7EAF8A16888538F
:10038000A06810F8151041F0010100F8151001AA3D
:100390004946204600F033F80120A0E7116D00081F
:1003A000396D00080021FAF729BD2DE9F04190468A
:1003B0000E4605464FF0FF3700240DE04046F8F7A3
:1003C0004BF90346286932460119686DD0F804C01C
:1003D000E047002807DB0444B44204DA4046F8F75B
:1003E0002EF90028EAD0B44207D105F15800A969D6
:1003F000F8F70AF90020BDE8F0813846FBE730B491
:1004000001EBC1010624836804EB41011944136820
:100410000B6053684B6093688B6090F8E10130BCCF
:100420001146FBF70DB93EB590F87C40052C01D084
:100430007F2C09D10129416908D0498821B1114493
:100440008269528891420ED9FF203EBD0988002959
:10045000FAD01144826912889142F5D8426852F864
:100460003110896A03E0426852F8311089696A469E
:100470000988ADF8001000218DF8021008218DF8D0
:100480000310002155185C5C491CC9B22C71082965
:10049000F8D390F8E1011146FBF7D2F83EBD7CB5E8
:1004A0008026DDE906548DF800608DF801301B0AC6
:1004B0008DF802308DF80440230A8DF80530230CA6
:1004C0008DF80630230E8DF807308DF803506B46FB
:1004D000FFF7A9FF7CBD70B5054600F006F804469D
:1004E0002846FEF70DFF204670BD0EB5D0F8C811A6
:1004F0000988ADF8001000218DF802108DF8031066
:1005000090F8E1016946FBF79BF80EBD38B504464B
:1005100090F8931013300546FAF7BBFF94F8932038
:10052000010A515594F89310491CC9B284F89310EC
:10053000485594F89300401C84F89300E06838B163
:100540006068F2F796FB218A0122E068F2F76DFB02
:1005500094F8400194F8932001286068294618D047
:10056000F4F732F8FA21012000F0BEFA6068006862
:1005700001684906FCD5E06830B1218A0022F2F713
:1005800054FB6068F2F75CFB20780025042803D058
:100590000CE0F4F75FF8E5E702F070F8024600952A
:1005A00000230221D4F8B40002F052FA84F89350E8
:1005B000B4F89E00401CA4F89E0038BD2DE9FF4F02
:1005C0004269002912887DD07F297BD8FAB143681F
:1005D000046853F8323024789B6904F5C0651E68BE
:1005E000AE4201D0FF2C02D101F5C0641C6043680B
:1005F00053F83220936A02681D68127802F5B064DD
:10060000A54201D0FF2A02D101F5B0621A603D4D2A
:10061000426905F12006846996E8C0119288A48891
:100620008DE8C01100236F4612BB25E04668D0F864
:10063000008056F8326098F800B0D6F818A0DAF8C2
:10064000006026F0604C06F0604957F8236006EB26
:100650000B08E04502D0BBF1FF0F05D106EB010C02
:100660004CEA090CCAF800C05B1C521CDBB292B207
:10067000A24201D8042BD9D30023303542698469C2
:1006800095E8E010128924898DE8E0106D461ABBC8
:1006900026E04668D0F800C056F832609CF800A00A
:1006A000D6F81890D9F8007027F0604607F0604837
:1006B00055F8237007EB0A0CB44502D0BAF1FF0FCE
:1006C00006D100E01CE07E1846EA0806C9F8006082
:1006D0005B1C521CDBB292B2A24201D8042BD8D3CD
:1006E0000268D0F8143212781D6802F18004A54225
:1006F00001D0FF2A02D101F180021A600068017066
:10070000BDE8FF8FA42D0108202A01D9FF207047E2
:10071000C1EBC10101EB410100EB8100426300200C
:10072000704700007CB5044690F87C00884244D0B5
:10073000244D31B1042930D005291FD07F293FD164
:100740000EE0D5E90001CDE90001002084F87C002D
:100750006946204600F040F9D4F8841020468847C6
:10076000D5E90201CDE900017F2084F87C006946CB
:10077000204600F031F9D4F888101CE000B3D5E928
:100780000401CDE90001052084F87C00694620467B
:1007900000F022F9D4F88C100DE088B1D5E90601FB
:1007A000CDE90001042084F87C006946204600F071
:1007B00013F9D4F890102046884794F87C007CBD4B
:1007C000FF207CBDA42D010830B50A4C2268536A75
:1007D00009490D685B1B4D682B444B604FF6FF7356
:1007E000181A086050622068016841F00101016038
:1007F00030BD00009C1B0020341000200EB50168A5
:100800000122097841F4E061ADF8001000218DF873
:1008100002108DF804108DF8032090F8E10169466C
:10082000FAF70EFF0EBD00002DE9F8431D461746EE
:100830000E460446082803D94FF0FF30BDE8F88380
:10084000012E08D0022E0ED0032E0CD0042E0AD07A
:100850006FF00400F2E7042269464FF47060F8F785
:1008600001FC009848B169076FF00500E6D49DB11E
:10087000012E05D0022E0FD106E06FF00200DDE759
:1008800015F0210FDAD007E0A90601D52906D5D544
:10089000E90601D52906D1D52046FAF7D1FF600136
:1008A00005F0F0014FF0010831430830F8F714FC6F
:1008B000224E57B93788781C80B2A0F57F4130802E
:1008C000F03902D14FF4404030804FF48160390A52
:1008D00000EB4410F8F700FC4FF4A160F9B200EB14
:1008E0004410F8F7F9FB4FF4847000EB441007460E
:1008F0000121F8F7F1FB3846F8F788FB0028FAD118
:1009000008FA04F0718805F001028143A2400A430D
:100910007280B1888143B1800949002021F8140018
:100920000649891D08554FF4427000EB44152846CE
:10093000F8F76CFB0028FAD060B27FE78401002052
:10094000D48D002038B50446B0F9C401401C02D053
:10095000204600F02BF8134B002241F205012046FF
:10096000F6F7B0FA0F4B002241F206012046F6F7E7
:10097000A9FAD4F8C8010068400011D5D4F8CC0118
:10098000006800280CD00A22B0FBF2F1B0FBF2F3B1
:100990000091054A00212046F6F7DAFDA4F8C401CB
:1009A00038BD0000916C00087182000810B500236A
:1009B00004461A4641F20501F6F784FA00231A4666
:1009C00041F206012046F6F77DFAB4F9C401F0F7CA
:1009D000DDFEA4F8C40110BD2DE9F0410D4604462A
:1009E000497890F97E000126002719B148B984F8AA
:1009F0007E6006E0012804D184F87E702046FFF76F
:100A00007DFBE878002894F8800006D060B984F86F
:100A100080602046FFF796FF06E0012804D184F8A5
:100A200080702046FFF7C2FF2879002894F88100E3
:100A300006D060B984F881602046FCF751F806E0E2
:100A4000012804D184F881702046FCF752F8A87878
:100A5000002894F87F0006D060B984F87F602046B3
:100A6000FBF7DCF906E0012804D184F87F7020460A
:100A7000FBF7E4F96879002894F8820006D060B9A1
:100A800084F882602046F6F76DF906E0012804D16B
:100A900084F882702046F6F791F92878002894F8B7
:100AA0007D0005D0002801D184F87D60BDE8F0818B
:100AB0000128FBD184F87D702046BDE8F041FFF7A6
:100AC0009DBE000072B6BFF34F8F05480168054A0E
:100AD00001F4E06111430160BFF34F8F00BFFDE7F8
:100AE0000CED00E00400FA0570B50C46064600F077
:100AF000F3F8154D2868406D80B92968012081F808
:100B000058005CB101212046FEF7E4FC0F494FF08C
:100B100080500860BFF34F8FBFF36F8F00F0FCF879
:100B200000F0DAF82868446D002034B116B1296865
:100B3000486502E02A68611E5165296881F85800FD
:100B400000F0EAF8204670BD0401002004ED00E04A
:100B50002DE9F04705460027481B1646894606281A
:100B60005DDBA81CFCF76BFD0446A0F55C414FF46F
:100B70008060814253D3A4F55841824651451AD230
:100B8000A81DA9EB00014FF00C08062947DB0178EE
:100B90005C2944D14178752941D1801CFCF74FFD77
:100BA000A0F55C4151453AD2C4F3090161F39F209D
:100BB00000F5803002E04FF006082046802801D280
:100BC000012110E0B0F5006F02D20221C0270AE037
:100BD000B0F5803F02D20321E02704E0B0F5881F82
:100BE0001DD20421F0274A1E08E000BF00F0BF0319
:100BF000346843F080038009A354521E12F0FF02B0
:100C0000F4D1012901D9384301E000F07F003268B6
:100C100010703068084430604046BDE8F08700201E
:100C2000FBE7D0E9013201699A60D0E901235A60FB
:100C30004A68824201D182684A60002202610868E3
:100C4000401E086008687047034B036003F15C00B6
:100C500008608020106070471C270020044B036050
:100C600003F15C0008604FF4807010607047000072
:100C70007829002000F108014FF0FF32C0E901128D
:100C8000C16001610021016070470021016170476E
:100C900030B50B685A1C02D000F1080202E002696C
:100CA00004E02246546825689D42FAD953684B6097
:100CB00099608A60516008610168491C016030BD1B
:100CC00042684A6093688B609368596091600861DC
:100CD0000168491C01607047502080F31188BFF300
:100CE0004F8FBFF36F8F0A494868401C4860012846
:100CF0000CD10848006810F0FF0F07D0502080F397
:100D00001188BFF34F8FBFF36F8FFEE7704700006E
:100D10007801002004ED00E00849486828B1401E31
:100D2000486001D180F311887047502080F311880A
:100D3000BFF34F8FBFF36F8FFEE7000078010020F5
:100D400070B500282AD0164DA0F1080460686969C2
:100D5000084207D1502080F31188BFF34F8FBFF3B3
:100D60006F8FFEE722683AB1502080F31188BFF3FD
:100D70004F8FBFF36F8FFEE78843606000F032FA59
:100D800060686968084468602046FEF7BFFD28690E
:100D9000401C2861BDE8704001F096BD70BD0000A8
:100DA000580100204FF0E0200021016181610549D8
:100DB0004FF47A720968B1FBF2F1491E41610721D3
:100DC000016170470001002010B5EFF745FA1149A5
:100DD00010280ED300F1E02090F8F0030A7890423A
:100DE00007D2502080F31188BFF34F8FBFF36F8F6E
:100DF000FEE709480068896800F4E060884207D986
:100E0000502080F31188BFF34F8FBFF36F8FFEE741
:100E100010BD0000780100200CED00E010B5084B7B
:100E2000002200BF53F832401CB1521C082AF9D3EB
:100E300010BD43F8321003EBC201486010BD000042
:100E4000C01F002010B504000AD000F013F894F879
:100E5000460000280CD12046BDE81040FFF770BFC7
:100E6000502080F31188BFF34F8FBFF36F8FFEE7E1
:100E700010BD0000084A002102EBC1035B688342F9
:100E800006D1002042F8310002EBC10148607047F2
:100E9000491C0829F0D37047C01F002070B51546C3
:100EA0000E460446FFF718FF94F944100020491C31
:100EB00001D184F8440094F94510491C01D184F80B
:100EC0004500FFF729FFA06B28B92A46314604F1F7
:100ED000240000F0DFF82046BDE87040FEF7C4BEF5
:100EE00010B5020014D00F48006B38B1502080F3C9
:100EF0001188BFF34F8FBFF36F8FFEE700F072F9D9
:100F000000211046FEF7E6FA01F0DEFC002807D1CA
:100F100005494FF080500860BFF34F8FBFF36F8FCC
:100F200010BD00000401002004ED00E070B50D4686
:100F300004000BD095B11E4A106BB8B1502080F35D
:100F40001188BFF34F8FBFF36F8FFEE7502080F300
:100F50001188BFF34F8FBFF36F8FFEE7502080F3F0
:100F60001188BFF34F8FBFF36F8FFEE700F03AF9A0
:100F7000D26823685919934204D98B420AD9914205
:100F800002D807E08B42FAD9881A21600021FEF7C7
:100F9000A1FA00E0216001F097FC002807D1054983
:100FA0004FF080500860BFF34F8FBFF36F8F70BD5D
:100FB0000401002004ED00E070B50546FFF78CFE4B
:100FC0001E4C05B92568281DFFF72BFEA86A18B12D
:100FD00005F11800FFF725FE606A401C606220687A
:100FE000854207D1291D1648FFF76AFE6068401C3C
:100FF000606007E0A068401EA0602846FEF777FB0F
:10100000FEF7B2FDFFF788FE6069002814D0206863
:10101000854211D1206B38B1502080F31188BFF385
:101020004F8FBFF36F8FFEE706494FF08050086087
:10103000BFF34F8FBFF36F8F70BD0000040100201E
:101040009C24002004ED00E002490A6A0260C9689D
:10105000416070470401002001490120C8617047C8
:101060000401002010B50C4650B109490968183137
:10107000FFF70EFE2046BDE810400121FEF72ABA18
:10108000502080F31188BFF34F8FBFF36F8FFEE7BF
:101090000401002070B514460D4668B10A4909687C
:1010A0001831FFF70DFE0CB14FF0FF3521462846F1
:1010B000BDE87040FEF70EBA502080F31188BFF3F0
:1010C0004F8FBFF36F8FFEE70401002070B504005F
:1010D0003ED0226DA2B1E06C884200D30146E06AA6
:1010E000884235D0012A33D11A4D2A6894420FD153
:1010F000502080F31188BFF34F8FBFF36F8FFEE74F
:10110000502080F31188BFF34F8FBFF36F8FFEE73E
:10111000E162A269002A02DBC1F13801A1610E4E31
:1011200000EB8000616906EB8000814210D1201D38
:10113000FFF777FDE06A2969884200D9286100EB52
:10114000800006EB8000211DBDE87040FFF7B8BDB0
:1011500070BD0000040100200020002030B587B0E1
:101160000024039405AA04A903A80494FFF76CFDC6
:10117000DDE903010094CDE90110002315A1174812
:10118000059A01F04AF9164D0028E8621FD001F0D7
:101190002FFC012809D0401C19D1502080F3118860
:1011A000BFF34F8FBFF36F8FFEE7502080F311889E
:1011B000BFF34F8FBFF36F8F4FF0FF30A862012056
:1011C0006861EC6007B0BDE8304000F04BBC07B090
:1011D00030BD000049444C450000000071F7000894
:1011E000040100200248016B491C016370470000A4
:1011F00004010020164810B5016B11B10121C16135
:1012000010BD0021C1610169124A01E0B9B1491E56
:1012100001EB810352F82330002BF7D001EB81035F
:1012200002EB830202F1080453685B685360A34237
:1012300001D15B685360DA680260016110BD502023
:1012400080F31188BFF34F8FBFF36F8FFEE700006D
:1012500004010020002000202DE9F8430024124D55
:10126000804627462E1F1AE055F82400D0F8B020FB
:10127000424513D10178042907D100970023D0F803
:10128000B4001A46032101F0E3FB55F824000023C3
:101290000322D0F8AC00194601F0EAF8641C30785B
:1012A0008442E1DBBDE8F883D80100202DE9F0415C
:1012B0000D4D002406466FF007082F1F0EE000BFFB
:1012C00055F82400D0F8B410B14206D1D0F8AC00E3
:1012D00000230322414601F0CBF8641C3878844295
:1012E000EEDBBDE8F0810000D801002030B50446F7
:1012F00090F8930004F111010144801E09884DBA51
:10130000C1B204F11300FAF7C4F8A84205D034F8CA
:10131000A00F401C2080FC2030BD217D080605D593
:1013200034F8A00F401C2080FB2030BD084A00206C
:10133000135C8B4201D1002030BD401CC0B2082894
:10134000F6D334F8A00F401C2080012030BD0000EF
:101350002C2D01082DE9F041044690F8930004F18A
:1013600011010144801E09884DBAC1B204F1130075
:10137000FAF78FF8A84206D034F8A00F401C20805E
:10138000FC20BDE8F0813F4A217D0020135C8B42A8
:101390000DD14FF48076052940D012DC012917D0F9
:1013A000022915D0032953D0042969D150E0401CEB
:1013B000C0B20828EAD334F8A00F401C20800120D6
:1013C000DFE706293BD00F2902D0102958D13FE092
:1013D000A17D607D00F0EAFA0709217EE07D00F042
:1013E000E5FA0509217EE07D00F0E0FA000700D073
:1013F0006D1CB4F8A4107819884237D8217EE07D9E
:1014000000F0D4FAC508217EE07D00F0CFFA400755
:1014100000D06D1C6D1DB54230D831E0A17D607DDE
:1014200000F0C4FA0509A17D607D00F0BFFA000755
:1014300000D06D1CB4F8A400A84217D320E0A17D11
:10144000607D00F0B3FAB4F8A41081420ED317E027
:10145000A17D607D00F0AAFA0546217EE07D00F0C6
:10146000A5FAB4F8A4202918914201D9022088E7EE
:10147000052101EB400080B2B04201D9032080E792
:1014800000207EE72C2D01082DE9F04116460D467F
:1014900007464FF0FF343046F7F7D1F840B93146F0
:1014A0003846FAF741FB0446A84201D0002CF2DA94
:1014B0002046BDE8F0812DE9F0475FEA0208894641
:1014C000064626D042F6081000EB46152846F7F7E8
:1014D0009DFD074642F6080000EB46142046F7F74C
:1014E00095FD07EB002087B2380200EB461042461C
:1014F00049461830F7F7B6FD07EB080086B2310A07
:101500002046F7F7E9FDF1B22846BDE8F047F7F7C6
:10151000E3BDBDE8F0872DE9F0475FEA02088946A0
:10152000064626D042F2085000EB46152846F7F74B
:101530006DFD074642F2084000EB46142046F7F7DF
:1015400065FD07EB002087B2380200EB46104246EB
:1015500049461030F7F7F0FD07EB080086B2310A74
:101560002046F7F7B9FDF1B22846BDE8F047F7F796
:10157000B3BDBDE8F0870078704701707047000088
:101580002DE9F041050A00F0F0014FF4A850F7F7FB
:10159000A3FD002401264FF4027700BF06FA04F0F1
:1015A000284204D007EB44101F21F7F795FD641C77
:1015B000E4B2082CF2D3BDE8F0817047704772B6F0
:1015C000704762B6704770477047000001221103F0
:1015D0000148F1F72ABB00000004024010B54FF4A7
:1015E000A850F7F713FD00F0F0044FF4B850F7F7E8
:1015F0000DFD04EB002080B210BD10B54FF4B050CB
:10160000F7F704FD04464FF4C050F7F7FFFC04EB76
:10161000002080B210BD000010B50446014606222D
:101620004FF41060F7F71EFD042204F10E01900143
:10163000F7F718FD042204F10A014FF4A060F7F750
:1016400011FD0422A11D4FF47060F7F70BFD074850
:101650000178A1744178E17481782175C078607552
:101660000248401E0078A07510BD000095010020C2
:101670000020F7F7CBBC70B504464FF4D850F7F70D
:10168000C5FC20704FF4D050F7F7C0FC05464FF46E
:10169000C850F7F7BBFC05EB0020608070BD2DE95A
:1016A000F0410D460646002400F0A3F84FF0FF3845
:1016B000AEB10022B05C204444B2102C17DC521CA6
:1016C00052B2082AF6DB002441F60877315D07EBB9
:1016D0004410F7F701FD641C64B2082CF6DBCDB1B1
:1016E000002108462A5C114449B2102902DD404617
:1016F000BDE8F081401C40B20828F3DB002441F62D
:101700000866295D06EB4410F7F7E6FC641C64B23A
:10171000082CF6DB0020EBE7F7F706BC00224FF4BD
:1017200080510148F1F781BA0004024010B5C1B2FE
:10173000040A4FF4B050F7F7CFFC2146BDE8104043
:101740004FF4C050F7F7C8BC10B504460146062256
:101750004FF41060F7F7F0FC042204F10E01900141
:10176000F7F7EAFC042204F10A014FF4A060F7F74E
:10177000E3FC0422A11D4FF47060F7F7DDFC07487D
:10178000A17C0170E17C4170217D8170617DC1701F
:101790000249A07D491E087010BD0000950100207F
:1017A00010B5044630F03A0002D04FF0FF3010BDC3
:1017B0000020F7F72BFC40EA04010020F7F78CFC2F
:1017C000002010BD10B5044601784FF4D850F7F74B
:1017D00083FC6088010A4FF4C850F7F77DFCA178BC
:1017E000BDE810404FF4D050F7F776BC00207047AA
:1017F0007047F0B585B04FF4106406226946204664
:10180000F7F730FC0422950102A92846F7F72AFCD5
:101810004FF4A066042203A93046F7F723FC4FF4E7
:101820007067042204A93846F7F71CFC80210020C9
:10183000F7F752FC0020F7F7E9FB0622694620463D
:10184000F7F77AFC042202A92846F7F775FC042270
:1018500003A93046F7F770FC042204A93846F7F7CD
:101860006BFC05B0F0BDF7F785BB10B504464FF42F
:101870003850F7F7CBFBC0F38011217000F038002F
:1018800001220021202811D038280FD061701028A3
:101890000ED018280CD020280AD0A170082809D012
:1018A000182807D0202805D0E17010BD6270EEE73F
:1018B000A270F3E7E27010BD10B500244FF4385069
:1018C000F7F7A4FBC00700D00124204610BD10B5D7
:1018D00000244FF43850F7F799FBC0F3C2000628F4
:1018E00000D10124204610BD10B54FF438542046D5
:1018F000F7F78CFB20F080012046F7F7EDFB204640
:10190000F7F784FB40F080012046BDE81040F7F770
:10191000E3BB10B502780021012A00D140214278B2
:10192000012A06D0C2788078012A05D001280BD080
:101930000CE041F0380109E0012802D041F0080133
:1019400004E041F0180101E041F010014FF438507B
:10195000F7F7C2FBBDE81040FFF7C6BF70B50446FD
:101960004FF438563046F7F751FB41064FF0FF353C
:101970001AD520F03800012C10D040F03801304644
:10198000F7F7AAFBFFF7B0FF3046F7F73FFB012C54
:1019900007D000F0380038B1002070BD40F03001B1
:1019A000EDE700F03000F6E7284670BD61F307026E
:1019B00060F30F2290B2704770B504460E46084699
:1019C000EEF7BBFC05460146204600F00FF82A461C
:1019D00031462068EEF78DFC20682844206070BDF9
:1019E000026811700168491C0160704710B5CA1780
:1019F000046801EB12631A0A22700268521C02602A
:101A000011700168491C016010BD70B5141E1E469E
:101A100005460BDD1146FFF7E9FF224631462868EF
:101A2000EEF767FC28682044286070BD19B1BDE856
:101A30007040FFF7C1BFBDE870400021FFF7D6BF7F
:101A4000F0B587B00DF1300C4FF0000E9CE8F000BF
:101A50004FF0010CCDE904C78DE87040F9F7E0FACA
:101A600007B0F0BD1CB537480168374A914207D12D
:101A7000502080F31188BFF34F8FBFF36F8FFEE7C5
:101A800000683149491E884207D1502080F31188EF
:101A9000BFF34F8FBFF36F8FFEE72C49087801909B
:101AA000FF20087008788DF800009DF800009DF870
:101AB000002000F0F000904207D0502080F3118801
:101AC000BFF34F8FBFF36F8FFEE79DF80000204CF0
:101AD00000F0500020700720A06005E09DF8002075
:101AE00052008DF80020401E9DF800201206F5D40B
:101AF000A060032807D0502080F31188BFF34F8FD8
:101B0000BFF36F8FFEE74FF44070A060019808703C
:101B10000C482030016841F470010160016841F017
:101B200070410160FFF73EF900206060EEF75CFB5A
:101B30000848016841F040410160EEF741FB002098
:101B40001CBD000000ED00E071C20F4100E400E0A8
:101B50007801002034EF00E010B5502080F31188A8
:101B6000BFF34F8FBFF36F8F00F096FD18B104499C
:101B70004FF080500860002080F3118810BD0000F5
:101B800004ED00E010B50C4648B184420FD9502056
:101B900080F31188BFF34F8FBFF36F8FFEE75020A4
:101BA00080F31188BFF34F8FBFF36F8FFEE70222E0
:101BB000002100F02FF8002800D0846310BD38B554
:101BC0000C4648B184420FD9502080F31188BFF3EE
:101BD0004F8FBFF36F8FFEE7502080F31188BFF364
:101BE0004F8FBFF36F8FFEE7022113460022009153
:101BF000114600F030F8002800D0846338BD10B5DD
:101C000002460021012000F005F80446FDF7E0FD42
:101C1000204610BDF8B517460E46050013D005FB4B
:101C200006F05030FEF756F804000AD0002084F881
:101C3000460004F150023B46314628460094FDF729
:101C4000D3FD2046F8BD502080F31188BFF34F8F9D
:101C5000BFF36F8FFEE738B5049D18B153B1CAB119
:101C600081B120E0502080F31188BFF34F8FBFF384
:101C70006F8FFEE7502080F31188BFF34F8FBFF3C3
:101C80006F8FFEE7502080F31188BFF34F8FBFF3B3
:101C90006F8FFEE739B1502080F31188BFF34F8F6B
:101CA000BFF36F8FFEE750241C46012384F84630B3
:101CB0002B460094FDF798FD204638BD70B50D46C3
:101CC000040025D0FFF708F8D4E90F20216802FBB3
:101CD0000011A1600021A163216861600A46D4E976
:101CE0000F01401E00FB0121E16021464FF0FF3053
:101CF00001F8440F487004F110008DB1FEF7BAFFEF
:101D000004F12400FEF7B6FFFFF706F8012070BDCE
:101D1000502080F31188BFF34F8FBFF36F8FFEE722
:101D200021690029F0D000F097FD0028ECD004498B
:101D30004FF080500860BFF34F8FBFF36F8FE3E722
:101D400004ED00E02DE9FF4782B01D468A464FF0C2
:101D50000008040003D0BAF1000F08D011E05020B1
:101D600080F31188BFF34F8FBFF36F8FFEE7206CB6
:101D700038B1502080F31188BFF34F8FBFF36F8FBE
:101D8000FEE7022D0AD1E06B012807D0502080F336
:101D90001188BFF34F8FBFF36F8FFEE700F060FC39
:101DA0003F4F4FF000094FF0805648B9049838B1C2
:101DB000502080F31188BFF34F8FBFF36F8FFEE782
:101DC000FEF78AFFA06BE16B884207D3022D05D096
:101DD0000498D0B1B8F1000F1AD01EE02A4651463F
:101DE0002046FDF74EFC616A19B104F1240000F0B1
:101DF00033FD20B13E60BFF34F8FBFF36F8FFEF70F
:101E00008BFF012006B0BDE8F087FEF785FF22E0DA
:101E10006846FFF719F94FF00108FEF77DFFFFF75D
:101E2000E1F9FEF759FF94F94400401C01D184F810
:101E3000449094F94500401C01D184F84590FEF788
:101E40006BFF04A9684600F081FA30B12046FDF727
:101E50000BFF00F039FD0020D4E7FEF73DFFA06B3B
:101E6000E16B884213D1FEF757FF04F1100004998B
:101E7000FFF7F8F82046FDF7F7FE00F025FD0028F3
:101E80009ED13E60BFF34F8FBFF36F8F98E7FEF791
:101E900043FF2046FDF7E8FE00F016FD90E7000046
:101EA00004ED00E02DE9F0471F4690468946040006
:101EB00003D0B9F1000F08D011E0502080F3118851
:101EC000BFF34F8FBFF36F8FFEE7206C38B1502008
:101ED00080F31188BFF34F8FBFF36F8FFEE7022FA0
:101EE0000AD1E06B012807D0502080F31188BFF39E
:101EF0004F8FBFF36F8FFEE7FEF766FF5020EFF3C3
:101F0000118680F31188BFF34F8FBFF36F8FA06BE3
:101F1000E16B884206D3022F04D0002086F311889B
:101F2000BDE8F08794F94550A06B3A4649462046F3
:101F3000FDF7A7FB681C04D06D1C84F845500120F8
:101F4000ECE7606A0028FAD004F1240000F084FC79
:101F50000028F4D0B8F1000FF1D00121C8F800102A
:101F6000EDE770B50E46040009D0206C78B1502022
:101F700080F31188BFF34F8FBFF36F8FFEE75020C0
:101F800080F31188BFF34F8FBFF36F8FFEE7206898
:101F900048B9A06838B1502080F31188BFF34F8F43
:101FA000BFF36F8FFEE7FEF70FFF5020EFF31185B1
:101FB00080F31188BFF34F8FBFF36F8FA16BE06B7E
:101FC000884218D994F94500491CA163411C04D0EA
:101FD000401C84F8450001200EE0606A0028FAD019
:101FE00004F1240000F038FC0028F4D0002EF2D0D8
:101FF00001203060EFE7002085F3118870BD0000FC
:102000002DE9F747002683B08A46040003D0BAF1D1
:10201000000F08D011E0502080F31188BFF34F8FDC
:10202000BFF36F8FFEE7206C38B1502080F311882A
:10203000BFF34F8FBFF36F8FFEE700F011FBDFF8A8
:10204000F4804FF000094FF0805748B9059838B137
:10205000502080F31188BFF34F8FBFF36F8FFEE7DF
:10206000FEF73AFEA56BC5B151462046FDF7F6FADC
:102070006D1EA563206950B104F1100000F0ECFB67
:1020800028B1C8F80070BFF34F8FBFF36F8FFEF712
:1020900043FE012006B0BDE8F087059808B11EB1E7
:1020A00006E0FEF739FE27E06846FEF7CDFF012681
:1020B000FEF732FEFFF796F8FEF70EFE94F94400A5
:1020C000401C01D184F8449094F94500401C01D192
:1020D00084F84590FEF720FE05A9684600F036F921
:1020E000002820460AD0FDF7BFFD00F0EDFB20469A
:1020F000FDF74EFC0028B3D00020CBE7FDF748FCED
:1021000090B104F124000599FEF7ACFF2046FDF7DD
:10211000ABFD00F0D9FB0028A2D1C8F80070BFF3D6
:102120004F8FBFF36F8F9BE72046FDF79DFD00F0BB
:10213000CBFB95E704ED00E02DE9F047904689469A
:10214000040003D0B9F1000F08D011E0502080F353
:102150001188BFF34F8FBFF36F8FFEE7206C38B14C
:10216000502080F31188BFF34F8FBFF36F8FFEE7CE
:10217000FEF72AFE5020EFF3118680F31188BFF39B
:102180004F8FBFF36F8FA76BF7B194F94450494657
:102190002046FDF763FA7F1EA763681C04D06D1C00
:1021A00084F84450012010E020690028FAD004F19E
:1021B000100000F051FB0028F4D0B8F1000FF1D06E
:1021C0000121C8F80010EDE7002086F31188BDE872
:1021D000F08700002DE9F343002683B00400354664
:1021E00009D0206C78B1502080F31188BFF34F8F55
:1021F000BFF36F8FFEE7502080F31188BFF34F8F3E
:10220000BFF36F8FFEE700F02BFADFF83C814FF051
:1022100000094FF0805748B9049838B1502080F336
:102220001188BFF34F8FBFF36F8FFEE7FEF754FDAA
:10223000A06BC8B1401EA063206810B9FDF7B8FDBF
:10224000A060206950B104F1100000F005FB28B136
:10225000C8F80070BFF34F8FBFF36F8FFEF75CFDC0
:10226000012005B0BDE8F083049808B166B10FE025
:102270003DB1502080F31188BFF34F8FBFF36F8FB4
:10228000FEE7FEF749FD5DE06846FEF7DDFE01264C
:10229000FEF742FDFEF7A6FFFEF71EFD94F944008F
:1022A000401C01D184F8449094F94500401C01D1B0
:1022B00084F84590FEF730FD04A9684600F046F822
:1022C0000028204612D0FDF7CFFC00F0FDFA204692
:1022D000FDF75EFB0028A9D09DB3FEF7FDFC606A08
:1022E00050B3206B0068C0F1380126E0FDF750FBC9
:1022F000E0B1206838B9FEF7EFFCA06800F070FA92
:102300000546FEF709FD04F124000499FEF7AAFE34
:102310002046FDF7A9FC00F0D7FA002886D1C8F8BE
:102320000070BFF34F8FBFF36F8F7FE72046FDF73D
:102330009BFC00F0C9FA79E70021A068FEF7C6FE11
:102340009FE7FFE700208CE704ED00E02DE9F04176
:102350000C46050011D0C4B1FEF7BEFC174BDA687D
:102360006E682068911B471C17D02F681B6A9F421C
:1023700019D0964217D8012410E0502080F311881C
:10238000BFF34F8FBFF36F8FFEE7502080F31188AC
:10239000BFF34F8FBFF36F8FFEE70024FEF7BCFC47
:1023A0002046BDE8F081884205D9401A20602846C1
:1023B000FEF74AFEF1E700202060DCE70401002080
:1023C0002DE9FF5F8346DDE90E87994616468A466A
:1023D0009000FDF77FFC05001CD05C20FDF77AFC27
:1023E000040014D00020256384F85900CDE9024090
:1023F000CDE900874B46324651465846FDF706FA6E
:102400002046FDF795F8012004B0BDE8F09F28466E
:10241000FEF796FC4FF0FF30F6E7F0B585B0DDE94A
:102420000B640A9DA6B1DCB15C27009726630226E7
:1024300084F85960002604AFCDE90246CDE9005783
:10244000FDF7E4F92046FDF773F8049805B0F0BDF8
:10245000502080F31188BFF34F8FBFF36F8FFEE7DB
:10246000502080F31188BFF34F8FBFF36F8FFEE7CB
:102470002DE9F0411F4690460D46012690B10446D5
:10248000FEF72AFC0FB1606D386094F85800022105
:1024900084F85810B8F1050F19D2DFE808F0230BC3
:1024A0000E141200502080F31188BFF34F8FBFF33A
:1024B0006F8FFEE7616D294301E0616D491C616525
:1024C00010E0022801D065650CE0002634E0616D63
:1024D000491C07D0502080F31188BFF34F8FBFF302
:1024E0006F8FFEE7012827D1201DFEF79AFB154DBF
:1024F000E06A2969884200D92861134900EB80000D
:1025000001EB8000211DFEF7DBFBA06A38B15020F3
:1025100080F31188BFF34F8FBFF36F8FFEE7E06A40
:102520002968C96A884207D908494FF08050086075
:10253000BFF34F8FBFF36F8FFEF7EEFB3046BDE862
:10254000F0810000040100200020002004ED00E0E4
:102550002DE9F0471F46DDF8209092460D46040015
:102560004FF001081AD0FEF72FFC5020EFF3118630
:1025700080F31188BFF34F8FBFF36F8F0FB1606D82
:10258000386094F85800022184F85810BAF1050F09
:102590001AD2DFE80AF0240B0E141200502080F348
:1025A0001188BFF34F8FBFF36F8FFEE7616D294333
:1025B00001E0616D491C616511E0022801D065658B
:1025C0000DE04FF0000839E0616D491C07D0502044
:1025D00080F31188BFF34F8FBFF36F8FFEE70128A1
:1025E0002CD1A06A38B1502080F31188BFF34F8FEF
:1025F000BFF36F8FFEE7144D286B18B104F118017B
:1026000012480DE0201DFEF70CFBE06A29698842A4
:1026100000D928610E4900EB800001EB8000211DEC
:10262000FEF74EFBE06A2968C96A884206D9012094
:10263000B9F1000F01D0C9F80000E86186F31188F4
:102640004046BDE8F08700000401002088240020F7
:1026500000200020014800687047000004010020AD
:102660000548416919B1006B18B10020704701207D
:102670007047022070470000040100200148C06834
:10268000704700000401002010B5FEF79DFB0148D3
:10269000C06810BD040100202DE9F0412E4C002738
:1026A000206B28B1A069401CA0613846BDE8F081CC
:1026B000E668761CE66013D1606B006838B1502084
:1026C00080F31188BFF34F8FBFF36F8FFEE7606B0E
:1026D000A16B6163A063206A401C2062FDF744FA8D
:1026E000A06ADFF87880864209D3606B0068A0B1E9
:1026F000606BC068C5686868864211D2A0622068B5
:10270000C06A00EB800158F82100012800D9012798
:10271000E0690028C9D00127C7E74FF0FF30EDE797
:10272000281DFEF77EFAA86A18B105F11800FEF719
:1027300078FAE86A2169884200D9206100EB8001BB
:1027400008EB8100291DFEF7BBFAE86A2168C96A17
:102750008842CAD30127C8E70401002000200020D6
:1027600070B504004FF0000133D01B4D286884423F
:1027700007D0502080F31188BFF34F8FBFF36F8FC6
:10278000FEE7206D38B1401E2065E36CE26A9A4294
:102790001FD040B11DE0502080F31188BFF34F8F50
:1027A000BFF36F8FFEE7201DFEF73BFAE06CE0629F
:1027B000C0F13800A061E06A2969884200D9286127
:1027C000064900EB800001EB8000211DFEF778FA3E
:1027D0000121084670BD00000401002000200020F7
:1027E00070B504004FF000002BD0194DE16A2A6843
:1027F000D26A914226D2A069002804DB2868C06A08
:10280000C0F13800A061134E01EB8101606906EB55
:102810008101884211D1201DFEF703FA2868C06AA1
:10282000E0622969884200D9286100EB800006EB4C
:102830008000211DFEF744FA02E02868C06AE062C9
:10284000012070BDE16C2A68D26A9142F8D370BD54
:10285000040100200020002070B5C068C46854B195
:1028600004F118000646FEF7DCF9144D286B50B150
:102870003146134815E0502080F31188BFF34F8F85
:10288000BFF36F8FFEE7201DFEF7CBF9E06A2969E1
:10289000884200D928610B4900EB800001EB8000E1
:1028A000211DFEF70DFAE06A2968C96A884202D93B
:1028B0000120E86170BD002070BD0000040100200F
:1028C00088240020002000202DE9F0472C4D002412
:1028D0002746286B38B1FEF7FFF9286B401E2863A6
:1028E000286B40B146E0502080F31188BFF34F8F32
:1028F000BFF36F8FFEE7A968224E0120D1B3A6F582
:10290000916980463068E0B1F068C46804F118004D
:10291000FEF787F9201DFEF784F9E06A29698842ED
:1029200000D9286100EB800109EB8100211DFEF731
:10293000C7F9E06A2968C96A8842E3D3C5F81C80F0
:10294000E0E70CB1FDF710F9AC694CB14FEA0806AD
:10295000FFF7A2FE00B1EE61641EF9D10020A8616C
:10296000E86938B10849012738070860BFF34F8F7D
:10297000BFF36F8FFEF7D0F93846BDE8F08700004F
:10298000040100208824002004ED00E02DE9FC472C
:1029900081461E46174688462C200A9DFDF79AF967
:1029A00004000AD0002084F82800CDE90054334602
:1029B0003A4641464846FCF781FF2046BDE8FC8781
:1029C0007CB52C26DDE90654009644B1022684F835
:1029D0002860CDE90054FCF771FF20467CBD5020F3
:1029E00080F31188BFF34F8FBFF36F8FFEE70000B6
:1029F00010B586B0FCF704FE114C2068B8B1002079
:102A00000390049005AA04A903A8FEF727F9DDE9BD
:102A1000032137208DE8070000230AA10B48059AFF
:102A2000FFF7FBFC606010B106B0012010BD502024
:102A300080F31188BFF34F8FBFF36F8FFEE7000065
:102A400040010020546D72205376630045FC00085D
:102A50002DE9FF411E46134602000A9D4FF000007B
:102A600016D0144C2768002F0FD0CDE90013029226
:102A7000062917DAFFF7F4FD02284FF000030FD004
:102A8000002269462068FFF75DF904B0BDE8F081D7
:102A9000502080F31188BFF34F8FBFF36F8FFEE795
:102AA0002A46EEE70023324669463846FFF7FAF930
:102AB000EBE700004001002044575F3230323531EF
:102AC000323139000D0A00525332333220726563BD
:102AD0006569766564206D73673A0D0A0000000031
:102AE000B4300108000000000000000000000000F9
:102AF00000000000000800001800000000000000B6
:102B000000000000C43001080000000000000000C8
:102B10000000000000000000000800001800000095
:102B2000000000000000000010310108000000005B
:102B3000000000000000000000000000000800008D
:102B4000180000000000000000000000E030010854
:102B50000000000000000000000000000000000075
:102B60000004000020000000000000000000000041
:102B7000F03001080000000000000000000000002C
:102B80000000000000040000200000000000000021
:102B900000000000D4300108000000000000000028
:102BA000000000000000000000020000180000000B
:102BB00000000000000000000431010800000000D7
:102BC0000000000000000000000000000002000003
:102BD0000800000000000000000000004D515443B8
:102BE00000000000040000000000000000000000E1
:102BF000000000003C0001004D515457000000004F
:102C000000000000000000000000000000000000C4
:102C100000000000000000000000000000000000B4
:102C200000000000000000000000000000000000A4
:102C3000000000004D51544300000000040000005B
:102C40000000000000000000000000003C00010047
:102C50004D5154570000000000000000000000002B
:102C60000000000000000000000000000000000064
:102C70000000000000000000000000000000000054
:102C80000000000000000000000000000006101618
:102C900000061016000000000000000001020304FE
:102CA00006070809000000000102030408000000F4
:102CB0000000000008000000000000000008DC1117
:102CC0002233C0A8027BFFFFFF00C0A80101080853
:102CD000080801004D5154430000000004000000AA
:102CE0000000000000000000000000003C000100A7
:102CF0004D5154570000000000000000000000008B
:102D000000000000000000000000000000000000C3
:102D100000000000000000000000000000000000B3
:102D20000000000000000000000000000102030499
:102D300005060F10DC320108000000000000000052
:102D4000000000000000000000000000CC3201087C
:102D50000000000000000000000000000000000073
:102D60000002000018000000000000000000000049
:102D7000F032010800000000000000000000000028
:102D8000000000000004000020000000000000001F
:102D900000000000043301080000000000000000F3
:102DA000000000000100000000000000000101011F
:102DB000010001000001010101010000000000000C
:102DC00001000100000200000003000000040000F8
:102DD0000005000080010000800200008003000068
:102DE0008004000000000000180200200100001014
:102DF0002C020020010001104802002001000510F3
:102E00005C02002001000610700200200100071083
:102E10008802002001001410B402002005001810E0
:102E2000140300200400801268030020070000142F
:102E3000EC030020070001146804002003000016C2
:102E4000A004002002000116D4040020070000188E
:102E50005805002007000118D40500200300001ABF
:102E60000C0600200200011A2C06002001000020A0
:102E70003C060020010001204C0600200100022039
:102E80005C060020010040606C06002001004160EB
:102E90007C060020010064608C06002001006C604C
:102EA0009C06002001007860AC06002001007A60DA
:102EB000BC06002001008160CC0600200100FF60FC
:102EC0000000070008000A000C000E0000000700C8
:102ED00009000B000D000F001B0000005C09002022
:102EE0000100001070090020010001108C09002071
:102EF00001000510A009002001000610B4090020FF
:102F000001000710CC09002001001410F80900206E
:102F100005001810580A002004008012AC0A002096
:102F200007000014300B002007000114AC0B002038
:102F300003000016E40B002002000116180C00200C
:102F4000070000189C0C002007000118180D002035
:102F50000300001A500D00200200011A700D00201D
:102F600001000020800D002001000120900D0020B4
:102F700001000220A00D002001004160B00D0020E2
:102F800001006460C00D002001006C6000000700BB
:102F900008000A000C000E000000070009000B00EA
:102FA0000D000F001600DDDDDDDDDCBBBBDDDDDD92
:102FB000DDDDDDDDDDDD98888888888888887777A5
:102FC000777777888888855555566666666666661B
:102FD0006666666888888333333222222222222260
:102FE00022222228888D00005A65726F4572722055
:102FF00063757272656E7420737461747573206981
:1030000073204F5045524154494F4E5F454E414207
:103010004C45442C20656E61626C6520636F6D7059
:103020006C657465642E0D0A000000004B696E63C8
:103030006F2063757272656E74207374617475733A
:10304000206973205357495443485F4F4E5F4449AA
:103050005341424C45442C2064697361626C652085
:10306000636F6D706C657465642E0D0A000000005E
:103070005A65726F4572722063757272656E742044
:1030800073746174757320697320535749544348AE
:103090005F4F4E5F44495341424C45442C20646984
:1030A0007361626C6520636F6D706C657465642E0E
:1030B0000D0A00006B696E636F4374726C54617328
:1030C0006B0000007A65726F6572724374726C54A3
:1030D00061736B006770696F5461736B000000006F
:1030E0006C656674477269707065725461736B00C9
:1030F0007269676874477269707065725461736B46
:10310000000000006D6F6E69746F725461736B0024
:103110006D7174745461736B00000000726F626FA4
:10312000742F737461747573000000007B226C65EA
:1031300066745F67726970706572223A7B22657887
:10314000705F706F73223A25752C22706F73223A6C
:1031500025752C2272656163686564223A25752C99
:10316000227761726E696E67223A25757D2C227214
:10317000696768745F67726970706572223A7B2252
:103180006578705F706F73223A25752C22706F73AB
:10319000223A25752C2272656163686564223A259E
:1031A000752C227761726E696E67223A25757D2CC7
:1031B000227379735F6B696E636F223A7B2273743B
:1031C000617475735F776F7264223A25752C22657E
:1031D00072726F725F636F6465223A25752C226587
:1031E00078705F706F73223A256C642C22706F7355
:1031F0006974696F6E223A256C642C2276656C6F57
:1032000063697479223A256C647D2C227379735F2B
:103210007A65726F657272223A7B2273746174757B
:10322000735F776F7264223A25752C226572726F14
:10323000725F636F6465223A25752C226578705F32
:10324000706F73223A256C642C22706F73697469F5
:103250006F6E223A256C642C2276656C6F636974FC
:1032600079223A256C647D2C226770696F5F696EE4
:10327000223A5B25642C25642C25642C25642C259E
:10328000642C25645D7D00005B4E6574776F726B06
:10329000436F6E6E6563745D20636F6E6E656374FD
:1032A000282920726573756C743D25642C20536E3B
:1032B0005F53523D3078253032582C20536E5F4991
:1032C000523D3078253032580D0A00005461736B3E
:1032D0004D6F64627573536C6176650051756575E9
:1032E000654D6F6462757354656C656772616D00DE
:1032F0005461736B4D6F646275734D617374657265
:10330000000000004D6F64427573537068720000D6
:103310003033010800000020481000007C13000832
:1033200064370108481000206084000068A300088A
:10333000811309A3140885A2140839FF0220080C80
:103340001F1C31012401484818525334383541209C
:103350007472616E736D697420746573742E0D0AD6
:10336000180A1542180A104318C132018210037955
:1033700024F41AAA01510216C0500801025735352B
:1033800030301EBB150108BD041AC9041AC7041A3F
:1033900077041A7B0401205BFFFF04012B149201C8
:1033A00002230207320413140282201B0205943107
:1033B0009A2814412280124059305A441C24404219
:1033C0000F59140A1158149A6C4419407918DA8468
:1033D0005C39161A0358A24669885AA22C69ACDADD
:1033E000A410DAA810DAAC105AB010195F1123013A
:1033F000065A815869605B04038C5930DA08106AF8
:103400000C1059305A1010194B112A8111B16954FE
:10341000DA5444DA58446A5C1019453202DA5E2004
:10342000DA6020DA62209A64840A158284DAD88409
:10343000DADC44DAE064DAE220DAE420DAE6205A80
:10344000E810291C1210144160207B6460E08A049B
:103450003C297C6A6010598C5A6410292C12207AFD
:103460006C38DA98285A9C1029E81A01690A11FF69
:10347000E8DAC0346AC41059209AC88C29ACDACA78
:1034800020DACC20DACE209AD0840A150284CB44EC
:1034900005846A481059206A4C105964DA4E20DAC3
:1034A0005020DA52205A5410291C22101320207B5D
:1034B0000120E0D97CDACC105AD010292C12207AC5
:1034C0000238CB0406286A08105984CBE80120DAB8
:1034D000EC106AF01059305AF4105A02106AF610C3
:1034E000192D2930DAF8106AFC104A033019054901
:1034F0005059206A041069A0D9206A0C10111AFFD3
:1035000001E1E9121A102C5EE82D0108DCE4130D2C
:10351000A21F08C02E0108CC041AD8041AE41C13F8
:103520004D48024C086982720F13AFA51B08CD04E9
:103530001AC1048B1BB06C1A989C1A9C04133C098A
:103540001B20A00829381AAD240A270F0101561A9A
:10355000FF011ABF881A80941A8204018023FFFF9A
:103560001A44881A58041ACB981AC7041AC3041AA2
:10357000C5044113F5464C081DB00C410210011959
:10358000111A3C3C1A40041A28040A2184D45AC94E
:103590005C011C23020732048B5809504B02058042
:1035A0009A6C14412280124059305A881C2440429F
:1035B0000F5914AA9C3059149AB0149A8118DAC879
:1035C0005C4916D99C59885AE62C69ACDAE810DABD
:1035D000EC10DAF0105AF41032031B010688595827
:1035E00069605B480A8C5930DA4C106A50105930C7
:1035F0005A5410194B112A81110911B4DA9844DA7E
:103600009C446AA01019453202DAA220DAA420DA1A
:10361000A6209AA8840A158284CB1C0B846A2010E9
:1036200059206A24105964DA2620DA2820DA2A2060
:103630005A2C10291C1210144160207B6460E0D9C0
:103640007CDAA4105AA810292C12207A6C38DADC03
:10365000285AE01029E81A01690A11FFE8CB040C86
:10366000346A081059206A0C1059C8DA0E20DA1092
:1036700020DA12205A141029840A150284DA888468
:10368000DA8C44DA9064DA9220DA9420DA96205ABE
:103690009810291C22101320207B0120E0CA0D7CE9
:1036A000DA10105A1410292C12207A0238DA48281D
:1036B0006A4C105984CB3E0920DA40105A44105A03
:1036C00002306A4810191D3950D9106A5040111A39
:1036D000FF01E1E9121A542C5EDC2E0108D094138C
:1036E0000DA21F088C2F010898041AA4041ADA1CD2
:1036F00013D592024C086982720F13AFA51B08CD37
:10370000041AC1048B1BB06C1ADC9C1AE004133041
:10371000101B20E40829381AAD240A270F0101568E
:103720001AFF011ABF881AC4941AC604018023FF25
:10373000FF1A88881A9C041ACB981AC7041AC30463
:103740001AC5044113C5914C081DB00C410210016B
:1037500019111A803C1A84041A6C040A21C8D45A1C
:04376000C95C01142B
:040000050800018965
:00000001FF
