:020000040800F2
:100000009894002061020008A1690008D346000806
:10001000F16700084D150008318B00080000000052
:10002000000000000000000000000000A101000826
:100030006917000800000000FD0100082582000883
:100040007B0200087B0200087B0200087B0200089C
:100050007B0200087B0200087B0200087B0200088C
:100060007B0200087B0200087B0200087B0200087C
:100070007D1600088916000895160008A1160008CC
:100080007B0200087B0200087B0200087B0200085C
:10009000511500087B0200087B0200087B02000863
:1000A0007B0200087B0200087B0200087B0200083C
:1000B0007B0200087B0200087B0200087B0200082C
:1000C0007B0200087B0200087B0200087B0200081C
:1000D0007B0200080D8B0008198B0008258B000897
:1000E0007B0200087B0200087B0200087B020008FC
:1000F0007B0200087B0200087B0200087B020008EC
:100100007B0200087B020008E98200087B020008ED
:100110002586000831860008358300087B02000828
:100120007B0200087B020008AD1600087B02000875
:100130007B0200087B0200087B0200087B020008AB
:100140005D1500087B0200087B0200087B020008A6
:100150007B0200087B020008B91600087B02000839
:100160007B0200087B0200087B0200087B0200087B
:100170007B0200087B0200087B02000800000000F0
:100180007B0200087B020008DFF810D000F0EAFED6
:1001900000480047F5CA0008AFF30080989400209B
:1001A0002C4B19680868B0E8F04F80F30988BFF35A
:1001B0006F8F4FF0000080F311887047000000003F
:1001C00008480068006880F308884FF0000080F35A
:1001D000148862B661B6BFF34F8FBFF36F8F00DF35
:1001E00000BF00BF08ED00E0DFF80C00016841F43B
:1001F00070010160704700BF88ED00E0EFF30980F7
:10020000BFF36F8F134B1A681EF0100F08BF20ED5D
:10021000108A20E9F04F106009B44FF0500080F3CD
:100220001188BFF34F8FBFF36F8F10F0B3FF4FF004
:10023000000080F3118809BC19680868B0E8F04F25
:100240001EF0100F08BFB0EC108A80F30988BFF3CE
:100250006F8F704704010020EFF3058070470000A6
:100260000648804706480047FEE7FEE7FEE7FEE750
:10027000FEE7FEE7FEE7FEE7FEE7FEE7D9820008BD
:10028000890100082DE9F05F0546002092469B4653
:1002900088460646814640241BE02846414647469C
:1002A000224600F0A0FC53465A46C01A914110D392
:1002B00011461846224600F087FC2D1A67EB01080C
:1002C0004F4622460120002100F07EFC17EB00097A
:1002D0004E41201EA4F10104DFDC484631462A4687
:1002E0004346BDE8F09FA0F14101192900D8203014
:1002F000704740EA01039B0703D009E008C9121FB9
:1003000008C0042AFAD203E011F8013B00F8013BCF
:10031000521EF9D27047D2B201E000F8012B491EFB
:10032000FBD270470022F6E710B513460A46044692
:100330001946FFF7F0FF204610BD421C10F8011BC4
:100340000029FBD1801A704710B5002200E0521C32
:10035000835C8C5CA34201D1002BF8D1D8B2E1B20E
:10036000401A10BD30B504460020034600E05B1C77
:10037000934203D2E05CCD5C401BF8D030BD30B579
:1003800005460020034600E05B1C934205D2EC5C6E
:10039000C85C201A01D1002CF6D130BD0FB400B5D5
:1003A0008DB010A909900B9000914FF0FF300A908A
:1003B00000200C9005480690054807906A4609A859
:1003C0000F9900F047FC0DB05DF814FB710C0008AC
:1003D0008F0C00082DE9FF5F1D464FF0FF3BD5E96C
:1003E000014691465F464FF00008A9697F1C0198BD
:1003F0008847296A824688470028F6D1BAF1FF3F2C
:100400000CD024F4C064002E19DD600614D5BAF1B6
:100410002B0F09D0BAF12D0F0ED103E0584604B0CE
:10042000BDE8F09F44F48064A9697F1C0198884767
:10043000761E8246002E02DDBAF1300F03D0B9F1EC
:10044000000F26D032E0A969761E44F400747F1CA8
:10045000019888478246002E05DDBAF1780F06D054
:10046000BAF1580F03D0B9F1000F10D01EE0B9F166
:10047000000F02D0B9F1100F18D1A969761E24F42B
:1004800000747F1C019888478246102002E00820F3
:1004900000E00A20814609E008FB0908A969761EE8
:1004A00044F400747F1C019888478246002E05DDC5
:1004B0004946504600F0B9FB0028EDDAE969019899
:1004C0008847A00502D46FF00100A8E7E00725D116
:1004D000600613D5600502D5C8F1000000E0404673
:1004E00029680A1D2A600968220501D5087015E0EF
:1004F000220701D5088011E008600FE02868011D7F
:1005000029600068210502D580F8008006E02107F7
:1005100002D5A0F8008001E0C0F8008038467EE7F0
:100520002DE9FF4F087883B09946FF2805D0491C74
:100530002D2804D00024002008E000200BE0012436
:10054000F9E700EB800003EB4000491C0B78FF2B20
:10055000F7D104B1404200230293147819461D4696
:100560002D2C01D02B2C04D1521C2D2C13D0002467
:100570000294AA461478FF2C0FD00A25A3FB057815
:1005800001FB05814FF0000C03FB0C11521CE31919
:100590004AEB0101EEE70124EAE7814453EA010056
:1005A00002D019F5C87F06DA03980021C0E90011CE
:1005B00007B0BDE8F08F0025AE4E2F46DFF8B882B9
:1005C000184600F08FFCCDE90001B9F1000002DA15
:1005D000C9F1000400E004460023A74A1AEB030B0C
:1005E00042EB045A12E0E00707D02A463346384669
:1005F000414600F0ECF9074688462A463346104645
:10060000194600F0E4F905460E466410002CEAD1C4
:10061000DDE90001B9F1000F5A46534606DA00F051
:10062000F2FB3A46434600F0EEFB05E000F0CFF95E
:100630003A46434600F0CBF9029A0AB181F00041F4
:10064000039AC2E90001B3E72DE9FF4F1F468DB0C1
:10065000D7E901464FF0FF382E2045464FF00009FC
:100660000B90B9696D1C0E988847396A8246884795
:100670000028F6D1BAF1FF3F0AD024F4D064002E4E
:1006800011DDBAF12B0F08D0BAF12D0F0BD102E01A
:10069000404611B08DE744F48064B9696D1C0E9832
:1006A00088478246761E6946600501D52D2000E008
:1006B0002B208DF8000001F1010B0DF1200809E05D
:1006C000B9696D1C0E98884782460F9844F40074EF
:1006D000761E0560002E02DDBAF1300FF0D00B99C6
:1006E0008A453ED144F0800406E00F99681CA9F1C8
:1006F000010944F400740860B9696D1C761E0E98F7
:10070000884782463028F0D02BE00B998A4505D1E6
:10071000200603D444F08004761E18E0504609F009
:100720001FFF08B30DF11301761E44F400748B45CE
:1007300008D2AAF130000BF8010B200607D5A9F169
:10074000010003E0200602D409F101008146A00562
:1007500002D50F99681C0860B9696D1C0E9888470E
:100760008246002ED1DC53E0002E51DDBAF1650F38
:1007700002D0BAF1450F4BD1A00549D5B9696D1C1E
:1007800024F44074761E0E9888478246002E0CDDB5
:100790002B2804D0BAF12D0F07D144F48074B96925
:1007A0006D1C0E9888478246761EE00501D52D21E6
:1007B00000E02B2108F8011BCDF82C8021E00DF181
:1007C0002901761E44F4007488450CD2AAF1300049
:1007D00010F0FF0088F8000002D10B99884509D974
:1007E00008F1010806E0E00501D5244801E042F2E5
:1007F0000F708146B9696D1C0E98884782460F9824
:100800000560002E04DD504609F0AAFE0028D6D16E
:10081000F9690E988847FF208BF8000088F80000DF
:100820000020069007904B466A4608A906A8FFF7E5
:1008300077FEA00502D46FF001002AE714F0240F20
:100840000AD0E00714D1DDE906123868031D3B60C9
:100850000068C0E900120BE0DDE9060100F066FB6C
:100860000146E00704D13868021D3A600068016063
:1008700028460EE7000014400000F03FF1D8FFFFCB
:100880002DE9FE4F804681EA0300C00F0C46009020
:1008900021F0004123F00045B8EB0200A94105D248
:1008A0004046214690461C460B46024623F0004037
:1008B000104347D0270DC7F30A00C3F30A51029033
:1008C000401A019040286BDAC3F3130040F4801BF8
:1008D0000098924620B10023D2EB030A63EB0B0B86
:1008E00001985946C0F14002504600F06DF90646A5
:1008F0000D4650465946019A00F085F910EB080064
:100900006141002487EA115284EAE7731A4340D018
:10091000009A62B3019A012A4FEA075215DC001BC4
:1009200061EB02014FF0004202EA0752CDE90042BA
:10093000001C41F5801132462B4600F016FA03B038
:10094000BDE8F08F40462146F9E7001B61EB02014C
:10095000001C41F5801300185B412018A2F5001718
:1009600047EB030140EAD570B6196D4111E06D08FF
:100970004FEA360645EAC0754FEA0752001B61EBA5
:100980000201001C41F5801149084FEA30000019AE
:10099000514132462B4603B0BDE8F04F00F0D6B9C6
:1009A0000098012240000023D0EB020263EBE073C9
:1009B000009821464FEAE074B8EB000061EB0401B7
:1009C000E9E783F000435BE781F0004158E72DE958
:1009D000FE4F81EA030404F0004421F0004100943A
:1009E0004FF0000B23F0004350EA01045ED052EABE
:1009F00003045BD0C3F30A54C1F30A552C44A4F298
:100A0000F3340194A0FB0254C1F3130141F48011AB
:100A1000C3F3130343F4801301FB024400FB034EB2
:100A2000840A970A44EA815447EA8357A4FB07687B
:100A300002958D0A05FB07854FEA932C04FB0C54A5
:100A40002705029D4FEA065847EA1637B5EB080519
:100A50006EEB070C870E920E47EA811742EA83126B
:100A6000A7FB0201B6EB0B0164EB00042B0D43EA7C
:100A70000C335E1844EB1C50DA465146E7FB02018A
:100A8000C5F313044FEA0B3343EA14534FEA04321D
:100A9000019C43EA0603A4F10C040294009CCDE9F6
:100AA00000B400F062F903B0BDE8F08F0020014609
:100AB000F9E70EB540F2334102910021CDE9001172
:100AC0000A460B4600F051F903B000BD70B5C1F302
:100AD0000A5201F000450024C1F3130140F2FF3334
:100AE00041F480119A4201DA002070BD40F2334394
:100AF0009A42A2F2334203DC524200F074F800E062
:100B000090402C43F1D0404270BDC1F30A5210B561
:100B1000C1F3130140F2FF3341F480119A4201DA2C
:100B2000002010BD40F233439A42A2F2334203DC6C
:100B3000524200F058F810BD904010BD30B5041E70
:100B400071F1000404DB4FF00044404264EB01010A
:100B5000141E73F1000405DB1C464FF000435242A3
:100B600063EB04038B4208BF824230BD30B5041EE4
:100B700071F1000404DB4FF00044404264EB0101DA
:100B8000141E73F1000405DB1C464FF00043524273
:100B900063EB0403994208BF904230BD30B50B4669
:100BA000014600202022012409E021FA02F59D429D
:100BB00005D303FA02F5491B04FA02F52844151E71
:100BC000A2F10102F1DC30BD202A04DB203A00FA58
:100BD00002F1002070479140C2F1200320FA03F394
:100BE000194390407047202A04DB203A21FA02F092
:100BF0000021704721FA02F3D040C2F12002914057
:100C0000084319467047202A06DBCB17203A41FAE1
:100C100002F043EAE07306E041FA02F3D040C2F189
:100C2000200291400843194670473A2800D23038D4
:100C300020F02002412A01D3A2F13700884201D3DB
:100C40004FF0FF30704700000268114413780160D4
:100C500018467047D160044951610449116200216E
:100C60001161114600F096B9490C0008890F00087F
:100C7000426842B1016811F8013B23B1521EC0E93C
:100C80000012184670470121C160881E70474268F3
:100C90005AB1C368016843B983688B4205D0491EC5
:100CA000521CC0E90012002070474FF0FF3070471F
:100CB0000FB4002300B589B00CA900910B996FF017
:100CC0000042CB601E4B06931E4B07930423CDE9D5
:100CD00001321D4A089202466B460020FFF7B4FC21
:100CE00009B05DF814FB70B586B006464FF0FF30D2
:100CF0000091CDE90101002015460C4604903246D2
:100D0000694604A8FFF7D4FF02460498211825B1CC
:100D100008B1084600E020462860049800280DD05D
:100D2000002A02DD0098884208D0081B0094CDE913
:100D300001043246694604A8FFF7BAFF06B070BD49
:100D4000710C00088F0C0008890F000810B5141EE4
:100D500073F1000408DA401C41F1000192185B4174
:100D60001A4301D120F0010010BD2DE9F04D92464B
:100D70009B4611B1B1FA81F202E0B0FA80F2203262
:100D80009046FFF721FF04460F4640EA0A0041EA79
:100D90000B0153465A46084313D0114653EA01004B
:100DA00019D0C8F140025046FFF71DFF05460E4618
:100DB000504659464246FFF707FF084305D0012039
:100DC00004E020463946BDE8F08D0020054346EAA0
:100DD000E0762C4337430A986305E40AA0EB080049
:100DE0000022FD0A44EA47540A3002D50020014699
:100DF000E9E7010510196941DDE908450019694174
:100E0000BDE8F04DA2E72DE9F04D81EA030404F0BE
:100E1000004B21F0004514464FF0000A23F000413A
:100E200050EA050220D054EA01021DD0C5F30A574A
:100E30000246C5F31303C1F31300C1F30A5640F48D
:100E4000801543F48013A7EB0608101BD64608F262
:100E5000FD3873EB050002D308F1010801E0921898
:100E60005B41B8F1000F03DA00200146BDE8F08DC8
:100E700000204FF48011064684460EE0171B73EBEA
:100E8000050705D3121B63EB050306434CEA010C6F
:100E900049084FEA300092185B4150EA0107EDD152
:100EA00052EA030012D082EA040083EA05010843F3
:100EB00005D0101BAB4106D20122002306E0002220
:100EC0004FF0004302E06FF0010253101AEB0600EE
:100ED0004CEB085110EB0A0041EB0B01BDE8F04D63
:100EE000FFF734BF0EB540F2334202920022CDE943
:100EF00000221346FFF739FF03B000BDC1F30A52C9
:100F0000C1F3130140F2FF3341F480119A4202DA37
:100F100000200146704740F233439A42A2F2334226
:100F200002DC5242FFF75FBEFFF74EBE01F0004306
:100F300030B421F0004150EA010206D00A0DA2F5BA
:100F40006072C1F31301002A02DC30BC002070473C
:100F5000440F44EAC104C100E01830BC00EBC250A9
:100F600000F0B0B9064C074D06E0E06840F0010320
:100F700094E8070098471034AC42F6D3FFF708F91D
:100F80007C3201089C320108C0B24FF4F05100F0ED
:100F9000D1B900002DE9F34F8BB04FF0000801F1FB
:100FA0000C000C464FF0010B46460DF1080A01906B
:100FB0006269012101989047051E2DD0252D2CD066
:100FC000216A8847C0B16269012101989047216A6E
:100FD00088470028F7D1411E62690198904700E0D8
:100FE000761CA1690B988847216A88470028F7D1A9
:100FF000E1690B988847DBE7A1690B9888470746AA
:10100000A84201D1761CD3E7E1690B9888477F1C81
:1010100002D1B8F1000F6FD047E1002762693D4669
:101020003946019890472A2804D162690121019824
:1010300090470125DFF88892626901210198904765
:10104000A0F130010A290AD24F45E5DC07EB870100
:1010500000EB4107303FDFD445F01005ECE7E9062F
:1010600001D46FF000476C280AD04C2814D06828AF
:1010700015D06A280DD074281CD07A281AD01DE00B
:1010800062690121019890476C2802D045F004055F
:1010900014E045F002050DE045F020050AE0626924
:1010A000012101989047682802D045F0080505E025
:1010B00045F400656269012101989047C4E9015730
:1010C00065283DD019DC58287AD00CDC452837D06B
:1010D00004DC252826D0412831D131E046282FD004
:1010E00047282CD12CE05B2877D0612828D06328B2
:1010F0007CD0642823D15AE0D1E06F2848D008DCA6
:1011000066281DD067281BD0692821D06E2816D1EB
:1011100027E0702845D0732868D0752847D07828F4
:101120000DD14DE0A1690B988847054625283FF46D
:1011300069AFE1690B9888476D1C3FF46AAFB4E072
:1011400023466A466FF001000B99FFF77DFA9FE096
:1011500045F040006060A80723464FF0000236D4F7
:101160003EE0E8077FF447AF2068011D216000687A
:10117000290501D506701BE7290701D5068017E769
:10118000A90703D5F117C0E9006111E706600FE771
:1011900045F040006060A80723464FF0080216D4CF
:1011A0001EE040F60E0125EA0100606016E045F001
:1011B00040006060A80723464FF00A0207D40FE002
:1011C00045F040006060A80708D5234610226FF064
:1011D00001000B99AFF300805AE007E0234610228C
:1011E0006FF001000B99FFF7F5F851E04FF000099F
:1011F0004F464B46632802D05B2807D041E0207958
:10120000C00601D40120A06001273AE062690121F3
:10121000019890475E2805D14FF00109626949465F
:1012200001989047216939B900210A46534643F88D
:101230002120491C0829FADBB0B3216969B9C1171B
:1012400000EBD16253110AEB830122F01F02821AD4
:1012500001200B68904003430B60626901210198F3
:1012600090475D28E8D1B9F1000F09D00020514620
:1012700051F82020D24341F82020401C0828F7DBF9
:1012800002AB224600976FF001000B99AFF300808C
:1012900000280CDA401C08D1BBF1000F05D04FF03C
:1012A000FF300DB0BDE8F08FFFE74046F9E7E907F2
:1012B00001D108F1010806444FF0000B78E6000068
:1012C000CCCCCC0C0029A8BF7047401C490008BFFB
:1012D00020F00100704710B4B0FA80FC00FA0CF066
:1012E00050EA010404BF10BC704749B1CCF120049E
:1012F00021FA04F411FA0CF118BF0121214308432B
:10130000A3EB0C01CB1D4FEA00614FEA102042BF56
:10131000002010BC704700EBC35010440029A4BF4C
:1013200010BC7047401C490008BF20F0010010BCF1
:10133000704700007F2801D9002208E0064A02EB2E
:101340005002C007127800D1120902F00F020120EA
:101350009040084070470000462F010870B58C1877
:1013600010F8015B15F0070301D110F8013B2A11B9
:1013700006D110F8012B03E010F8016B01F8016BA6
:101380005B1EF9D12B0705D40023521E0DD401F8A2
:10139000013BFAE710F8013BCB1A921C03E013F86B
:1013A000015B01F8015B521EF9D5A142D8D30020A0
:1013B00070BD0000464910B54A6822F440324A60C8
:1013C0004A6843681A434A6001684A6822F4807296
:1013D0004A6001684A68036942EA03224A60016878
:1013E0004A6822F040724A6001684A6883681A437A
:1013F0004A6001688A6822F400628A6001688A682B
:10140000C3681A438A60816A6FF07062D1420168D2
:101410008A6822F070628A6001688A680CD0836AE8
:101420001A438A6001688A6822F040528A60016823
:101430008A68C36A1A4301E022F040528A60016858
:101440008A6822F002028A6001688A68037E42EAA2
:1014500043028A6090F82010002901684A680FD082
:1014600042F400624A6001684A6822F460424A60BD
:1014700001684A68174C436A04EB43331A4301E09E
:1014800022F400624A600168CA6A22F47002CA62E9
:101490000168CA6A838B104C04EB03531A43CA6277
:1014A00001688A6822F400728A6001688A6890F88C
:1014B000303042EA43228A6001688A6822F48062FE
:1014C0008A6001688A68406942EA8020886010BDAD
:1014D0000023014000E0FFFF0000F0FF0122910225
:1014E000014801F092BB00000010024001225102AD
:1014F000014801F08ABB00000010024001221102E5
:10150000014801F082BB00000010024001220421CA
:10151000014801F07ABB0000001002400122D10214
:10152000014801F072BB00000010024010B5FFF747
:10153000E5FFFFF7DBFFFFF7D1FFFFF7EFFFFFF757
:10154000E5FFBDE81040C82001F050BAFEE70000FA
:10155000014800F0B4BD0000E41A0020014800F08A
:10156000AEBD00000C1B002010B54FF48071034885
:1015700001F046FB012800D0002010BD0000024011
:1015800010B54021034801F03BFB012800D00020AA
:1015900010BD00000008024010B54FF48051034810
:1015A00001F02EFB012800D0002010BD00000240F9
:1015B00030B4D0F8A020D0F8A4404FF0FF3352F858
:1015C000212024F81130C2F307420121831883F847
:1015D000B410D0F8B03030BC114618472DE9F04FA8
:1015E0009946DDE90A5A4FF0FF3BDDF824C041E09F
:1015F000AB1A5BB20C78002B03DD00BF04FA03F4D6
:1016000003E0C3F1000324FA03F4E6B202DDC5F1FE
:10161000080301E0C2F10803DCB2844200D90446A9
:1016200005EB0408FF2707FA08F3C5F10805EF40AA
:101630003B439CF800509E431D4035432244D2B2A8
:101640008CF80050072A07D90022B9F1000F01D009
:101650005B4600E00123194408F0FF05072D07D978
:101660000025BAF1000F01D05B4600E001239C4445
:10167000001BC0B20028BBD1BDE8F08F014801F0CB
:1016800043B80000A81E0020014801F03DB800004A
:10169000281D0020014801F037B80000081F002075
:1016A000014801F031B80000881D0020014801F018
:1016B0002BB80000E81D0020014801F025B800000B
:1016C000481E002001681823CAB2103AB2FBF3F298
:1016D000054B6FF30901032A9B5CC36500D9091D03
:1016E00081650846704700002C2C010810B50146A2
:1016F00000208B698A6A4FF0C07453B1B3F5005F64
:1017000015D072B1012A0CD0022A0AD0032A09D1BD
:1017100004E01AB1012A06D0022A03D1C96AC9011C
:1017200000D5012010BDC96AA142FAD010BD002A1F
:10173000F7D0012AF2D0022AF3D0032AF3D010BD49
:1017400030B50468256825F4802525600468636049
:101750008368402B036803D099600068C26030BD85
:101760009A600068C16030BD70470000411C0CD019
:101770000749B1F90020904201D1521E0A80054A62
:1017800000EB4000002102F830104FF0FF307047AE
:10179000E0010020D48D002072B6FEE770B504464B
:1017A0004FF4027000EB44101F2107F06DFC4FF462
:1017B000847000EB4410102107F066FC4FF4427077
:1017C000002500EB44160A200BF089FC304607F098
:1017D000F5FB020008D06D1C322DF4DB2146BDE87C
:1017E000704004A008F0ECBC2146BDE870400DA09C
:1017F00008F0E6BC536F636B657420256420636C4E
:101800006F73652074696D656F75742C206C6173DE
:10181000742073746174653D3078253032580D0A38
:1018200000000000536F636B657420256420434CF7
:101830004F5345440D0A0000F0B503464069428805
:101840009869448842B10020042611E05D6806EBE7
:10185000C207EF5D032F01D8FF20F0BD55F83250CD
:10186000AD6B2D788D42F8D0521C401C92B2C0B2A4
:10187000A242EBD9FE20F0BD024908B1487870477A
:1018800008787047140000202DE9F05F0127384CDC
:10189000022603254FF004084FF005094FF0060A11
:1018A0004FF0070B00B333480EF0E5FD01200BF0BD
:1018B00016FC3148008810F04F0F47D000F04F0160
:1018C000402945D000F06F00212843D0232843D081
:1018D000272844D0072845D00F2946D0082901D110
:1018E00008206070BDE8F09F24480EF0C4FD012080
:1018F0000BF0F5FB2248008810F04F0F14D000F0D9
:101900004F01402912D000F06F00212810D0232869
:1019100010D0272811D0072812D00F2913D008295A
:10192000E0D108202070DDE72770DBE72670D9E7DB
:101930002570D7E784F80080D4E784F80090D1E7D9
:1019400084F800A0CEE784F800B0CBE76770C9E761
:101950006670C7E76570C5E784F80180C2E784F860
:101960000190BFE784F801A0BCE784F801B0B9E7B3
:1019700014000020F40D002048090020000700207A
:10198000F60100201CB52E4D2E4C4FF47A76002324
:101990001A466946E86D0BF0E5FB30B9009979B15C
:1019A00001292CD028A008F00BFCFFF7DDFD84F8FE
:1019B0003000FFF7F1FD84F83100002833D034E027
:1019C00028A0019908F0FCFB019860B1012810D013
:1019D0000228EAD12AA008F0F3FB03F02DFE3046DE
:1019E0000BF07DFBE1E72CA008F0EAFB03F036FEEC
:1019F000DBE72FA008F0E4FB03F044FEEFE732A0A2
:101A0000019908F0DDFB019838B10128CDD135A04E
:101A100008F0D6FB07F0A7FBC7E738A008F0D0FB1B
:101A200007F09AFBC1E703F019FEFFF7A9FD84F860
:101A3000320008B903F012FE64200BF050FBA6E759
:101A400018000020441800205B4750494F5D205586
:101A50006E6B6E6F776E20747970653D25640D0A2C
:101A6000000000005B4750494F2D4C494654494EF9
:101A7000475D2073746174653D25640D0A000000A4
:101A80004C696674696E67205455524E5F444F57D7
:101A90004E207365740D0A004C696674696E672088
:101AA000484F4C445F4F4E207365740D0A00000090
:101AB0004C696674696E67205455524E5F555020CC
:101AC0007365740D0A0000005B4750494F2D574164
:101AD000524E494E475D2073746174653D25640D17
:101AE0000A000000576172696E67204C49474854EC
:101AF0005F4F4E207365740D0A00000057617269D4
:101B00006E67204C494748545F4F464620736574C2
:101B10000D0A000070B50546D0F83C01008818B3E6
:101B200000242E1996F8B4000F2818D028680078E1
:101B3000A04214D096F8440140B9D5F8382112B12A
:101B4000214628469047012086F8B40096F84401C3
:101B50002146401E86F8440128460BF0ABF8641C71
:101B6000E4B2802CDDD370BDB5F93401FFF7FEFD82
:101B7000A5F8340170BD000078B50024009490F8F9
:101B80003C20012A19D0012280F83C200A68072352
:101B90000568092A13D9EE680A3A02EB420293401B
:101BA0009E43EE600B788A680A3B03EB43039A403E
:101BB0000368DD682A43DA6010E0022078BD2E69F0
:101BC00002EB420293409E432E610B788A6803EB3E
:101BD00043039A4003681D692A431A614A681F2318
:101BE000072A13D205686E6B521E02EB82029340E5
:101BF0009E436E630B790A885B1E92B203EB8303EC
:101C00009A4003685D6B2A435A6327E005680D2AF2
:101C100012D22E6BD21F02EB820293409E432E63A0
:101C20000B790A88DB1F92B203EB83039A400368A7
:101C30001D6B2A431A6311E0EE6A0D3A02EB820231
:101C400093409E43EE620B790A880D3B92B203EB00
:101C500083039A400368DD6A2A43DA62164B0568FB
:101C6000144A9D4206D10D68122D03D1556845F4E2
:101C70008005556005689D4218D10B68102B01D076
:101C8000112B13D1536843F40003536009681029E2
:101C90000CD10A490A4A0968B1FBF2F101EB810152
:101CA000490000E0491E00910029FBD180F83C402A
:101CB000002078BD002301400020014000010020E9
:101CC00040420F0070B504004FF0000503D0206CB7
:101CD000002610B107E0012070BD204600F01CF87E
:101CE000666484F83C60206CC00610D4206C20F43C
:101CF000885040F0020020642046FFF75BFB6664DA
:101D0000206C20F0020040F00100206400E001257A
:101D100084F83C60284670BD30B587B00446142175
:101D20006846FEF7FFFA1849206888422AD117480A
:101D30000025016841F480710160006800F4807042
:101D4000059012481438016841F0040101600168EF
:101D500001F004010591016841F002010160006891
:101D6000032400F00200059008208DE83100694648
:101D7000074800F04DFE009469460648CDE901454C
:101D800000F046FE07B030BD00200140443802405C
:101D9000000802400004024090F82020012A07D0E9
:101DA000022A05D0416A41F4802141620120704736
:101DB000006842690A43426100207047F0B590F81C
:101DC00020500468A468012D05D0022D03D0416A7B
:101DD00041F480215DE014F0406F01D1E50055D55C
:101DE000C4F30164022C03D9416A41F4000150E0BC
:101DF0000125A5401D608D684FF4C0739DB1CE686C
:101E000035434E6845EAC605066803EB0417F551ED
:101E10004FF4C275076805EB04150E697E51097D04
:101E2000012905D009E00E88CD6845EA4655EBE763
:101E300001684E5946F480764E511179D57956791C
:101E400041EA056195792D0445EA062529434FF4B9
:101E5000C676056806EB0416A9511178D57841EAD3
:101E60000561957852782D0445EA022211434FF41A
:101E7000C475026805EB04155151006803EB0411A9
:101E8000425842F0010242500020F0BD416A41F444
:101E9000001141620120F0BD10B590F82020012A08
:101EA00007D0022A05D0416A41F480214162012015
:101EB00010BD3B48D0F8002242F00102C0F80022D9
:101EC000D0F8002222F47C52C0F80022D0F8002280
:101ED0004B6A42EA0322C0F800220A7D02F01F0387
:101EE00001229A40D0F81C329343C0F81C32CB69CF
:101EF000B3B9D0F80C329343C0F80C328C894B68DC
:101F000064F31F434C6900EBC404C4F840320C89ED
:101F10000B6864F31F434C6900EBC404C4F84432FB
:101F2000CB69012B16D1D0F80C321343C0F80C3218
:101F30000C884B6864F31F434C6900EBC404C4F87D
:101F400040320C89CB6864F31F434C6900EBC40436
:101F5000C4F844328B69002BD0F804320ED01343FE
:101F6000C0F804320B69002BD0F8143208D01343A8
:101F7000C0F81432096A012904D008E09343EFE75E
:101F80009343F5E7D0F81C121143C0F81C12D0F8A7
:101F9000001221F00101C0F80012002010BD000065
:101FA000006400407047406A704730B590F82040A8
:101FB000012C05D0022C03D0416A41F480215DE060
:101FC0000468002955D02469A40754D04FF4D8746C
:101FD000056804EB01142D5915F00405956005689A
:101FE0002D594ED0ED08556005682C5904F00204B7
:101FF000D4604FF4DA74056804EB01142D5905F030
:102000000F05156105682D59C5F30725956105680C
:102010002C59240C54614FF4DC72046802EB011259
:10202000A4581C700468A458240A5C700468A4585E
:10203000240C9C700468A258120EDA704FF4DE7201
:10204000046802EB0112A4581C710468A458240A05
:102050005C710468A458240C9C710468A258120E88
:10206000DA71006881B1016941F02001016100204D
:1020700030BDE468A8E7416A41F4001141620120E3
:1020800030BD6D0D1560AFE7C16841F02001C16042
:10209000EDE70246002092F82010012901D0022924
:1020A0000CD111688A68520100D501208A6812019A
:1020B00000D5401C8968C90000D5401C70472DE937
:1020C000F05F0546006800244669D0F804908768F0
:1020D000D0F80CB0D0F810A0D0F81880F10748D094
:1020E000F90714D001218160B80703D5284600F014
:1020F000AAFA0CE0780702D54FF4006407E038072D
:1021000002D54FF4805402E0284600F09BFAF8050F
:1021100016D529684FF480708860B80503D5284625
:1021200000F093FA0CE0780502D544F4005407E07F
:10213000380502D544F4804402E0284600F084FAD1
:10214000F80316D529684FF480308860B80303D5AA
:10215000284600F07CFA0CE0780302D544F40044F1
:1021600007E0380302D544F4803402E0284600F04A
:102170006DFA300707D55FEACB6004D529681020D7
:1021800044F40074C86070074FF0080707D55FEA91
:102190000B7004D52868C760284600F099F9B0078D
:1021A00006D52868C068800702D0284600F092F95A
:1021B000700607D55FEACA6004D52968102044F488
:1021C00080640861B00607D55FEA0A7004D5286804
:1021D0000761284600F006FAF00606D5286800696F
:1021E000800702D0284600F0FEF9B00308D55FEA68
:1021F000C96005D5296810204860284600F0F4F928
:10220000F00307D55FEA097004D5286847602846BF
:1022100000F01EFA300446D55FEA497040D5F0055B
:1022200004D55FEAC87001D044F00104B00504D5BC
:102230005FEA887001D544F00204700504D55FEAB6
:10224000487001D544F00404300529D518F0700F0A
:1022500026D008F07000402815D006DC102809D0E0
:1022600020280AD0302816D10AE050280ED0602845
:1022700011D10EE044F008040DE044F010040AE02F
:1022800044F0200407E044F0400404E044F08004FB
:1022900001E044F480742868816921F07001816153
:1022A000296804204860002C05D0686A20436862D1
:1022B0002846FFF777FEBDE8F09F70B5040003D015
:1022C00094F8200010B104E0012070BD204600F019
:1022D00081F82068016841F00101016000F09AFC7A
:1022E0000546052604E000F095FC401B0A2811D89D
:1022F00020684068C007F6D02068016821F002011C
:10230000016000F087FC05460BE000F083FC401BF9
:102310000A2806D9606A40F40030606284F82060C0
:10232000D2E7206840688007EFD4207E012820682B
:1023300001683DD021F080010160607E01282068A5
:10234000016838D021F040010160A07E012820689A
:10235000016833D021F020010160E07E012820686F
:1023600001682ED041F010010160207F0128206813
:10237000016829D021F008010160607F01282068F0
:10238000016824D021F004010160D4E9020108436E
:10239000D4E90412114308436168491E08432168C7
:1023A000C86100206062012084F82000002070BD18
:1023B00041F08001C0E741F04001C5E741F0200154
:1023C000CAE721F01001CFE741F00801D4E741F05E
:1023D0000401D9E7F0B587B0044614216846FDF73B
:1023E000A1FF364B3648DFF8D0E05968D4F800C07A
:1023F000334A03250226092710300024491CF445DE
:1024000022D15960012907D1016841F000710160B2
:10241000006800F000700590106840F0080010603F
:102420001068CDE9005600F00800CDE90470694657
:102430002448CDE9024500F0EBFA002205211420E2
:1024400000F0DAFC142032E0DFF87CE0F44530D113
:10245000D0F800C04CF0806CC0F800C0D0F800C0CC
:1024600001290CF0806CCDF814C0596007D10168C7
:1024700041F000710160006800F000700590106884
:1024800040F002001060106802AB00F002000590FE
:102490006020CDE9000683E8B00069460B4800F0F3
:1024A000B7FA00220521402000F0A6FC402000F0F1
:1024B00095FC07B0F0BD000000640040E80000207B
:1024C00030380240000C0240006800400004024026
:1024D0007047000070B500683C49002401253C4E5F
:1024E0008CB0884235D11C2103A8FDF71BFF0A944C
:1024F0000B94009401940AAB03AA0021354802947E
:10250000FFF753FD00285DD1059804285AD00398A1
:10251000ADF800000698022819D000208DF80200BE
:1025200007988DF8030002460AA901A8FDF7E1FE0D
:1025300028480399203802C0079900F8011B0AA90E
:10254000079AFDF7D6FE35706946234838E001202A
:10255000E4E72249884235D11C2103A8FDF7E2FEB9
:102560001C480A940B94009401940AAB03AA00211E
:1025700028300294FFF719FD002823D1059804287C
:1025800020D00398ADF80000069802281CD0002047
:102590008DF8020007988DF8030002460AA901A8E9
:1025A000FDF7A7FE0B480399103802C0079900F801
:1025B000011B0AA9079AFDF79CFE75706946084839
:1025C00008F0D8FF0CB070BD0120E1E700640040C6
:1025D000E8000020E41A0020000700200068004006
:1025E000F40D0020704770477047000070B5044636
:1025F00090F82000012804D0606A40F40020606256
:1026000018E0022084F820002068016821F0010110
:10261000016000F0FFFA05460EE000BF00F0FAFA94
:10262000401B0A2808D9606A40F400306062052027
:1026300084F82000012070BD20684068C007EDD1FB
:10264000606270BD70477047704770477047704751
:1026500070472DE9F0410446876D00F0DBFA06462D
:1026600094F835000025022806D08020606584F8A3
:1026700034500120BDE8F0812068016821F0160186
:1026800001602068416921F080014161206C08B936
:10269000A06C20B12068016821F008010160206869
:1026A000016821F0010101600CE000F0B3FA801B29
:1026B000052807D920206065032084F8350084F8B8
:1026C0003450D7E720680068C007EED194F85C105A
:1026D0003F208840B860012084F8350084F83450E9
:1026E0000020C7E790F83510022903D0802141650A
:1026F00001207047052180F835100068016821F03D
:1027000001010160002070472DE9F84304464FF0B5
:102710000009CDF8009063484FF41651A56D00688C
:10272000B0FBF1F72E6894F85C10082000FA01F174
:1027300031420FD021680A6852070BD50A6822F08F
:1027400004020A6094F85C108840A860606D40F054
:102750000100606594F85C104FF0010808FA01F080
:10276000304208D021684969090604D5A860606D27
:1027700040F00200606594F85C100420884030420C
:1027800008D021680968890704D5A860606D40F009
:102790000400606594F85C1010208840304218D026
:1027A00021680968090714D5A860206801684903F1
:1027B00004D50068000308D5A16C07E00168C905CD
:1027C00003D4016821F008010160216C09B12046A1
:1027D000884794F85C1020208840304231D021682E
:1027E0000968C9062DD5A86094F835000528206829
:1027F000016806D0490347D5006800031DD4616C09
:102800001CE021F0160101602068416921F080017F
:102810004161206C08B9A06C20B12068016821F0EA
:102820000801016094F85C103F208840A86084F89B
:10283000358084F83490216D1FE0E16B09B12046AA
:102840008847606D00282BD0606DC00714D005202C
:1028500084F835002068016821F0010101600098CA
:10286000401C0090B84203D820680068C007F6D129
:1028700084F8358084F83490E16C002910D001B0E0
:102880002046BDE8F04308470168C905D5D4016872
:1028900021F01001016084F8358084F83490CCE791
:1028A000BDE8F883000100202DE9F041044600F066
:1028B000B1F906465CB1022084F83500002584F8A1
:1028C00034502068016821F0010101600DE0012011
:1028D000BDE8F08100F09EF9801B052805D9202075
:1028E0006065032084F83500F2E720680068C007BF
:1028F000F0D12268116820480140D4E9010318434F
:10290000D4E903363343184363691843A369184372
:10291000E3691843236A18430843616A042903D111
:10292000D4E90B1319430843106020684069666AB4
:1029300020F0070130460E43012704280CD1A06A7D
:102940000643E06A40B12046FEF7D0FE20B14020A9
:10295000606584F83570BAE7206846612046FEF766
:10296000B1FE94F85C203F2191408160656584F858
:1029700035700020ACE700003F8010F02DE9F041F9
:102980000446866D90F83400002501280DD0012002
:1029900084F8340094F835700020012F07D084F8B3
:1029A000340002252846BDE8F0810220FBE702271B
:1029B00084F8357060652046FEF7C2FE94F85C101E
:1029C0003F208840B0602068016841F01601016036
:1029D000206C20B12068016841F008010160206886
:1029E000016841F001010160DCE7000070B50446B8
:1029F00000F010F90546601C02D004480078044439
:102A000000F008F9401BA042FAD370BDF40000208A
:102A10002DE9F84FDFF8BCA1002201250AF1040BD3
:102A200003264FF00F090BF1040E00BF0B6805FAE7
:102A300002F42340A34270D10F7907F00307012F5E
:102A400001D0022F16D187684FEA420806FA08FC27
:102A500027EA0C07D1F80CC00CFA08FC4CEA070C6A
:102A6000C0F808C04768A7430C79C4F30014944029
:102A70003C4344600C79E443A4070AD0C4684FEA9D
:102A8000420C06FA0CF7BC438F6807FA0CF7274391
:102A9000C7600C7904F00304022C12D1D40800EBB7
:102AA000840CDCF820405707FF0E09FA07F824EAE7
:102AB0000804D1F8108008FA07F848EA0408CCF8AE
:102AC000208004684FEA420C06FA0CF7BC430F79E9
:102AD00007F0030707FA0CF7274307604C6814F464
:102AE000403F70D03C4C276847F4804727602468FB
:102AF00022F0030704F480440094384C07EB040CE4
:102B0000DCF8084897074FEA177809FA08F7BC433A
:102B1000334FB84202D1002724E054E0314FB8428D
:102B200001D101271EE0304FB84201D1022719E040
:102B30002E4FB84201D1032714E02D4FB84201D1E6
:102B400004270FE02B4FB84201D105270AE02A4F96
:102B5000B84201D1062705E0284FB84201D1072726
:102B600000E0082707FA08F72743CCF80878DAF8D6
:102B700000405746D1F804C09C435FEACC3C00D5E6
:102B80001C433C60DBF800405F46D1F804C09C4326
:102B90005FEA8C3C00D51C433C60DEF80040774681
:102BA000D1F804C09C435FEACC2C00D51C433C60A8
:102BB000084F0C373C68D1F804C09C435FEA8C2C6A
:102BC00000D51C433C60521C102AFFF42FAFBDE817
:102BD000F88F0000003C01404438024000300140C2
:102BE000000002400004024000080240000C0240C5
:102BF000001002400014024000180240001C024075
:102C00000069084000D0012070470AB18161704717
:102C10000904FBE70148806870470000F4000020C9
:102C200090F83C10012912D0012100F83C1F24210A
:102C3000417050F83C1CCA6822F00C0242F00402B9
:102C4000CA602021417000210170084670470220AF
:102C5000704790F83C10012912D0012100F83C1F68
:102C60002421417050F83C1CCA6822F00C0242F04A
:102C70000802CA6020214170002101700846704797
:102C80000220704770B5040011D021684CF6CC408A
:102C90000860216845F255500860D4E900014160A0
:102CA0002168A0688860FFF7B5FF05460DE00120A8
:102CB00070BD00BFFFF7AEFF401B312805D920686B
:102CC000C068800701D0032070BD2068C0688007FD
:102CD000F0D121684AF6AA200860002070BD006883
:102CE0004AF6AA210160002070470000024881686E
:102CF0000278114481607047F40000200B4810B541
:102D0000016841F400710160016841F48061016073
:102D1000016841F480710160032000F08DF80F20FC
:102D200000F006F800F03EF8002010BD003C024024
:102D300010B5014688B00022362000F05DF836203C
:102D400000F04CF813480024016841F010010160C4
:102D5000006805A900F010000690684600F018F918
:102D600000F036F90C494000B0FBF1F10C480B4A79
:102D7000491E026040F2E732C0E90324C0E90114B1
:102D800000F0F2FC10B1012008B010BD044800F0C2
:102D900037FDF9E74038024040420F000010004084
:102DA000681F00200C4882B0016841F48041016036
:102DB000006800F4804000900748001F016841F05F
:102DC000805101600068002200F0805000900F21C7
:102DD000901E02B000F010B844380240002809DB11
:102DE00000F01F02012191404009800000F1E02025
:102DF000C0F8001170470000F0B40E4B1B680C4681
:102E0000C3F30223C3F10705042D00D90425191DBE
:102E1000072901D2002300E0DB1E012606FA05F196
:102E2000491E214099409E40761E16403143F0BC19
:102E300007F0F0B90CED00E0064900F00702086861
:102E40004FF6FF03184040EA0220034A104308608F
:102E5000704700000CED00E00000FA052DE9F04796
:102E60000E46050065D0DFF81481D8F80000F7B2EF
:102E700000F00700B04207D288F80070D8F80000D0
:102E800000F00700B04254D128683D4C810712D5AC
:102E9000400703D5206840F4E05020602878000700
:102EA00003D5206840F4604020602068A96820F0C5
:102EB000F000084320602878C0072DD030496868AA
:102EC0000839012812D0022813D0032811D009682C
:102ED000890700292DDA216821F0030101432160CF
:102EE000FFF798FE814641F2883A0EE009688903AF
:102EF000EFE709688901ECE7FFF78CFEA0EB090119
:102F0000514502D90320BDE8F0872068696800F0C8
:102F10000C00B0EB810FEFD1D8F80010404601F063
:102F20000701B14207D90770006800F00700B042FE
:102F300001D00120E7E72878400705D52068E96837
:102F400020F4E050084320602878000706D5206868
:102F5000296920F4604040EAC100206000F058F880
:102F60002168084AC1F30311515CC8400649086052
:102F700006480068FFF7DCFE0020C4E7003C024082
:102F800008380240342C010800010020F80000201D
:102F90000F2202600C4A136803F0030343601368B6
:102FA00003F0F0038360136803F4E053C360126816
:102FB0004FF4E05303EAD20202610448006800F0D3
:102FC000070008607047000008380240003C0240DB
:102FD0000448054900680968044AC1F38221515C2C
:102FE000C84070470001002008380240442C010806
:102FF0000448054900680968044AC1F34231515C3C
:10300000C84070470001002008380240442C0108E5
:10301000104810B5006810F00C010F4818D00429B2
:1030200016D0082914D10B4C241F216801F03F024F
:10303000216821680023C1F38811A1FB0001FDF77D
:1030400021F92168C1F30141491C4900B0FBF1F0AD
:1030500010BD0000083802400024F4002DE9F84FAC
:1030600004006ED02078DFF84C93C007A9F1040566
:103070004AD009F104000168C1F38101012908D097
:103080000068C0F3810002280AD1D9F8000040028C
:1030900006D52868800337D560680028E1D033E082
:1030A0006068B0F5803F10D0B0F5A02F286810D030
:1030B00020F480302860286820F480202860606830
:1030C000A8B1FFF7A7FD06460DE0286840F4803060
:1030D000F4E740F480202860F7E700BFFFF79AFD8F
:1030E000801B642873D828688003F7D50CE0FFF7AD
:1030F00091FD064605E000BFFFF78CFD801B6428AC
:10310000F0D828688003F7D42078DFF8AC828007F5
:103110004FF0000A3ED5A748001D016811F00C0FC2
:1031200008D00068C0F3810002280BD1D9F8000054
:10313000400207D42868800716D5E068012800D12E
:1031400012E033E1E068B8B10120C8F80000FFF7F1
:1031500061FD064605E000BFFFF75CFD801B02280D
:10316000C0D828688007F7D52868216920F0F800C2
:1031700040EAC10028600DE0C8F800A0FFF74AFD52
:10318000064604E0FFF746FD801B02281FD828688A
:103190008007F7D42078000722D5864F87486169D9
:1031A000703771B101210160FFF734FD064604E07C
:1031B000FFF730FD801B022809D838688007F7D553
:1031C0000EE0C0F800A0FFF725FD064605E082E00E
:1031D000FFF720FD801B02287DD838688007F7D4D0
:1031E0002078400768D5DFF8CCB100270BF13C0B05
:1031F000DBF80000C0000BD4DBF8001041F0805178
:10320000CBF80010DBF80000012700F080500090A0
:103210006B4E3068C00510D4306840F48070306068
:10322000FFF7F8FC009005E0FFF7F4FC0099401A66
:10323000022850D83068C005F6D55E4EA0686C36BE
:1032400001280FD00528306810D020F00100306030
:10325000306820F004003060A068B8B1FFF7DAFCF5
:1032600000900FE0306840F00100F4E740F0040007
:103270003060F7E7FFF7CEFC0099411A41F2883041
:10328000814266D830688007F4D50EE0FFF7C2FCB3
:10329000009007E0FFF7BEFC0099411A41F2883028
:1032A000814256D830688007F4D42FB1DBF8001083
:1032B00021F08051CBF80010A069C8B33D49091D29
:1032C0000968C1F3810102294AD00228504607D07B
:1032D000C8F8600000E03CE0FFF79CFC04463BE0DF
:1032E0004746C8F86000FFF795FC064605E000BFBA
:1032F000FFF790FC801B02282BD828688001F7D4A8
:10330000D4E907010843A16A2E4A490802EB0141AA
:10331000626A41EA8211084394F82C1040EA016184
:10332000C9F8001001203866FFF774FC044606E077
:103330003EE000BFFFF76EFC001B022809D828689A
:103340008001F7D534E000BFFFF764FC001B0228C2
:1033500002D90320BDE8F88F28688001F4D427E063
:103360000128F7D0D9F80000E26900F48001914209
:103370001CD1226A00F03F01914217D147F6C0717B
:10338000626A0140B1EB821F10D1A26A4FF0FF3395
:1033900000F4403103EB5202B1EB024F06D194F836
:1033A0002C1000F07060B0EB016F01D00120D1E76C
:1033B0000020CFE70438024000004742800E474219
:1033C000007000400000FFFF70B5040009D0606A83
:1033D000002540B125616561A56294F8510040B1B6
:1033E0000CE0012070BD6068B0F5827FF4D0E5612B
:1033F000F2E784F85050204600F044F8022084F8A8
:1034000051002068016821F040010160A0882189F5
:1034100000F4827001F404410843A18901F40061C1
:103420000843217C01F002010843217D01F00101E4
:103430000843218B01F400710843217F01F038011A
:10344000084394F8201001F080010843218D01F415
:103450000051084321680860A069042101EA104076
:1034600094F8241001F01001084321684860206896
:10347000C16921F40061C1616565012084F85100D2
:10348000002070BD10B586B0044614216846FCF7D4
:1034900049FF14492068884221D11348002102685D
:1034A00042F480420260006800F4804005900E48BB
:1034B0001038026842F002020260006800F0020068
:1034C00005904FF4604000900220CDE901010320F7
:1034D00003900520049069460448FFF799FA06B066
:1034E00010BD000000380040403802400004024097
:1034F0002DE9F84F044690F8500000270A9E1D461B
:1035000092468B464FF0010901280ED0012084F825
:103510005000FFF77FFB804694F851006168012856
:103520000CD0B1F5827F07D102E00220BDE8F88F10
:10353000A16809B9042801D00227C2E0BBF1000F3D
:1035400027D0BAF1000F24D01DB394F851000428FD
:1035500002D0052084F8510000206065C4F838A02E
:10356000E587A587C4F830B0E586A5862064606449
:1035700020680168490603D4016841F040010160F8
:10358000E068B0F5006F606805D0E8B3012D46D063
:103590007FE0012795E008B1012D39D1206B21682A
:1035A0000088C860206B801C2063E08E401EE0868F
:1035B0002EE02068816889070FD5E18E69B1B9F1E5
:1035C000010F0AD1216B0988C160206B801C206328
:1035D000E08E401EE0864FF0000920688168C90730
:1035E0000CD0E18F51B1C068A16B0880A06B801C2A
:1035F000A063E08F401EE0874FF00109FFF70AFB50
:10360000A0EB0800B04200E009E001D3701C50D1EB
:10361000E08E0028CDD1E08F0028CAD13FE0206B9A
:10362000216800780873206B401C2063E08E401EE8
:10363000E0862EE02068816889070FD5E18E69B1A8
:10364000B9F1010F0AD1216B09780173206B401C7D
:103650002063E08E401EE0864FF0000920688168FC
:10366000C9070CD0E18F51B1C068A16B0870A06B85
:10367000401CA063E08F401EE0874FF00109FFF778
:10368000C9FAA0EB0800B04202D3701C01D010E0D0
:103690007EB1E08E0028CDD1E08F0028CAD142460D
:1036A0003146204603F002FE28B101272020606544
:1036B00007E0032705E0A06818B92068C1688068A2
:1036C0000090012084F85100002084F85000384612
:1036D0002CE770477047000070B590F83C20012A35
:1036E00032D0012480F83C40022280F83D2003685B
:1036F0005A689D6822F070060A6832435A60134B7C
:1037000002689A4214D0B2F1804F11D0104B9A4205
:103710000ED0104B9A420BD00F4B9A4208D00F4B51
:103720009A4205D00E4B9A4202D00E4B9A4204D1D7
:10373000496825F080031943916080F83D400021DD
:1037400080F83C10084670BD022070BD00000140AA
:103750000004004000080040000C0040000401404C
:10376000004001400018004010B5040003D094F858
:103770003D0010B107E0012010BD002084F83C009E
:10378000204600F01FF8022084F83D00211D20682B
:1037900004F0D6FD012084F8460084F83E0084F849
:1037A0003F0084F8400084F8410084F8420084F827
:1037B000430084F8440084F8450084F83D0000206C
:1037C00010BD000008B500680B49884212D10B48B3
:1037D000016841F0080101600068002200F0080063
:1037E000009005213220FFF707FBBDE8084032209A
:1037F000FFF7F4BA08BD0000000C0040403802405A
:1038000090F83D10012901D001207047022180F875
:103810003D100168CA6842F00102CA60006811499F
:10382000884214D0B0F1804F11D00F4988420ED099
:103830000E4988420BD00E49884208D00D49884273
:1038400005D00D49884202D00C49884204D18168D4
:1038500001F00701062903D0016841F00101016070
:1038600000207047000001400004004000080040B4
:10387000000C0040000401400040014000180040DE
:1038800070B5044690F83C000025012817D00126A9
:1038900084F83C60022084F83D002068826822F0B1
:1038A000770222F47F4282600868502838D00DDC0D
:1038B00020284FD005DC90B3102811D14AE0022017
:1038C00070BD302846D040280AD13BE060282FD078
:1038D00070280DD0B0F5805F03D0B0F5005F12D036
:1038E000012584F83D60002084F83C00284670BD26
:1038F000CB68D1E90121206804F086FD2068816849
:1039000041F0770109E0CB68D1E90121206804F09A
:103910007BFD2068816841F480418160E1E719E026
:10392000CA684968206804F081FD5021206806E0DB
:10393000CA684968206804F08AFD6021206804F0A4
:103940006DFDCEE7CA684968206804F06FFD40212C
:103950002068F4E7226801461046F0E7704770B52A
:103960000446006801694FF00005C943890715D472
:10397000C168C943890711D4E91E0161012020777C
:10398000206880698007204602D0FFF7E7FF04E047
:1039900000F098F8204600F0C2F825772068016909
:1039A000C943490717D4C168C943490713D46FF005
:1039B00004010161022020772068806910F4407FB3
:1039C000204602D0FFF7CAFF04E000F07BF8204653
:1039D00000F0A5F8257720680169C943090716D4C6
:1039E000C168C943090712D46FF0080101610420BE
:1039F00020772068C0698007204602D0FFF7AEFF1D
:103A000004E000F05FF8204600F089F82577206890
:103A10000169C943C90617D4C168C943C90613D48B
:103A20006FF010010161082020772068C06910F450
:103A3000407F204602D0FFF791FF04E000F042F8FB
:103A4000204600F06CF8257720680169C943C90752
:103A500008D1C168C943C90704D1891E0161204644
:103A600000F05EF820680169C943090609D4C168FD
:103A7000C943090605D46FF0800101612046FFF7B4
:103A800028FE20680169C943490609D4C168C943B1
:103A9000490605D46FF040010161204600F05CF852
:103AA00020680169C94389060BD4C168C9438906E6
:103AB00007D46FF0200101612046BDE87040FFF798
:103AC00009BE70BD704770B50D46040003D094F870
:103AD0003D0010B107E0012070BD002084F83C00DB
:103AE000204600F01BF8022084F83D00211D2068CC
:103AF00004F026FC2068016821F00801016054F8F8
:103B0000460B016829430160012004F81F09E07594
:103B10002076E0762077A075002070BD7047704752
:103B200010B5044600680949884205D108480021BB
:103B30000160416004F0D0FC06492068884203D14E
:103B4000BDE81040FFF7D2B810BD0000000C0040E7
:103B50003410002000100040704738B5044690F83B
:103B60003E00202822D181B17AB194F83C0001288E
:103B70001CD0012084F83C002063204604F026FF7E
:103B8000002803D1216B012901D0012038BD216813
:103B90000A684968009121680C3151E8002F42F011
:103BA000100241E80023002BF5D138BD022038BDBA
:103BB0007CB50022254B01921446234D1B7835E03D
:103BC00055F82460766886422FD155F8240090F885
:103BD0004031042B2CD139B380F83E1155F8240024
:103BE00080F83F2102E000BF00F082F855F8243051
:103BF000802203F1BC015868FFF7AFFF002855F899
:103C000024004068F0D1806B0068016821F0080151
:103C1000016001A8009055F8240000230322D0F889
:103C2000AC0019460EF064FC02E0641C9C42C7DB49
:103C30000198002807D006494FF080500860BFF374
:103C40004F8FBFF36F8F7CBDD8010020D4010020BF
:103C500004ED00E07047000070B5044620680C30A9
:103C600050E8001F21F4907140E80012002AF5D1BD
:103C70002068143050E8001F21F0010140E80012D4
:103C8000002AF5D1206B012809D120680C3050E8BA
:103C9000001F21F0100140E80012002AF5D1206831
:103CA00040694FF0200241064FF0000015D5216811
:103CB000143151E8003F23F0400341E80035002D66
:103CC000F5D1A16B49B109480865A06BFEF70AFD63
:103CD00050B1A06B016D884706E0E08584F83E2076
:103CE00020632046FFF7B6FF002070BD3387000831
:103CF00010B504460068406994F83D10C0F3C01048
:103D0000212911D180B12068143050E8001F21F022
:103D1000800140E80012002AF5D1606B08B1FEF77F
:103D200098FC204604F05DFD2068406994F83E1040
:103D3000C0F38010222911D180B12068143050E8DE
:103D4000001F21F0400140E80012002AF5D1A06BCD
:103D500008B1FEF77EFC204604F01CFD002010BDDB
:103D600070B516490024144D097822E055F8242036
:103D7000526882421CD155F8240090F84001042872
:103D800002D070BDFFF7B4FF55F82430802203F154
:103D9000BC015868FFF7E1FE002855F82400406890
:103DA000F0D1806B0068016821F00801016070BDEE
:103DB000641C8C42DADB70BDD8010020D4010020E5
:103DC00010F83D1F4078084370470000F8B50168BF
:103DD00004460868CA684B6910F00F0F4FF00005E1
:103DE00059D003F0010602F49077374365D0C1073C
:103DF00005D0D10503D5216C41F0010121644107B3
:103E000005D5D90703D0216C41F002012164810757
:103E100005D5D90703D0216C41F0040121640107C5
:103E200007D502F02001314303D0216C41F0080195
:103E30002164216C00293AD0800604D5900602D571
:103E4000204604F0DCFC20684069216CC0F380103F
:103E5000090700D460B3204604F09CFC2068406948
:103E6000400621D52068143050E8001F21F04001A1
:103E700040E80012002AF5D1A06BA8B16C49016599
:103E8000A06BFEF72FFC002811D0A06B016D01B0D4
:103E9000BDE8F040084783060FD593060DD52046B0
:103EA000BDE8F84004F0ABBC2046FFF759FFF8BD71
:103EB0002046FFF755FF2564F8BD266B2023012E11
:103EC00079D1C60677D5D60675D5086848680090BA
:103ED0004869400640D5A16B086840680004000CA2
:103EE000EAD0A28D8242E7D9E085C869B0F5807F2B
:103EF0002DD020680C3050E8001F21F4807140E87C
:103F00000012002AF5D12068143050E8001F21F07B
:103F1000010140E80012002AF5D12068143050E871
:103F2000001F21F0400140E80012002AF5D184F87A
:103F30003E30256320680C3050E8001F21F010014E
:103F400040E80012002AF5D1A06BFEF782FBA08D9D
:103F5000E18D401A81B229E0A08DE18D401A81B235
:103F6000E08D0028A8D00029A6D020680C3050E8A9
:103F7000002F22F4907240E80026002EF5D1206830
:103F8000143050E8002F22F0010240E80026002EF5
:103F9000F5D184F83E30256320680C3050E8002FBE
:103FA00022F0100240E80023002BF5D12046FFF755
:103FB000FFFDF8BDFFE705062BD5150629D594F8BA
:103FC0003D002128F5D1A068B0F5805F01D12069BE
:103FD000B0B1206A411C2162216800784860E08C01
:103FE000401E0004000CE084E3D12068C16821F089
:103FF0008001C1602068C16841F04001C160D8E71C
:10400000206A0088C0F308004860206A801C206293
:10401000E5E74006CDD55006CBD5CA68204622F04C
:104020004002CA6084F83D3000F024FBC1E7000084
:104030003D86000870B5040004D094F83D000025CA
:1040400010B106E0012070BD84F83C50204600F01D
:1040500023F8242084F83D002068C16821F4005131
:10406000C160204604F02CFC2068016921F49041D5
:1040700001612068416921F02A0141612068C1681D
:1040800041F40051C1602564202084F83D0084F88B
:104090003E00002070BD00002DE9F04F87B00446BF
:1040A00014216846FCF73EF9D848D849D64B103859
:1040B0002268DFF85CE300264F0505154FF0020883
:1040C0004FF003094FF0080C4FF0400B9A425CD1BF
:1040D0000A68B24642F400220A60096801F400212D
:1040E0000591016841F004010160006802AA00F036
:1040F000040005904FF44060CDE9000882E84012CA
:1041000069467046FEF784FCDFF80C83C1494046DF
:10411000C8F80010C0E90176C0E90365C8F814606A
:10412000C8F81860C8F81C60C8F82060C8F8246097
:10413000FEF7BAFB08B1FDF72FFBB74EB548C4F840
:10414000388060363030C8F8384086E88108C6E9E3
:1041500003A5C6F814A0C6F818A0C6F81CA0C6F897
:1041600020A03046C6F824A0FEF79EFB08B1FDF75C
:1041700013FB6663002205213420B463FEF73CFE86
:104180003420FEF72BFEA548A6E0A54B9A4233D17A
:104190000A6842F480120A60096801F480110591EE
:1041A000016841F004010160016801F0040105911A
:1041B000016841F0080101600068029600F0080003
:1041C00005909814CDE90008CDE9039C6446694642
:1041D0007046FEF71DFC0420CDE900080296CDE9EB
:1041E000039469468F48FEF713FC00220521352011
:1041F000FEF702FE35209AE08B4B4FF0070C4FF094
:10420000010A9A4271D181490026091D0A6842F0CB
:1042100010020A60096801F010010591016841F07F
:1042200001010160006801AA00F001000590581525
:1042300000900220CDF810C082E84102E0466946B5
:104240007A48FEF7E5FB0220CDE90050CDF808A042
:10425000CDE9039869467548FEF7DAFBDFF8B881C7
:10426000734908F1C0084046C8F80010C0E901765B
:10427000C0E90365C8F81460C8F81860C8F81C6085
:10428000C8F82060C8F82460FEF70EFB08B1FDF7FF
:1042900083FA6748674EC4F838807830C8F83840E9
:1042A00086E881080020C6E903057061B061F0610D
:1042B000306270623046FEF7F7FA08B1FDF76CFA2B
:1042C0006663002205212520B463FEF795FD2520B5
:1042D000FEF784FD514888300068C16841F0100144
:1042E000C16007B0BDE8F08FFFE7534B9A4221D180
:1042F0000A6842F400320A60096801F4003105914D
:10430000016841F0080101600068694600F008009A
:10431000059060208DE80105CDE9039C4148FEF73A
:1043200077FB002205212620FEF766FD2620FEF7FA
:1043300055FDD6E7414B9A42D3D10A68002642F494
:1043400080220A60096801F480210591016841F02A
:1043500008010160006801AA00F0080005909815A6
:1043600000900220CDF810C082E84102E046694684
:104370002C48FEF74DFB4FF4007000900220CDE971
:10438000010ACDE9039869462648FEF741FBDFF8AC
:10439000A480204908F1600818394046C8F8001088
:1043A000C0E90176C0E90365C8F81460C8F8186070
:1043B000C8F81C60C8F82060C8F82460FEF774FADA
:1043C00008B1FDF7E9F91B4E1248C4F83880C03631
:1043D0001830C8F8384086E881080020C6E903058F
:1043E0007061B061F061306270623046FEF75CFA75
:1043F00008B1FDF7D1F96663002205212720B463D7
:10440000FEF7FAFC272092E7004C004040380240BB
:104410000008024040600240281D0020D41B0020FC
:1044200000500040000C024000100140000002401B
:1044300040640240481E0020004400400048004004
:1044400090F83E30202B0ED159B152B190F83C304B
:10445000012B08D0012380F83C300023036304F0D3
:10446000FDBA012070470220704700007CB500268D
:104470001D49019634461B4D097825E055F8242046
:10448000526882421FD155F8240090F8401101294A
:104490001CD190F8A610BC3002F0B8FD55F82430BD
:1044A000012203F1A6015868FFF7CAFF0EF0BCF81D
:1044B0000246009655F8240001AB0721D0F8B00061
:1044C0000EF096FA02E0641C8C42D7DB01980028BB
:1044D00007D006494FF080500860BFF34F8FBFF3FD
:1044E0006F8F7CBDD8010020D401002004ED00E0D6
:1044F000704700002DE9F843044690F83D001F4640
:1045000016460D4620284CD1C5B1BEB194F83C00EA
:10451000012846D0012084F83C004FF00008C4F880
:104520004080212084F83D00FEF774FBA68481467C
:10453000E684A068B0F5805F03D004E00120BDE808
:10454000F883206928B12E465FF0000584F83C808E
:104550000EE00026FAE78021204604F09AFAA0B97E
:10456000AEB116F8010B21684860E08C401EE08473
:10457000E08C4B464FF0000200970028EBD14FF043
:104580004001204604F085FA30B10320D7E735F822
:10459000020BC0F30800E6E7202084F83D0000206D
:1045A000CDE70220CBE7000070B5044690F83D004F
:1045B000202836D191B38AB394F83C00012830D03A
:1045C000012084F83C002162A284E2840025256455
:1045D000212084F83D00636B1348D863636B134854
:1045E0001864636B1248D864606B134605652668CF
:1045F000606B321DFEF7C2F921686FF04000086061
:1046000084F83C502068143050E8001F41F08001CD
:1046100040E80012002AF5D1002070BDFFE701201C
:10462000FBE70220F9E70000498700088B870008B4
:104630004D86000890F83D30202B18D1A9B1A2B1C9
:1046400090F83C30012B12D001628284C284002198
:104650000164212280F83D2080F83C100068C16888
:1046600041F08001C16000207047012070470220A6
:10467000704700001CB5144B00210191114A1B78B2
:1046800012E000BF52F82140646884420BD101A8B7
:10469000009052F8210000231A46D0F8AC001946C9
:1046A0000DF026FF02E0491C9942EBDB019800283F
:1046B00007D006494FF080500860BFF34F8FBFF31B
:1046C0006F8F1CBDD8010020D401002004ED00E054
:1046D0007047FEE741F60103C81A994270D034DCF6
:1046E00041F21803A1EB030099426BD015DC41F2B3
:1046F0000603A1EB030099425CD009DCB1F5805FB1
:1047000052D06FF48050081850D0042848D14FE0A0
:10471000012851D00E2843D150E0B0F5BD6F59D0DB
:104720000ADCB0F51A7F4FD0B0F57A7F4ED0A0F5F5
:104730004070E93834D14BE0A0F5A060E9384BD0A7
:10474000A0F58070FF382BD148E044F64003C11A31
:10475000984253D016DCB0F5006F49D009DCA0F5C3
:104760008070FF383ED001283ED0B0F5C06F17D121
:104770003CE0A0F5006001383CD03E38B0F5804FF9
:104780000ED139E0392941D006DC232938D02B2934
:1047900038D0372904D137E0402939D0BE2939D063
:1047A0002048106000207047002034E0012032E0F3
:1047B000022030E003202EE004202CE005202AE037
:1047C0000EE0FFE7062026E0072024E0082022E094
:1047D000092020E00A201EE00B201CE00C201AE03B
:1047E0000D2018E00E2016E00F2014E0102012E03B
:1047F000112010E012200EE013200CE014200AE03B
:10480000152008E0162006E0172004E0182002E03A
:10481000192000E01A2000211160034901EBC000BB
:104820007047000000000206882D01089F2803D170
:10483000087808B101487047002070473000090629
:104840002DE9FF472B4DA87800284FF0020027D113
:10485000294F03900620388000240DF10C08CDE983
:1048600000844FF400593B462246494623480294AF
:1048700006F02AFB21480BF065FD0026322008F0E7
:104880002EFC0020FDF700F8287803280BD0761CBA
:104890000A2EF3DB1AA005F093FCAC706FF0020057
:1048A00004B0BDE8F087052008F019FC3C80CDE994
:1048B0000084114B002249461048029406F004FB84
:1048C0000E480BF03FFD00260020FCF7DDFF2878A6
:1048D000022809D0761C0A2EF6DB15A005F070FC24
:1048E000AC706FF00100DBE71E4805F069FC0020AA
:1048F000D6E7000014000020E80100200007002097
:104900004B696E636F20656E61626C6520666169DC
:104910006C65642C2052454144595F5357495443B8
:10492000485F4F4E5F4641494C45442E0D0A0000FA
:104930004B696E636F20656E61626C6520666169AC
:104940006C65642C205357495443485F4F4E5F4475
:10495000495341424C45445F4641494C45442E0D24
:104960000A000000CC2F01082DE9FF5F504CA07811
:1049700000284FF001003DD10026A07035460020F0
:10498000FCF782FF2078002837D04A4F06200DF12F
:104990000C0A38804FF00209CDE900A5CDE9025993
:1049A0004FF4005B56463B4600225946424806F00B
:1049B0008BFA4248414B002205600420CDE90250A9
:1049C000CDE9006542F201013B4806F07DFA3A4824
:1049D0000BF0B8FC00260020FCF756FF20780328D7
:1049E00015D0761C0A2EF6DB35A005F0E9FBA57084
:1049F0006FF0020004B0BDE8F09F761C0A2EBEDB0B
:104A00003BA005F0DDFBA5704FF0FF30F2E705207D
:104A100008F065FB07213980CDE900A5CDE90259F1
:104A2000B8465746234B00225946234806F04CFA15
:104A300021480BF087FC00260020FCF725FF20789A
:104A4000042809D0761C0A2EF6DB34A005F0B8FB4A
:104A5000A5706FF00300CDE7052008F040FB0F21A3
:104A6000A8F80010CDE90075124B002259461248F3
:104A7000029506F029FA10480BF064FC002632205B
:104A800008F02DFB0020FCF7FFFE2078052809D058
:104A9000761C0A2EF3DB2CA005F092FBA5706FF0BC
:104AA0000400A7E735A005F08BFBA5700020A1E767
:104AB00014000020E801002000070020EC01002085
:104AC0004B696E636F20656E61626C65206661691B
:104AD0006C65642C2052454144595F5357495443F7
:104AE000485F4F4E5F4641494C45442E0D0A000039
:104AF0004B696E636F20656E61626C6520666169EB
:104B00006C65642C204745545F5354415455535FA2
:104B10004641494C45442E0D0A0000004B696E6326
:104B20006F20656E61626C65206661696C65642CDE
:104B30002053574954434845445F4F4E5F464149CF
:104B40004C45442E0D0A00004B696E636F20656E64
:104B500061626C65206661696C65642C204F50450C
:104B6000524154494F4E5F454E41424C45445F4689
:104B700041494C45442E0D0A000000004B696E630C
:104B80006F2063757272656E7420737461747573CF
:104B9000206973204F5045524154494F4E5F454E56
:104BA00041424C45442C20656E61626C6520636F08
:104BB0006D706C657465642E0D0A000010B50221DD
:104BC00014480BF0CBFC1349012081F8E1010021CE
:104BD00010480BF077FD7F210E480BF073FD052187
:104BE0000C480BF06FFD022201210A4808F073F80F
:104BF00082220121074808F06EF8C82008F06FFAF9
:104C000080220121034808F066F8BDE810403220F8
:104C100008F065BA000700202DE9FF411C4E8046D0
:104C20002F2030800024022003ADCDE90240CDE9E1
:104C300000540703334622463946164806F044F925
:104C4000154904200B46C1F80080CDE90240CDE9AA
:104C500000540022791C0F4806F036F90D480BF07D
:104C600071FB3F203080CDE90054334600223946A5
:104C70000848029406F028F906480BF063FB054843
:104C80000BF0F9FB052008F02AFABDE8FF810000CF
:104C9000E801002000070020EC0100203EB5054699
:104CA0000020ADF80800062102A8CDE9000100238C
:104CB00046F23F020121074802F03EFA040004D008
:104CC00005A005F07DFA20463EBDBDF8080028800D
:104CD000F9E70000000700204B696E636F20534422
:104CE0004F2072656164204552524F525F434F44DA
:104CF000455F494E444558204661696C65640D0A1C
:104D0000000000001FB504210391FBF7D2FE9FEDC8
:104D10000E1B53EC112BFBF75AFEFBF7F6FE0C496A
:104D20000B4B0860002003A9CDE900100246029059
:104D300042F20201074806F0C7F806480BF002FBF2
:104D400004480BF098FB1FBD2D7AA702EE79D140E5
:104D500008020020000700202DE9F04F87B04FF037
:104D600001088DF81480052705ACCDE9004746F20F
:104D7000600500232A464146B84802F030FA10B1D7
:104D8000B7A005F01DFA00268DF81460CDE90047A4
:104D900033462A460121B14802F0CEF910B1BCA039
:104DA00005F00EFA9DF81400012802D0C4A005F009
:104DB00007FACC48072403ADCDE90054029046F22F
:104DC0008109039000234A460121A44802F007FA12
:104DD00010B1C5A005F0F4F9CDE9005400234A460E
:104DE00001219E48039602F0A7F910B1CBA005F06F
:104DF000E7F9DDE90201814204D04FF4FA71D3A052
:104E000005F0DEF94DF2B710CDE90054029046F2FC
:104E10008309039000234A460121904802F0DFF9FC
:104E200010B1D6A005F0CCF9CDE9005400234A46D4
:104E300001218A48039602F07FF910B1DAA005F04B
:104E4000BFF9DDE90201814203D03221E1A005F082
:104E5000B7F9ED48CDE90054029046F28409039079
:104E600000234A4601217D4802F0B9F910B1E7A0BC
:104E700005F0A6F9CDE9005400234A460121774800
:104E8000039602F059F910B1EBA005F099F9DDE9AC
:104E90000201814203D0C821F2A005F091F90DF181
:104EA0000809FD48CDE90094012302904FF4A05277
:104EB00019466A4802F093F910B1F8A005F080F99C
:104EC00045468DF810800DF11008CDE900870223CA
:104ED0004FF4A0520121614802F081F910B1EFA016
:104EE00005F06EF9CDE900874FF4B05B8DF81060E6
:104EF00000235A460121594802F071F910B1F2A07D
:104F000005F05EF9FC48CDF80090CDE901400123A1
:104F10005A461946514802F062F910B1EAA005F06C
:104F20004FF9F648A246CDF80090CDE901A04C46D5
:104F300002234FF4B0520121484802F050F910B159
:104F4000E1A005F03DF90220CDE900878DF81000C1
:104F5000B946C34600234FF4B05201213F4802F046
:104F60003EF910B1D8A005F02BF940F201200094D1
:104F7000CDE901A0012357464FF4A0521946374806
:104F800002F02DF910B1C5A005F01AF9C24802A926
:104F9000CDE90017401C01230290BA4641F20142BC
:104FA00019462E4802F01BF910B1D5A005F008F9FA
:104FB000CDE900B9A8468DF810504C465D46022355
:104FC00041F201420121254802F009F910B1CCA0BB
:104FD00005F0F6F8CDE9005441F2016BB1468DF8C9
:104FE000106000235A4601211C4802F0F8F810B165
:104FF000CEA005F0E5F8D94802AF0097CDE901A0B1
:10500000012356465A461946144802F0E8F810B1F2
:10501000C6A005F0D5F8CDE900548DF81080002326
:105020005A4601210D4802F0DAF810B1BFA005F090
:10503000C7F840F202200097CDE90160012341F258
:1050400001421946054802F0CAF810B1ACA005F0BB
:10505000B7F8C34801234FF4C05A83E1000700208A
:105060004B696E636F2053444F20577269746520FB
:10507000534552564F5F574F524B5F4D4F44455F1C
:10508000494E444558204661696C65640D0A00002C
:105090004B696E636F2053444F20726561642053E7
:1050A0004552564F5F574F524B5F4D4F44455F49F6
:1050B0004E444558204661696C65640D0A00000045
:1050C0004B696E636F2073657420706F73697469C8
:1050D0006F6E206D6F6465204661696C65640D0AB2
:1050E00000000000938888004B696E636F20534472
:1050F0004F2057726974652050524F46494C4544C1
:105100005F56454C4F434954595F494E44455820DA
:105110004661696C65640D0A000000004B696E63AE
:105120006F2053444F20726561642050524F4649AE
:105130004C45445F56454C4F434954595F494E4492
:105140004558204661696C65640D0A004B696E63C1
:105150006F207365742070726F66696C6564207669
:10516000656C6F6369747920746F20256420727098
:105170006D204661696C65640D0A00004B696E63C1
:105180006F2053444F2057726974652050524F4628
:10519000494C45445F4143435F494E44455820468E
:1051A00061696C65640D0A004B696E636F2053443E
:1051B0004F20726561642050524F46494C45445F10
:1051C0004143435F494E444558204661696C6564DC
:1051D0000D0A00004B696E636F2073657420707256
:1051E0006F66696C656420616363656C6572617488
:1051F000696F6E20746F2025642072706D20466187
:10520000696C65640D0A0000DC4603004B696E633F
:105210006F2053444F2057726974652050524F4697
:10522000494C45445F4445435F494E4445582046F8
:1052300061696C65640D0A004B696E636F205344AD
:105240004F20726561642050524F46494C45445F7F
:105250004445435F494E444558204661696C656446
:105260000D0A00004B696E636F20736574207072C5
:105270006F66696C656420646563656C65726174F2
:10528000696F6E20746F2025642072706D204661F6
:10529000696C65640D0A0000210000084B696E63AB
:1052A0006F2053444F205772697465205250444F09
:1052B000315F504152414D5F494E4445582046614F
:1052C000696C65640D0A00004B696E636F2053447E
:1052D0004F205772697465205250444F315F4D41E1
:1052E0005050494E475F494E444558204661696CCD
:1052F00065640D0A000000001000406020007A6024
:105300004B696E636F2053444F2057726974652058
:105310005250444F325F504152414D5F494E4445D7
:1053200058204661696C65640D0A00004B696E6324
:105330006F2053444F205772697465205250444F78
:10534000325F4D415050494E475F494E44455820C9
:105350004661696C65640D0A0000000020008160F0
:10536000810100800097CDE90160524619466148ED
:1053700001F035FF10B160A004F022FFCDE9005428
:105380008DF810800223D34652460121594801F07E
:1053900026FF10B158A004F013FFCA468DF81090F4
:1053A000CDE900544FF4D05900234A460121514819
:1053B00001F015FF10B15BA004F002FF65480097F3
:1053C000CDE9016001234A4619464A4801F007FF2A
:1053D00010B154A004F0F4FE5F480097CDE90160DD
:1053E00002234A460121434801F0F9FE10B14DA0C5
:1053F00004F0E6FE0220CDE900548DF810000023F1
:105400004A4601213B4801F0EAFE10B145A004F0F4
:10541000D7FE40F281100097CDE9016001235A4682
:105420001946344801F0DBFE10B133A004F0C8FE89
:105430004A480097CDE90160012341F6010BB946C6
:105440005A4619462B4801F0CAFE10B144A004F098
:10545000B7FECDE9005447468DF8108002235A4626
:105460000121244801F0BBFE10B13DA004F0A8FECC
:105470008DF810A0CDE9005441F6012A00235246D0
:1054800001211C4801F0ABFE10B135A004F098FEDC
:105490003E48B046CDF80090CDE9018001234E464C
:1054A00052461946134801F09AFE10B12CA004F0A0
:1054B00087FECDE900548DF810700023524601217B
:1054C0000C4801F08CFE10B125A004F079FE4FF4D9
:1054D000C1700096CDE9018001235A46194605485E
:1054E00001F07DFE002802D01DA004F069FE07B087
:1054F000BDE8F08F000700204B696E636F205344B6
:105500004F205772697465205450444F315F5041A9
:1055100052414D5F494E444558204661696C65646F
:105520000D0A00004B696E636F2053444F20577281
:10553000697465205450444F315F4D415050494E7D
:10554000475F494E444558204661696C65640D0AC1
:1055500000000000100041602000636082010080B4
:105560004B696E636F2053444F20577269746520F6
:105570005450444F325F504152414D5F494E444573
:1055800058204661696C65640D0A000020006C605B
:105590001C4D88B0287828B91BA004F011FE00200B
:1055A0000BF0DAFC00273E4607F0A6FD044600217A
:1055B000A86E07F069FE88B900231A4601A9286D74
:1055C00007F0D0FD50B9002000900DF1080C1848EC
:1055D0009CE80E0006F0AAFF04F1C806E01B642850
:1055E0000CD3B4420AD30021E86E07F04DFE28B96F
:1055F000002210490E4807F065F827460A2007F0F8
:105600006EFDD1E718000020416371756972652055
:105610006C6566745265637652617744617461505B
:105620007472206661696C6564210D0A00000000D7
:10563000CC1400204418002010B500224FF4006163
:105640000448FDF7E2FA0122BDE810405102024889
:10565000FDF7DBBA000002400008024010B500224E
:105660004FF400610548FDF7D0FABDE81040002274
:105670004FF400710248FDF7C8BA00000000024074
:105680000008024010B50122D1020548FDF7BDFA1D
:10569000BDE8104000224FF400710248FDF7B5BA92
:1056A000000002400008024000210A4600EBC1034E
:1056B000491C9A620529F9DB704700002DE9F04189
:1056C0000446DDE90765069F416500214FEA0100B8
:1056D00004EBC10C491CCCF828000529F8DB20623A
:1056E00066616062C4E90127C4E90353207720653D
:1056F0000120206004F1580002F071FF04F1600005
:10570000BDE8F04102F06BBF002101770162416A00
:10571000002901D0FFF7C8BF704708B56A4600F0FE
:1057200001F808BD2DE9F04198B016460F46044631
:105730004FF0FF384546582220496846FAF7D9FD10
:10574000206A80BB16A802F04AFF16A8616802F022
:105750003EFF07B96F46398BA161B87E606204F1E4
:10576000600002F029FF3A46A168206900F00AFAB9
:10577000011E1EDD16AA20460AF0E7FD050018D11D
:1057800016AA022120460BF04FFE02280AD100275C
:10579000377077703146701CE368626900F034F846
:1057A000012801D0454604E0357815B90120206272
:1057B000277718B02846BDE8F0810000742C010856
:1057C0002DE9FC41074615460E4600246846009325
:1057D0000AF0F2FA60F30704C4F3C0003070200945
:1057E000387001A9009800F0F9F80099019A014475
:1057F00000910A44511A022904DB68460AF0E2FAD1
:1058000028800120BDE8FC812DE9FC4107460024E9
:105810000E462546684600920AF0CEFA014620461A
:1058200061F307000009022819D101A9009800F0CE
:10583000D5F8009905460844019900900144081ADA
:1058400002280CDB68460AF0B7FA60F3070404F09C
:105850000100387068460AF0AFFA3070012528461A
:10586000BDE8FC812DE9FC5F8046DDE90EA0002447
:10587000CDE90004994617460E462546DDF834B0BA
:1058800068460AF099FA60F30704200903282CD12E
:10589000C4F3C00188F80010C4F34100306004F084
:1058A0000100387001A9009800F098F800990546A9
:1058B0000844019900904418224669460C980AF061
:1058C0008AFA90B10098201A0FD43068002804DDBD
:1058D00068460AF077FAA9F800000098211ACAF879
:1058E000001000990125CBF800102846BDE8FC9F68
:1058F0002DE9FC4781460A98002400909A461646F6
:105900008846254668460AF057FA0146204661F364
:1059100007000009092826D101A9009800F05EF8C7
:10592000009905460844019900904718381A022842
:1059300019DB68460AF046FAA9F8000034600EE068
:105940003168414502DD4FF0FF350CE068460AF052
:1059500033FA31688B00491C31604AF80300009823
:10596000B842EDD301252846BDE8FC877CB5044646
:105970004FF0FF35684602F032FE6846616802F07B
:1059800026FEA168206900F0C4F9011E04DD6A4604
:1059900020460AF0DAFC05462046FFF7B5FE284609
:1059A0007CBD006A7047F8B5012500240E46074605
:1059B0000C60641C042C0FDC01216846B8470128E8
:1059C0000AD19DF80000316800F07F0202FB05114A
:1059D000ED0131600006ECD42046F8BD024A1060AB
:1059E0000248FFF7E0BF0000D00100205DB10008D1
:1059F00010B503460020CA1701EB526424F07F0261
:105A0000891ACAB2E111002902DD00BF42F080020A
:105A10001A5400F10100EEDC10BD70B504680E46AA
:105A200024B12046FAF789FC054601E0D0E901548B
:105A30003046FAF782FC854205D12A463146204697
:105A4000FAF79DFC08B1002070BD012070BD000078
:105A5000401C802801DA401C7047B0F5804F01DA05
:105A6000801C70470349884201DAC01C7047001D42
:105A700070470000FFFF1F002DE9F04306464FF07E
:105A8000FF37006A89B015463C464FF0000988464A
:105A900078B307A802F0A3FD07A8716802F097FD8C
:105AA0002878012801D0022803D1304606F00AFAEE
:105AB000A880D5E90201CDE90501CDE90289CDF83B
:105AC0001090A9886878CDE900012B780022B16890
:105AD000306900F024F9011E29DD07AA30460AF0DA
:105AE00034FC040021D12878012803D0022813D0E7
:105AF0001BE01CE007AA042130460BF095FC0428AB
:105B000011D1F068009001AA02A903A87369FFF7F8
:105B100057FE012807D108E007AA072130460BF0FD
:105B200083FC0728EDD03C4601E0601C02D13046E2
:105B3000FFF7EAFD09B02046BDE8F083F8B5002480
:105B4000069E05460090042901DAA01EF8BD62F306
:105B5000071463F3C304062A24F0060000D1801C56
:105B6000C1B268460BF00CFF02210098FFF740FF1E
:105B7000009908440090314668460BF007FF0098F2
:105B8000401BF8BD2DE9F8430746009088461446AF
:105B90000025104600F082F88146FFF759FF404586
:105BA00002DDA81EBDE8F8832E46314666F30701E4
:105BB000684610310BF0E4FE49460098FFF718FFE5
:105BC000009908440090207A04281DD02FA168462F
:105BD0000BF0C2FE032168460BF0D2FEA07E66F3F6
:105BE000070560F34105E07E08B145F0040568074C
:105BF00007D594F83D0060F3C40594F83C0060F3C9
:105C00004515206C40B905E022A168460BF0A4FEC2
:105C10000421E0E7A06C08B145F08005E06C08B90C
:105C2000606D08B145F04005294668460BF0A8FEB6
:105C3000218B68460BF0AAFE04F10C0168460EC9E0
:105C40000BF0B3FEE07E68B12434684694E80E00A1
:105C5000243C0BF0AAFE3034684694E80E00303C39
:105C60000BF0A3FE280605D504F1400168460EC9D5
:105C70000BF09BFE680605D54C34684694E80E0090
:105C80000BF093FE0098C01B8CE700004D51497348
:105C9000647000004D5154540000000070B504467B
:105CA000007A0025032802D0042802D002E00C2547
:105CB00000E00A2504F10C0007C800F0ABF9054428
:105CC000E07EAD1C78B1243494E80700243C00F059
:105CD000A1F93034064694E80700303C00F09AF908
:105CE000304405442D1D206C08B9A16C29B1D4E9BC
:105CF000111200F08FF90544AD1CE06C08B9616D1C
:105D000029B1D4E9141200F085F90544AD1C2846E8
:105D100070BD0E2200F0B3B80C2200F0B0B82DE92F
:105D2000FC5F1C46129ECDE90060DDF838B090465D
:105D3000DDF830A0DDE90F238946074659462046A5
:105D400000F030F80546FFF783FE484503DD6FF0AD
:105D50000100BDE8FC9F302168F3C30164F34201F8
:105D60006AF3000101A80BF00BFE29460198FFF72A
:105D70003FFE019908440190DDE90F23594601A82F
:105D80000BF013FE002C03DD01A80D990BF0FEFDB6
:105D9000324611990198FAF7ACFA01983044019013
:105DA000C01BD6E770B50E46114604461A4630466B
:105DB000049D00F02FF92844801C002C00DD801C7D
:105DC00070BD00002DE9FF4F83B0064610A889463C
:105DD00090E88009002492462546414638460096C0
:105DE00000F036F80190FFF733FE484503DDA01EB2
:105DF00007B0BDE8F08F64F3070480346AF3C3048E
:105E000024F00600801CC1B268460BF0B9FDDDE944
:105E10000001FFF7EDFD00990844009068460699DF
:105E20000BF0B4FD0FE000BF05EB450108EB81006E
:105E300090E80E0068460BF0B8FD1BF82510684688
:105E40000BF09EFD6D1CBD42EEDB0098801BCFE782
:105E50002DE9F04102250F46064600240AE000BF66
:105E600004EB440007EB800007C800F0D3F80544BA
:105E7000641CED1CB442F3DB2846BDE8F08138B564
:105E8000002304460090022901DA981E38BD194605
:105E900063F3070162F3071168460BF071FD0021FF
:105EA0000098FFF7A5FD009908440090001B38BD3D
:105EB0002DE9F0471746894606464FF0FF35002486
:105EC00006EBC408D8F8280018B14946FAF73CFA9E
:105ED00030B1641C052CF3DB17B3681C0DD01FE038
:105EE000002F06D106EBC4014FF000008862C8F80D
:105EF0002C004FF000050DD112E04FF0000400BF60
:105F000006EBC400806A20B104F10104052CF7DB24
:105F100006E00025052C03DA06EBC400C0E90A9769
:105F20002846BDE8F0871CB501AC009400F001F8EC
:105F30001CBD2DE9FF478CB0002605460796089644
:105F400006914FF0FF38189F006A9A4689464446EA
:105F500020B309A802F043FB09A8696802F037FBE7
:105F6000284605F0AFFF83B20EAA06A901208DE8EE
:105F700007000022A9682869FFF724FF011E27DD1A
:105F800009AA28460AF0E1F904001FD109AA09214B
:105F900028460BF049FA092801D0444618E0029639
:105FA0003E70E9686869CDE900013B4602AA01211B
:105FB00003A8FFF79DFC012808D13878802805D078
:105FC000524649462846FFF773FF0446601C02D13B
:105FD0002846FFF799FB10B02046BDE8F0877CB556
:105FE00006460D460024684602F0F9FA294668463E
:105FF00002F0EDFA6946304605F06EFD002802DA3F
:106000004FF0FF3404E0684602F0F1FA0028F1D0C6
:1060100020467CBD10B510B1FAF78FF9014608464D
:1060200010BD00007FB5002121480091019102912F
:106030001E4A0391026001244FF480320461C0E9DA
:106040000121047680F820101A4AC0E90A210325AC
:10605000C561C16080F830104461FBF733FE08B1C0
:10606000FBF79AFB0820CDE900040720029069465F
:106070000F48FBF781FD08B1FBF78EFB092000906C
:106080000220019069460A48FBF776FD08B1FBF74C
:1060900083FB0D20CDE9000569460548FBF76CFD43
:1060A000002801D0FBF778FB7FBD000000200140F5
:1060B0007C1A00200100000F10B516488AB0144960
:1060C000016006210024C0E901140904C0E903416C
:1060D0004FF4A0014161047644768476C476047757
:1060E0004477FCF7EAF808B1FBF756FB0E2009905D
:1060F000012001940294CDE9064003940094089095
:106100000594694604940348FBF7C6FE0AB010BD27
:1061100000640040E41A002010B517488AB0154901
:10612000016003210024C0E901144FF42021C0E9DB
:1061300003414FF480114161047644768476C4763D
:1061400004774477FCF7B9F808B1FBF725FB029414
:106150000E20012100940194039407910990CDE948
:1061600005040891049469460348FBF795FE0AB0BC
:1061700010BD0000006800400C1B0020214808B53D
:10618000016841F480010160016801F4800100911F
:10619000016841F4001101600068002200F4001061
:1061A000009005210C20FCF727FE0C20FCF716FEC2
:1061B000002205210D20FCF71FFE0D20FCF70EFE2E
:1061C000002205210E20FCF717FE0E20FCF706FE2C
:1061D000002205210F20FCF70FFE0F20FCF7FEFD2B
:1061E000002205213A20FCF707FE3A20FCF7F6FDD5
:1061F000002205214620FCF7FFFDBDE808404620AF
:10620000FCF7ECBD3038024070B505F0E3FA02F05F
:1062100071F800221146012007F064F84B4C00226F
:106220001146A066012007F05DF80022E0661146E5
:10623000012007F057F8002220671146012007F0DF
:1062400051F8002360671A460121414807F00AF916
:106250000023A0671A4601213E4807F003F90023F6
:10626000E0671A4601213C4807F0FCF804F180057C
:10627000002328601A460121384807F0F3F86860C7
:1062800000221C210A2006F09FFF206500221C210D
:106290000A2006F099FF606500220C210A2006F012
:1062A00093FFA06500221821142006F08DFF2066C0
:1062B00000221821142006F087FF606600220821C2
:1062C0000A2006F081FFE0650A21A06F07F006F9B9
:1062D000C821E06F07F002F90A21286807F0FEF8EC
:1062E000C821686807F0FAF81D4A00211D4807F028
:1062F00073F81B4A6063243200211B4807F06CF8D6
:10630000174AA06348320021184807F065F8144A7C
:10631000E0636C320021164807F05EF8104A6064B2
:1063200090320021134807F057F80D4AA064B432A8
:106330000021114807F050F8094AE064D8320021E2
:106340000E4807F049F8206470BD000018000020D6
:1063500071850008898500087D85000895850008FD
:10636000802A0108B175000875800008DD770008F3
:1063700091550008556F00088519000855770008E9
:106380002DE9F04F87B014216846F9F7CBFF70482C
:106390000024016841F010010160016801F0100162
:1063A0000591016841F080010160016801F0800100
:1063B0000591016841F004010160016801F00401E8
:1063C0000591016841F001010160016801F00101DE
:1063D0000591016841F002010160016801F00201CC
:1063E0000591016841F0080101600068594E00F014
:1063F0000800059000224BF684713046FCF705FC3E
:10640000DFF8549100224FF40E614846FCF7FDFB83
:10641000DFF848A100224FF42C715046FCF7F5FB41
:10642000DFF83C81002231154046FCF7EEFB0122EB
:10643000170339464046FCF7E8FBDFF828B1002295
:1064400008215846FCF7E1FB40F6847000900125D6
:10645000CDE90154694630460394FCF7D9FAE020AF
:106460000090CDE90154694648460394FCF7D0FA00
:1064700030200090CDE90154694650460394FCF762
:10648000C7FA4FF44050CDE9000569463046CDE9E2
:106490000245FCF7BDFAE803CDE900050320CDE98C
:1064A000024069463046FCF7B3FA4FF4A050009022
:1064B000CDE90154694640460394FCF7A9FA4FF42C
:1064C00020700226CDE90005CDE902466946504616
:1064D000FCF79EFA28028DE8310069464846FCF731
:1064E00097FA009769464846CDE90145FCF790FACE
:1064F00040208DE8310069465046FCF789FAEF02EA
:1065000000970396CDE9015469464846FCF780FAA6
:10651000012239464846FCF778FB6F020097039644
:10652000CDE9015469465046FCF772FA012239461A
:106530005046FCF76AFB08200090CDE901546946FB
:1065400058460394FCF764FA07B0BDE8F08F0000EA
:1065500030380240001002400000024000080240B3
:1065600000040240000C02402DE9F04120480424C0
:10657000204904700025416005724FF47A76A0F836
:10658000A26000F55277C0F898704FF00808C56017
:10659000A0F8A48080F8404100F02CF9144800F0E5
:1065A000B3F9A7F5E2701449047041600572A0F8D0
:1065B000A260C0F89870C560A0F8A48080F840413F
:1065C00000F018F9A7F5E27000F09EF9084805F010
:1065D00025FF0A4C0125206100B12570084805F00F
:1065E0001DFF6061002800D06570BDE8F0810000EB
:1065F000CC1400205C1C0020E41C002018000020AB
:10660000501600200F4810B50D4901604FF48271FB
:10661000416000218160C1604FF400720161C0E9F6
:106620000512C1610162416281620A21C162FCF707
:10663000CBFE002803D0BDE81040FBF7ADB810BD7D
:1066400000380040341B002010B586B000241B48E1
:1066500000940194029403940494174905940160F2
:1066600040F24731C0E901144FF6FF71C0E903144D
:106670008461FDF779F808B1FBF78EF84FF480508C
:10668000009069460D48FDF7FBF808B1FBF784F868
:1066900008210A48FDF717FA08B1FBF77DF80494C2
:1066A00004A906480594FDF717F8002801D0FBF768
:1066B00073F806B010BD0000000C00408C1B0020D9
:1066C0000C4810B50A4901604FF4E13141600021E6
:1066D00081600C22C160C0E904128161C161FDF7D3
:1066E000A9FC002803D0BDE81040FBF755B810BD49
:1066F000004C0040D41B00200E4810B50C4901602E
:106700004FF4E1314160002181600C22C160C0E999
:1067100004128161C161FDF78DFC08B1FBF73CF803
:10672000BDE81040012204490248FDF789BE00007F
:1067300000500040181C0020F00000200C4810B54C
:106740000A4901604FF4E1314160002181600C226F
:10675000C160C0E904128161C161FDF76BFC0028D2
:1067600003D0BDE81040FBF717B810BD0010014082
:106770005C1C00200E4810B50C4901604FF4E1315B
:106780004160002181600C22C160C0E90412816176
:10679000C161FDF74FFC08B1FAF7FEFFBDE81040FC
:1067A000012204490248FDF74BBE000000440040AE
:1067B000A01C0020F00000200C4810B50A49016020
:1067C0004FF4E1314160002181600C22C160C0E9D9
:1067D00004128161C161FDF72DFC002803D0BDE8E2
:1067E0001040FAF7D9BF10BD00480040E41C00205B
:1067F000FEE7000038B52D4D04462878022853D214
:1068000004F1BC0000F021FC2078032802D0042809
:1068100008D0FEE7264A2146264806F0DDFDC4F8EA
:10682000AC001EE0224A21462432234806F0D4FD63
:1068300044F8AC0F2148009034F80A1C002220A034
:10684000A3680CF073F8A060AC3C40B3184A102168
:10685000183A022006F0B8FCC4F8A80000B3D4F837
:10686000AC00F0B11A4800900022052119A0D4F81C
:10687000B0300CF05BF8C4F8B00098B10C4A0121BC
:106880004832084606F02EFDC4F8B80058B1074952
:106890002878091D41F82040401C287038BDFEE7CB
:1068A000FEE7FEE7FEE7FEE7FEE70000D40100207A
:1068B000EC2C0108DD7E0008797D00084D120108EE
:1068C0007854696D657254696D656F757400000068
:1068D000F911010854696D657254333500000000E8
:1068E0000FB410B504460078042800D0FEE706F087
:1068F00071FD069000231A4603A9D4F8A8000BF0F6
:10690000F1F910BC5DF814FB10B5044690F8400195
:10691000012806D0032839D0022837D0042800D017
:10692000FEE7E06818B1218A0022FCF76EF92078B2
:10693000032802D1D4F8980080B16068FDF740FACE
:106940002028FAD194F840010428606807D0012279
:1069500004F1A601FDF774FD78B1FEE7FEE78022A1
:1069600004F1BC01FDF7F9F800B1FEE76068806B47
:106970000068016821F008010160207A0028207871
:1069800002D0042802D1FEE7032808D0002084F8B2
:10699000930004F8940FA0816081208110BDFEE770
:1069A000FEE700002DE9F04F87B0044693468A4683
:1069B000084605A904AACDE9002102AD06AE2A4683
:1069C00045A12B1DF9F7EAFC042804D04FF0FF3055
:1069D00007B0BDE8F08F002015F820103154401C9E
:1069E0000428F9DB4FF0020901254FF442762946CD
:1069F0003CA003F0E5FB207B04F0FAFE0BF00EFE5A
:106A000007464FF4FA7812E00BF008FEC01B404531
:106A10000AD9E06806EB401002F0D0FA02463EA028
:106A2000E16803F0CDFB09E00A2006F058FBE068BE
:106A300006EB401002F0C2FA0028E5D1207B0023CB
:106A40005A46012109F0C0FEE168884203D03EA009
:106A500003F0B6FB2DE05A46514644A003F0B0FBCC
:106A6000207B5A4606A904F017FF0746E06806EBAC
:106A7000401002F0A3FA8046E0684FF4027101EB87
:106A8000401002F09BFA00F01F034246394642488C
:106A900003F096FB012F02D1B8F1170F14D03FA0DD
:106AA000E16803F08DFB207B04F0A2FEC82006F015
:106AB00016FB6D1C48464D4599DD014646A003F086
:106AC0007FFB6FF0010083E75B46524650A0E16810
:106AD00003F076FB00207BE725642E25642E2564D9
:106AE0002E2564005B4E6574776F726B436F6E6E1C
:106AF0006563745D20617474656D70742025643AFB
:106B0000206F70656E696E6720736F636B65742E9E
:106B10002E2E0D0A000000005761726E696E673AF2
:106B200020736F636B657420256420636C6F7365DD
:106B30002074696D656F75742C2053523D30782533
:106B40003032580D0A0000005B4E6574776F726B2F
:106B5000436F6E6E6563745D20736F636B6574283D
:106B600029206661696C65640D0A00005B4E6574DE
:106B7000776F726B436F6E6E6563745D20636F6ECB
:106B80006E656374696E6720746F2025733A25649F
:106B90002E2E2E0D0A000000F43101085B4E6574A4
:106BA000776F726B436F6E6E6563745D20536F63B6
:106BB0006B657420256420636F6E6E656374696F06
:106BC0006E206661696C65642C20636C6F73696EFE
:106BD000672E2E2E0D0A00005B4E6574776F726B68
:106BE000436F6E6E6563745D204661696C656420F9
:106BF000746F20636F6E6E65637420616674657276
:106C000020256420617474656D7074730D0A000032
:106C10005B4E6574776F726B436F6E6E6563745D08
:106C200020536F636B657420256420636F6E6E65FF
:106C30006374656420746F2025733A25640D0A001F
:106C4000007B05F039B800000021C16003490160F4
:106C50000349416003498160704700006B8F000861
:106C6000938F0008658F000810B509F03BFE0020E7
:106C700010BD000038B50446B0F9AC00A834FAF7EE
:106C800075FDA08054F8A809008850B164214843DC
:106C900000230090044A1946204600F041FCA4F865
:106CA000AC00002038BD0000FD6D000810B50446A2
:106CB00006F0ECF9204606F0ADF9002010BD00000A
:106CC000D0F80812097869B900210A4606E000BF29
:106CD000D0F80C3243F82120491CC9B290F8053293
:106CE0008B42F5D80020704730B401EBC1028468B4
:106CF00002254FF0FF3305EB420563530023846800
:106D0000062505EB4202A35230BCC9B209F08EBA87
:106D100030B401EBC102846804254FF0FF3305EB6A
:106D2000420563538368C9B213F8124024F001048A
:106D300003F8124030BC09F079BA00002DE9F8439D
:106D4000064640694FF4C0550489B0690789CCB143
:106D5000DFF83C80BC4215D8D6F8E4316A462946B3
:106D600030469847009941B90268C2F82C80026801
:106D7000C2F83C800068C0F85C806D1C641CADB239
:106D8000A4B2E7E73046BDE8F843002104F00EB8AE
:106D9000738400082DE9F047044640690026058900
:106DA000A069B0F8088035BBBDE8F087A16806EBA4
:106DB000C607022000EB470931F90900FAF7D6FCB3
:106DC000A26822F80900A168042000EB470931F904
:106DD0000900FAF7CBFCA268761CF6B222F809008B
:106DE000A1680020062201F81700A16802EB470203
:106DF0006D1C8852ADB24545D8D9D5E73EB504469D
:106E0000D0F8A8000088A8B120686946007800F58D
:106E1000E060ADF8000001208DF8030000208DF83F
:106E2000020094F87C008DF8040094F8E10104F06D
:106E3000DFFB3EBD34F9AC0FFAF798FC20803EBD75
:106E400000B587B014216846F9F76CFA0C480021A8
:106E5000026842F008020260006800F00800059035
:106E6000082000900120CDE901010220039069462D
:106E70000448FBF7CDFD022000F006F807B000BD86
:106E800030380240000C0240022804D100220821C0
:106E90000148FBF7BABE7047000C024038B51D46EA
:106EA0001446D0F8E4316A469847009939B9017917
:106EB000A14204D900680C2101EB0411455000984F
:106EC00038BD0000002280210148FBF79EBE000073
:106ED00000100240012280210148FBF796BE00000D
:106EE00000100240002220210148FBF78EBE000066
:106EF00000080240012220210148FBF786BE000065
:106F000000080240012210210148FBF77EBE00006C
:106F100000080240002280210148FBF776BE0000F5
:106F200000000240012280210148FBF76EBE0000F4
:106F300000000240002240210148FBF766BE00002D
:106F400000000240012240210148FBF75EBE000024
:106F500000000240204D88B0687828B91FA003F0D7
:106F60002FF9002009F0F8FF00273E4606F0C4F88C
:106F700004460021286F06F087F988B900231A46D5
:106F800001A9686D06F0EEF850B9012000900DF1EE
:106F9000140C1C489CE80E0005F0C8FA04F1C80661
:106FA000E01B642813D3B44211D30021686F06F0AC
:106FB0006BF918B10BE0052006F091F8A8780028CD
:106FC000F9D1012210490F4805F07CFB27460A2021
:106FD00006F085F8CAE700001800002041637175CB
:106FE0006972652072696768745265637652617769
:106FF00044617461507472206661696C6564210D2E
:107000000A000000501600205018002090F881203F
:10701000815490F88110491C01F07F0180F88110A3
:1070200090F88210802906D0002280F88320491C25
:1070300080F882107047012180F8831010F8801FBB
:10704000491C01F07F0101707047002100F8801F8A
:1070500041708170C170704790F88220AFF300805A
:1070600010B590F8823013B10AB1802A01D90020FE
:1070700010BD00230DE000BF90F88040045DCC54AB
:1070800090F88040641C04F07F045B1C80F8804012
:10709000DBB2934203D290F882409C42ECD890F845
:1070A0008210C91A80F88210002180F88310FFF73F
:1070B000CCFF184610BD00002DE9FC410546406993
:1070C0000F464088002833D0C7EBC70101EB4101D0
:1070D00005EB8104A96994F8282049881044884266
:1070E00026D86968134E51F83000806B90F8008004
:1070F0004FF0FF30A4F87400852084F82A0094F83B
:107100003200CDE90006238E94F82910284609F0B4
:1071100096F9E662A26F2AB1414628469047E06A96
:10712000B04205D1F9B22846BDE8FC4108F0C2BF23
:10713000BDE8FC81000004052DE9F04786B08946D2
:10714000DDE90E648246052C11D0062C11D0072CE7
:1071500011D00020029080B100255046CDE90045B5
:1071600008F053FE60B1A81E06B0BDE8F08701200C
:10717000F0E70220EEE70420ECE74FF0FF30F3E702
:107180000495039500254FF4FA7804AF0DE0012033
:1071900005F0A5FF6D1C454507D90222494650461A
:1071A00004F060FB6FF00300DEE702AB03AA494680
:1071B0005046009704F094FE0128E8D1052C04D035
:1071C000062C05D0072C08D105E00398307004E0A8
:1071D0000398308001E0039830600020C4E7F0B5E8
:1071E00085B00E46DDE90A140746052C07D0062CAB
:1071F00007D0072C07D04FF0FF3005B0F0BD0120BD
:1072000002E0022000E00420002500900395CDE973
:107210000141314638460AF0E3FB08B1A81EECE70D
:10722000049502E0012005F05AFF04AA31463846D1
:1072300004F08CFF0128F5D10020DEE71FB5C1EB7B
:10724000C10101EB410100EB81014A6B0AB98A6B74
:107250004A630392012203ABCDE90032029201F1AD
:107260003C0391F83220098E03F02EFE04B010BDCD
:1072700070B5C1EBC10101EB410100EB81018C6BE9
:10728000A018202801D9FF2070BD002006E0261894
:107290001D5C0E44401C86F83C50C0B29042F6D3B0
:1072A000886B10448863002070BD000038B5044628
:1072B0001248134B0068B0FBF3F04FF47A73584355
:1072C00000906068B0F5827F0DD10B4600920022DD
:1072D0008021204600F016F870B1606D40F020006B
:1072E0006065032038BD009830B1401E00902068D2
:1072F0008068C0430006F6D5002038BD000100209C
:1073000000366E012DE9F8431E4691468846044634
:10731000089DFBF77FFC401B351AFBF77BFC0746FB
:1073200025480068C0F3CB30684338E0701C37D084
:10733000FBF770FCC01BA84203D215B1009860B3E4
:107340002CE02068416821F0E00141606068B0F500
:10735000827F0BD1A068B0F5004F02D0B0F5806FEE
:1073600004D12068016821F040010160A06AB0F5F5
:10737000005F09D12068016821F400510160206894
:10738000016841F400510160012084F8510000209F
:1073900084F850000320BDE8F8830025401E0090CB
:1073A0002068816838EA010004D000214945BDD138
:1073B0000020F0E70121F9E7000100202DE9F0416C
:1073C0000F460446002690461D46D0F8B800711EB0
:1073D0000AF0D0FE207A00B1FF2694F8A70000B191
:1073E000FE2617F0FF0001D0F72801D9F72600E0AC
:1073F0005EB175B20023A5741A461946D4F8B800D8
:107400000AF070FC2846BDE8F081C4F89850E0749A
:10741000C7F30723380C2375010A61751FFA88F238
:10742000A075170A06210026D0B2052B16D008DC5D
:10743000012B11D0022B0FD0032B0DD0042B5FD1C9
:107440000AE0062B13D04FF0070C04F113010F2BA9
:1074500013D0102B54D133E0E7750CE0288800B12D
:10746000FF20E07584F8186084F8931048E02888BD
:10747000000AE07528782076F6E713095B061B0EF4
:10748000120701D05B1CDBB2E7752076637684F8C7
:1074900093C0002011E0C20720F0010201D0AA5CD5
:1074A00001E0AA5A120A94F893707A5494F893203F
:1074B000521C401C84F8932080B29842EBD31FE00A
:1074C000E77520765000607684F893C0002015E0C0
:1074D00035F8103094F893701B0A7B5494F893306D
:1074E0005B1CDBB284F8933015F810705F5494F88D
:1074F00093305B1C401C84F8933080B28242E7D802
:10750000204608F0D3FF00231A461946D4F8B800E5
:107510000AF0E8FB012084F8A700A674002072E7B7
:107520002DE9F05F8B46214982460026B1F9000023
:107530001C4691461C4D401C08E000BFB9F1000FED
:1075400001D02A7852B1761C36B21835864201DC59
:10755000082EF3DB4FF0FF30BDE8F09F88468642EF
:1075600001D1A8F8000004F09BFC07464FF6FF711C
:1075700020468C4200D30846D8F80420BA4207D9E6
:10758000D21B824204D93A18C8F8042009F0ECF85A
:10759000E019C5E903B0C5E901A90A9868610120AD
:1075A00028703046D8E70000D48D0020E00100208C
:1075B00088B04649464803F061FF28B945A002F06B
:1075C000FFFD002009F0C8FCFDF7F8FAFDF7C4FB49
:1075D0003F4809F0BBF9012211463D4805F07BFB0D
:1075E0000BF01CF8404D414C4FF6FF7606900023FF
:1075F0001A466946206E05F0B5FD002833D1009883
:1076000001281BD10020FAF737F905280ED00027F2
:10761000FDF7AAF938B10A2005F061FD7F1C0A2F99
:10762000F6DB33A000E038A002F0CAFD0098012884
:1076300004D10198B04201D0FDF7EEFA029840F66D
:10764000B731401E884202D20298FDF75BFB0098DA
:1076500048B90020FAF710F9052804D12FA002F04C
:10766000AFFDFDF7EDF8206A0A21B0FBF1F201FB56
:10767000120058B9164808F0FEFE2C4800882883EE
:107680002B480068E8612B4800682862206A4FF4A4
:10769000FA71B0FBF1F201FB120070B913480A3025
:1076A000FDF7FCFA08B1668101E0608918B16189D3
:1076B00021A002F085FD60896883206A0A21401CB0
:1076C000206206A809F002FC91E7000020A1070053
:1076D0000007002043414E3120696E6974206661C5
:1076E000696C65640D0A0000441800201800002031
:1076F0004B696E636F20454E41424C455F464149A0
:107700004C45440D0A0000004B696E636F20454EE6
:1077100041424C455F4F4B0D0A00000044697361C4
:10772000626C65206B696E636F0D0A00F6010020C4
:10773000F8010020FC0100204B696E636F20657228
:10774000726F725F636F64652069733A3078257871
:107750000D0A000008B5114C4FF47A751048FBF77C
:10776000BEFA0AF05BFF014620890090E388A288F8
:107770000CA002F025FDA0881E2805D2E088322842
:1077800002D22089322804D30CA002F019FD09F09E
:1077900069F9284605F0A3FCE0E700001800002086
:1077A00048100020743A256C75206D7320653A25C9
:1077B000642025642025640D0A0000005379737449
:1077C000656D2052657365742064756520746F2043
:1077D0006572726F7273210D0A0000009AB004F096
:1077E00021FE012802D080A002F0EAFC8848FFF7C1
:1077F0002BFA874D874C4FF47A774FF00008287B9F
:10780000F9F7CCFF4FF4FA7608E083A002F0D8FC39
:10781000E088401CE080304605F061FC01F054FA3D
:10782000C007F2D040F25B7282A17948FFF7BAF844
:10783000002812D083A002F0C3FCE0880A30E08068
:1078400001F05CFA010001D08AA02DE092A002F0C4
:10785000B7FC384605F043FCD1E796494FF4007079
:10786000CDE90001A1F50073694902904FF4FA6275
:1078700001F11000FDF722FF58228F4903A8F8F705
:1078800038FD04208DF814008CA006903C20ADF843
:10789000240001208DF826005D4803A91030FDF773
:1078A0003CFF010003D089A002F08AFCD1E791A03F
:1078B00002F086FC5648A4F80680934B002293A160
:1078C0001030FEF730FB010003D094A002F078FCEA
:1078D00002E09DA002F074FC4D488B4B0022A1A158
:1078E0001030FEF720FB010003D0A3A002F068FCDB
:1078F00002E0ACA002F064FC4548834B0022B1A139
:107900001030FEF710FB010003D0B2A002F058FCCB
:1079100002E0BBA002F054FC0AF080FEBDF8240097
:10792000BF495FF000064843B0FBF7F901F0CCF91E
:10793000C0070BD0E8684FF4427101EB401001F032
:107940003DFB014617280FD0B6A03FE0C1A002F0D2
:1079500037FC2F481030FEF709F82D48FFF770F973
:10796000C54981F800804AE7294864211030FEF7B4
:1079700036FB010006D5C1A002F022FCE088401CC5
:10798000E08025E00AF04AFE824621481030FEF7EA
:1079900008F850B10AF042FEA0EB0A01494506D9A9
:1079A000C3A000BF02F00CFC12E0CFA0FAE7DB4856
:1079B00005F0A8FA08B1002612E0761C3146D8A0DE
:1079C00002F0FEFB032E0BDB3146E0A002F0F8FBD9
:1079D0000F481030FDF7CAFF0D48FFF731F90EE7E9
:1079E0000A2005F07CFBA1E7573535303020696E61
:1079F0006974206661696C65642C204D5154542073
:107A00007461736B20696E76616C69642E0D0A0077
:107A1000541000201800002057616974696E6720B7
:107A2000666F7220504859204C696E6B2E2E2E0DB9
:107A30000A0000003139322E3136382E322E3130E4
:107A4000000000004D515454204E6574776F726BE6
:107A500020636F6E6E656374206661696C65642C6B
:107A600020726574727920573535303020696E691F
:107A7000740D0A00573535303020696E6974206600
:107A800061696C65642C726573756C742069733AF6
:107A900025640D0A00000000573535303020696E2E
:107AA0006974207375636365737366756C6C792E86
:107AB0000D0A0000CC120020D42B010853544D3382
:107AC000325F436C69656E74000000004D51545480
:107AD00020436F6E6E656374206661696C65642C0B
:107AE0002072633D25642C20726574727920317395
:107AF0000D0A00004D51545420436F6E6E6563743F
:107B00006564210D0A000000FDCC0008726F626FF1
:107B1000742F6770696F2F636D6400005375627313
:107B2000637269626520726F626F742F6770696F2C
:107B30002F636D64206661696C65642C2072633DFF
:107B400025640D0A00000000537562736372696258
:107B5000656420726F626F742F6770696F2F636D39
:107B6000640D0A00726F626F742F677269707065BE
:107B7000722F636D640000005375627363726962F3
:107B80006520726F626F742F677269707065722FF3
:107B9000636D64206661696C65642C2072633D25A9
:107BA000640D0A00537562736372696265642072C2
:107BB0006F626F742F677269707065722F636D6486
:107BC0000D0A0000726F626F742F736572766F2FEB
:107BD000636D640053756273637269626520726FCE
:107BE000626F742F736572766F2F636D64206661A8
:107BF000696C65642C2072633D25640D0A000000E9
:107C00005375627363726962656420726F626F7428
:107C10002F736572766F2F636D640D0A000000008C
:107C200080841E00536F636B6574206C6F737420C7
:107C3000287374617475733D307825303258292C5F
:107C4000207265636F6E6E656374696E672E2E2E8B
:107C50000D0A0000504859204C696E6B20446F7724
:107C60006E2C207265636F6E6E656374696E672E2D
:107C70002E2E0D0A00000000C80100204D51545462
:107C80005969656C642072657475726E65642065EF
:107C900072726F722072633D25642C207265636F6F
:107CA0006E6E656374696E672E2E2E0D0A000000DD
:107CB0004E6F207375636365737366756C204D51E9
:107CC00054545969656C6420666F7220746F6F201C
:107CD0006C6F6E672C207265636F6E6E656374697E
:107CE0006E672E2E2E0D0A004D5154544973436F6A
:107CF0006E6E65637465642072657475726E65641A
:107D00002066616C73652C207265636F6E6E6563AF
:107D100074696E672E2E2E0D0A0000004418002094
:107D20005075626C69736820726F626F742073792A
:107D30007320737461747573206661696C65642067
:107D400028636E743D2564290D0A00005075626C2D
:107D5000697368206661696C6564202564207469B4
:107D60006D65732C207265636F6E6E656374696EEA
:107D7000672E2E2E0D0A000086B004464FF0FF3904
:107D80004FF000084E464A4601A9D4F8A8000AF070
:107D900007F9049800900DF1040C20469CE80E00B1
:107DA000FFF70CFB3146012008F06EFE454684F8D3
:107DB000128020B184F8A7506FF007010AE0204636
:107DC00004F0E8F894F8930006280AD284F8A75043
:107DD0006FF00501A174B4F8A000401CA4F8A00045
:107DE00010E000950023A8461A460321D4F8B400F9
:107DF0000AF0FEFD204609F049FA41B231B184F89B
:107E0000A780A17400230322049864E0A174314682
:107E1000D4F8B8000AF0AEF9207D052849DA012827
:107E200006D0022804D0032820D0042841D11DE028
:107E30000326002516E0E807D4F8980025F001078E
:107E400004D0C15DAA191019C07C04E0AA19C05B56
:107E50001119000AC97C09F079FDD4F898106D1C3D
:107E6000EDB2C853607DA842E5D822E0607D0326CC
:107E7000400884F84201002514E0A719397DF87CF8
:107E800009F064FD0146D4F89800B61CF6B220F85B
:107E90001510B7F8130004EB450140BA6D1CA1F8AA
:107EA0004401EDB2607DB5EB500FE6D3012184F8BB
:107EB000411184F8A780A07C00287FF463AF0023E1
:107EC0001A461946D4F8B80009F00CFF0023032223
:107ED0006FF00A0104980AF09BFA53E704464FF04A
:107EE000010B4FF0080900274FF0060AA77494F819
:107EF0004001012801D0042809D14FF0FF310120B1
:107F000008F0C2FD204604F045F8C01C0BD094F8E0
:107F10009300072809D2FA20A074B4F8A000401CEE
:107F2000A4F8A000E2E7FD20F6E7E07C217A884291
:107F3000DCD1204609F0DEF905000DD0207D217A44
:107F4000E174803020756575032084F89300204625
:107F500008F0ACFAA574C9E7A7744FF0FF31D4F864
:107F6000B8000AF007F9207D05281AD008DC01289E
:107F70000DD002280BD003280DD004282ED10AE002
:107F800006283DD00F284DD0102827D14EE020469E
:107F900007F09AF902E0204607F032FA84F8A700C9
:107FA0001CE0A17D607D09F0D1FC0146E27D000965
:107FB00001F00F01FF2A19D0D4F898200BFA01F331
:107FC00032F810509D4322F8105000BF84F893A05F
:107FD0004D46204608F06AFA84F8A75000231A4656
:107FE0001946D4F8B80009F07DFE7FE7D4F8983040
:107FF0000BFA01F533F810202A4323F81020E5E7A7
:10800000A17D607D09F0A2FC0546217EE07D09F09E
:108010009DFCD4F8981021F8150084F893A04D46E3
:108020002046D7E7204607F0A8F9B7E7B4F81500CF
:10803000002590FA90F8B4F81700E77546BA26764E
:1080400084F893A00FE000BF04EB4500C17E807E62
:1080500009F07CFC014608EB0500D4F898206D1C63
:10806000ADB222F81010B542EED394F893502046EA
:10807000AD1CAFE788B04649464803F03DFA28B941
:1080800045A002F09DF8002008F066FF40F6B830E9
:1080900005F025F801F0C8FA01F002FC3D4808F0AF
:1080A00055FC012211463B4804F015FE0AF0B6FAD1
:1080B0003E4D3F4C4FF6FF76069000231A46694628
:1080C000606E05F04FF800282FD10398012810D1D9
:1080D000F9F7D2FB05280CD05FF0000701F074F926
:1080E00020B17F1C0A2FF9DB32A000E037A002F09C
:1080F00067F80598401E1D2802D8059801F0A6FBD8
:108100000398012808D10498B0420ED000EE100A5E
:10811000B8EEC00A01F0B6FA039830B930A002F008
:108120004FF801F003FB01F0B7F8606A0A21B0FBD9
:10813000F1F201FB120058B9164808F09CF92D48DD
:108140000088A8842C480068A8622C480068E8626F
:10815000616A4FF4FA70B1FBF0F200FB121070B9D3
:1081600013480C3001F03EFB08B1A68101E0A08964
:1081700018B1A18922A002F023F8A089E884606ADE
:108180000A21401C606206A808F0A0FE95E70000E6
:1081900040420F00F40D002043414E3220696E69C9
:1081A00074206661696C65640D0A00004418002043
:1081B000180000205A65726F45727220454E414288
:1081C0004C455F4641494C45440D0A005A65726F63
:1081D00045727220454E41424C455F4F4B0D0A009F
:1081E00044697361626C65207A65726F6572720DA5
:1081F0000A000000480900204C0900205009002016
:108200005A65726F657272206572726F725F636F0A
:1082100064652069733A307825780D0A0000000003
:1082200008F029B910B54FF0E02000690AF0E8F92C
:10823000012803D0BDE8104009F05EBC10BD00006D
:1082400030B593B030216846F8F76CF814210CA8CB
:10825000F8F768F81E480025016841F08051016078
:10826000006800F0805011901A48016841F4804184
:1082700001600068022400F4804011900120009009
:10828000000401908001CDE90640102008904FF4D1
:10829000A870CDE9090404200B906846FAF7DEFEC9
:1082A00008B172B6FEE70CA90F2081E831004FF447
:1082B000A0500F904FF48050109005210CA8FAF7B1
:1082C000CDFD002801D072B6FEE713B030BD00002E
:1082D00040380240007000400248016841F47001DB
:1082E0000160704788ED00E00148FBF738BB0000F3
:1082F0008C1B002010B5FEF7A7F90D4840F247315E
:108300000268916202684FF6FF71D162C160026833
:10831000012151620268C91E11610068C16841F003
:108320000101C160BDE810400148FBF769BA0000D7
:108330008C1B00200148FBF712BB0000681F0020C7
:10834000F0B50268254C264D264E274F274B4FF09F
:10835000804CA04209D0604507D0A84205D0B04269
:1083600003D0B84201D0984204D122F0700E4A687E
:1083700042EA0E02A0421BD0604519D0A84217D095
:10838000B04215D0B84213D0984211D0184DA8422F
:108390000ED0184DA8420BD0174DA84208D0174D4B
:1083A000A84205D0164DA84202D0164DA84203D1CE
:1083B00022F44075CA682A434D6922F080022A439C
:1083C00002608A68C2620A688262A04201D0984252
:1083D00001D10969016301214161F0BD0000014043
:1083E0000004004000080040000C00400004014070
:1083F0000040014000440140004801400018004096
:10840000001C00400020004010B5846842EA0322AE
:1084100024F47F440A432243826010BD826822F024
:1084200070020A4342F007018160704710B5036A89
:10843000046A24F001040462846924F0F00444EA2C
:10844000021423F00A020A438461026210BD10B5CF
:10845000036A23F0100303628369046A23F4704300
:1084600043EA023224F0A00343EA0111826101626F
:1084700010BD2DE9F041044690F8820048B3022A6D
:1084800003D0032A01D0052A23D16269A088127A79
:1084900000EBC200081AC0F3C705A16805EBC506CA
:1084A000022000EB4607C85FF9F760F9A168C853DE
:1084B000A168042000EB4607C85FF9F757F9A168E7
:1084C000C853A168002001F8160029462046FEF78F
:1084D0000BFC0020BDE8F0812DE9F0414FF6FF7460
:1084E00003F0DEFC204D02466868831800211F4817
:1084F00015E00678F6070FD006699E421DD846693A
:10850000C6B1B2FBF6F706FB1727F61B0327066179
:108510000770A64200D23446491C09B21830B5F99A
:108520000060B142E5DD20466C6008F01DF90026D0
:108530000E4C13E002260670EEE7F61A0661E8E735
:108540002078810707D520F002002070A26812B1C0
:10855000E16860689047761C36B21834B5F90000BF
:108560008642EDDDBDE8F081E0010020D48D0020E1
:108570000148806E04F002BF180000200148006F1F
:1085800004F0FCBE180000200148C06E04F0F6BEE6
:10859000180000200148406F04F0F0BE18000020D1
:1085A00010B507F0E1FB002805D0D0E90021BDE8B7
:1085B00010400846104710BD70B505464FF47A705C
:1085C00001FB00F40AF02AF8C5E9000470BD70B59B
:1085D0000D4604460AF022F8C4E9000570BD10B546
:1085E00004460AF01BF820600020606010BD10B542
:1085F00004460AF013F82168401A6168884201D3E2
:10860000012010BD002010BD10B504460AF006F888
:108610002168401A6168884201D3002010BD081A01
:1086200010BD00000148FBF7D1BB0000D41B0020A7
:108630000148FBF7CBBB0000181C002010B5806B75
:108640000021C185C184FBF78BFB10BD70B5846B25
:108650002068406994F83D10C0F3C010002521291E
:1086600004D118B1E584204600F0BBF820684069C9
:1086700094F83E10C0F38010222904D118B1E5858A
:10868000204600F087F8206C40F01000206420465F
:10869000FBF766FB70BD10B50146806B0968096881
:1086A000C9052FD40021C18501680C3151E8002F84
:1086B00022F4807241E80023002BF5D101681431C7
:1086C00051E8002F22F0010241E80023002BF5D1F0
:1086D0000168143151E8002F22F0400241E80023E4
:1086E000002BF5D1202180F83E10016B012909D122
:1086F00001680C3151E8002F22F0100241E80023FC
:10870000002BF5D1016B012902D0FBF7AFFE10BDA4
:10871000818DFBF74DFA10BD10B5806B016B0129FF
:1087200002D0FBF7E5FE10BD818D4908FBF740FA4A
:1087300010BD10B5806B0021C185202280F83E203D
:108740000163FBF787FA10BD10B50146806B09681D
:108750000968C90516D40021C1840168143151E8A3
:10876000002F22F0800241E80023002BF5D10168A0
:108770000C3151E8002F42F0400241E80023002B69
:10878000F5D110BDFBF776FF10BD10B5806BFBF780
:108790009FFF10BD01680C3151E8002F22F4907248
:1087A00041E80023002BF5D10168143151E8002F76
:1087B00022F0010241E80023002BF5D1016B0129D1
:1087C00009D101680C3151E8002F22F0100241E874
:1087D0000023002BF5D1202180F83E1000210163F9
:1087E000704701680C3151E8002F22F0C00241E8C7
:1087F0000023002BF5D1202180F83D10704708B5EB
:1088000090F83E10222901D0022008BD82684FF462
:1088100080539A4201D1016921B1816A9A421BD0E9
:108820004AB10AE00268816A5268C2F308020A800B
:10883000816A891C08E0026972B10268526802F01C
:108840007F020A70816A491C8162C18D491E090438
:10885000090CC18503D019E002685268F1E701688C
:10886000CA6822F02002CA600168CA6822F48072D5
:10887000CA6001684A6922F001024A61202180F839
:108880003E10016B012903D0FBF7F0FD002008BD6D
:108890000021016301680C3151E8002F22F0100221
:1088A00041E80023002BF5D101680A68D20602D501
:1088B0000A6849680091818DFBF77AF9E6E70000C4
:1088C00070B5044600680169E26821F44051114323
:1088D00001612169A068E2690843616911430843A5
:1088E0002168CA6849F20C639A430243CA6020684F
:1088F0004169A26921F44071114341613149206805
:10890000884202D03049884202D1FAF771FB01E077
:10891000FAF75EFBE2690023192164253226B2F5DD
:10892000004F626828D0A0FB0101930F9200F7F777
:10893000A9FC0146B0FBF5F06FF01802504301EBC3
:10894000800006EB0010B0FBF5F000F0F002B1FB88
:10895000F5F002EB0012B1FBF5F06FF0180358438D
:1089600001EB800006EB0010B0FBF5F000F00F000B
:1089700021681044886070BDA0FB010192185B4122
:10898000F7F780FC0146B0FBF5F00201B1FBF5F012
:108990006FF01803584301EB800006EBC000B0FBFA
:1089A000F5F000F0F80002EB4002B1FBF5F058439F
:1089B00001EB800006EBC000B0FBF5F000F0070013
:1089C000D6E70000001001400014014038B5816274
:1089D00082850025134604460564222084F83E0063
:1089E000A26B1B48D063A26B1A481064A26B1A4892
:1089F000D064A06B0A4605652168A06B091DF9F7D4
:108A0000BDFF206801684068009084F83C502068F1
:108A10000C3050E8001F41F4807140E80012002A39
:108A2000F5D12068143050E8001F41F0010140E802
:108A30000012002AF5D12068143050E8001F41F0E0
:108A4000400140E80012002AF5D1002038BD0000A6
:108A500097860008198700084D8600088162828584
:108A6000C28500210164222280F83E2080F83C105B
:108A70000168CA6842F48072CA6001684A6942F0BB
:108A800001024A610068C16841F02001C160002014
:108A900070472DE9F041984617460E460446069D5C
:108AA00027E0681C25D02DB1FAF7B4F8A0EB080038
:108AB000A8421ED920680C3050E8001F21F4D07164
:108AC00040E80012002AF5D12068143050E8001F59
:108AD00021F0010140E80012002AF5D1202084F89D
:108AE0003D0084F83E00002084F83C000320BDE8EF
:108AF000F0812068006836EA000004D00020B84207
:108B0000CFD00020F3E70120F9E700000148FBF790
:108B10005DB900005C1C00200148FBF757B900005C
:108B2000A01C00200148FBF751B90000E41C002004
:108B3000FEE7000030B587B0012009F030F8394970
:108B400048603949394807F081FA3949394807F00E
:108B50008FFA3949394807F067FA394D4FF4806484
:108B6000002221462846FAF750F80A20F9F73EFF7E
:108B7000012221462846FAF748F84FF49670F9F793
:108B800035FF304B01AC0FCB84E80F0001A9012069
:108B900002F02CFF401C1DD04FF4645000F00EFA80
:108BA000014629A001F00CFB01218DF814100020D2
:108BB0008DF815008DF816008DF8171005A90A20FC
:108BC00002F014FF60B126A001F0FAFA6FF0010084
:108BD00007B030BD29A001F0F3FA4FF0FF30F7E7FE
:108BE0000024C820F9F702FF69460F2002F0FEFEBC
:108BF00005460346641C22469DF8001025A001F09E
:108C0000DFFA9DF8000008B9322CEAD325B910F03C
:108C1000FF0F01D00020DBE726A001F0D1FA6FF0B2
:108C20000200D5E7C80100206D150108BD16010836
:108C300007180108B9160108631501085F15010836
:108C4000000402404C2C0108573535303020566561
:108C50007273696F6E3A203078253032580D0A00F1
:108C60005365742050485920636F6E6669672066AB
:108C700061696C6564210D0A0000000057495A4380
:108C800048495020496E6974206661696C65642E9C
:108C90000D0A00004C696E6B3A2025642C63686BEA
:108CA0005F636E743A25642C726573756C743A2533
:108CB000640D0A004C696E6B206F6E206661696CF2
:108CC0006564210D0A00000038B500208DF8000011
:108CD0002E218DF801108DF8020008F0EFFC002421
:108CE0006D46285D00F01EF9641C032CF9DB00F0D2
:108CF000F3F8044608F03AFC204638BD70B50F4D35
:108D000000200122287011030D48F9F77EFFFFF7BC
:108D100011FF040004D001460AA001F051FA0AE054
:108D200011A001F04DFA0120287000F02BF800F09E
:108D300039F800F0BDF8204670BD0000C8010020E1
:108D400000040240573535303020696E6974206662
:108D500061696C65642C726573756C742069733A13
:108D600025640D0A00000000573535303020696E4B
:108D70006974207375636365737366756C6C792EA3
:108D80000D0A000000B587B0182205496846F7F7BC
:108D9000B0FA6946002002F003FE07B000BD0000F3
:108DA0005C2C010800B589B003A9012002F0F8FD90
:108DB0009DF80F009DF811209DF810108DE8070018
:108DC0009DF80E309DF80D209DF80C101AA001F0B2
:108DD000F7F99DF8150000909DF814309DF81320C8
:108DE0009DF812101EA001F0EBF99DF819000090FB
:108DF0009DF818309DF817209DF816101DA001F061
:108E0000DFF99DF81D0000909DF81C309DF81B2097
:108E10009DF81A101CA001F0D3F99DF821000090D4
:108E20009DF820309DF81F209DF81E101BA001F01A
:108E3000C7F909B000BD00004D41433A202530324A
:108E4000583A253032583A253032583A253032587F
:108E50003A253032583A253032580D0A00000000C9
:108E60004950203A2025642E25642E25642E256441
:108E70000D0A0000534E203A2025642E25642E252D
:108E8000642E25640D0A00004757203A2025642EE1
:108E900025642E25642E25640D0A0000444E533AA5
:108EA0002025642E25642E25642E25640D0A0000DD
:108EB000084801680A6822F040020A6001680A68EE
:108EC00022F038020A600068016841F04001016048
:108ED00070470000341B00200EB5FF208DF80800FD
:108EE00000208DF8040014200090012301AA02A99B
:108EF0000448FAF7FDFA10B103A001F061F99DF8FA
:108F000004000EBD341B002057353530302053503F
:108F10004920726561642074696D656F75740D0A0E
:108F20000000000001B582B014200090012301AAC6
:108F300002A90448FAF7DCFA002802D002A001F0E6
:108F40003FF90EBD341B00205735353030205350CB
:108F5000492077726974652074696D656F75740D49
:108F60000A000000007B02F0A7BE70B5054614465B
:108F70000E46007B03F09EF8002809D0A04200DDD9
:108F8000204682B2287B3146BDE8704006F0DABF49
:108F900070BD2DE9F04115460E460746002408E055
:108FA000281B82B23119387B07F0A4F8002802DDB3
:108FB0000444AC42F4DB2046BDE8F081F8B5144C23
:108FC0000546E068804760698047616AC5F30740ED
:108FD000C5F3072699B1A26A8AB18DF800008DF811
:108FE00001608DF80250032168469047E069804790
:108FF0000546A0698047206980472846F8BD216A58
:109000008847216A30468847216AE8B28847EDE7F9
:109010009C0100202DE9F8431A4C05461746E068EC
:109020008846804760698047616AC5F30740C5F399
:109030000726A1B1A26A92B18DF800008DF80160F7
:109040008DF80250032168469047626A39464046CF
:109050009047A069804720698047BDE8F883216A6E
:109060008847216A30468847216AE8B28847002548
:1090700005E0E069804708F805006D1CADB2BD420F
:10908000F7D3E6E79C010020F8B5164C05460E46DE
:10909000E068804760698047A26A45F004058AB1AC
:1090A000280C8DF80000280A8DF801008DF8025078
:1090B0008DF80360042168469047A06980472069C5
:1090C0008047F8BD216AC5F307408847216AC5F388
:1090D00007208847216AE8B28847216A30468847D6
:1090E000EBE700009C010020F8B51A4C0546164637
:1090F000E0680F46804760698047A26A45F0040532
:109100009AB1280C8DF80000280A8DF801008DF81E
:109110000250032168469047A26A3146384690477C
:10912000A069804720698047F8BD216AC5F30740E0
:109130008847216AC5F307208847216AE8B2884733
:10914000002504E0216A785D88476D1CADB2B54208
:10915000F8D3E5E79C01002010B5FDF7EBFEBDE874
:109160001040FDF7DFBE10B5FDF7ECFEBDE8104086
:10917000FDF7D0BE41F20163C81A994262D023DCE8
:1091800041F21403A1EB030099424FD009DCA1F591
:10919000805108293CD2DFE801F03F413B3B3B4393
:1091A0004547B0F57B7F47D005DC042840D0B0F5BB
:1091B0001B7F2DD13EE0A0F54070ED383ED0A0F5EC
:1091C0008070FF3824D13BE0B0F5206F46D013DC2F
:1091D00040F2FF33A0F2FF31984239D006DCA0F50F
:1091E0008070FF3830D0012812D12FE0012931D012
:1091F000B1F5C06F0CD12FE0A0F5206001382FD061
:109200003F38B0F580402DD023282DD02B282DD0ED
:109210001A48106000207047002028E0012026E056
:10922000022024E0032022E0042020E005201EE0AC
:1092300006201CE007201AE0082018E0092016E0AC
:109240000A2014E00B2012E00C2010E00D200EE0AC
:109250000E200CE00F200AE0102008E0112006E0AC
:10926000122004E0132002E0142000E01520002169
:109270001160034901EBC0007047000000000206C6
:109280007C2E01089F2803D1087808B10148704757
:1092900000207047300009062DE9FF472C4DE87883
:1092A00000284FF0020027D12A4F03900620388073
:1092B00000240DF10C08CDE900844FF400593B4621
:1092C000224649462448029401F0FEFD224807F058
:1092D00039F80026322003F002FF0120F8F7D4FA13
:1092E000687803280BD0761C0A2EF3DB1BA000F055
:1092F00067FFEC706FF0020004B0BDE8F087052056
:1093000003F0EDFE3C80CDE90084124B002249467B
:109310001148029401F0D8FD0F4807F013F8002619
:10932000642003F0DCFE0120F8F7AEFA687802282A
:1093300009D0761C0A2EF3DB15A000F041FFEC707B
:109340006FF00100D8E71F4800F03AFF0020D3E794
:10935000140000203E090020F40D00205A65726FB1
:1093600045727220656E61626C65206661696C652C
:10937000642C2052454144595F5357495443485F38
:109380004F4E5F4641494C45442E0D0A00000000F7
:109390005A65726F45727220656E61626C652066F7
:1093A00061696C65642C205357495443485F4F4EA4
:1093B0005F44495341424C45445F4641494C454412
:1093C0002E0D0A00103001082DE9FF5F544CE078A3
:1093D00018B1012004B0BDE8F09F002635460120F9
:1093E000F8F752FA607800283AD0C0B2022801D0CB
:1093F00005283FD04B4F06200DF10C0A38804FF066
:109400000209CDE900A5CDE902594FF4005B5646AB
:109410003B4600225946444801F056FD4348434B21
:10942000002205600420CDE90250CDE9006542F23A
:1094300001013D4801F048FD3B4806F083FF00264E
:109440000120F8F721FA6078032817D0761C0A2E3D
:10945000F6DB37A000F0B4FEE5706FF00200B9E76C
:10946000761C0A2EBBDB3FA000F0AAFEE5704FF091
:10947000FF30AFE746A000F0A3FE4EE0052003F06A
:109480002EFE07213980CDE900A5CDE90259B84665
:109490005746244B00225946234801F015FD224827
:1094A00006F050FF00260120F8F7EEF96078042856
:1094B00009D0761C0A2EF6DB41A000F081FEE57093
:1094C0006FF0030086E7052003F009FE0F21A8F8DE
:1094D0000010CDE90075134B002259461248029541
:1094E00001F0F2FC104806F02DFF0026322003F0B8
:1094F000F6FD0120F8F7C8F96078052809D0761C38
:109500000A2EF3DB3AA000F05BFEE5706FF004007A
:1095100060E7444800F054FEE57000205AE7000080
:10952000140000203E090020F40D00204009002016
:109530005A65726F45727220656E61626C65206655
:1095400061696C65642C2052454144595F53574909
:109550005443485F4F4E5F4641494C45442E0D0AE7
:10956000000000005A65726F45727220656E61627C
:109570006C65206661696C65642C204745545F53B7
:1095800054415455535F4641494C45442E0D0A0001
:109590005A65726F4572722063757272656E7420BF
:1095A000737461747573206973204F504552415430
:1095B000494F4E5F454E41424C45440D0A00000064
:1095C0005A65726F45727220656E61626C652066C5
:1095D00061696C65642C2053574954434845445F86
:1095E0004F4E5F4641494C45442E0D0A0000000095
:1095F0005A65726F45727220656E61626C65206695
:1096000061696C65642C204F5045524154494F4E5E
:109610005F454E41424C45445F4641494C45442ECE
:109620000D0A0000882F010810B50321144806F028
:1096300095FF1349022081F8E1010021104807F04D
:1096400041F87F210E4807F03DF805210C4807F04E
:1096500039F8022201210A4803F03DFB8222012150
:10966000074803F038FBC82003F039FD80220121B0
:10967000034803F030FBBDE81040322003F02FBD5B
:10968000F40D0020F0B5244E2F202DED028B85B077
:1096900030800024022003ADCDE90240CDE9005422
:1096A0000703B0EE408A3346224639461B4801F094
:1096B0000BFC9FED1B0ADFED1B0A1B4828EE000A7E
:1096C000194B0022791C80EE201ABCEEC10A80EDF5
:1096D000000A0420CDE90240CDE900540F4801F012
:1096E000F3FB0E4806F02EFE3F203080CDE90054FB
:1096F0003346002239460948029401F0E5FB074849
:1097000006F020FE054806F0B6FE052003F0E7FC53
:1097100005B0BDEC028BF0BD3E090020F40D002029
:10972000000000490000B44340090020FEB50020BD
:10973000062402ADCDE90054ADF80800034646F218
:109740004006324601210D48FDF7F6FC10B10CA091
:1097500000F036FDBDF80800CDE9005420F004000B
:10976000ADF808000023324601210448FDF737FD1B
:10977000002802D00EA000F023FDFEBDF40D002055
:109780005A65726F6572722053444F20726561642E
:1097900020534552564F5F4354524C5F574F5244EB
:1097A0005F494E444558204661696C65640D0A0066
:1097B0005A65726F4572722053444F205772697414
:1097C0006520534552564F5F4354524C5F574F529A
:1097D000445F494E444558204661696C65640D0AF2
:1097E000000000003EB504460020ADF80800062148
:1097F00002A8CDE90001002346F23F0201210748FB
:10980000FDF79AFC28B106A000F0DAFC6FF0010029
:109810003EBDBDF80800208000203EBDF40D0020B4
:109820005A65726F6572722053444F20726561648D
:10983000204552524F525F434F44455F494E444585
:1098400058204661696C65640D0A00001FB504214B
:109850000391F7F72EF99FED0E1B53EC112BF7F741
:10986000B6F8F7F752F90C490B4B0860002003A932
:10987000CDE900100246029042F20201074801F0D1
:1098800023FB064806F05EFD044806F0F4FD1FBD0C
:109890003D0AD7A370C1964044090020F40D002072
:1098A0002DE9F04F87B04FF0010A8DF814A0052480
:1098B00005AECDE9006446F2600700233A46514602
:1098C000AC48FDF78CFC10B1ABA000F079FC002592
:1098D0008DF81450CDE90064A1462B463A4601218B
:1098E000A448FDF729FC10B1B0A000F069FC9DF878
:1098F0001400012802D0B9A000F062FC43F6E30096
:10990000072403AECDE90064029046F2810703907C
:1099100000233A4601219748FDF761FC10B1B8A039
:1099200000F04EFCCDE9006400233A460121914845
:109930000395FDF701FC10B1BEA000F041FCDDE98C
:109940000201814203D00A21C7A000F039FC47F28E
:10995000C717CDE9006446F2830802970023424608
:10996000012184480397FDF73AFC10B1CBA000F029
:1099700027FCCDE900640023424601217D48039580
:10998000FDF7DAFB10B1D1A000F01AFCDDE902010D
:10999000814203D01421D9A000F012FC0297039752
:1099A000CDE9006446F2840700233A46012171485C
:1099B000FDF715FC10B1DFA000F002FCCDE900645A
:1099C00000233A4601216B480395FDF7B5FB10B122
:1099D000E4A000F0F5FBDDE90201814203D014218F
:1099E000ECA000F0EDFB02AE80200096CDE9014036
:1099F000002341F2050201215E48FDF7F0FB10B1A2
:109A0000F2A000F0DDFB4FF47A700096CDE9014042
:109A1000002341F2060201215648FDF7E0FB10B198
:109A2000F3A000F0CDFBFE480096CDE901400123F4
:109A3000B0464FF4C05219464E48FDF7D0FB10B166
:109A4000F8A000F0BDFB0DF1100BCDE900B95746B1
:109A50008DF810A04E4602234FF4C0520121454814
:109A6000FDF7BDFB10B1EFA000F0AAFBAA468DF8F0
:109A700010505D46CDE900564FF4D05BB14600234F
:109A80005A4601213B48FDF7AAFB10B1F1A000F0B6
:109A900097FBFC48CDF80080CDE901400123464604
:109AA0005A4619463348FDF79AFB10B1E9A000F079
:109AB00087FBF5480096CDE90140B04602234FF4FC
:109AC000D05201212B48FDF78AFB10B1E1A000F034
:109AD00077FB4E46CDE900564FF0020B8DF810B0E3
:109AE000A94600234FF4D05201212248FDF777FB0D
:109AF00010B1D8A000F064FB40F28110CDF80080D6
:109B0000CDE90140012345464FF4C052194619489A
:109B1000FDF765FB10B1C3A000F052FBC0480095F3
:109B2000401CCDE90140012341F6010219461148CC
:109B3000FDF755FB10B1D5A000F042FBCDE9009632
:109B4000B8468DF810704F46022341F601020121FC
:109B50000848FDF744FB10B1CCA000F031FBD14622
:109B60008DF810A0002341F6012A52460121014838
:109B7000A4E10000F40D00205A65726F4572722056
:109B800053444F20577269746520534552564F5FB6
:109B9000574F524B5F4D4F44455F494E4445582007
:109BA0004661696C65640D0A000000005A65726FB9
:109BB0004572722053444F207265616420534552B0
:109BC000564F5F574F524B5F4D4F44455F494E4490
:109BD0004558204661696C65640D0A005A65726FCC
:109BE0004572722073657420706F736974696F6E4B
:109BF000206D6F6465204661696C65640D0A000024
:109C00005A65726F6572722053444F20577269749F
:109C1000652050524F46494C45445F56454C4F4392
:109C20004954595F494E444558204661696C656402
:109C30000D0A00005A65726F6572722053444F20FE
:109C4000726561642050524F46494C45445F564509
:109C50004C4F434954595F494E4445582046616929
:109C60006C65640D0A0000005A65726F657272209F
:109C70007365742070726F66696C65642076656CBC
:109C80006F6369747920746F202564206470732079
:109C90004661696C65640D0A000000005A65726FC8
:109CA0004572722053444F20577269746520505298
:109CB0004F46494C45445F4143435F494E444558F4
:109CC000204661696C65640D0A0000005A65726F78
:109CD0004572722053444F20726561642050524F88
:109CE00046494C45445F4143435F494E44455820F3
:109CF0004661696C65640D0A000000005A65726F68
:109D0000457272207365742070726F66696C656449
:109D100020616363656C65726174696F6E20746F36
:109D20002025642064707373204661696C65640D3E
:109D30000A0000005A65726F4572722053444F202A
:109D400057726974652050524F46494C45445F44F0
:109D500045435F494E444558204661696C65640D32
:109D60000A0000005A65726F4572722053444F20FA
:109D7000726561642050524F46494C45445F4445EA
:109D8000435F494E444558204661696C65640D0A3D
:109D9000000000005A65726F45727220736574206E
:109DA00070726F66696C656420646563656C65726A
:109DB0006174696F6E20746F202564206470737302
:109DC000204661696C65640D0A0000005A65726F77
:109DD0004572722053444F2064697361626C652040
:109DE00053594E43204661696C65640D0A000000BA
:109DF0005A65726F4572722053444F2064697361D3
:109E0000626C6520636F6D6D206379636C65207093
:109E10006572696F64204661696C65640D0A0000B3
:109E2000810100805A65726F4572722053444F2041
:109E30005772697465205450444F315F504152410C
:109E40004D5F494E444558204661696C65640D0A72
:109E5000000000005A65726F4572722053444F2013
:109E60005772697465205450444F315F4D415050D2
:109E7000494E475F494E444558204661696C6564C8
:109E80000D0A000010004160200064605A65726F86
:109E90004572722053444F205772697465205450A4
:109EA000444F325F504152414D5F494E4445582026
:109EB0004661696C65640D0A00000000CDE900761A
:109EC000FDF78DF910B17BA000F07AF98548009577
:109ED000CDE901400123524619468348FDF77FF939
:109EE00010B174A000F06CF9CDE900768DF8108007
:109EF0000023524601217C48FDF771F910B16DA095
:109F000000F05EF94FF4C1700095CDE901400123E6
:109F100041F6010219467448FDF761F918B1AFF234
:109F2000FC0000F04DF971480095CDE90140012396
:109F30004FF4A05219466C48FDF751F910B16CA0CE
:109F400000F03EF9CDE900768DF8108002234FF441
:109F5000A05201216448FDF742F910B164A000F05D
:109F60002FF9CDE900764FF4B05A8DF81090002308
:109F7000524601215C48FDF732F910B168A000F0AB
:109F80001FF973480095CDE9014001235246194657
:109F90005548FDF724F910B161A000F011F96D48A2
:109FA0000095CDE901400223524601214E48FDF7BC
:109FB00016F910B15AA000F003F9CDE900768DF83A
:109FC00010B00023524601214748FDF708F910B1AF
:109FD00053A000F0F5F840F201200095CDE90140D2
:109FE00001234FF4A05219463F48FDF7F8F810B18D
:109FF0003FA000F0E5F83D480095401CCDE9014048
:10A00000012341F2014A524619463748FDF7E7F865
:10A0100010B151A000F0D4F8CDE900768DF8108091
:10A020000223524601213048FDF7D9F810B14AA069
:10A0300000F0C6F88DF81090CDE9007641F2016984
:10A0400000234A4601212848FDF7C9F810B14EA067
:10A0500000F0B6F858480095CDE9014001234A4682
:10A0600019462148FDF7BBF810B147A000F0A8F849
:10A07000CDE900768DF8108000234A4601211A4868
:10A08000FDF7ADF810B140A000F09AF840F20220C0
:10A090000095CDE901400123524619461248FDF7CB
:10A0A0009EF8002802D02CA000F08AF807B0BDE886
:10A0B000F08F00005A65726F4572722053444F2032
:10A0C0005772697465205450444F325F4D4150506F
:10A0D000494E475F494E444558204661696C656466
:10A0E0000D0A000020006C60F40D002001020080C9
:10A0F0005A65726F4572722053444F2057726974CB
:10A1000065205250444F315F504152414D5F494E9E
:10A11000444558204661696C65640D0A00000000E2
:10A120005A65726F4572722053444F20577269749A
:10A1300065205250444F315F4D415050494E475F6A
:10A14000494E444558204661696C65640D0A00001B
:10A150001000406020007A605A65726F457272206C
:10A1600053444F205772697465205250444F325FF8
:10A17000504152414D5F494E444558204661696CFB
:10A1800065640D0A000000005A65726F4572722006
:10A1900053444F205772697465205250444F325FC8
:10A1A0004D415050494E475F494E44455820466105
:10A1B000696C65640D0A0000200081607047000032
:10A1C0000FB4054B10B503A9044A029800F0DEF95C
:10A1D00010BC5DF814FB000089BE00083C10002094
:10A1E0000FB47CB50C0009AD01D0611E00E0002168
:10A1F000CDE90001064B6A462946089800F0C6F9E9
:10A20000002C02D0009A002111707CBC5DF814FB78
:10A21000B5AF00080907090E002804DB00F1E020B3
:10A2200080F80014704700F00F0000F1E02080F883
:10A23000141D704730B528B1144C031F002021684D
:10A240000A4605E0084630BD9A4203D810465268D7
:10A25000002AF9D1002800D041680BD00468A3EB94
:10A260000005A54204D11B681C440346046002E0BB
:10A27000436000E023603AB11C68D51AA54203D1BF
:10A2800015682C441C6052685A6030BD4010002094
:10A2900000B583B09FED060B0A4601468DED000B1D
:10A2A0006846F6F720FD9DED000B03B000BD0000F1
:10A2B00000000000000000002DE9F04782460F4C2E
:10A2C00010480D4E0E4F001B4FF0000820F0070500
:10A2D0004FF0010900221146504602F07FFB002892
:10A2E00002D1306810B10020BDE8F0873C60C4E9BD
:10A2F0000058C6F80090EDE7441000209C8E002026
:10A30000401000209890002002E008C8121F08C1E9
:10A31000002AFAD170477047002001E001C1121FE6
:10A32000002AFBD1704700002DE9FF5F82B00021B9
:10A33000DDE90430020DDDF840B0034318D044F6E7
:10A340001050A2F2FF3242431514119801281FD079
:10A35000A5EB0B00401C5FEA000A4FF000064E4FD1
:10A36000DFF83891B046504615D5CAF1000413E025
:10A37000119801244AA3012801D16FEA0B01029828
:10A38000119AC0E90031C0E9024206B0BDE8F09F71
:10A39000CBF10000DFE704460021404A491842EBB8
:10A3A0000450CDE9001012E0E00707D032463B46EA
:10A3B00040464946F6F70BFB8046894632463B4607
:10A3C00010461946F6F703FB06460F466410002CAC
:10A3D000EAD1DDE90401DDE90023BAF1000F06DA74
:10A3E000F6F7F5FA42464B46F6F7F1FA05E0F6F7CE
:10A3F0000AFD42464B46F6F706FD04460E4600228D
:10A40000284BF6F7B3FB03D84FF0FF30014607E0C7
:10A410000022254B20463146F6F732FAF6F76EFD5C
:10A42000102409E0002C0ADB0A220023F5F72AFF9A
:10A43000039B30321A55641E50EA0102F2D1641CAB
:10A44000039AC4F111031444119A012A03D0012282
:10A4500008430DD10AE0084304D000204FF0110B4F
:10A46000119072E7A3EB0B056D1E0DE05B4504DD5B
:10A470004FF0000205F1010504E003DA4FF000029D
:10A48000A5F10105002AECD002981199C0E902312A
:10A49000C0E9004579E70000000014400000F03FEB
:10A4A000300000000000F0430000E03F2DE9F84FCD
:10A4B0009946DDE90BA51746D0F8E4310A9E6A46B5
:10A4C000984704460098002803D12079B84202D862
:10A4D0001F48BDE8F88F3DB1206800EB07100078F9
:10A4E000C00701D01B48F4E7B9F1000F0BD00420DE
:10A4F000216800EB0718326851F80800904205D92E
:10A5000030601548E5E74FF00060E2E7012000EB1E
:10A510000710095C8AF800102068082101EB071178
:10A5200050F8085041582A464846F5F7E2FE9AF896
:10A530000000092809D1216851F8080031688842D3
:10A5400003D2002109F805106D1C00203560C0E71A
:10A550001100090601000106050004057047704757
:10A5600030380A2801D20120704700207047704718
:10A57000704770477047704770477047016A0978A5
:10A58000002902D1812202F0A6BB70472DE9FF4FBE
:10A5900095B09A46884606460025EEE1252877D1F3
:10A5A00000242746F94A0121039400E0044316F8E9
:10A5B000013F203B01FA03F01042F7D130782A28FE
:10A5C00011D06FF02F033078A0F13002092A16D88D
:10A5D000039A44F0020402EB820203EB42021044AD
:10A5E000761C0390EFE758F8042B0392002A03DA55
:10A5F000504244F40054039044F00204761C307836
:10A600002E2816D116F8010F44F004042A280DD084
:10A610006FF02F023078A0F13003092B09D807EB37
:10A62000870302EB4303C718761CF3E758F8047B53
:10A63000761C30786C280FD006DC4C2817D06828A0
:10A640000DD06A2814D104E0742810D07A280FD1D4
:10A650000DE044F400140AE044F4801401E044F4F2
:10A6600040147278824202D104F58014761C761C64
:10A67000307866280BD013DC582877D009DC002806
:10A6800075D04528F6D04628F4D047281AD193E152
:10A6900018E0632835D0642879D0652812D18BE181
:10A6A000702873D008DC6728F1D069286FD06E2835
:10A6B0000DD06F2806D1ACE073282CD0752874D04B
:10A6C000782853D05246179990476D1C54E1C4F333
:10A6D0000250022809D003280DD0D8F80010042811
:10A6E0000DD00D6008F1040846E1D8F80010EA1713
:10A6F000C1E90052F6E7D8F800100D80F2E70D70BE
:10A70000F0E718F8041B8DF8001000208DF8010008
:10A71000EB46012003E058F804BB4FF0FF3061071F
:10A720004FF0000102D40DE009F101018946B94260
:10A730000FDA8145F8DB1BF809100029F4D108E095
:10A7400009F1010189468142FADB1BF80910002951
:10A75000F6D103985346A0EB090721463846179ACD
:10A7600000F080FA284400EB090507E044E008E126
:10A770000DE01BF8010B524617999047B9F10109FA
:10A78000F7D2534621463846179AF2E039E00A21BB
:10A79000C4F302524FF0000B0091022A06D058F881
:10A7A000040BC117032A09D00AE023E008F10700CF
:10A7B00020F00702F2E80201904605E000B2C1175E
:10A7C000042A01D140B2C117002906DA0A46002145
:10A7D000404261EB02012D2202E0220504D52B222A
:10A7E0008DF80420012203E0E20701D02022F7E7E0
:10A7F000914657E00A2100E010214FF0000B009134
:10A800000BE010214FF0000B44F0040408270091E6
:10A8100003E008204FF0000B0090C4F30252022A1C
:10A8200005D058F8040B0021032A08D008E008F1ED
:10A83000070020F00702F2E80201904603E080B230
:10A84000042A00D1C0B24FF0000922072AD532787D
:10A85000702A07D0DDF800C08CF0100C5CEA0B0CFD
:10A8600005D00EE040228DF80420012208E050EAD5
:10A87000010306D030238DF804308DF80520022224
:10A880009146009B83F0080353EA0B030AD150EA78
:10A89000010201D1620705D530228DF804204FF066
:10A8A00001097F1E3278582A04D039A20C920CAAD2
:10A8B00002920BE03BA2F9E75B46009AF5F7E2FC57
:10A8C0000C9B9B5C029A521E0292137050EA01028A
:10A8D000F2D1029804A9081A00F1200B600702D5F2
:10A8E00024F4803400E001275F4502DDA7EB0B0074
:10A8F00000E0002000EB0B01009003984944401A4F
:10A900000390E00306D453462146179A039800F0BB
:10A91000A9F90544002706E001A85246C05D179931
:10A9200090476D1C7F1C4F45F6DBE0030CD553466A
:10A930002146179A039800F095F9054404E0302069
:10A940005246179990476D1C0099481E00900029A7
:10A95000F5DC08E00298029952460078491C029101
:10A96000179990476D1CBBF10001ABF1010BF1DCB5
:10A970005BE100F065F90544761C307800287FF42F
:10A980000DAE19B02846BDE8F08F0000092801007F
:10A990003031323334353637383961626364656655
:10A9A0000000000030313233343536373839414217
:10A9B0004344454600000000600700D4062708F124
:10A9C000070020F00700F0E80223804603F0004C67
:10A9D0005FEA0C0001D097A009E0200501D596A000
:10A9E00005E0E00701D095A001E0AFF24C00139024
:10A9F000307823F0004365280CD006DC452809D0C8
:10AA000046281DD047287FD13BE0662818D067280C
:10AA10007AD136E00021112F01DB112000E0781CF3
:10AA2000CDE9000104A90CA8FFF77EFCDDE90D01CA
:10AA30000C9A4FF0000B07F10109109200914EE0C3
:10AA40004FF000400097CDE9011004A90CA8FFF7D2
:10AA50006BFCDDE90D020C9B0F994FF0000B91464A
:10AA60001093009211B9791C00EB0109B7EB0900B2
:10AA700003D4C0F1FF3B07F10109A9EB07000190E6
:10AA800042E0012F00DA01270021112F01DD112002
:10AA900000E03846CDE9000104A90CA8FFF744FC0A
:10AAA000DDE90D010C9A00914FF0000BB9461092B0
:10AAB00021070FD4009A4A4503DA914601E0A9F133
:10AAC0000109B9F1010F05DD109AA9F10101515CED
:10AAD0003029F4D0B84202DA10F1040F03DA012170
:10AAE000CDE9011010E0002803DC8344A9EB00014C
:10AAF00002E0411C494500DD8946A0EB0B00401CEB
:10AB000001904FF000400290200705D4019848457D
:10AB100002DB4FF0FF30019000208DF84B000298CF
:10AB20000DF14B07B0F1004F25D002200C902B20E7
:10AB30000D90029800280CDA404202902D200D90D2
:10AB400007E00A210298F6F729F83031029007F859
:10AB5000011D0C99481E0C900029F2DC0298002877
:10AB6000EFD1791E0D980870307800F0200040F089
:10AB7000450007F8020D11A8C01BC01D02901398D4
:10AB8000007800B1012000EB0901019801EBE071B0
:10AB9000029801440398401A401E0390E00306D433
:10ABA00053462146179A039800F05CF80544139821
:10ABB000007818B15246179990476D1CE00323D5D1
:10ABC00053462146179A039800F04CF805441BE0C1
:10ABD000BBF1000F07DB0098584504DD109817996A
:10ABE00010F80B0001E01799302052469047019869
:10ABF0000BF1010B401E05F10105019004D12E203F
:10AC00005246179990476D1CB9F10001A9F101094D
:10AC1000DEDC05E017F8010B5246179990476D1CD2
:10AC20000299481E02900029F4DC53462146179AE7
:10AC300003989EE62D0000002B000000200000007D
:10AC40002DE9F041044600251E461746880404D429
:10AC500005E039462020B0476D1C641EF9D5284612
:10AC6000BDE8F0812DE9F041044600251E469046DE
:10AC7000C80301D5302700E02027880404D505E06B
:10AC800041463846B0476D1C641EF9D52846BDE8DC
:10AC9000F0812DE9F04F85B01C4692460646DDF85E
:10ACA00038B0DDF84080F6F7C7FD0546FE280DD226
:10ACB000014602AB0222304601F0B3F928B102AAE4
:10ACC0000221304601F091F918B1FF2005B0BDE82E
:10ACD000F08F0AF0FF094FEA1A27B8F1000F28D0C9
:10ACE0000520CDE9004053462A469DF8081030461D
:10ACF00001F02EFE9DF80810A020C1EBC10101EB70
:10AD0000410106EB810103AA81F873B08DF80C00B4
:10AD100010208DF80D908DF810008DF80E70052024
:10AD20008DF80F4000211154401CC0B20828FAD3FE
:10AD300024E00320CDE9004053462A469DF8081040
:10AD4000304601F005FE9DF808104020C1EBC1011E
:10AD500001EB410106EB810103AA81F873B08DF884
:10AD60000C008DF80D908DF80E7004208DF80F40BA
:10AD700000211154401CC0B20828FAD39DF80810D5
:10AD80000F98C1EBC10101EB410106EB81011346B4
:10AD900088672A460221304605F015FB002895D029
:10ADA0009DF80810304605F085F98EE72DE9FE4F35
:10ADB00004464069002589460689A069078994F8F8
:10ADC000820000280ED0002E6AD0A846CDF8008060
:10ADD000CDF80480CDF8088060E005286ED00B28FF
:10ADE00058D0FF20BDE8FE8F606850F836008169BA
:10ADF0000968002901DA0B2024E0806AB9F1000F0C
:10AE000023D00178E9B3F02925D8A26805EBC50164
:10AE100012F811305B1CDBB202F811300278934259
:10AE200019D1A268204602F81180CDF80080CDF833
:10AE300004806A462946CDF8088000F0B9F9002858
:10AE4000D9D10520BE42C8D92AE00078FF2829D0F0
:10AE5000FE2827D01CE00078FC2818D105EBC50A95
:10AE60000622A16802EB4A000A182946204600F093
:10AE70009FF90028A06810F81A1003D021F00102F1
:10AE800002E016E041F0010200F81A20B3E780B1B9
:10AE9000BE4205D86D1C761CEDB2B6B2BE42A3D937
:10AEA00000209FE7A06805EBC50110F81100C0075E
:10AEB000EDE72946204605F0B9F99CE76A462946A0
:10AEC000204605F06CFA96E72DE9FF4F81B0154654
:10AED000DDE90E76D0F8E43180466A46029998475B
:10AEE00004460098002803D12079A84203D82E48B0
:10AEF00005B0BDE8F08F2EB1206800EB051000789A
:10AF0000022828D00121206801EB051110F801A0CA
:10AF1000042101EB051146580C2101EB051150F8F5
:10AF20000190386808B1B0423AD8D8F82420504689
:10AF30000499904700900028DAD10820216800EB9E
:10AF4000051B3A6851F80B000499F5F7D2F9BAF1EC
:10AF5000090F02D009E01548CAE73868B04204D2A8
:10AF60002368002253F80B100A543E60B9F1000F19
:10AF700007D02A46214640464B4698470090002875
:10AF8000B6D1206800EB05100078400706D5D8F848
:10AF9000E83140462A4602999847A9E70020A7E7EA
:10AFA00003483E60A4E70000110009060200010604
:10AFB000100007064A68002A06D00A68531C0B6076
:10AFC00010704868401E4860704770470020704706
:10AFD0002DE9F04F85B090460EAADDF84C9092E82E
:10AFE000100C1F460546202C11D8F6F725FC064606
:10AFF000FE280DD2014602AB0222284601F011F8CC
:10B0000028B102AA0221284600F0EFFF18B1FF2064
:10B0100005B0BDE8F08FB9F1000F13D00420CDE9E1
:10B020000070434632469DF80810284601F090FC17
:10B030009DF80800C0EBC00000EB400005EB80006D
:10B04000046609E00220CDE90070434632469DF8CF
:10B050000810284601F07CFC9DF80800C0EBC000F9
:10B0600000EB400005EB800044639DF808100020D1
:10B07000C1EBC10101EB410105EB810181F873A036
:10B080000EE000BF9DF808201BF80010C2EBC202C2
:10B0900002EB420205EB82020244401C82F83C10A3
:10B0A000A042EFD303A9B9F1000F0DD0C2208DF853
:10B0B0000C000020C30024FA03F20B18401CC0B29D
:10B0C0001A710428F6D328E0042C19D8C4F104001E
:10B0D000232242EA80009DF808208DF80C00C2EB84
:10B0E000C20202EB4202042005EB8202131893F81D
:10B0F00038300B54401CC0B20828F7D394630CE0DE
:10B1000021208DF80C000020C30024FA03F20B1854
:10B11000401CC0B21A710428F6D39DF808108DF8AF
:10B120000D804FEA1820C1EBC1018DF80E0001EB34
:10B13000410105EB81018DF80F701198886703AB11
:10B1400032460221284605F03EF900283FF460AF60
:10B150009DF80810284604F0ADFF58E730B50446C6
:10B1600006480023026803E012F8015B25705B1CAF
:10B170008B42F9DB0260084630BD0000D0010020A0
:10B1800010B530B1036823B1D0E90121914201D259
:10B1900004E0002010BD491C816020B1914202D220
:10B1A0005C5C202CF7D99142F4D1491E816010BD1E
:10B1B0002DE9F04F43698346914618895B89C000A9
:10B1C00000EBC102DBF80400DB0003EBC1010F1848
:10B1D0000244386889B00026D0F808A010683546C7
:10B1E00080690088C0F30A01A9F8001089F802609C
:10B1F00000200490059018213A6801EB061152587E
:10B200001368190C13F0FF042ED02B190793402B51
:10B210002AD8A4F1010C012303EBDC0CCDF818C0F3
:10B220001288CDE902030DF1200C0DF11808CDE9CB
:10B23000008CC2F3072204AB5846FFF737F918B168
:10B24000FF2009B0BDE8F08F09EBD502121D009276
:10B25000002005F00701CDE90110002320461A4621
:10B2600004A9F6F7BBF9079D761C9AF80000F6B220
:10B27000B042BDD801206D1E00EBD50089F8030057
:10B280000020DEE72DE9F04104460027104E1BE0C8
:10B29000A0892568C0050BD4A06820B1FFF7F2FF94
:10B2A000A089C00504D4206910B17168884727615E
:10B2B000A089800504D4206A10B17168884727628C
:10B2C0007168204688472C46002CE1D1BDE8F0810A
:10B2D00008000020002200F064BF000030B50D4CD3
:10B2E0000D4A0E4B0E4988B10A60056805B10D6024
:10B2F0004B60406800B14860002088600868904258
:10B3000003D14868984200D18C6030BD81E81C00B0
:10B3100030BD0000D9FE0008B9A2000835A200081F
:10B320000800002010B5016828208847040002D0DA
:10B330002821F4F7F7FF204610BD0022114600F047
:10B340006FB800002DE9F04788B00F4604469A46D2
:10B3500016461C216846F4F7E5FF2F480025002C0F
:10B360000560456055D08146E7B3CDE900470295B9
:10B37000D9E90212D9F810000491CDE9052009F1AC
:10B380000800FFF7CFFF5FEA00082BD000986F4658
:10B3900008B1029808B100270BE00198042808D9E9
:10B3A00003221EA10098F4F7EAFF10B90298C01C0E
:10B3B00002903846FFF7E4FE0146404602F0E2FA0A
:10B3C00068B1BAF1000F13D06846FFF7D9FEDDE986
:10B3D0000101814203D202990098405C40B140468D
:10B3E000FFF750FFDDE9011088420AD205460BE065
:10B3F0001EB10299009808443060404608B0BDE88C
:10B40000F087081E00D0451E0EB160193060C9E9F2
:10B4100000450020F2E7000000000020EFBBBF0065
:10B4200070B515460E46040009D0F4F786FF411C9E
:10B430002B4632462046BDE87040FFF783BF002010
:10B4400070BD70B54FF6FF7200234AF201050EE0A1
:10B45000C45C6240012412F0010F4FEA520200D096
:10B460006A40641CE4B2082CF5D95B1CDBB28B4249
:10B47000EED3100A40EA022080B270BD10B5094830
:10B48000F7F7B4F808B108A005E002210548F6F77F
:10B4900083FC20B10FA0FEF793FE002010BD012019
:10B4A00010BD0000E41A002043414E312073746146
:10B4B0007274206661696C65642C73746F702053BC
:10B4C0007461727443616E546573745461736B215B
:10B4D0000D0A0000456E61626C652043414E3120CB
:10B4E0006E6F74696669636174696F6E2066616905
:10B4F0006C6564210D0A000010B50948F7F776F86D
:10B5000008B108A005E002210548F6F745FC20B186
:10B510000FA0FEF755FE002010BD012010BD000059
:10B520000C1B002043414E322073746172742066FC
:10B5300061696C65642C73746F70205374617274EC
:10B5400043616E546573745461736B210D0A00007E
:10B55000456E61626C652043414E32206E6F7469A6
:10B560006669636174696F6E206661696C656421E8
:10B570000D0A000030B40A88D3090F2B35D2DFE85A
:10B5800003F02D081818181818181818181F1F3449
:10B590002600802A06D090F87F20002A25D030BCD3
:10B5A00002F06EBA90F8801000291ED030BC03F073
:10B5B00077BE90F88220002A17D030BC02F03CBB46
:10B5C00090F87E20002A10D030BC02F047BC90F8E2
:10B5D0008120002A09D030BC02F0B0BA026A127889
:10B5E000002A02D030BC02F05DBA30BC70470000C7
:10B5F00030B50C463C4987B091F8E12100218242E8
:10B600002FD12088CDE900010291A07800B102205D
:10B610000390E07804908DF81410F7F7FBFA0546D4
:10B6200008E000BFF7F7F6FA401B642802D921882A
:10B630002EA032E03548F6F72CFD0028F2D006ABFC
:10B64000221D69463148F6F7B9FB040043D02F4864
:10B65000F6F7A9FC02462D480068836821462CA015
:10B6600034E03B4A92F8E121824239D12088CDE989
:10B6700000010291A07800B102200390E0780490CC
:10B680008DF81410F7F7C6FA054609E0F7F7C2FA85
:10B69000401B642804D921882EA0FEF791FD17E0F5
:10B6A0003448F6F7F6FC0028F0D006AB221D6946B8
:10B6B0003048F6F783FB04000DD02E48F6F773FCF4
:10B6C00002462C480068836821462BA0FEF778FDCF
:10B6D000012007B030BD0A2001F001FD0020F8E78D
:10B6E000014635A0D9E700000007002043414E3154
:10B6F0002054582074696D656F75742C20434F4237
:10B700002D49443D307825580D0A0000E41A0020E8
:10B7100043414E31205458204552524F523A20480E
:10B72000414C207374617475733D25642C2048412D
:10B730004C5F43414E206572726F723D3078256CCC
:10B74000782C205453523D3078256C780D0A000037
:10B75000F40D002043414E322054582074696D6529
:10B760006F75742C20434F422D49443D3078255845
:10B770000D0A00000C1B002043414E32205458207B
:10B780004552524F523A2048414C207374617475AF
:10B79000733D25642C2048414C5F43414E20657227
:10B7A000726F723D3078256C782C205453523D30A6
:10B7B00078256C780D0A0000496E76616C6964200A
:10B7C00043414E2068616E646C653A2025640D0A21
:10B7D000000000001CB50448009004480190684631
:10B7E000FFF77CFD1CBD000075FC0008E10C0108A2
:10B7F00070B50446082802D94FF0FF3070BD4FF4F1
:10B80000847000EB441005461021FDF73DFC2846EE
:10B81000FDF7D4FB0028FAD14FF4027000EB44107E
:10B820001F21FDF731FC0D490120A0404A888243C9
:10B830004A808A8882438A800949002021F81400BE
:10B840000649891D08554FF4427000EB4414204608
:10B85000FDF7B4FB0028FAD1012070BD840100205F
:10B86000C48D002038B514460546F5F7E5FF0146BE
:10B87000FE2801D3852038BD6B462246284600F0BD
:10B88000FCFB08B1FF2038BD9DF80010284604F0ED
:10B8900011FC002038BD00002DE9F04117460E468E
:10B8A0000446082803D94FF0FF30BDE8F08160015D
:10B8B0004FF001080830FDF781FB00F00F00012870
:10B8C00002D06FF00400F0E74FF4427000EB441038
:10B8D0000546FDF773FB132802D06FF00200E4E782
:10B8E0003078717801EB0020B17801EB0020F1781D
:10B8F00001EB0020411C2CD058B36FB340F6084038
:10B9000000EB441004223146FDF7EEFB41F2080043
:10B91000390A00EB4410FDF7B7FB41F20810F9B209
:10B9200000EB4410FDF7B0FB4FF4847000EB4410C3
:10B9300006460421FDF7A8FB3046FDF73FFB002833
:10B94000FAD1164908FA04F0498808421AD00020B2
:10B95000ABE76FF00B00A8E76FF00A00A5E7204601
:10B96000FDF72CFB000706D520460821FDF78CFBD0
:10B970006FF00C0099E72846FDF720FB30B96FF017
:10B98000030092E74FF4027000EB44142846FDF7E1
:10B9900015FB1728E3D1012087E700008401002070
:10B9A00010B50C4606281ED2DFE800F003070B1086
:10B9B0001418204605F098FE13E0204605F0FCFD23
:10B9C0000FE02078BDE8104005F0BABE05F020FE7B
:10B9D000207006E0204605F0C5FE02E0204605F096
:10B9E0001AFE002010BD4FF0FF3010BD2DE9F041D0
:10B9F0000C46002102464F1E08464FF498554FF45E
:10BA0000A056102A63D2DFE802F0080B17131A1EA3
:10BA1000222C3645484C5950555C05F0BAFE4DE095
:10BA200014B1204604F10801BDE8F04105F007BE5D
:10BA3000208805F075FD41E005F0A0FD05E02088B7
:10BA400005F044FE3AE005F0A8FD208036E02088AD
:10BA5000010A2846FDF718FB21783046FDF714FB54
:10BA60002CE03046FDF7AAFA06462846FDF7A6FA6E
:10BA700006EB0020E9E7174882782270C2786270EE
:10BA80000279A2704279E27082792271C079607184
:10BA9000A17113E005F0F8FE10E0204605F009FF63
:10BAA0000CE0204605F0B1FE08E02078BDE8F0414A
:10BAB00005F024BF05F0DBFE05E020700020BDE8A6
:10BAC000F08105F0C9FEC0B241B2491CF5D138463B
:10BAD000F5E700009C0100202DE9F0418EB088467A
:10BAE0000546002404F09AF900214F1E06460E2850
:10BAF00008D2DFE800F06B076B096B48486B076BF7
:10BB0000076B076A044669E0089108AA6969E86852
:10BB10000292CDE9031007AB0AA8CDE9000305A8FE
:10BB2000031D421C09A9801CF9F79CFE01285FD166
:10BB300009988DF8140005AA0AA9284600F064F8AF
:10BB40009DF81400F0B3012802D0022808D037E095
:10BB5000BDF81800009000230422A968286906E0B7
:10BB6000BDF81800009000230522A9682869F9F79C
:10BB7000E5FF011E24DD4246284604F0E6FB0446AC
:10BB8000401C2CD022E0E868009001AA02A903A87A
:10BB90006B69F9F715FE012812D1BDF80400009079
:10BBA000052E10D007220023A9682869F9F7C6FFDF
:10BBB000011E05DD4246284604F0C7FB040005D0FF
:10BBC0003C460CE002E00622EDE72977284600F02B
:10BBD0002DFF18B107A0FEF7F3FAF1E744B1286A88
:10BBE00010B12846F9F790FD0EB02046BDE8F0816F
:10BBF0003446F9E76B656570616C6976652066614E
:10BC0000696C65640D0A00002DE9FC479146884681
:10BC100006464FF0FF34002506EBC507B96AD1B3DD
:10BC20004046F9F7FAFE70BBD8E901100A18BB6A62
:10BC300020E000BF90F800C0BCF12F0F0AD02B29E4
:10BC40000BD0232913D0614518D12B2905D02329E6
:10BC50000DD00DE02F2911D10AE0411C01E0811C1B
:10BC6000401C914204D209782F29F8D100E0501EDF
:10BC7000401C5B1C197809B19042DBD390420AD179
:10BC800011F0FF0F07D1F86A28B1CDE90098F96AE1
:10BC90006846884700246D1C052DBDDB601C07D15C
:10BCA000306D28B1CDE90098316D68468847002491
:10BCB0002046BDE8FC8700002DE9F047044608282F
:10BCC00003D94FF0FF30BDE8F0876001012508304F
:10BCD000FDF774F900F00F00012801D0A81FF2E76A
:10BCE0004FF4847000EB441006460821FDF7CCF9B0
:10BCF000F6F790FF074608E0F6F78CFFC01BC82850
:10BD000003D91EA0FEF75CFA04E03046FDF756F9B1
:10BD10000028F1D12048A5408188A943818040882E
:10BD2000054201D00020CEE7F6F774FF07464FF436
:10BD3000027000EB44164FF442706FF00C094FF4A0
:10BD4000FA7800EB441512E03046FDF737F90007AA
:10BD500004D52046FFF74CFD4846B4E7F6F75AFFF6
:10BD6000C01B404503D90DA0FEF72AFAF1E728468B
:10BD7000FDF724F90028E7D10120A4E76469736383
:10BD80006F6E6E6563743A20536E5F435220746920
:10BD90006D656F75740D0A0084010020646973631A
:10BDA0006F6E6E6563743A20534F434B5F434C4F45
:10BDB0005345442074696D656F75742C20666F72ED
:10BDC000636520636C6F73650D0A000010B504464F
:10BDD000054B002241F20301FBF760F8D4F808128A
:10BDE0000020087010BD0000C16C000870472DE9EC
:10BDF000FE439946DDE90A7615468846044602ABBD
:10BE000000F00FF990BB012D04D19DF808102046D9
:10BE100004F050F9022D29D19DF80800C0EBC000B4
:10BE200000EB400004EB8000B0F97400F5F79EFCD5
:10BE30009DF80810C1EBC10101EB410104EB810148
:10BE4000A1F874009DF808108520C1EBC10101EB39
:10BE5000410104EB810181F82A009DF80800C0EB44
:10BE6000C00000EB400004EB8000C662CDE9007624
:10BE70004B4642462946204604F0E1FA002800D00D
:10BE8000FF20BDE8FE83000013B54FF0FF33012211
:10BE900069460248F8F72EFB00981CBDA01C002044
:10BEA00006480068406A06490A68904202D24FF686
:10BEB000FF7318444968801A084470478C1B00209F
:10BEC000341000200168A1F57F42FF3A03D0491CDD
:10BED0000160084670470121FAE700680078704762
:10BEE0002DE9F8430025089F1C46904606463D6014
:10BEF000F5F7A2FC0146FE2805D26B460222304629
:10BF000000F08FF818B185202560BDE8F8839DF812
:10BF10000000C0EBC00000EB400006EB800090F892
:10BF20002A10012909D0802901D0852902D1C16AAE
:10BF30003960256090F82A00E7E7416B09B9816B09
:10BF400041639DF800002168C0EBC00000EB400099
:10BF500006EB8000406B814202D28A202560D4E744
:10BF6000206000200CE000BFC1EBC10101EB4101EA
:10BF700006EB8101014491F83C2008F80020401CA8
:10BF8000216881429DF80010EED8304604F092F806
:10BF90000120BAE770B5044690F84001012802D1AB
:10BFA0006068F7F759FE94F83F1104F1BC0021B125
:10BFB000FBF74BF86FF002050BE004F11301FBF700
:10BFC0004BF884F89300B4F89C100546491CA4F87B
:10BFD0009C1094F84001012805D1012204F1A6012A
:10BFE0006068F8F72DFA284670BD10B50023C3EB42
:10BFF000C30404EB440400EB840494F82A402CB1FD
:10C000005B1C13F0FF03F2D0FF2010BD1370C3EBD5
:10C01000C30202EB420200EB820080F829100020EC
:10C0200010BD70B50024C4EBC40505EB450500EB5D
:10C03000850595F82A606EB1852E0BD095F828609D
:10C040008E4207D195F82950954203D103B11C7057
:10C05000002070BD641C14F0FF04E4D0FF2070BD0C
:10C06000C1EBC10101EB410100EB8101486B08B15B
:10C07000896B401A10600020704770B50024C4EB33
:10C08000C40505EB450500EB850595F82A605EB112
:10C0900095F828608E4207D195F82950954203D132
:10C0A00003B11C70002070BD641C14F0FF04E6D0C6
:10C0B000FF2070BD2DE9F04142F2086101EB40150F
:10C0C00042F20871002601EB40142846FCF776FF87
:10C0D00007462046FCF772FF00EB072007043F0CE1
:10C0E00009D02846FCF76AFF06462046FCF766FFA3
:10C0F00000EB062086B2BE42E7D13046BDE8F081B3
:10C100002DE9F04142F2080101EB401542F208111D
:10C11000002601EB40142846FCF750FF0746204656
:10C12000FCF74CFF00EB072007043F0C09D0284622
:10C13000FCF744FF06462046FCF740FF00EB0620D4
:10C1400086B2BE42E7D13046BDE8F08138B505463B
:10C1500000208DF80000106014462846F5F76CFBAF
:10C160000146FE2805D26B4602222846FFF759FFFA
:10C1700008B1852038BD9DF80010C1EBC10000EB6F
:10C18000400005EB8000C26A226090F82A00012876
:10C19000F0D1284603F08EFF012038BD90F8410110
:10C1A00070472DE9F0418846A8B3B8F1000F33D0AD
:10C1B00084680AB90AE024686CB3216A59B340461E
:10C1C000F4F7C2F80028F6D120E024681CB3266AF0
:10C1D0005FEA0805F9D0002EF7D0B54218D002E08A
:10C1E00098B16D1C761C2878F4F77DF807463078F6
:10C1F000F4F779F887422878F2D0F4F774F8054616
:10C200003078F4F770F88542DFD124B1206A10B19C
:10C210002046BDE8F081FFE70020FAE72DE9F8436A
:10C2200080462B4E012003232A4C0D4640F2026C1F
:10C23000871E02B304F1300108704B70A1F802C0F0
:10C240008880404603F051FFE06B3034009094E862
:10C250000E004046FAF744FB3946012004F014FC76
:10C26000014610F10B0F29D01BA000BFFDF7A8FF5E
:10C270000020BDE8F8831749203108704B70A1F801
:10C2800002C08880404603F030FFE06A203400900E
:10C2900094E80E004046FAF723FB3946012004F0EB
:10C2A000F3FB014610F10B0F01D013A0DEE740466F
:10C2B000FFF774FF0028DCD0306905E04046FFF747
:10C2C0006DFF0028D5D07069408828800120D0E714
:10C2D00018000020D417002052207265616420529B
:10C2E000454143484544206E6F7469667956616CD8
:10C2F0003A25640D0A0000004C20726561642052EA
:10C30000454143484544206E6F7469667956616CB7
:10C310003A25640D0A0000002DE9F8430D462F4E22
:10C3200003212F4C81464FF0010840F209634FF082
:10C33000020C0F1F0AB304F1300080F80080417036
:10C340004380A0F804C0484603F0CFFEE06B3034D1
:10C35000009094E80E004846FAF7C2FA39460120E8
:10C3600004F092FB014610F10B0F2AD01DA000BF74
:10C37000FDF726FF0020BDE8F8831948203080F83B
:10C38000008041704380A0F804C0484603F0ADFE31
:10C39000E06A2034009094E80E004846FAF7A0FACC
:10C3A0003946012004F070FB014610F10B0F01D05B
:10C3B00013A0DDE74846FFF7F1FE0028DBD0306927
:10C3C00005E04846FFF7EAFE0028D4D07069D0F8AF
:10C3D00002004FEA304028600120CCE7180000201E
:10C3E000D417002052207265616420504F53206E94
:10C3F0006F7469667956616C3A25640D0A00000015
:10C400004C207265616420504F53206E6F746966D2
:10C410007956616C3A25640D0A00000000F5A170A0
:10C42000704700000148007870470000C8010020F4
:10C430002DE9F84380462B4E012003232A4C0D465C
:10C4400040F2126C871E02B304F1300108704B7089
:10C45000A1F802C08880404603F047FEE06B30340C
:10C46000009094E80E004046FAF73AFA3946012067
:10C4700004F00AFB014610F10B0F29D01BA000BFEE
:10C48000FDF79EFE0020BDE8F883174920310870B3
:10C490004B70A1F802C08880404603F026FEE06A97
:10C4A0002034009094E80E004046FAF719FA394615
:10C4B000012004F0E9FA014610F10B0F01D013A09E
:10C4C000DEE74046FFF76AFE0028DCD0306905E071
:10C4D0004046FFF763FE0028D5D070694088288069
:10C4E0000120D0E718000020D417002052207265E8
:10C4F0006164205741524E494E47206E6F74696601
:10C500007956616C3A25640D0A0000004C20726572
:10C510006164205741524E494E47206E6F746966E0
:10C520007956616C3A25640D0A0000002DE9FF4F31
:10C5300081B0080C1FFA82FC9EB21022DFF82CA1F9
:10C540004B4C0E9D89B24FF4817704234FF0060BBC
:10C550004FF001084FF4FA790DB3012D7DD10AF1A6
:10C56000100528806980A5F804C0EE8005F120063A
:10C5700086F8008072707780B380B560DAF83C008E
:10C5800057460090D7E90C122B460198FAF7A8F904
:10C590004946012004F078FA00283ED043E0334DAC
:10C5A00028806980A5F804C0EE8005F1200686F891
:10C5B000008072707780B380B560DAF82C0057463F
:10C5C0000090D7E908122B460198FAF789F94946F5
:10C5D000012004F059FA0B3005D026A0FDF7F0FD3C
:10C5E000A088401CA080A5F8008086F801B04FF418
:10C5F00084717180A6F80480B560F86A0090D7E96C
:10C6000008122B460198FAF76BF94946012004F00D
:10C610003BFA002827D117A01EE020A0FDF7D0FD8F
:10C62000A088401CA080A5F8008086F801B04FF4D7
:10C6300084717180A6F80480B560F86B0090D7E92A
:10C640000C122B460198FAF74BF94946012004F0E9
:10C650001BFA0B3007D011A000E004E0FDF7B0FD9D
:10C66000A088401CA08005B0BDE8F08FD417002042
:10C67000180000204C6566742067726970706572DE
:10C68000206D6F64627573207175657279207469AD
:10C690006D656F7574210D0A0000000052696768AE
:10C6A000742067726970706572206D6F6462757353
:10C6B0002071756572792074696D656F7574210DCF
:10C6C0000A0000002DE9FE4380460020471E364C3C
:10C6D0000D460090ADF80400ADF808003E0CE2B144
:10C6E00001202870024669464046FFF715FE0028E3
:10C6F00042D000986860012201A94046FFF78EFDF4
:10C70000002841D0BDF804002881012202A940463A
:10C71000FFF78EFE00283FD017E028700022694600
:10C720004046FFF7F9FDA8B100986860002201A912
:10C730004046FFF773FDA8B1BDF804002881002230
:10C7400002A94046FFF774FEA0B1BDF80800688159
:10C75000BDE8FE8315A0FDF733FD6F60A088401C87
:10C76000A080E3E71BA0FDF72BFD2E81A088401CD5
:10C77000A080E4E721A010E02AA0FDF721FD6F6072
:10C78000A088401CA080B6E730A0FDF719FD2E81DF
:10C79000A088401CA080B8E736A0FDF711FD6E818F
:10C7A000A088401CA080D3E7180000205265616477
:10C7B000206C656674205245475F5245414C544990
:10C7C0004D455F504F53206661696C6564210D0AC9
:10C7D000000000004C2072656164206C6566742066
:10C7E0005245475F504F535F5245414348454420AF
:10C7F0006661696C6564210D0A0000004C20726559
:10C800006164206C656674205245475F5741524E03
:10C81000494E475F494E464F206661696C65642109
:10C820000D0A0000522072656164207269676874A5
:10C83000205245475F5245414C54494D455F504F4A
:10C8400053206661696C6564210D0A00522072658F
:10C850006164207269676874205245475F504F5386
:10C860005F52454143484544206661696C656421D7
:10C870000D0A000052207265616420726967687455
:10C88000205245475F5741524E494E475F494E46F9
:10C890004F206661696C6564210D0A00F8B5054694
:10C8A0001A4B002241F21701FAF7F8FA002685F830
:10C8B000E061344615E000BFD5F8A00030F8240050
:10C8C00003041B0C0BD064204343114A2146284625
:10C8D0000096FAF725FED5F8A41021F81400641C80
:10C8E000E4B2D5F89C000078A042E5D8D5F8A800BD
:10C8F0000388002B09D064204343064A00212846C0
:10C900000093FAF70DFEA5F8AC00F8BD756C0008B1
:10C91000B1150008FD6D000870B5054600240BE058
:10C92000D5F8A40030F91400F4F720FFD5F8A410CE
:10C9300021F81400641CE4B2D5F89C000078A042F1
:10C94000EED835F9AC0FF4F711FF288070BD000068
:10C950002DE9F8431746DDE90896C1EBC102002531
:10C9600002EB4202984600EB8204022E2CD0032EEA
:10C970002AD0042E28D0052E26D0B4F97400F4F75E
:10C98000F5FE00BFA4F8740084F82870A4F8308085
:10C9900084F8329084F82A6084F82B506563A5638C
:10C9A00084F85C5084F85D5084F85E5025666566B6
:10C9B00084F8685084F8695084F86A5084F8735099
:10C9C0000020A567BDE8F883024B034A0095FAF7FB
:10C9D000A7FDD7E7E0930400B97000082DE9F04106
:10C9E0000B3020F00706104D19E02068B04215D337
:10C9F000B0420AD9871B201DD4F80480F3F779FCD4
:10CA0000A019C0E90078286004E060682860201D53
:10CA1000F3F76FFC201D2660BDE8F081251D2C6812
:10CA2000002CE2D10020F7E7401000207CB504463E
:10CA30008069002550B304F15800FBF7D8FD04F1DC
:10CA4000600618B93046FBF7D2FDF8B1207F10B16F
:10CA50004FF0FF351AE06846FBF7C1FD4FF47A71DD
:10CA60006846FBF7B4FDA1682069F9F755F9011E86
:10CA70000CDD6A46204603F068FC050006D140F64E
:10CA8000B8313046FBF7A3FD0120207728467CBD56
:10CA900010B50446FFF702FF2046BDE8104000F045
:10CAA000B9BA10B50446FFF737FF2046BDE810407D
:10CAB00000F0ECBAC1EBC10130B501EB410100EB74
:10CAC00081018C6BA018202802D84D6BA84201D997
:10CAD000FF2030BD002006E025180D4495F83C509D
:10CAE0001D54401CC0B29042F6D3886B104488633A
:10CAF000002030BD3B4D2C68F6F700F9FBF7A0FB9A
:10CB0000F9F73EFCF4F712FDF9F78CFAF9F736FB6A
:10CB1000F9F714FEF9F72EFEF9F74EFEF9F7D0FDFE
:10CB2000F9F7EAFD304931A0FDF74AFBFAF702FABE
:10CB3000FAF7F8F9FAF7E6F9A00002D52DA0FDF70B
:10CB40003FFB200114D52FA0FDF73AFBFAF7C2F9FD
:10CB5000FAF7D0F930A0FDF733FB42F21070F5F789
:10CB600045FFFAF7AFF9FAF7BDF931A0FDF728FB59
:10CB7000E00002D533A0FDF723FB002C02DA36A03B
:10CB8000FDF71EFB286840F080702860F9F794FAE2
:10CB9000F9F738FDF9F7C0FAF8F760FDFAF750F940
:10CBA000FCF7ACF8010003D030A0FDF709FB02E070
:10CBB00037A0FDF705FBF9F7D7FC3D483B4901607D
:10CBC0000621416040F2E2418160F6F75BF808B16E
:10CBD00072B6FEE700F098FAF9F716FB00F0A6FA35
:10CBE000FEE7000074380240582A010825730D0A38
:10CBF00000000000495744472072657365740D0AB0
:10CC000000000000506F7765722D6F6E20726573A3
:10CC100065740D0A0000000041726D7320706F771B
:10CC20006572206F6E2073746172740D0A000000CB
:10CC300041726D7320706F776572206F6E20656E24
:10CC4000640D0A00536F66747761726520726573B4
:10CC500065740D0A000000004C6F772D706F7765CA
:10CC6000722072657365740D0A0000005735353007
:10CC70003020696E6974206661696C65642C726528
:10CC800073756C742069733A25640D0A0000000006
:10CC9000573535303020696E69742073756363656C
:10CCA000737366756C6C792E0D0A000000300040BD
:10CCB000481000200EB541F4E061ADF800100121EC
:10CCC0008DF8021000218DF8031090F8E1016946FB
:10CCD000FEF78EFC0EBD0EB50023ADF800308DF8CA
:10CCE00002308DF8042002238DF805108DF80330F2
:10CCF00090F8E1016946FEF77BFC0EBDF0B50068D7
:10CD00008FB08068FEF719FB06007DD01C216846B5
:10CD1000F3F708FB55A13046FEF7DCFA40690090B6
:10CD200054A13046FEF7D6FA074654A13046FEF726
:10CD3000D1FA544C0546BFB153A13846FEF7CAFAA2
:10CD40004069019053A13846FEF7C4FA4069029049
:10CD500052A13846FEF7BEFA4069002303901A46F6
:10CD60006946206D00F05CFABDB147A12846FEF788
:10CD7000B1FA4069049047A12846FEF7ABFA406932
:10CD8000059046A12846FEF7A5FA406900230690C3
:10CD90001A466946606D00F043FA182107A8F3F7B8
:10CDA000C1FA40A13046FEF795FA07463FA130464A
:10CDB000FEF790FA0546BFB13EA13846FEF78AFA63
:10CDC0004069079030A13846FEF784FA4069089020
:10CDD0003BA13846FEF77EFA4069002309901A46C7
:10CDE00007A9206E00F01CFACDB132A12846FEF74B
:10CDF00071FA40690A9024A12846FEF76BFA40694F
:10CE00000B902FA1284600E02DE0FEF763FA406961
:10CE100000230C901A4607A9606E00F001FA00206A
:10CE20000D900E9029A13046FEF754FA070017D056
:10CE300028A1FEF74FFA054628A13846FEF74AFA20
:10CE400075B168B169690D9140690E90024625A0DF
:10CE5000FDF7B6F900231A460DA9E06D00F0E0F9E0
:10CE60003046FEF70FFA0FB0F0BD00006D6F64653D
:10CE7000000000006C65667400000000726967685D
:10CE80007400000018000020706F736974696F6E81
:10CE9000000000007370656564000000746F7271BB
:10CEA000756500006B696E636F0000007A65726FD4
:10CEB0006572720069735F656E61626C6500000087
:10CEC00076656C6F63697479000000006770696F44
:10CED00000000000747970650000000073746174D4
:10CEE000650000004750494F20636D6420747970DD
:10CEF000653D25642C2073746174653D25640D0ABD
:10CF00000000000010B598B0002852D090F8321000
:10CF10000DF13C0C90F8354090F8343090F8332007
:10CF20008CE81E00D0E90A120DF12C0C90F831406B
:10CF300090F830308CE81E00D0E907120DF11C0C7F
:10CF4000C48C838C8CE81E00818A0DF10C0C448B00
:10CF5000038BC28A8CE81E000189428903698DE82F
:10CF60000E004FF400744368144A21461448FDF73C
:10CF700037F9002801DBA04203D312A0FDF720F906
:10CF800016E000208DF84C008DF84D008DF84E0015
:10CF90000B481590F3F7D1F91690124813AAC169FE
:10CFA0001148F8F769FD010005D010A0FDF708F958
:10CFB000002018B010BD0120FBE70000CC300108B4
:10CFC0007C1800204D515454204A534F4E2070611C
:10CFD000796C6F6164206F766572666C6F77210D76
:10CFE0000A00000018000020641000204D51545425
:10CFF000207075626C69736820537973537461741F
:10D000007573206661696C65642C2072633D2564CC
:10D010000D0A000038B504461A4B002241F20C01FB
:10D02000F9F73CFF174B002241F20D012046F9F7BA
:10D0300035FFD4F83C010388002B21D0D4F84001FF
:10D04000007800281CD0642043430F4A002120466A
:10D050000093FAF765FAA4F834010020211891F83A
:10D06000B4200F2A08D022681278824204D0D4F863
:10D070004021127881F84421401CC0B28028EDD3B1
:10D0800038BD0000AD6C0008151B000810B5044643
:10D09000B0F93401F4F76AFBA4F8340110BD10B5FF
:10D0A00086B0202204AC04920094012205ABCDE9A5
:10D0B0000132C1EBC10101EB410100EB810403929C
:10D0C00004F13C0394F83220218EFDF7EFF900289B
:10D0D00003D1049860630020A06306B010BD10B5B2
:10D0E000EFF3058111B16FF0050403E0002408B1EE
:10D0F00003F0C6FE204610BDEFF3058008B105F031
:10D1000093BA05F08BBA0000EFF3058010B16FF011
:10D11000050070470448016811B14FF0FF307047B7
:10D1200001210160002070475401002010B5EFF389
:10D13000058010B16FF0050010BD08480168012995
:10D1400002D04FF0FF3010BD054A002182F8141DB7
:10D150000221016003F0D2FF002010BD5401002025
:10D160000BE000E0F8B51D466FF003026FF0020619
:10D170004FF00004EFF30583A3B1F0B1E9B1E5B9D5
:10D18000002200926A4604F0A7FF012817D10098F8
:10D19000B0B10C494FF080500860BFF34F8FBFF320
:10D1A0006F8F0DE048B141B12A4604F0F9FE012825
:10D1B00006D025B16FF0010402E0144600E03446C9
:10D1C0002046F8BD04ED00E0F8B514464FF0000528
:10D1D000EFF3058212BB08B301B3A4B1D4E9023264
:10D1E00063B1502A1AD32269C2B1676900FB01F604
:10D1F000B74213D3009504F0FEFC07E072B9226930
:10D2000062B9626952B9002204F0D4FC050005D06D
:10D210000CB1216800E0002103F0D0FD2846F8BDE4
:10D22000F8B51D466FF003026FF002064FF00004E0
:10D23000EFF30583ABB100B3F9B1F5B900221346A2
:10D2400000926A4604F0FEFD012818D10098B8B19A
:10D250000C494FF080500860BFF34F8FBFF36F8FC2
:10D260000EE050B149B100232A4604F03BFD0128ED
:10D2700006D025B16FF0010402E0144600E0344608
:10D280002046F8BD04ED00E0F8B50D460024211F4E
:10D290004E1C002804D000BFEFF30582A2B10DB1EF
:10D2A0000C461BE000216A46009104F015FF01289E
:10D2B00013D1009890B10A494FF080500860BFF335
:10D2C0004F8FBFF36F8F09E0294604F053FF012809
:10D2D00004D015B16FF0010400E034462046F8BDDB
:10D2E00004ED00E0F8B5144603460E464FF0000585
:10D2F000EFF3058098BB93B39E423DD84CB1A06834
:10D300000028E06803D0502836D3012002E008B19D
:10D3100032E00020012B05D010B31846A26804F0BB
:10D320001EFC20E040B103200090002211460120A5
:10D33000A36804F060FC04E003220021012004F053
:10D3400039FC050018D086B100231A46194604F0AE
:10D35000C9FC012809D0284603F044FD00250BE054
:10D36000184604F0DFFB050006D00CB1216800E090
:10D370000021284603F022FD2846F8BD38B50024D8
:10D38000E51E00280BD000BFEFF30581A9B10021F5
:10D390000091694604F0B5FD012815D102E06FF057
:10D3A000030412E0009880B109494FF080500860F2
:10D3B000BFF34F8FBFF36F8F07E000231A46194664
:10D3C00004F090FC012800D02C46204638BD000017
:10D3D00004ED00E005F00EB92DE9FF414FEA01032D
:10D3E0004FF00005EFF30581039549BB40B380275B
:10D3F000182100244AB3166806B1344696691EB156
:10D400003146761E382E02D21679F60703D0002058
:10D4100004B0BDE8F081566906B1B708D2F808C07B
:10D42000BCF1000F0DD0D5685C2D18D312693AB14C
:10D4300036B18DE806103A46214604F0BEFF03904F
:10D440000DE0D6685EB912694AB903AACDE90012A7
:10D45000BAB2214604F084FF012800D00395039856
:10D46000D6E700002DE9FC471C4690468946074652
:10D470004FF00006EFF3058058BB57B3082002F0C9
:10D48000F9FB050025D0C5E90078B9F1000F12D0ED
:10D490000122114B002094B1216801B10846A16816
:10D4A00059B1E4682C2C11D3CDE900312B46012170
:10D4B00005F056FA08E00022EBE7E16831B9009385
:10D4C0002B46012105F032FA060002D1284603F06E
:10D4D00007FC3046BDE8FC87A185000808B5EFF3DE
:10D4E000058212B16FF0050008BD58B10022134645
:10D4F00000920A46042105F07BFA012805D06FF05E
:10D50000020008BD6FF0030008BD002008BD2DE932
:10D51000F04107460025C8680C462E46B0F57A7FD4
:10D520005BD2401CE0602168A068095C5B2954D193
:10D53000401CA0602046FDF723FE4CB1D4E9011049
:10D54000884203D22268125C5D2A33D0884203D31A
:10D55000A068401EA06040E0401E04F11008A060DA
:10D560004046FDF7DFFE98B30DB3306046600646D7
:10D57000A068401CA0602046FDF702FE2146304610
:10D5800000F000FA30B32046FDF7FAFD14B3D4E9F9
:10D590000110884203D22168095C2C29E0D062681E
:10D5A000904217D22168085C5D2813D102E005463D
:10D5B0002E46DDE7E068401EE06005B16E60202089
:10D5C000C7E90250A068401CA0600120BDE8F081BE
:10D5D000FFE715B12846FDF755FE0020F6E70346A4
:10D5E00010B500200246995CA1F13004092C01D845
:10D5F00030380AE0A1F14104052C01D8373804E0A5
:10D60000A1F16104052C08D857380844032A00D238
:10D610000001521C042AE6D310BD002010BD0000FA
:10D620002DE9F0474FF000092DED028B82B007463F
:10D630000C004FF02E0A48464D46C846CDF80090E3
:10D6400041D02368DBB3D4E9012122E05E18865D76
:10D65000342E1BD00ADCA6F12B06092E1CD2DFE8E3
:10D6600006F0151B152F1B1515151500382E0DD09E
:10D6700006DC352E0AD0362E08D0372E0CD105E028
:10D68000392E03D0452E01D0652E05D16D1C401CCE
:10D6900014B10E189642D9D32169681C8847060038
:10D6A00011D0A16820682A4601443046F2F721FED5
:10D6B00006F80590B8F1000F13D000200FE002E04B
:10D6C0004FF00108E2E7002002B0BDEC028BBDE89C
:10D6D000F087315C2E2901D106F800A0401CA84239
:10D6E000F7D369463046FCF7D3FD0098B0EE408A88
:10D6F000F0EE608A864203D1616930468847E2E7EE
:10D700009FED150B87ED068B53EC102B51EC180B8E
:10D71000F3F72CFA02D86FF000400FE09FED100BEA
:10D7200051EC180B53EC102BF3F708FA02D84FF01A
:10D73000004003E051EC180BF3F7C8F978610820BA
:10D74000F8600099A068891B0844A06061693046B0
:10D7500088470120B8E700000000C0FFFFFFDF415D
:10D76000000000000000E0C12DE9F041074600265E
:10D77000C8680C463546B0F57A7F7BD2401CE06025
:10D78000002C77D0D4E90110884273D22168095C5B
:10D790007B296FD1401CA0602046FDF7F1FCD4E945
:10D7A0000110884203D22268125C7D2A4FD0884241
:10D7B000A0F10100A0605DD204F110084046FDF721
:10D7C000B1FDE8B30EB3286045600546CCB3D4E99B
:10D7D0000110401C88424AD2A0602046FDF7D0FCD0
:10D7E0002146284600F048F858B32046FDF7C8FC0B
:10D7F0002869286200202861D4E90110884236D2C5
:10D800002168095C3A2932D102E006463546DDE757
:10D81000401CA0602046FDF7B3FC2146284600F0DE
:10D82000B1F870B12046FDF7ABFCD4E90110884295
:10D8300003D22168095C2C29C0D06268904201E0C3
:10D8400014E014E013D22168085C7D280FD1E06851
:10D85000401EE06006B175604020C7E90260A06824
:10D86000401CA0600120BDE8F08103E016B1304605
:10D87000FDF708FD0020F6E72DE9F84380468B68A8
:10D8800008684FF00009C418CDF8009008680E46EB
:10D89000651CC15C641C22296ED10022716808E0FD
:10D8A000BCF15C0F04D17F1C8F4265D2521C641CFA
:10D8B000641C271A8F4204D294F800C0BCF1220FD6
:10D8C000EED1271A8F4257D22178222954D11844F9
:10D8D000201A801A3169401C884707004CD00097F5
:10D8E00037E029785C2905D000986D1C00F8011BF1
:10D8F00000902EE00220611B012939DB6A78662A3C
:10D9000014D008DC222A12D02F2A10D05C2A0ED084
:10D91000622A2DD108E06E2A0ED0722A0ED0742A07
:10D920000ED0752A24D10DE0082200E00C220099C7
:10D9300001F8012B00910BE00A22F8E70D22F6E72F
:10D940000922F4E76A462146284603F0D1F878B167
:10D950000544A542C5D3009981F800901021C8E97B
:10D9600003173068201A401CB0600120BDE8F8831E
:10D9700017B171693846884715B13068281AB06008
:10D980000020F3E770B50C0005465ED02068002843
:10D990005BD0A16863680A1D9A4205D80844042236
:10D9A00031A1F2F7ECFC78B3A0686268411D012652
:10D9B000914206D82168052208442DA1F2F7DFFC28
:10D9C00028B3A0686268011D914206D8216804222C
:10D9D000084429A1F2F7D3FCE8B1D4E9010181425E
:10D9E00003D22268525C222A1DD0814221D22268B1
:10D9F000525C2D2A02D0303A092A1AD821462846EC
:10DA0000BDE87040FFF70CBE0420E86006E0EE6061
:10DA1000A068401D04E002206E61E860A068001D5F
:10DA2000A060012070BD21462846BDE87040FFF788
:10DA300023BF814203D22268525C5B2A07D0814215
:10DA400003D22068405C7B2807D0002070BD2146AF
:10DA50002846BDE87040FFF75ABD21462846BDE87C
:10DA60007040FFF781BE00006E756C6C0000000016
:10DA700066616C73650000007472756500000000DB
:10DA800038B5CA78082A0CD111F8042B02F07F05AA
:10DA900031F8022B11F8013B0091D0F838422946A9
:10DAA000A04738BD70B5044690F87C007F2803D0AD
:10DAB000052801D004283FD14A791AB123681B7880
:10DAC0009A4239D10979802925D009DC01291CD055
:10DAD000022931D17F2801D005282DD1042126E04B
:10DAE00081291ED0822927D12046FEF7F6F9D4F8E5
:10DAF0009810054609B1204688472168FF20087024
:10DB00002946204602F02AFD10E07F2801D0042893
:10DB100012D105210BE0052801D004280CD17F216A
:10DB200005E0D4F8941009B120468847002120462A
:10DB3000BDE8704002F0C6BD70BD00002DE9FE4397
:10DB4000044608784FF0000800F07F068878012826
:10DB500018D00879A51900F07F07D4F840010078A3
:10DB600085F8440195F8B400B84207D0D4F8DC3108
:10DB70003A4631462046984785F8B47095F8B40087
:10DB800038B32BE020680078B04220D120684146AD
:10DB9000007800F5E060ADF8000001208DF803008A
:10DBA0008DF8028094F87C208DF8042094F8E03100
:10DBB00033B142F080008DF8040084F8E01101E0F8
:10DBC00084F8E00194F8E1016946FDF711FDBDE834
:10DBD000FE83D4F8D82131462046904795F8B4000A
:10DBE0000F28F4D000251EE0D4F8A00050F825102E
:10DBF000C1F30740864214D1D4F8A4008FB230F9A3
:10DC00001500F3F7B3FD642007FB00F3094A29462A
:10DC10002046CDF80080F9F783FCD4F8A41021F851
:10DC200015006D1CEDB2D4F89C000078A842DBD83A
:10DC3000CDE70000B11500082DE9F04F89460446F4
:10DC40000222002199F8020089B00D4610B1012886
:10DC50007ED09AE06369A6699888B68820B994E076
:10DC6000022A04D0042A0FD0B042F9D98DE0B9F8C5
:10DC70000020676857F830C0DCF818C0DCF800C036
:10DC800094450CD1B04210D8DF886268F80000EBF0
:10DC9000C50B002652F80B00D0F8088046E06D1C3A
:10DCA000401C80B2EDB2B042E4D96EE00020039097
:10DCB0000490636853F80B20182303EB0613D25823
:10DCC0005FEA020A65D09AF8002012F0FF0207927C
:10DCD0002AD00A44069299F80330B2EBC30F23D836
:10DCE00003AACDE9002001F0070209EBD1010346A8
:10DCF0000290091D0798F3F771FC07980121401E57
:10DD000001EBE000059005AA00200092CDE9010199
:10DD1000DAF8000003ABC0F30722010C2046FDF740
:10DD2000D3F8B0BB0698C1B2761CF6B298F80000E2
:10DD3000B042BBD8E068F8B1616851F83710896D1E
:10DD40000E88CEB130F91500F3F710FD002000E089
:10DD50000CE00090642006FB00F32946204622696F
:10DD6000F9F7DEFBE16821F815000EE06069A269B1
:10DD700001210089128930B907E001290AD004295C
:10DD80001BD005293CD09042F7D9002009B0BDE84E
:10DD9000F08F3BE0B9F80030D4F8041051F830604F
:10DDA000B66936689E4201D1042116E06D1C401C04
:10DDB00080B2EDB29042F1D9E7E7616851F83010D6
:10DDC000896A0B78FD2B07D0D9B2FC2908D0FF292E
:10DDD0001ED0FE291CD019E005219042CFD9D4E7EE
:10DDE000A36805EBC50113F81160F60706D00620FD
:10DDF00000EB4100191894F8E1012CE09042C4D8DE
:10DE00006A4629462046FDF7D3F908B3FF20BDE74F
:10DE1000A16805EBC506022000EB4607C85FF3F7D3
:10DE2000A5FCA168C853A168042000EB4607C85FA1
:10DE3000F3F79CFCA168C853A06810F8161021F0F5
:10DE4000010100F8161029462046F8F74DFF9CE71F
:10DE500094F8E1016946FDF7CBFB96E72DE9F04F19
:10DE60008DB000268DF808600C9604464069A369C1
:10DE700081460D4600881A883146D8B14FF0040C0F
:10DE8000904217D867680CEBC00817F80880B8F103
:10DE9000010F72D957F83070B5F80080BF693F683C
:10DEA000474502D10127039125E0491C401CC9B216
:10DEB00080B2E5E7B9F802005A88002100285CD05A
:10DEC0000423904259D8676803EBC00C17F80CC0C4
:10DED000BCF1030F51D957F83070B5F800C0BF6AD4
:10DEE0003F68674511D103916168022751F83000FE
:10DEF000806B00780C90E8784FF00069082809D012
:10DF0000CDE9006900233A469CE0491C401CC9B297
:10DF100080B2D6E702AB3A4620460399FEF781F875
:10DF2000E8B9012F02D0022F0DD018E09DF808109B
:10DF3000C1EBC10101EB410104EB810191F82A1011
:10DF4000042921D00BE09DF80810C1EBC10101EBC1
:10DF5000410104EB810191F82A10052914D0297997
:10DF60004909DFF85484DFF854A405F108020DF1E3
:10DF7000180B089207296FD200E067E0DFE801F094
:10DF800009FDFCFB86FAF900297980297ED006215B
:10DF9000E7E7012F02D0002879D051E0E8BB9DF8D7
:10DFA0000800C0EBC00000EB400004EB800090F8DC
:10DFB0002A10022944D1B0F97400411C1DD0F3F796
:10DFC000D5FB9DF80810FE4BC1EBC10101EB4101EF
:10DFD00004EB8101FB4AA1F8740000969DF808103B
:10DFE0002046F9F79DFA9DF80810C1EBC10101EB3D
:10DFF000410104EB8101A1F874009DF80800C0EB19
:10E00000C00000EB400004EB8000018E059190F809
:10E01000328090F82B10287900E011E0C0F3001254
:10E0200091427DD1C0F34200C0F107026B1D0A92FC
:10E030009DF808102046F9F71BF9002871D10CE073
:10E040000023FDE320460399FDF7D1FE0DB0FF202C
:10E05000BDE8F08F059BF4E3F4E39DF80800202170
:10E06000C0EBC00000EB400004EB800090F82B00F8
:10E0700041EA00108DF81800012059460E54401C4A
:10E080000828FBD306AB3946204601E0E3E322E053
:10E09000039A02F098F99DF80800C0EBC00000EB6D
:10E0A000400004EB800090F82B1079B15FF0000184
:10E0B00080F82B102879C0077DD09DF808102046E5
:10E0C000F9F7BCF820B1CDE90080C3E70121EFE703
:10E0D0009DF80810FEE39DF80800C0EBC00000EBBF
:10E0E000400004EB800090F82A100329A8D1B0F971
:10E0F0007400411C20D0F3F739FB9DF80810B04B99
:10E10000C1EBC10101EB410104EB8101AD4AA1F872
:10E11000740000969DF808102046F9F701FA01E016
:10E120009BE09BE09DF80810C1EBC10101EB4101B0
:10E1300004EB8101A1F874009DF80800C0EBC00059
:10E1400000EB400004EB8000018E059190F83280D6
:10E1500090F82B102879C0F3001291427DD1C0F3C2
:10E160004200C0F107026B1D0A929DF8081020467C
:10E1700004E0FDE3B6E35AE24FE13CE0F9F778F85A
:10E1800000286BD19DF80800C0EBC00000EB4000F8
:10E1900004EB800191F82B00F8B1002081F82B00EE
:10E1A0002979C9071BD000BF9DF80800C0EBC0004B
:10E1B00000EB400000E058E304EB8000B0F974008D
:10E1C000F3F7D4FA9DF80810C1EBC10101EB41014E
:10E1D00004EB8101A1F87400FBE10120DEE760217E
:10E1E00041EA00108DF81800012059460E54401CD9
:10E1F0000828FBD31AE2012F6CD000287FF4CDAEA3
:10E200009DF80800C0EBC00000EB400004EB80006C
:10E2100090F82A100229F1D1B0F97400411C20D0E5
:10E22000F3F7A4FA9DF80810654BC1EBC10101EBAF
:10E23000410104EB8101634AA1F8740000969DF846
:10E2400008102046F9F76CF99DF80810C1EBC101E0
:10E2500001EB410104EB810101E093E0B4E0A1F89E
:10E2600074009DF80810C1EBC10000EB400004EB06
:10E270008000028E059290F832802A7990F82B0067
:10E28000C2F3001290427DD10AAA2046FDF7E8FEB3
:10E290000A98002888D007289DF80800C0EBC00025
:10E2A00000EB400004EB800191F82B006BD9E8B340
:10E2B0005FF0000081F82B0000018DF818009DF838
:10E2C00008100BF1010307222046FEF7F3FB00289C
:10E2D0007AD18FE7B5F80510059195F807A040B100
:10E2E00002AA39462046FDF780FE28B1CDE900A8F4
:10E2F000B0E6CDE900A8ADE60220CDE900A09DF88A
:10E3000008102046059B039AFEF722FB2879410856
:10E31000C90726D09DF80810C0F38100C0F10400A1
:10E32000C1EBC1010A9001EB410100E051E004EBB7
:10E33000810148639DF808102046089B0A9AF8F767
:10E3400097FF20BB9DF808102046F8F777FF10B123
:10E35000CDE900A07EE69DF80810204601F0AAFE57
:10E3600018E0C00716D0287A697AEA7A00EB012013
:10E37000A97A090401EB026142180A929DF808107B
:10E38000204601E0F7E126E002F08EF910B1CDE978
:10E3900000A95FE660208DF8180005988DF8190037
:10E3A000000A8DF81A008DF81BA0042059460E545F
:10E3B000401C0828FBD339E12100000800000305B8
:10E3C000E0930400B97000089AE020460C99904749
:10E3D0004BE201206EE7B0B15FF0000081F82B0046
:10E3E0000A9A0001C2F1070340EA4300401C8DF87D
:10E3F00018009DF808100BF101032046FEF75AFBA8
:10E4000000287DD101E00120E8E759460A9800E0A4
:10E410000E54401C0828FBD308E1012F4DD00028E2
:10E420007FF4BBAD9DF80800C0EBC00000EB4000DE
:10E4300004EB800090F82A100329F1D1B0F97400A0
:10E44000411C1DD0F3F792F99DF80810FA4BC1EB6F
:10E45000C10101EB410104EB8101F84AA1F874000C
:10E4600000969DF808102046F9F75AF89DF8081014
:10E47000C1EBC10101EB410104EB8101A1F8740082
:10E480009DF80800C0EBC00000EB400004EB8000EA
:10E49000B0F830A090F8328028794108C9076ED0D2
:10E4A000C0F38100C0F104020A929DF808102046D2
:10E4B000089BF8F7DDFEE0BB6BE0B5F80510ED79E1
:10E4C0008A4650B102AA39462046FDF78EFD30B18A
:10E4D0005346CDE900583A46B4E50B46F9E7032028
:10E4E000CDE9005053469DF808102046039AFEF7E8
:10E4F0002FFA9DF808102046FEF7D1FD30B100E05C
:10E5000077E1CDE9005053463A469BE50AAA9DF8CB
:10E5100008102046FDF7A4FD0A9A042A16D94120C6
:10E520008DF818008DF819A04FEA1A208DF81A00FE
:10E5300000E06DE08DF81C20100A8DF81D00100C15
:10E540008DF81E008DF81B50100E59E2C2F1040028
:10E55000432141EA80008DF818008DF819A04FEA98
:10E560001A208DF81A008DF81B500BF104039DF84A
:10E5700008102046FEF79EFA10B1534658E134E0E9
:10E580000A985946001D01E00E54401C0828FBD390
:10E5900039E19DF80800C0EBC00000EB400004EB3F
:10E5A0008000B0F97400F3F7E1F89DF80810C1EBB2
:10E5B000C10101EB410104EB8101A1F874009DF858
:10E5C00008100A98C1EBC10101EB410104EB810184
:10E5D00048639DF808100120C1EBC10101EB410126
:10E5E00004EB810181F82A006DE1C00715D0287A7B
:10E5F000697AEA7A00EB0120A97A090401EB026149
:10E6000042180A929DF80810204602F04DF820B1F9
:10E6100053463A46CDE9008914E560208DF818008C
:10E62000012059460E54401C0828FBD365E2012FF7
:10E630005CD000287FF4B1AC9DF80800C0EBC000AE
:10E6400000EB400004EB800090F82A100229F1D181
:10E65000B0F97400411C1DD0F3F788F89DF808103C
:10E66000754BC1EBC10101EB410104EB8101734A20
:10E67000A1F8740000969DF808102046F8F750FFA6
:10E680009DF80810C1EBC10101EB410104EB8101D0
:10E69000A1F874009DF808100AAAC1EBC10000EBB4
:10E6A000400004EB8000B0F8308090F832502046F3
:10E6B000FDF7D6FC0A9A002A3FF476AD9DF80810C3
:10E6C000072AC1EBC10000EB400004EB800090F88A
:10E6D0002B004FEA00107CD98DF818000BF10103D4
:10E6E00007222046FEF7E6F9E8BB06E20028A1D1A2
:10E6F0009DF80800C0EBC00000EB400004EB800078
:10E7000090F82A10032995D1B0F97400411C1DD04E
:10E71000F3F72CF89DF80810474BC1EBC10101EB52
:10E72000410104EB8101454AA1F8740000969DF86F
:10E7300008102046F8F7F4FE9DF80810C1EBC1015F
:10E7400001EB410104EB8101A1F874009DF8081070
:10E75000C1EBC10000EB400004EB8000028E05928B
:10E7600090F8328000E062E02A7990F82B00C2F342
:10E770000012904202D0CDE9008A6BE40AAA20463A
:10E78000FDF76EFC9DF808100A9AC1EBC10000EB82
:10E79000400004EB8000072A90F82B004FEA00109D
:10E7A0001AD98DF818000BF1010307222046FEF755
:10E7B00081F9F0B99DF80800C0EBC00000EB400003
:10E7C00004EB800090F82B1021B1002180F82B1071
:10E7D00093E11FE00121F9E7C2F1070340EA43009A
:10E7E000401C8DF818000BF101032046FEF762F97A
:10E7F00010B1CDE900892DE459460A9800E00E5485
:10E80000401C0828FBD306AB39462046039A01F08A
:10E81000DAFD5DE4C2F1070340EA4300401C8DF8D5
:10E8200018000BF101032046FEF744F958B14346A6
:10E83000CDE900593A4605E4E0930400B9700008B8
:10E8400082E0FDE3FDE359460A9800E00E54401CC7
:10E850000828FBD351E1AA7A2989012F62F31F41CD
:10E86000EA7A41EA026501D018B195E20028D0D0D9
:10E8700092E29DF80800C0EBC00000EB400004EB02
:10E880008000B0F97400F2F771FF9DF80810C1EB39
:10E89000C10101EB410104EB8101A1F874009DF875
:10E8A00008108020C1EBC10101EB410104EB8101A3
:10E8B00081F82A009DF80800C0EBC00000EB400082
:10E8C00004EB8000C5629DF80800C0EBC00000EBBF
:10E8D000400000E0A6E004EB8000826F002A7FF495
:10E8E00074AD59E22979012F01F0030A0BD0BAF176
:10E8F000000F7CD0BAF1020F79D0BAF1010F3FF4CA
:10E9000053ACFFF79DBBBAF1000F09D0BAF1010F6C
:10E9100079D0BAF1020F6CD0BAF1030F69D03BE2A3
:10E92000B5F80510EE79894628B1287A7F2804D9F0
:10E93000FB480B4637E00B4606E002AA3946204664
:10E94000FDF753FB20B14B46CDE900683A46C3E5DD
:10E950000520CDE900604B469DF808102046039A3B
:10E96000FDF7F6FF28799DF80810C0F3800000E05D
:10E970003EE2C1EBC10101EB410104EB810181F8F1
:10E980005C009DF80810287AC1EBC10101EB410140
:10E9900004EB810181F85D009DF808102046FEF728
:10E9A0007EFB20B14B46CDE900603A4694E50AAAC9
:10E9B0009DF808102046FDF753FB9DF808100A98B3
:10E9C000C1EBC10101EB410104EB81010866C220EA
:10E9D0008DF818008DF819904FEA19208DF81A005B
:10E9E0000A988DF81B608DF81C00010A02E0EEE029
:10E9F00009E01BE08DF81D10010C8DF81E10000EB3
:10EA00008DF81F008CE300287FF47BAF9DF8081081
:10EA1000C1EBC10000EB400004EB800090F82A003D
:10EA20000528F1D1204601F045FBE8E30028EBD1B1
:10EA30009DF80800C0EBC00000EB400004EB800034
:10EA400090F82A100529DFD1B0F97400411C1DD0BF
:10EA5000F2F78CFE9DF80810B24BC1EBC10101EB3F
:10EA6000410104EB8101B04AA1F8740000969DF8C1
:10EA700008102046F8F754FD9DF80810C1EBC101BD
:10EA800001EB410104EB8101A1F874009DF808003D
:10EA9000BAF1020FC0EBC00000EB400004EB8000B5
:10EAA000018E059190F832100B9140D1A97980F830
:10EAB0005D1068790AAA00F07F039DF808102046CF
:10EAC000FDF7CEFA0A98C8B99DF80800C0EBC0005F
:10EAD00000EB400004EB800090F8681099420DD1E3
:10EAE00090F86910C12040EA81008DF818000120DB
:10EAF00059460E54401C0828FBD311E39DF808002A
:10EB0000C3EBC302C0EBC00000EB400004EB80008D
:10EB1000416E114481639DF80800C0EBC00000EB1A
:10EB2000400004EB8000406B81423FF6EAAE9DF866
:10EB300008000125C0EBC00000EB400004EB8000A2
:10EB4000816B41661EE000BF81F868500AAA9DF8FB
:10EB500008102046FDF784FA0A9807281FD98DF877
:10EB600018500BF1010307229DF808102046FDF70D
:10EB7000A1FF08BB06AB39462046039A01F023FCEF
:10EB80006D1CEDB29DF80800C0EBC00000EB40002A
:10EB900004EB800191F85D00A842D5D22FE345F047
:10EBA00080008DF818005D466B1C9DF8081020460B
:10EBB0000A9AFDF77FFF18B10B99CDE90019DCE542
:10EBC0000A9800E02E54401C0828FBD3FCE00028E3
:10EBD0007FF497AE9DF80800C0EBC00000EB40004A
:10EBE00004EB800090F82A100429F1D1018E0591E0
:10EBF00090F832100B91B0F97400411C1DD0F2F75F
:10EC0000B5FD9DF80810474BC1EBC10101EB410177
:10EC100004EB8101444AA1F8740000969DF80810A5
:10EC20002046F8F77DFC9DF80810C1EBC10101EB0F
:10EC3000410104EB8101A1F87400BAF1000F07D083
:10EC4000A8797F2820D936490B98CDE9000194E5B1
:10EC5000287A7F28F7D89DF808102879C1EBC101E0
:10EC600001EB410104EB8101C0F3800081F85C00FD
:10EC70009DF80810287AC1EBC10101EB410104EBBA
:10EC8000810181F85D0051E09DF808100AAAC1EBEE
:10EC9000C10101EB410104EB810181F85D0068795C
:10ECA0009DF8081000F07F032046FDF7D9F90A9877
:10ECB000C8B99DF80800C0EBC00000EB400004EBB1
:10ECC000800090F8681099420DD190F86910C12029
:10ECD00040EA81008DF81800012059460E54401C6E
:10ECE0000828FBD31CE29DF80800C3EBC302C0EB6D
:10ECF000C00000EB400004EB8000416E11448163D2
:10ED00009DF80800C0EBC00000EB400004EB800061
:10ED1000406B81420AD90B99CDE900182DE500001E
:10ED200002000405E0930400B97000089DF8080093
:10ED30000125C0EBC00000EB400004EB8000816BBC
:10ED400041661DE080F868500AAA9DF80810204628
:10ED5000FDF786F90A9807281FD98DF818500BF18E
:10ED6000010307229DF808102046FDF7A3FE08BB0B
:10ED700006AB39462046039A01F025FB6D1CEDB227
:10ED80009DF80800C0EBC00000EB400004EB8000E1
:10ED900090F85D10A942D5D231E245F080008DF89F
:10EDA00018005D466B1C9DF8081020460A9AFDF776
:10EDB00081FE18B10B98CDE90009DEE40A9800E065
:10EDC0002E54401C0828FBD306AB39462046039A34
:10EDD00001F0F9FA9DF808100A98C1EBC10101EBA6
:10EDE000410104EB8101C0F1070081F8690006E2EE
:10EDF0004FF0100A012F3CD000287FF482AD9DF81F
:10EE00000800C0EBC00000EB400004EB8000B0F94C
:10EE10007400411C1DD0F2F7A9FC9DF80810C1EB4D
:10EE2000C10101EB410104EB8101A1F87400FE4B2B
:10EE3000FE4A00969DF808102046F8F771FB9DF8F1
:10EE40000810C1EBC10101EB410104EB8101A1F804
:10EE500074009DF80810C1EBC10000EB400004EB0A
:10EE6000800393F86A00E8B3012874D0022873D0B5
:10EE7000C5E1C0B3287910F0010FBED1B5F805B0D7
:10EE800095F8079002AA39462046FDF7AEF820B162
:10EE9000CDE900985B463A46CDE40420CDE90090E8
:10EEA0005B469DF808102046039AFDF751FD9DF83A
:10EEB00008100120C1EBC10101EB410104EB81010C
:10EEC00081F86A009DF808102879C1EBC10101EBB7
:10EED000410104EB8101C0F3800081F85C002879D6
:10EEE000800701E0EAE027E012D5287A697AEA7A19
:10EEF00000EB0120A97A090401EB026108449DF8A6
:10EF00000810C1EBC10101EB410104EB810108666E
:10EF1000A0208DF818008DF81CA08DF819B04FEACC
:10EF20001B208DF81F608DF81A008DF81E608DF87B
:10EF30001B908DF81D60F3E09DF80800C0EBC00049
:10EF400000EB400004EB800090F86A10012904D027
:10EF5000022940D053E1EAE055E1B0F97400411CC8
:10EF60001DD0F2F703FC9DF80810AF4BC1EBC101B7
:10EF700001EB410104EB8101AC4AA1F87400009659
:10EF80009DF808102046F8F7CBFA9DF80810C1EB61
:10EF9000C10101EB410104EB8101A1F87400287962
:10EFA00000F07F0800069DF80800C0EBC00000EBF1
:10EFB000400004EB800090F8681001F1010105D5D4
:10EFC000414575D1022180F86A10BEE0414571D1FA
:10EFD00080F86880FBE02979C9073FF492ACB0F96A
:10EFE0007400411C1DD0F2F7C1FB9DF808108E4B38
:10EFF000C1EBC10101EB410104EB81018B4AA1F896
:10F00000740000969DF808102046F8F789FA9DF8DC
:10F010000810C1EBC10101EB410104EB8101A1F832
:10F0200074009DF808102879C1EBC10202EB42027E
:10F03000C0F3820004EB8203C0F10702204601E026
:10F040003AE016E16C33F8F713F990BB9DF808002D
:10F05000C0EBC00000EB400004EB8000016E11B17A
:10F06000826B91427ED1A1208DF818000120594673
:10F070000E54401C0828FBD306AB39462046039AA1
:10F0800001F0A1F99DF808102046F8F7D7F80028FC
:10F090003FF41EA89DF80810C1EBC10101EB41012E
:10F0A00004EB810191F83220CDE900200B8E03E0C2
:10F0B00064E094E0A0E0038E3A4648E42879C00773
:10F0C00034D1012083F86A009DF808102879C1EB3B
:10F0D000C10101EB410104EB8101C0F3800081F823
:10F0E0005C002879800712D5287A697AEA7A00EBE1
:10F0F0000120A97A090401EB026108449DF8081077
:10F10000C1EBC10101EB410104EB81010866A320C1
:10F110008DF81800012059460E54401C0828FBD3D6
:10F1200006AB39462046039A01F04DF967E028798D
:10F1300000F07F08000693F8680000F1010042D556
:10F1400040451BD1022083F86A009DF80810C1EBEE
:10F15000C10101EB410104EB810181F868809DF858
:10F16000080000E06FE0C0EBC00000EB400004EBE3
:10F170008000696840F86B1FA9684160A2208DF883
:10F1800018009DF8080006ABC0EBC00000EB400083
:10F1900004EB8000394690F868008DF819008DF86E
:10F1A0001AA007968DF81B602046039A01F00BF910
:10F1B0009DF80800C0EBC00000EB400004EB8000AD
:10F1C00080F868601BE0404516D183F868806B1DAD
:10F1D00007229DF808102046F8F74AF860B19DF81C
:10F1E0000800C0EBC00000EB400004EB800090F88A
:10F1F0003220CDE900295EE7B8F1100FBED00DB086
:10F200000020BDE8F08F2879C2073EF419AFC0F3A3
:10F210008200C0F1070220466C33F8F729F8002875
:10F22000DDD19DF8080003E0E0930400B970000808
:10F23000C0EBC00000EB400004EB8000016E39B170
:10F24000826B914204D090F83220CDE9002832E759
:10F25000A1208DF81800012059460E54401C0828A2
:10F26000FBD306AB39462046039A01F0ACF8FEF713
:10F270009BBF0A4920B1CDE9006100233A460BE665
:10F280009DF80800C0EBC00000EB400004EB8000DC
:10F2900090F83220CDE900210DE7000001000405BF
:10F2A00070B5D0F8D0110446884794F88200002841
:10F2B00009D001212046FBF779FD0546D4F8D41189
:10F2C00020468847284670BD2DE9F0410446817DDF
:10F2D000407D02F03BFB0546217EE07D02F036FBDF
:10F2E0000246C0F3C700510701D0401CC0B2607590
:10F2F000032184F89310E11C123000230B540126E3
:10F300001846103127E0EF18BFB2D4F898E04FEA62
:10F31000171C07F00F073EF81CC02CFA07FC5FEA29
:10F32000CC7794F8937006FA00FE17F801C002D06B
:10F330004CEA0E0C01E02CEA0E0C401CC0B207F89F
:10F3400001C0072805D994F8937000207F1C84F829
:10F3500093705B1C9BB29342D5D3500704D094F8B2
:10F360009300401C84F8930094F893502046AD1C01
:10F3700001F09CF868B2BDE8F0812DE9F047044641
:10F38000817D407D02F0E2FA8146217EE07D02F03F
:10F39000DDFA0646002007230146012524E004EBA0
:10F3A000030C09EB010297B29CF813C03A092CFA3E
:10F3B00000FC1CF0010FD4F898C007F00F0705FA05
:10F3C00007F73CF8128002D048EA070801E028EA73
:10F3D0000708401CC0B22CF81280072802D9002070
:10F3E0005B1CDBB2491C89B2B142D8D3062084F839
:10F3F00093000825204601F059F82846BDE8F0871B
:10F4000070B50446817D407D02F0A0FA0546217E5C
:10F41000E07D02F09BFAC0B24100617503212A1819
:10F4200084F8931004F113001AE000BFD4F8981088
:10F4300094F8933031F81510090A195494F8931080
:10F44000491CC9B284F89310D4F8983013F81530D9
:10F450000B5494F89310491C6D1C84F89310ADB2B2
:10F46000AA42E3D8CDB22046AD1C01F01FF868B225
:10F4700070BD00002DE9F041134C0F460546E668CB
:10F480002068001D01F09DFB681C07D137B1216881
:10F49000BDE8F0410D48091D01F0E2BB206835448C
:10F4A000B5424560216805D2A06BBDE8F041091D59
:10F4B00001F0BEBB606B091D01F0BAFBA06A85427A
:10F4C00000D2A562BDE8F08104010020A024002044
:10F4D0002DE9F041054601F0CFFB2D4CA068401C02
:10F4E000A06020682B4F10B1606930B32BE025601D
:10F4F000A068012827D1002606EB860007EB8000D4
:10F5000001F088FB761C382EF6D3234801F082FBED
:10F510002148143001F07EFB1F48283001F07AFBAF
:10F520001D483C3001F076FB1B48503001F072FB67
:10F53000194860631430A06305E02068E96AC06A76
:10F54000884200D82560606A401C60626864E86A8E
:10F550002169884200D9206100EB800007EB800020
:10F56000291D01F07DFB01F0A7FB606900280CD08C
:10F570002068E96AC06A884207D208494FF0805083
:10F580000860BFF34F8FBFF36F8FBDE8F0810000BD
:10F5900004010020F01F00205024002004ED00E0B2
:10F5A00038B501F069FB104C2068C0B90F4801F074
:10F5B00031FB0E48143001F02DFB0C48E060143094
:10F5C000206100200A4B009003F1500210211E2000
:10F5D00002F011FB206010B106A101F0EFFBBDE8C5
:10F5E000384001F069BB000040010020E426002003
:10F5F000B4240020546D72510000000030B4026C3D
:10F600000B46002A0BD0C1681144C1608468A14236
:10F6100001D30168C16030BC1846F0F76ABE30BC47
:10F6200070472DE9F041856B174604460026026CB1
:10F6300082B1C7B1E068F0F75CFEE168206C091A9E
:10F64000E1602268914202D2A168081AE060022FAC
:10F6500016D017E02068A8B9A06803F051F8064654
:10F660000020A0600EE06068F0F743FE216C606847
:10F6700008446060A168884204D32068606001E0AB
:10F6800005B16D1E6D1CA5633046BDE8F08110B557
:10F69000044690F8590058B101280CD002280FD028
:10F6A000502080F31188BFF34F8FBFF36F8FFEE7B9
:10F6B000206B01F015FB2046BDE8104001F010BBA7
:10F6C00010BD000010484FF4C041420706D0C01DD5
:10F6D0000D4920F00700411AC1F5C0410B4A002333
:10F6E0000144C2E900030839183A21F0070111600A
:10F6F0004B600B600B1AC0E9001393604FF00040A1
:10F700005360506170470000C42D0020700100203C
:10F71000144E154CA6F29C474FF08058DFF84C90E1
:10F7200012E000BF01F0A8FAF068C568281D01F0DA
:10F7300048FAA068401EA0606068401E606001F04A
:10F74000BBFA2846FFF7A3FF60680028EAD13868B3
:10F750000128F9D9C9F80080BFF34F8FBFF36F8F2D
:10F76000F2E700008C2400200401002004ED00E0FA
:10F77000002807D00021816001600B460A46C16065
:10F7800002F0B0BA7047000070B51D46049C51B13C
:10F79000C4F80020C4E90F010121204602F05EFAFE
:10F7A00084F84C5070BD2460F4E700002DE9F05F50
:10F7B0008846DDE90B941546834691009A460A9ED9
:10F7C000A522206BF0F7A7FD6FF00301206B01EB82
:10F7D0008501084420F00707780707D0502080F300
:10F7E0001188BFF34F8FBFF36F8FFEE70025B8F18D
:10F7F000000F0FD05FF00000221818F8001082F8F8
:10F80000341018F8001011B1401C1028F4D384F8FB
:10F81000435001E084F83450382E00D33726E66296
:10F82000C4E91365201D01F000FA04F1180001F08D
:10F83000FCF92461C6F138006462A061656584F852
:10F84000585052465946384600F0A0FA2060B9F1A7
:10F85000000F01D0C9F80040BDE8F09F2DE9F04746
:10F860001E46DDE9089417460D00804615D0002C91
:10F8700011D0FFF795FE04F11801C4F8008081E86B
:10F880006002201D01F0D1F9002F04D014F8280FD8
:10F8900040F004002070BDE8F087502080F311880C
:10F8A000BFF34F8FBFF36F8FFEE7000030B51149F4
:10F8B00000E011460A688242FBD34B685C18844220
:10F8C00003D1406818444860084643681C189442B5
:10F8D00009D1084C183C2468A24209D052681A4445
:10F8E00042600A6812680260814200D0086030BD40
:10F8F0000460F9E77001002070B5002441600B4DF1
:10F900000061914206D8D11A8269914206D2011D46
:10F91000286907E09A4203D2994201D3012403E007
:10F92000011DE86801F084F9204670BD4001002007
:10F9300010B5044601F0A0F9A06B28B15FF00004F7
:10F9400001F0BAF9204610BD0124F9E730B589B0BD
:10F950003C4D6EE00498002806DADDE90601059AC0
:10F9600090470498002864DB069C606910B1201D54
:10F9700001F027F903A800F0D7F8024604980A28F6
:10F9800057D2DFE800F00505052D334A05052D3374
:10F9900094F8280040F0010084F828000599A06937
:10F9A000059B01442046FFF7A7FF68B3216A204664
:10F9B000884794F8280040073BD500200090059820
:10F9C000A169002342181946204603F011F8D8B95E
:10F9D000502080F31188BFF34F8FBFF36F8FFEE786
:10F9E00014F8280F20F00100207022E094F828007D
:10F9F00040F0010084F828000598A06128B1811822
:10FA000013462046FFF778FF13E0502080F311885B
:10FA1000BFF34F8FBFF36F8FFEE794F82800810785
:10FA200003D4204601F05CF903E020F0010084F8E3
:10FA30002800002204A9286802F0B2FA002889D11F
:10FA400009B030BD400100202DE9FC410F460546BC
:10FA500001F098FB01A800F067F80446019818B17E
:10FA600002F002FFBDE8FC81254EAFB130690068AD
:10FA7000D0B30027291B3A46306801F0DFF902F0C5
:10FA8000F3FE0028EED11F494FF080500860BFF30D
:10FA90004F8FBFF36F8FE5E7A542EBD802F0E4FE8E
:10FAA000F0682746C068C468201D01F08AF894F801
:10FAB0002800410719D5A0692B4641193A4620462E
:10FAC000FFF71AFFA8B100200346014600902A461E
:10FAD000204602F08DFF60B9502080F31188BFF3FB
:10FAE0004F8FBFF36F8FFEE707E020F0010084F82F
:10FAF0002800216A20468847B4E70127BAE70000BA
:10FB00004001002004ED00E00648416B096829B17E
:10FB1000416BC968C9684968816270474FF0FF311D
:10FB2000FAE700000401002070B5054602F076FDFA
:10FB3000064E0446B068844203D200F009F8012062
:10FB400000E0002028602046B46070BD4001002025
:10FB5000F8B5194D20E0C068C4680668201D01F0A2
:10FB600030F8216A2046884794F82800400713D5CA
:10FB7000A0693044B04206D924616060211DE86864
:10FB800001F056F808E00020034601460090324696
:10FB9000204602F02DFF38B1E86801680029DAD16B
:10FBA0002969C5E90310F8BD502080F31188BFF31F
:10FBB0004F8FBFF36F8FFEE7400100200848406879
:10FBC000401C4FF0500080F3118804D0BFF34F8FDA
:10FBD000BFF36F8FFEE7BFF34F8FBFF36F8FFEE76B
:10FBE00078010020074CE068016841B1C06800213D
:10FBF000D0F80000FFF728FFFFF7A8FEF3E7012188
:10FC00000020F7E7400100202DE9F041044601F013
:10FC100033F894F9455004F1240609E0606A48B1CC
:10FC2000304602F0E9FD08B101F0E6F96D1E6DB253
:10FC3000002DF3DC4FF0FF3684F8456001F03CF80E
:10FC400001F01AF894F9445004F1100709E0206912
:10FC500048B1384602F0D0FD08B101F0CDF96D1E73
:10FC60006DB2002DF3DC84F84460BDE8F04101F092
:10FC700023B800002DE9F0410546002701F082FA83
:10FC8000324E306808B9FFF71DFD706905424ED14C
:10FC9000C5B3083568070ED005F00700C0F10800AD
:10FCA0000544680707D0502080F31188BFF34F8FB9
:10FCB000BFF36F8FFEE72DB37068854237D82348B6
:10FCC000183001460C6801E020460C466168A942E4
:10FCD00002D221680029F7D131688C4227D0076809
:10FCE0002168016060680837411B10290FD960192D
:10FCF000420708D0502080F31188BFF34F8FBFF325
:10FD00006F8FFEE713E041606560FFF7CFFD61682C
:10FD10007068401A7060B268904200D2B06070693A
:10FD200001430020C4E90001F068401CF06002F0CB
:10FD30009BFD780707D0502080F31188BFF34F8FC9
:10FD4000BFF36F8FFEE73846BDE8F0815801002011
:10FD50000449086818B10868026D521C02650868F9
:10FD6000704700000401002010B5040006D000F028
:10FD700083FFE46900F0A0FF204610BD502080F30F
:10FD80001188BFF34F8FBFF36F8FFEE710B5031FCE
:10FD90004FF080741C601B1F21F001011960191FB6
:10FDA000044B0B6014390A60091F6FF002024438DB
:10FDB0000A6010BDBDFB0008016811F8012B01604D
:10FDC0001046704701684A7811F8023B016002EB67
:10FDD000032210467047F0B5054608680026101A41
:10FDE00017460C4601280CDD0846FFF7EBFF68605C
:10FDF00021680A18BA4204D8A9602168012608447B
:10FE00002060002028603046F0BDFEB50025DDE909
:10FE100008468DE87000FAF73CFFFEBD2DE9F84F6B
:10FE2000044600278B463D460846F8F7EDFB03469F
:10FE3000606D616901220668B0470646012847D116
:10FE400081465846F8F7E0FB01268246B04604E0BA
:10FE500008F10108B8F1040F11DC606D534601226E
:10FE6000D0F800C06946E047012808D19DF800009D
:10FE700000F07F0101FB0655F6010006E8D4606939
:10FE80002946401CF5F7B4FD00EB0906E068801B2D
:10FE9000A84202D26FF001061AE0002D0DDD58468F
:10FEA000F8F7B2FB034660692A468119606D06685F
:10FEB000B047A84201D000260AE06069A169007835
:10FEC00060F307073E0919B104F16000F8F774FB0D
:10FED0003046BDE8F88F00002DE9F04704008A465F
:10FEE00016D054F8047CD4F800903E1F564500D933
:10FEF00056462046FAF79EF9054688463246214680
:10FF00005046FCF76BFD40B1C0F80090BDE8F087AB
:10FF1000BDE8F0470846FAF7CFB944E9017955B191
:10FF200029686A18211F8A4202D9611B091F2960AA
:10FF3000C5F80480EAE7024AC2F80080E6E700005C
:10FF4000401000202DE9F74F14460546082803D934
:10FF50004FF0FF30BDE8FE8F680101260830F9F749
:10FF60002DF800F00F00012801D0B01FF2E724B3F4
:10FF700041F6086000EB4510F9F720F84FF6FF71E5
:10FF800001EA8020A04200D204464FF4427000EB08
:10FF9000451841F60870DFF88CA000EB451B06FA07
:10FFA00005F92846FCF786F806464046F9F706F8B4
:10FFB000172816D01C2803D00DE06FF00D00C9E7FC
:10FFC000CEB92846FCF79CF807465846F8F7F6FFE6
:10FFD000B7EB802F05D12846FBF70AFC6FF006002F
:10FFE000B8E7BAF8021019EA010F02D01EB90020D2
:10FFF000B0E7002ED5D0A64200D23446224628468D
:020000040801F1
:10000000019901F028FA4FF4847000EB4510054681
:100010004021F9F739F82846F8F7D0FF0028FAD13F
:10002000204697E784010020054A18B111B1C2E9C2
:10003000030170470348D060034810617047000017
:100040009C0100205B1501085D150108054A18B1E7
:1000500011B1C2E90501704703485061034890613E
:10006000704700009C010020691501086715010810
:10007000074A10B513889C05FDD518B111B1C2E926
:10008000070110BD0348D0610348106210BD000095
:100090009C0100208D1701089117010870B50546D5
:1000A00000242146284600F005F8641C14F0FF04E3
:1000B000F7D070BD7CB500240D460646009423465B
:1000C00022460194FCF744FCC5EBC50000EB400060
:1000D000002206EB80008118521C81F83C40202A47
:1000E000F9D380F82940C4627CBD002180F8411119
:1000F000704700002DE9F74F15460646082803D93A
:100100004FF0FF30BDE8FE8F700101240830F8F792
:1001100055FF00F00F00012801D0A01FF2E775B1D4
:100120004FF4427000EB46100746F8F747FF6FF0B8
:10013000060B172806D01C2804D05846E2E76FF0BB
:100140000D00DFE7DFF8E080B440B8F804000442B7
:1001500013D04FF4027000EB46108146F8F72EFFE3
:1001600000F01F00C10627D548461021F8F78CFF84
:10017000B8F80410A143A8F8041041F6087000EB89
:100180004610F8F71BFF4FF6FF7101EA8020854209
:1001900000D90546F2F73EFD82463046FBF7B0FF38
:1001A00081463846F8F70AFF172808D01C2806D0E1
:1001B0003046FBF71DFBC0E7000711D405E0B8F897
:1001C0000200044203D04D4501D900209AE74D4575
:1001D00010D9F2F71FFDA0EB0A00B0F5FA7F05D9A0
:1001E0003046FBF705FB6FF00C008BE70520FCF7B2
:1001F00076FFD2E72A463046019901F05CF94FF4C8
:10020000847000EB461006462021F8F73DFF30468B
:10021000F8F7D4FE0028FAD1B8F8041028460C43A9
:10022000A8F804406EE70000840100202DE9FF5F7C
:10023000044690F88200894600B3A16809EBC9051D
:1002400011F81500C00719D16069018901EB090097
:1002500086B2606850F836008069006800280DDBBF
:100260004FF00008CDF80480CDF8088001AA494677
:100270002046CDF80C80FAF79BFF18B1002004B09F
:10028000BDE8F09FA068062101EB4501415ABDF889
:1002900004204FF00A0B914210D1092101EB4501D6
:1002A0009DF80720415C914208D10BEB45010844C1
:1002B000082202A9F0F756F80028E0D0606850F84C
:1002C0003600816D806B0E880788A6B1A168022078
:1002D00000EB450A31F90A00F1F748FA642006FB01
:1002E00000F3164A49462046CDF80080F7F718F982
:1002F000A26822F80A00D7B1A168042000EB4506E5
:10030000885FF1F733FA64204743B7FBFBF30C4AED
:1003100049462046CDF80080F7F702F9A1688853D6
:10032000A06810F8151041F0010100F8151001AA9D
:100330004946204600F033F80120A0E7E96C0008A8
:10034000116D00080021FAF731BD2DE9F04190460A
:100350000E4605464FF0FF3700240DE04046F8F703
:1003600053F90346286932460119686DD0F804C074
:10037000E047002807DB0444B44204DA4046F8F7BB
:1003800036F90028EAD0B44207D105F15800A9692E
:10039000F8F712F90020BDE8F0813846FBE730B4E9
:1003A00001EBC1010624836804EB41011944136881
:1003B0000B6053684B6093688B6090F8E10130BC30
:1003C0001146FBF715B93EB590F87C40052C01D0DD
:1003D0007F2C09D10129416908D0498821B11144F4
:1003E0008269528891420ED9FF203EBD09880029BA
:1003F000FAD01144826912889142F5D8426852F8C5
:100400003110896A03E0426852F8311089696A46FE
:100410000988ADF8001000218DF8021008218DF830
:100420000310002155185C5C491CC9B22C710829C5
:10043000F8D390F8E1011146FBF7DAF83EBD7CB540
:100440008026DDE906548DF800608DF801301B0A26
:100450008DF802308DF80440230A8DF80530230C06
:100460008DF80630230E8DF807308DF803506B465B
:10047000FFF7A9FF7CBD70B5054600F006F80446FD
:100480002846FEF70DFF204670BD0EB5D0F8C81106
:100490000988ADF8001000218DF802108DF80310C6
:1004A00090F8E1016946FBF7A3F80EBD38B50446A4
:1004B00090F8931013300546FAF7C3FF94F8932091
:1004C000010A515594F89310491CC9B284F893104D
:1004D000485594F89300401C84F89300E06838B1C4
:1004E0006068F2F7B6FB218A0122E068F2F78DFB23
:1004F00094F8400194F8932001286068294618D0A8
:10050000F4F752F8FA21012000F0BEFA60680068A2
:1005100001684906FCD5E06830B1218A0022F2F773
:1005200074FB6068F2F77CFB20780025042803D078
:100530000CE0F4F77FF8E5E702F070F8024600956A
:1005400000230221D4F8B40002F052FA84F8935048
:10055000B4F89E00401CA4F89E0038BD2DE9FF4F62
:100560004269002912887DD07F297BD8FAB143687F
:10057000046853F8323024789B6904F5C0651E681E
:10058000AE4201D0FF2C02D101F5C0641C6043686B
:1005900053F83220936A02681D68127802F5B0643D
:1005A000A54201D0FF2A02D101F5B0621A603D4D8B
:1005B000426905F12006846996E8C0119288A488F2
:1005C0008DE8C01100236F4612BB25E04668D0F8C5
:1005D000008056F8326098F800B0D6F818A0DAF823
:1005E000006026F0604C06F0604957F8236006EB87
:1005F0000B08E04502D0BBF1FF0F05D106EB010C63
:100600004CEA090CCAF800C05B1C521CDBB292B267
:10061000A24201D8042BD9D3002330354269846922
:1006200095E8E010128924898DE8E0106D461ABB28
:1006300026E04668D0F800C056F832609CF800A06A
:10064000D6F81890D9F8007027F0604607F0604897
:1006500055F8237007EB0A0CB44502D0BAF1FF0F2E
:1006600006D100E01CE07E1846EA0806C9F80060E2
:100670005B1C521CDBB292B2A24201D8042BD8D32D
:100680000268D0F8143212781D6802F18004A54285
:1006900001D0FF2A02D101F180021A6000680170C6
:1006A000BDE8FF8F442D0108202A01D9FF207047A3
:1006B000C1EBC10101EB410100EB8100426300206D
:1006C000704700007CB5044690F87C00884244D016
:1006D000244D31B1042930D005291FD07F293FD1C5
:1006E0000EE0D5E90001CDE90001002084F87C008E
:1006F0006946204600F040F9D4F884102046884727
:10070000D5E90201CDE900017F2084F87C0069462B
:10071000204600F031F9D4F888101CE000B3D5E988
:100720000401CDE90001052084F87C0069462046DB
:1007300000F022F9D4F88C100DE088B1D5E906015B
:10074000CDE90001042084F87C006946204600F0D1
:1007500013F9D4F890102046884794F87C007CBDAB
:10076000FF207CBD442D010830B50A4C2268536A35
:1007700009490D685B1B4D682B444B604FF6FF73B6
:10078000181A086050622068016841F00101016098
:1007900030BD00008C1B0020341000200EB5016815
:1007A0000122097841F4E061ADF8001000218DF8D4
:1007B00002108DF804108DF8032090F8E1016946CD
:1007C000FAF716FF0EBD00002DE9F8431D46174647
:1007D0000E460446082803D94FF0FF30BDE8F883E1
:1007E000012E08D0022E0ED0032E0CD0042E0AD0DB
:1007F0006FF00400F2E7042269464FF47060F8F7E6
:1008000009FC009848B169076FF00500E6D49DB176
:10081000012E05D0022E0FD106E06FF00200DDE7B9
:1008200015F0210FDAD007E0A90601D52906D5D5A4
:10083000E90601D52906D1D52046FAF7D9FF60018E
:1008400005F0F0014FF0010831430830F8F71CFCC7
:10085000224E57B93788781C80B2A0F57F4130808E
:10086000F03902D14FF4404030804FF48160390AB2
:1008700000EB4410F8F708FC4FF4A160F9B200EB6C
:100880004410F8F701FC4FF4847000EB4410074665
:100890000121F8F7F9FB3846F8F790FB0028FAD168
:1008A00008FA04F0718805F001028143A2400A436E
:1008B0007280B1888143B1800949002021F8140079
:1008C0000649891D08554FF4427000EB441528462F
:1008D000F8F774FB0028FAD060B27FE784010020AB
:1008E000C48D002038B50446B0F9C401401C02D0C4
:1008F000204600F02BF8134B002241F20501204660
:10090000F6F7CCFA0F4B002241F206012046F6F72B
:10091000C5FAD4F8C8010068400011D5D4F8CC015C
:10092000006800280CD00A22B0FBF2F1B0FBF2F311
:100930000091054A00212046F6F7F2FDA4F8C40113
:1009400038BD0000696C00082182000810B5002342
:1009500004461A4641F20501F6F7A0FA00231A46AA
:1009600041F206012046F6F799FAB4F9C401F0F70E
:10097000FDFEA4F8C40110BD2DE9F0410D4604466A
:10098000497890F97E000126002719B148B984F80A
:100990007E6006E0012804D184F87E702046FFF7CF
:1009A0007DFBE878002894F8800006D060B984F8D0
:1009B00080602046FFF796FF06E0012804D184F806
:1009C00080702046FFF7C2FF2879002894F8810044
:1009D00006D060B984F881602046FCF759F806E03B
:1009E000012804D184F881702046FCF75AF8A878D1
:1009F000002894F87F0006D060B984F87F60204614
:100A0000FBF7E4F906E0012804D184F87F70204662
:100A1000FBF7ECF96879002894F8820006D060B9F9
:100A200084F882602046F6F789F906E0012804D1AF
:100A300084F882702046F6F7ADF92878002894F8FB
:100A40007D0005D0002801D184F87D60BDE8F081EB
:100A50000128FBD184F87D702046BDE8F041FFF706
:100A60009DBE000072B6BFF34F8F05480168054A6E
:100A700001F4E06111430160BFF34F8F00BFFDE758
:100A80000CED00E00400FA0570B50C46064600F0D7
:100A9000F3F8154D2868406D80B92968012081F868
:100AA00058005CB101212046FEF7E4FC0F494FF0ED
:100AB00080500860BFF34F8FBFF36F8F00F0FCF8DA
:100AC00000F0DAF82868446D002034B116B12968C6
:100AD000486502E02A68611E5165296881F858005E
:100AE00000F0EAF8204670BD0401002004ED00E0AB
:100AF0002DE9F04705460027481B1646894606287B
:100B00005DDBA81CFCF76BFD0446A0F55C414FF4CF
:100B10008060814253D3A4F55841824651451AD290
:100B2000A81DA9EB00014FF00C08062947DB01784E
:100B30005C2944D14178752941D1801CFCF74FFDD7
:100B4000A0F55C4151453AD2C4F3090161F39F20FD
:100B500000F5803002E04FF006082046802801D2E0
:100B6000012110E0B0F5006F02D20221C0270AE097
:100B7000B0F5803F02D20321E02704E0B0F5881FE2
:100B80001DD20421F0274A1E08E000BF00F0BF0379
:100B9000346843F080038009A354521E12F0FF0210
:100BA000F4D1012901D9384301E000F07F00326817
:100BB00010703068084430604046BDE8F08700207F
:100BC000FBE7D0E9013201699A60D0E901235A605C
:100BD0004A68824201D182684A6000220261086844
:100BE000401E086008687047034B036003F15C0017
:100BF00008608020106070470C270020044B0360C1
:100C000003F15C0008604FF48070106070470000D2
:100C10006829002000F108014FF0FF32C0E90112FD
:100C2000C1600161002101607047002101617047CE
:100C300030B50B685A1C02D000F1080202E00269CC
:100C400004E02246546825689D42FAD953684B60F7
:100C500099608A60516008610168491C016030BD7B
:100C600042684A6093688B6093685960916008613C
:100C70000168491C01607047502080F31188BFF360
:100C80004F8FBFF36F8F0A494868401C48600128A6
:100C90000CD10848006810F0FF0F07D0502080F3F7
:100CA0001188BFF34F8FBFF36F8FFEE770470000CF
:100CB0007801002004ED00E00849486828B1401E92
:100CC000486001D180F311887047502080F311886B
:100CD000BFF34F8FBFF36F8FFEE700007801002056
:100CE00070B500282AD0164DA0F108046068696923
:100CF000084207D1502080F31188BFF34F8FBFF314
:100D00006F8FFEE722683AB1502080F31188BFF35D
:100D10004F8FBFF36F8FFEE78843606000F032FAB9
:100D200060686968084468602046FEF7BFFD28696E
:100D3000401C2861BDE8704001F096BD70BD000008
:100D4000580100204FF0E020002101618161054938
:100D50004FF47A720968B1FBF2F1491E4161072133
:100D6000016170470001002010B5EFF775FA1149D5
:100D700010280ED300F1E02090F8F0030A7890429A
:100D800007D2502080F31188BFF34F8FBFF36F8FCE
:100D9000FEE709480068896800F4E060884207D9E6
:100DA000502080F31188BFF34F8FBFF36F8FFEE7A2
:100DB00010BD0000780100200CED00E010B5084BDC
:100DC000002200BF53F832401CB1521C082AF9D34C
:100DD00010BD43F8321003EBC201486010BD0000A3
:100DE000B01F002010B504000AD000F013F894F8EA
:100DF000460000280CD12046BDE81040FFF770BF28
:100E0000502080F31188BFF34F8FBFF36F8FFEE741
:100E100010BD0000084A002102EBC1035B68834259
:100E200006D1002042F8310002EBC1014860704752
:100E3000491C0829F0D37047B01F002070B5154633
:100E40000E460446FFF718FF94F944100020491C91
:100E500001D184F8440094F94510491C01D184F86B
:100E60004500FFF729FFA06B28B92A46314604F157
:100E7000240000F0DFF82046BDE87040FEF7C4BE55
:100E800010B5020014D00F48006B38B1502080F329
:100E90001188BFF34F8FBFF36F8FFEE700F072F939
:100EA00000211046FEF7E6FA01F0DEFC002807D12B
:100EB00005494FF080500860BFF34F8FBFF36F8F2D
:100EC00010BD00000401002004ED00E070B50D46E7
:100ED00004000BD095B11E4A106BB8B1502080F3BE
:100EE0001188BFF34F8FBFF36F8FFEE7502080F361
:100EF0001188BFF34F8FBFF36F8FFEE7502080F351
:100F00001188BFF34F8FBFF36F8FFEE700F03AF900
:100F1000D26823685919934204D98B420AD9914265
:100F200002D807E08B42FAD9881A21600021FEF727
:100F3000A1FA00E0216001F097FC002807D10549E3
:100F40004FF080500860BFF34F8FBFF36F8F70BDBD
:100F50000401002004ED00E070B50546FFF78CFEAB
:100F60001E4C05B92568281DFFF72BFEA86A18B18D
:100F700005F11800FFF725FE606A401C60622068DA
:100F8000854207D1291D1648FFF76AFE6068401C9C
:100F9000606007E0A068401EA0602846FEF777FB6F
:100FA000FEF7B2FDFFF788FE6069002814D02068C4
:100FB000854211D1206B38B1502080F31188BFF3E6
:100FC0004F8FBFF36F8FFEE706494FF080500860E8
:100FD000BFF34F8FBFF36F8F70BD0000040100207F
:100FE0008C24002004ED00E002490A6A0260C9680E
:100FF000416070470401002001490120C861704729
:101000000401002010B50C4650B109490968183197
:10101000FFF70EFE2046BDE810400121FEF72ABA78
:10102000502080F31188BFF34F8FBFF36F8FFEE71F
:101030000401002070B514460D4668B10A490968DC
:101040001831FFF70DFE0CB14FF0FF352146284651
:10105000BDE87040FEF70EBA502080F31188BFF350
:101060004F8FBFF36F8FFEE70401002070B50400BF
:101070003ED0226DA2B1E06C884200D30146E06A06
:10108000884235D0012A33D11A4D2A6894420FD1B3
:10109000502080F31188BFF34F8FBFF36F8FFEE7AF
:1010A000502080F31188BFF34F8FBFF36F8FFEE79F
:1010B000E162A269002A02DBC1F13801A1610E4E92
:1010C00000EB8000616906EB8000814210D1201D99
:1010D000FFF777FDE06A2969884200D9286100EBB3
:1010E000800006EB8000211DBDE87040FFF7B8BD11
:1010F00070BD000004010020F01F002030B587B053
:101100000024039405AA04A903A80494FFF76CFD26
:10111000DDE903010094CDE90110002315A1174872
:10112000059A01F04AF9164D0028E8621FD001F037
:101130002FFC012809D0401C19D1502080F31188C0
:10114000BFF34F8FBFF36F8FFEE7502080F31188FE
:10115000BFF34F8FBFF36F8F4FF0FF30A8620120B6
:101160006861EC6007B0BDE8304000F04BBC07B0F0
:1011700030BD000049444C450000000011F7000854
:10118000040100200248016B491C01637047000004
:1011900004010020164810B5016B11B10121C16195
:1011A00010BD0021C1610169124A01E0B9B1491EB7
:1011B00001EB810352F82330002BF7D001EB8103C0
:1011C00002EB830202F1080453685B685360A34298
:1011D00001D15B685360DA680260016110BD502084
:1011E00080F31188BFF34F8FBFF36F8FFEE70000CE
:1011F00004010020F01F00202DE9F8430024124DC7
:10120000804627462E1F1AE055F82400D0F8B0205B
:10121000424513D10178042907D100970023D0F863
:10122000B4001A46032101F0E3FB55F82400002323
:101230000322D0F8AC00194601F0EAF8641C3078BB
:101240008442E1DBBDE8F883D80100202DE9F041BC
:101250000D4D002406466FF007082F1F0EE000BF5B
:1012600055F82400D0F8B410B14206D1D0F8AC0043
:1012700000230322414601F0CBF8641C38788442F5
:10128000EEDBBDE8F0810000D801002030B5044657
:1012900090F8930004F111010144801E09884DBAB1
:1012A000C1B204F11300FAF7CCF8A84205D034F823
:1012B000A00F401C2080FC2030BD217D080605D5F4
:1012C00034F8A00F401C2080FB2030BD084A0020CD
:1012D000135C8B4201D1002030BD401CC0B20828F5
:1012E000F6D334F8A00F401C2080012030BD000050
:1012F000CC2C01082DE9F041044690F8930004F14C
:1013000011010144801E09884DBAC1B204F11300D5
:10131000FAF797F8A84206D034F8A00F401C2080B6
:10132000FC20BDE8F0813F4A217D0020135C8B4208
:101330000DD14FF48076052940D012DC012917D059
:10134000022915D0032953D0042969D150E0401C4B
:10135000C0B20828EAD334F8A00F401C2080012036
:10136000DFE706293BD00F2902D0102958D13FE0F2
:10137000A17D607D00F0EAFA0709217EE07D00F0A2
:10138000E5FA0509217EE07D00F0E0FA000700D0D3
:101390006D1CB4F8A4107819884237D8217EE07DFE
:1013A00000F0D4FAC508217EE07D00F0CFFA4007B6
:1013B00000D06D1C6D1DB54230D831E0A17D607D3F
:1013C00000F0C4FA0509A17D607D00F0BFFA0007B6
:1013D00000D06D1CB4F8A400A84217D320E0A17D72
:1013E000607D00F0B3FAB4F8A41081420ED317E088
:1013F000A17D607D00F0AAFA0546217EE07D00F027
:10140000A5FAB4F8A4202918914201D9022088E74E
:10141000052101EB400080B2B04201D9032080E7F2
:1014200000207EE7CC2C01082DE9F04116460D4640
:1014300007464FF0FF343046F7F7D9F840B9314648
:101440003846FAF749FB0446A84201D0002CF2DAEC
:101450002046BDE8F0812DE9F0475FEA02088946A1
:10146000064626D042F6081000EB46152846F7F748
:10147000A5FD074642F6080000EB46142046F7F7A4
:101480009DFD07EB002087B2380200EB4610424674
:1014900049461830F7F7BEFD07EB080086B2310A5F
:1014A0002046F7F7F1FDF1B22846BDE8F047F7F71F
:1014B000EBBDBDE8F0872DE9F0475FEA02088946F9
:1014C000064626D042F2085000EB46152846F7F7AC
:1014D00075FD074642F2084000EB46142046F7F738
:1014E0006DFD07EB002087B2380200EB4610424644
:1014F00049461030F7F7F8FD07EB080086B2310ACD
:101500002046F7F7C1FDF1B22846BDE8F047F7F7EE
:10151000BBBDBDE8F08700787047017070470000E0
:101520002DE9F041050A00F0F0014FF4A850F7F75B
:10153000ABFD002401264FF4027700BF06FA04F049
:10154000284204D007EB44101F21F7F79DFD641CCF
:10155000E4B2082CF2D3BDE8F0817047704772B650
:10156000704762B670477047704700000122110350
:101570000148F1F74ABB00000004024010B54FF4E7
:10158000A850F7F71BFD00F0F0044FF4B850F7F740
:1015900015FD04EB002080B210BD10B54FF4B05023
:1015A000F7F70CFD04464FF4C050F7F707FD04EBC6
:1015B000002080B210BD000010B50446014606228E
:1015C0004FF41060F7F726FD042204F10E0190019C
:1015D000F7F720FD042204F10A014FF4A060F7F7A9
:1015E00019FD0422A11D4FF47060F7F713FD0748A1
:1015F0000178A1744178E17481782175C0786075B3
:101600000248401E0078A07510BD00009501002022
:101610000020F7F7D3BC70B504464FF4D850F7F765
:10162000CDFC20704FF4D050F7F7C8FC05464FF4BE
:10163000C850F7F7C3FC05EB0020608070BD2DE9B2
:10164000F0410D460646002400F0A3F84FF0FF38A5
:10165000AEB10022B05C204444B2102C17DC521C06
:1016600052B2082AF6DB002441F60877315D07EB19
:101670004410F7F709FD641C64B2082CF6DBCDB109
:10168000002108462A5C114449B2102902DD404677
:10169000BDE8F081401C40B20828F3DB002441F68D
:1016A0000866295D06EB4410F7F7EEFC641C64B293
:1016B000082CF6DB0020EBE7F7F70EBC00224FF416
:1016C00080510148F1F7A1BA0004024010B5C1B23F
:1016D000040A4FF4B050F7F7D7FC2146BDE810409C
:1016E0004FF4C050F7F7D0BC10B5044601460622AF
:1016F0004FF41060F7F7F8FC042204F10E0190019A
:10170000F7F7F2FC042204F10A014FF4A060F7F7A6
:10171000EBFC0422A11D4FF47060F7F7E5FC0748CD
:10172000A17C0170E17C4170217D8170617DC1707F
:101730000249A07D491E087010BD000095010020DF
:1017400010B5044630F03A0002D04FF0FF3010BD23
:101750000020F7F733FC40EA04010020F7F794FC7F
:10176000002010BD10B5044601784FF4D850F7F7AB
:101770008BFC6088010A4FF4C850F7F785FCA1780C
:10178000BDE810404FF4D050F7F77EBC0020704702
:101790007047F0B585B04FF41064062269462046C4
:1017A000F7F738FC0422950102A92846F7F732FC26
:1017B0004FF4A066042203A93046F7F72BFC4FF440
:1017C0007067042204A93846F7F724FC8021002022
:1017D000F7F75AFC0020F7F7F1FB0622694620468E
:1017E000F7F782FC042202A92846F7F77DFC0422C1
:1017F00003A93046F7F778FC042204A93846F7F726
:1018000073FC05B0F0BDF7F78DBB10B504464FF47F
:101810003850F7F7D3FBC0F38011217000F0380087
:1018200001220021202811D038280FD06170102803
:101830000ED018280CD020280AD0A170082809D072
:10184000182807D0202805D0E17010BD6270EEE79F
:10185000A270F3E7E27010BD10B500244FF43850C9
:10186000F7F7ACFBC00700D00124204610BD10B52F
:1018700000244FF43850F7F7A1FBC0F3C20006284C
:1018800000D10124204610BD10B54FF43854204635
:10189000F7F794FB20F080012046F7F7F5FB204690
:1018A000F7F78CFB40F080012046BDE81040F7F7C9
:1018B000EBBB10B502780021012A00D1402142780B
:1018C000012A06D0C2788078012A05D001280BD0E1
:1018D0000CE041F0380109E0012802D041F0080194
:1018E00004E041F0180101E041F010014FF43850DC
:1018F000F7F7CAFBBDE81040FFF7C6BF70B5044656
:101900004FF438563046F7F759FB41064FF0FF3594
:101910001AD520F03800012C10D040F038013046A4
:10192000F7F7B2FBFFF7B0FF3046F7F747FB012CA4
:1019300007D000F0380038B1002070BD40F0300111
:10194000EDE700F03000F6E7284670BD61F30702CE
:1019500060F30F2290B2704770B504460E460846F9
:10196000EEF7EBFC05460146204600F00FF82A464C
:1019700031462068EEF7BDFC20682844206070BD29
:10198000026811700168491C0160704710B5CA17E0
:10199000046801EB12631A0A22700268521C02608A
:1019A00011700168491C016010BD70B5141E1E46FF
:1019B00005460BDD1146FFF7E9FF22463146286850
:1019C000EEF797FC28682044286070BD19B1BDE887
:1019D0007040FFF7C1BFBDE870400021FFF7D6BFE0
:1019E000F0B587B00DF1300C4FF0000E9CE8F00020
:1019F0004FF0010CCDE904C78DE87040F9F7E8FA23
:101A000007B0F0BD1CB537480168374A914207D18D
:101A1000502080F31188BFF34F8FBFF36F8FFEE725
:101A200000683149491E884207D1502080F311884F
:101A3000BFF34F8FBFF36F8FFEE72C4908780190FB
:101A4000FF20087008788DF800009DF800009DF8D0
:101A5000002000F0F000904207D0502080F3118861
:101A6000BFF34F8FBFF36F8FFEE79DF80000204C50
:101A700000F0500020700720A06005E09DF80020D5
:101A800052008DF80020401E9DF800201206F5D46B
:101A9000A060032807D0502080F31188BFF34F8F38
:101AA000BFF36F8FFEE74FF44070A060019808709D
:101AB0000C482030016841F470010160016841F078
:101AC00070410160FFF73EF900206060EEF78CFB8B
:101AD0000848016841F040410160EEF771FB0020C9
:101AE0001CBD000000ED00E071C20F4100E400E009
:101AF0007801002034EF00E010B5502080F3118809
:101B0000BFF34F8FBFF36F8F00F096FD18B10449FC
:101B10004FF080500860002080F3118810BD000055
:101B200004ED00E010B50C4648B184420FD95020B6
:101B300080F31188BFF34F8FBFF36F8FFEE7502004
:101B400080F31188BFF34F8FBFF36F8FFEE7022240
:101B5000002100F02FF8002800D0846310BD38B5B4
:101B60000C4648B184420FD9502080F31188BFF34E
:101B70004F8FBFF36F8FFEE7502080F31188BFF3C4
:101B80004F8FBFF36F8FFEE70221134600220091B3
:101B9000114600F030F8002800D0846338BD10B53D
:101BA00002460021012000F005F80446FDF7E0FDA3
:101BB000204610BDF8B517460E46050013D005FBAC
:101BC00006F05030FEF756F804000AD0002084F8E2
:101BD000460004F150023B46314628460094FDF78A
:101BE000D3FD2046F8BD502080F31188BFF34F8FFE
:101BF000BFF36F8FFEE738B5049D18B153B1CAB17A
:101C000081B120E0502080F31188BFF34F8FBFF3E4
:101C10006F8FFEE7502080F31188BFF34F8FBFF323
:101C20006F8FFEE7502080F31188BFF34F8FBFF313
:101C30006F8FFEE739B1502080F31188BFF34F8FCB
:101C4000BFF36F8FFEE750241C46012384F8463013
:101C50002B460094FDF798FD204638BD70B50D4623
:101C6000040025D0FFF708F8D4E90F20216802FB13
:101C70000011A1600021A163216861600A46D4E9D6
:101C80000F01401E00FB0121E16021464FF0FF30B3
:101C900001F8440F487004F110008DB1FEF7BAFF4F
:101CA00004F12400FEF7B6FFFFF706F8012070BD2F
:101CB000502080F31188BFF34F8FBFF36F8FFEE783
:101CC00021690029F0D000F097FD0028ECD00449EC
:101CD0004FF080500860BFF34F8FBFF36F8FE3E783
:101CE00004ED00E02DE9FF4782B01D468A464FF023
:101CF0000008040003D0BAF1000F08D011E0502012
:101D000080F31188BFF34F8FBFF36F8FFEE7206C16
:101D100038B1502080F31188BFF34F8FBFF36F8F1E
:101D2000FEE7022D0AD1E06B012807D0502080F396
:101D30001188BFF34F8FBFF36F8FFEE700F060FC99
:101D40003F4F4FF000094FF0805648B9049838B122
:101D5000502080F31188BFF34F8FBFF36F8FFEE7E2
:101D6000FEF78AFFA06BE16B884207D3022D05D0F6
:101D70000498D0B1B8F1000F1AD01EE02A4651469F
:101D80002046FDF74EFC616A19B104F1240000F011
:101D900033FD20B13E60BFF34F8FBFF36F8FFEF76F
:101DA0008BFF012006B0BDE8F087FEF785FF22E03B
:101DB0006846FFF719F94FF00108FEF77DFFFFF7BE
:101DC000E1F9FEF759FF94F94400401C01D184F871
:101DD000449094F94500401C01D184F84590FEF7E9
:101DE0006BFF04A9684600F081FA30B12046FDF788
:101DF0000BFF00F039FD0020D4E7FEF73DFFA06B9C
:101E0000E16B884213D1FEF757FF04F110000499EB
:101E1000FFF7F8F82046FDF7F7FE00F025FD002853
:101E20009ED13E60BFF34F8FBFF36F8F98E7FEF7F1
:101E300043FF2046FDF7E8FE00F016FD90E70000A6
:101E400004ED00E02DE9F0471F4690468946040066
:101E500003D0B9F1000F08D011E0502080F31188B1
:101E6000BFF34F8FBFF36F8FFEE7206C38B1502068
:101E700080F31188BFF34F8FBFF36F8FFEE7022F00
:101E80000AD1E06B012807D0502080F31188BFF3FE
:101E90004F8FBFF36F8FFEE7FEF766FF5020EFF323
:101EA000118680F31188BFF34F8FBFF36F8FA06B44
:101EB000E16B884206D3022F04D0002086F31188FC
:101EC000BDE8F08794F94550A06B3A464946204654
:101ED000FDF7A7FB681C04D06D1C84F84550012059
:101EE000ECE7606A0028FAD004F1240000F084FCDA
:101EF0000028F4D0B8F1000FF1D00121C8F800108B
:101F0000EDE770B50E46040009D0206C78B1502082
:101F100080F31188BFF34F8FBFF36F8FFEE7502020
:101F200080F31188BFF34F8FBFF36F8FFEE72068F8
:101F300048B9A06838B1502080F31188BFF34F8FA3
:101F4000BFF36F8FFEE7FEF70FFF5020EFF3118511
:101F500080F31188BFF34F8FBFF36F8FA16BE06BDE
:101F6000884218D994F94500491CA163411C04D04A
:101F7000401C84F8450001200EE0606A0028FAD079
:101F800004F1240000F038FC0028F4D0002EF2D038
:101F900001203060EFE7002085F3118870BD00005C
:101FA0002DE9F747002683B08A46040003D0BAF132
:101FB000000F08D011E0502080F31188BFF34F8F3D
:101FC000BFF36F8FFEE7206C38B1502080F311888B
:101FD000BFF34F8FBFF36F8FFEE700F011FBDFF809
:101FE000F4804FF000094FF0805748B9059838B198
:101FF000502080F31188BFF34F8FBFF36F8FFEE740
:10200000FEF73AFEA56BC5B151462046FDF7F6FA3C
:102010006D1EA563206950B104F1100000F0ECFBC7
:1020200028B1C8F80070BFF34F8FBFF36F8FFEF772
:1020300043FE012006B0BDE8F087059808B11EB147
:1020400006E0FEF739FE27E06846FEF7CDFF0126E1
:10205000FEF732FEFFF796F8FEF70EFE94F9440005
:10206000401C01D184F8449094F94500401C01D1F2
:1020700084F84590FEF720FE05A9684600F036F981
:10208000002820460AD0FDF7BFFD00F0EDFB2046FA
:10209000FDF74EFC0028B3D00020CBE7FDF748FC4D
:1020A00090B104F124000599FEF7ACFF2046FDF73E
:1020B000ABFD00F0D9FB0028A2D1C8F80070BFF337
:1020C0004F8FBFF36F8F9BE72046FDF79DFD00F01C
:1020D000CBFB95E704ED00E02DE9F04790468946FB
:1020E000040003D0B9F1000F08D011E0502080F3B4
:1020F0001188BFF34F8FBFF36F8FFEE7206C38B1AD
:10210000502080F31188BFF34F8FBFF36F8FFEE72E
:10211000FEF72AFE5020EFF3118680F31188BFF3FB
:102120004F8FBFF36F8FA76BF7B194F944504946B7
:102130002046FDF763FA7F1EA763681C04D06D1C60
:1021400084F84450012010E020690028FAD004F1FE
:10215000100000F051FB0028F4D0B8F1000FF1D0CE
:102160000121C8F80010EDE7002086F31188BDE8D2
:10217000F08700002DE9F343002683B004003546C4
:1021800009D0206C78B1502080F31188BFF34F8FB5
:10219000BFF36F8FFEE7502080F31188BFF34F8F9E
:1021A000BFF36F8FFEE700F02BFADFF83C814FF0B2
:1021B00000094FF0805748B9049838B1502080F397
:1021C0001188BFF34F8FBFF36F8FFEE7FEF754FD0B
:1021D000A06BC8B1401EA063206810B9FDF7B8FD20
:1021E000A060206950B104F1100000F005FB28B197
:1021F000C8F80070BFF34F8FBFF36F8FFEF75CFD21
:10220000012005B0BDE8F083049808B166B10FE085
:102210003DB1502080F31188BFF34F8FBFF36F8F14
:10222000FEE7FEF749FD5DE06846FEF7DDFE0126AC
:10223000FEF742FDFEF7A6FFFEF71EFD94F94400EF
:10224000401C01D184F8449094F94500401C01D110
:1022500084F84590FEF730FD04A9684600F046F882
:102260000028204612D0FDF7CFFC00F0FDFA2046F2
:10227000FDF75EFB0028A9D09DB3FEF7FDFC606A68
:1022800050B3206B0068C0F1380126E0FDF750FB29
:10229000E0B1206838B9FEF7EFFCA06800F070FAF2
:1022A0000546FEF709FD04F124000499FEF7AAFE95
:1022B0002046FDF7A9FC00F0D7FA002886D1C8F81F
:1022C0000070BFF34F8FBFF36F8F7FE72046FDF79E
:1022D0009BFC00F0C9FA79E70021A068FEF7C6FE72
:1022E0009FE7FFE700208CE704ED00E02DE9F041D7
:1022F0000C46050011D0C4B1FEF7BEFC174BDA68DE
:102300006E682068911B471C17D02F681B6A9F427C
:1023100019D0964217D8012410E0502080F311887C
:10232000BFF34F8FBFF36F8FFEE7502080F311880C
:10233000BFF34F8FBFF36F8FFEE70024FEF7BCFCA7
:102340002046BDE8F081884205D9401A2060284621
:10235000FEF74AFEF1E700202060DCE704010020E0
:102360002DE9FF5F8346DDE90E87994616468A46CA
:102370009000FDF77FFC05001CD05C20FDF77AFC87
:10238000040014D00020256384F85900CDE90240F0
:10239000CDE900874B46324651465846FDF706FACE
:1023A0002046FDF795F8012004B0BDE8F09F2846CF
:1023B000FEF796FC4FF0FF30F6E7F0B585B0DDE9AB
:1023C0000B640A9DA6B1DCB15C2700972663022648
:1023D00084F85960002604AFCDE90246CDE90057E4
:1023E000FDF7E4F92046FDF773F8049805B0F0BD59
:1023F000502080F31188BFF34F8FBFF36F8FFEE73C
:10240000502080F31188BFF34F8FBFF36F8FFEE72B
:102410002DE9F0411F4690460D46012690B1044635
:10242000FEF72AFC0FB1606D386094F85800022165
:1024300084F85810B8F1050F19D2DFE808F0230B23
:102440000E141200502080F31188BFF34F8FBFF39A
:102450006F8FFEE7616D294301E0616D491C616585
:1024600010E0022801D065650CE0002634E0616DC3
:10247000491C07D0502080F31188BFF34F8FBFF362
:102480006F8FFEE7012827D1201DFEF79AFB154D1F
:10249000E06A2969884200D92861134900EB80006D
:1024A00001EB8000211DFEF7DBFBA06A38B1502054
:1024B00080F31188BFF34F8FBFF36F8FFEE7E06AA1
:1024C0002968C96A884207D908494FF080500860D6
:1024D000BFF34F8FBFF36F8FFEF7EEFB3046BDE8C3
:1024E000F081000004010020F01F002004ED00E056
:1024F0002DE9F0471F46DDF8209092460D46040076
:102500004FF001081AD0FEF72FFC5020EFF3118690
:1025100080F31188BFF34F8FBFF36F8F0FB1606DE2
:10252000386094F85800022184F85810BAF1050F69
:102530001AD2DFE80AF0240B0E141200502080F3A8
:102540001188BFF34F8FBFF36F8FFEE7616D294393
:1025500001E0616D491C616511E0022801D06565EB
:102560000DE04FF0000839E0616D491C07D05020A4
:1025700080F31188BFF34F8FBFF36F8FFEE7012801
:102580002CD1A06A38B1502080F31188BFF34F8F4F
:10259000BFF36F8FFEE7144D286B18B104F11801DB
:1025A00012480DE0201DFEF70CFBE06A2969884205
:1025B00000D928610E4900EB800001EB8000211D4D
:1025C000FEF74EFBE06A2968C96A884206D90120F5
:1025D000B9F1000F01D0C9F80000E86186F3118855
:1025E0004046BDE8F0870000040100207824002068
:1025F000F01F00200148006870470000040100201F
:102600000548416919B1006B18B1002070470120DD
:102610007047022070470000040100200148C06894
:10262000704700000401002010B5FEF79DFB014833
:10263000C06810BD040100202DE9F0412E4C002798
:10264000206B28B1A069401CA0613846BDE8F0812C
:10265000E668761CE66013D1606B006838B15020E4
:1026600080F31188BFF34F8FBFF36F8FFEE7606B6E
:10267000A16B6163A063206A401C2062FDF744FAED
:10268000A06ADFF87880864209D3606B0068A0B149
:10269000606BC068C5686868864211D2A062206815
:1026A000C06A00EB800158F82100012800D90127F9
:1026B000E0690028C9D00127C7E74FF0FF30EDE7F8
:1026C000281DFEF77EFAA86A18B105F11800FEF77A
:1026D00078FAE86A2169884200D9206100EB80011C
:1026E00008EB8100291DFEF7BBFAE86A2168C96A78
:1026F0008842CAD30127C8E704010020F01F002048
:1027000070B504004FF0000133D01B4D286884429F
:1027100007D0502080F31188BFF34F8FBFF36F8F26
:10272000FEE7206D38B1401E2065E36CE26A9A42F4
:102730001FD040B11DE0502080F31188BFF34F8FB0
:10274000BFF36F8FFEE7201DFEF73BFAE06CE062FF
:10275000C0F13800A061E06A2969884200D9286187
:10276000064900EB800001EB8000211DFEF778FA9E
:102770000121084670BD000004010020F01F002068
:1027800070B504004FF000002BD0194DE16A2A68A3
:10279000D26A914226D2A069002804DB2868C06A68
:1027A000C0F13800A061134E01EB8101606906EBB6
:1027B0008101884211D1201DFEF703FA2868C06A02
:1027C000E0622969884200D9286100EB800006EBAD
:1027D0008000211DFEF744FA02E02868C06AE0622A
:1027E000012070BDE16C2A68D26A9142F8D370BDB5
:1027F00004010020F01F002070B5C068C46854B107
:1028000004F118000646FEF7DCF9144D286B50B1B0
:102810003146134815E0502080F31188BFF34F8FE5
:10282000BFF36F8FFEE7201DFEF7CBF9E06A296941
:10283000884200D928610B4900EB800001EB800041
:10284000211DFEF70DFAE06A2968C96A884202D99B
:102850000120E86170BD002070BD0000040100206F
:1028600078240020F01F00202DE9F0472C4D002493
:102870002746286B38B1FEF7FFF9286B401E286306
:10288000286B40B146E0502080F31188BFF34F8F92
:10289000BFF36F8FFEE7A968224E0120D1B3A6F5E2
:1028A000916980463068E0B1F068C46804F11800AE
:1028B000FEF787F9201DFEF784F9E06A296988424E
:1028C00000D9286100EB800109EB8100211DFEF792
:1028D000C7F9E06A2968C96A8842E3D3C5F81C8051
:1028E000E0E70CB1FDF710F9AC694CB14FEA08060E
:1028F000FFF7A2FE00B1EE61641EF9D10020A861CD
:10290000E86938B10849012738070860BFF34F8FDD
:10291000BFF36F8FFEF7D0F93846BDE8F0870000AF
:10292000040100207824002004ED00E02DE9FC479C
:1029300081461E46174688462C200A9DFDF79AF9C7
:1029400004000AD0002084F82800CDE90054334662
:102950003A4641464846FCF781FF2046BDE8FC87E1
:102960007CB52C26DDE90654009644B1022684F895
:102970002860CDE90054FCF771FF20467CBD502053
:1029800080F31188BFF34F8FBFF36F8FFEE7000016
:1029900010B586B0FCF704FE114C2068B8B10020D9
:1029A0000390049005AA04A903A8FEF727F9DDE91E
:1029B000032137208DE8070000230AA10B48059A60
:1029C000FFF7FBFC606010B106B0012010BD502085
:1029D00080F31188BFF34F8FBFF36F8FFEE70000C6
:1029E00040010020546D722053766300E5FB00081F
:1029F0002DE9FF411E46134602000A9D4FF00000DC
:102A000016D0144C2768002F0FD0CDE90013029286
:102A1000062917DAFFF7F4FD02284FF000030FD064
:102A2000002269462068FFF75DF904B0BDE8F08137
:102A3000502080F31188BFF34F8FBFF36F8FFEE7F5
:102A40002A46EEE70023324669463846FFF7FAF990
:102A5000EBE700004001002044575F32303235314F
:102A6000313237000D0A005253323332207265631F
:102A70006569766564206D73673A0D0A0000000091
:102A800054300108000000000000000000000000B9
:102A90000000000000080000180000000000000016
:102AA0000000000064300108000000000000000089
:102AB00000000000000000000008000018000000F6
:102AC0000000000000000000B0300108000000001D
:102AD00000000000000000000000000000080000EE
:102AE0001800000000000000000000008030010815
:102AF00000000000000000000000000000000000D6
:102B000000040000200000000000000000000000A1
:102B100090300108000000000000000000000000EC
:102B20000000000000040000200000000000000081
:102B300000000000743001080000000000000000E8
:102B4000000000000000000000020000180000006B
:102B50000000000000000000A43001080000000098
:102B60000000000000000000000000000002000063
:102B70000800000000000000000000004D51544318
:102B80000000000004000000000000000000000041
:102B9000000000003C0001004D51545700000000AF
:102BA0000000000000000000000000000000000025
:102BB0000000000000000000000000000000000015
:102BC0000000000000000000000000000000000005
:102BD000000000004D5154430000000004000000BC
:102BE0000000000000000000000000003C000100A8
:102BF0004D5154570000000000000000000000008C
:102C000000000000000000000000000000000000C4
:102C100000000000000000000000000000000000B4
:102C20000000000000000000000000000006101678
:102C3000000610160000000000000000010203045E
:102C40000607080900000000010203040800000054
:102C50000000000008000000000000000008DC1177
:102C60002233C0A8027BFFFFFF00C0A801010808B3
:102C7000080801004D51544300000000040000000A
:102C80000000000000000000000000003C00010007
:102C90004D515457000000000000000000000000EB
:102CA0000000000000000000000000000000000024
:102CB0000000000000000000000000000000000014
:102CC00000000000000000000000000001020304FA
:102CD00005060F1048320108000000000000000047
:102CE0000000000000000000000000003832010871
:102CF00000000000000000000000000000000000D4
:102D000000020000180000000000000000000000A9
:102D10005C3201080000000000000000000000001C
:102D2000000000000004000020000000000000007F
:102D300000000000703201080000000000000000E8
:102D4000000000000100000000000000000101017F
:102D5000010001000001010101010000000000006C
:102D60000100010000020000000300000004000058
:102D700000050000800100008002000080030000C8
:102D80008004000000000000180200200100001074
:102D90002C02002001000110480200200100051053
:102DA0005C020020010006107002002001000710E4
:102DB0008802002001001410B40200200500181041
:102DC0001403002004008012680300200700001490
:102DD000EC03002007000114680400200300001623
:102DE000A004002002000116D404002007000018EF
:102DF0005805002007000118D40500200300001A20
:102E00000C0600200200011A2C0600200100002000
:102E10003C060020010001204C0600200100022099
:102E20005C060020010040606C060020010041604B
:102E30007C060020010064608C06002001006C60AC
:102E40009C06002001007860AC06002001007A603A
:102E5000BC06002001008160CC0600200100FF605C
:102E60000000070008000A000C000E000000070028
:102E700009000B000D000F001B0000005C09002082
:102E80000100001070090020010001108C090020D1
:102E900001000510A009002001000610B40900205F
:102EA00001000710CC09002001001410F8090020CF
:102EB00005001810580A002004008012AC0A0020F7
:102EC00007000014300B002007000114AC0B002099
:102ED00003000016E40B002002000116180C00206D
:102EE000070000189C0C002007000118180D002096
:102EF0000300001A500D00200200011A700D00207E
:102F000001000020800D002001000120900D002014
:102F100001000220A00D002001004160B00D002042
:102F200001006460C00D002001006C60000007001B
:102F300008000A000C000E000000070009000B004A
:102F40000D000F001600DDDDDDDDDCBBBBDDDDDDF2
:102F5000DDDDDDDDDDDD9888888888888888777705
:102F6000777777888888855555566666666666667B
:102F700066666668888883333332222222222222C0
:102F800022222228888D00005A65726F45727220B5
:102F900063757272656E74207374617475732069E1
:102FA00073204F5045524154494F4E5F454E414268
:102FB0004C45442C20656E61626C6520636F6D70BA
:102FC0006C657465642E0D0A000000004B696E6329
:102FD0006F2063757272656E74207374617475739B
:102FE000206973205357495443485F4F4E5F44490B
:102FF0005341424C45442C2064697361626C6520E6
:10300000636F6D706C657465642E0D0A00000000BE
:103010005A65726F4572722063757272656E7420A4
:10302000737461747573206973205357495443480E
:103030005F4F4E5F44495341424C45442C206469E4
:103040007361626C6520636F6D706C657465642E6E
:103050000D0A00006B696E636F4374726C54617388
:103060006B0000007A65726F6572724374726C5403
:1030700061736B006770696F5461736B00000000CF
:103080006C656674477269707065725461736B0029
:103090007269676874477269707065725461736BA6
:1030A000000000006D6F6E69746F725461736B0085
:1030B0006D7174745461736B00000000726F626F05
:1030C000742F737461747573000000007B226C654B
:1030D00066745F67726970706572223A7B22706FE6
:1030E00073223A25752C2272656163686564223A01
:1030F00025752C227761726E696E67223A25757D7F
:103100002C2272696768745F6772697070657222D9
:103110003A7B22706F73223A25752C2272656163A7
:10312000686564223A25752C227761726E696E6734
:10313000223A25757D2C227379735F6B696E636FFC
:10314000223A7B227374617475735F776F726422A5
:103150003A25752C226572726F725F636F64652207
:103160003A25752C22706F736974696F6E223A2547
:103170006C642C2276656C6F63697479223A256CD5
:10318000647D2C227379735F7A65726F6572722227
:103190003A7B227374617475735F776F7264223A3D
:1031A00025752C226572726F725F636F6465223AB7
:1031B00025752C22706F736974696F6E223A256CC5
:1031C000642C2276656C6F63697479223A256C648D
:1031D0007D2C226770696F5F696E223A5B25642CD3
:1031E00025642C25642C25642C25642C25645D7DA8
:1031F000000000005B4E6574776F726B436F6E6EFC
:103200006563745D20636F6E6E6563742829207238
:103210006573756C743D25642C20536E5F53523D6D
:103220003078253032582C20536E5F49523D30782B
:10323000253032580D0A00005461736B4D6F646283
:103240007573536C6176650051756575654D6F6476
:1032500062757354656C656772616D005461736B60
:103260004D6F646275734D61737465720000000088
:103270004D6F644275735370687200009C32010890
:1032800000000020481000005C130008D036010840
:10329000481000205084000018A300088113B9A230
:1032A0001B08350413D9FE0220080C1FBC30012472
:1032B00001484818525334383541207472616E7396
:1032C0006D697420746573742E0D0A180A154218FE
:1032D0000A104318C132018210037924F41AAA019A
:1032E000510216C05008010257353530301E5B15AB
:1032F00001085D041A69041A67041A17041A1B04EA
:1033000001205BFFFF04012B14920102230207320C
:103310000413140282201B020594319A28144122BE
:1033200080124059305A441C2440420F59140A114B
:1033300058149A6C4419407918DA845C39161A03C7
:1033400058A24669885AA22C69ACDAA410DAA810EF
:10335000DAAC105AB010195F112301065A8158696E
:10336000605B04038C5930DA08106A0C1059305A2B
:103370001010194B112A8111B16954DA5444DA58EA
:10338000446A5C1019453202DA5E20DA6020DA62A3
:10339000209A64840A158284DAD884DADC44DAE07C
:1033A00064DAE220DAE420DAE6205AE810291C1276
:1033B00010144160207B6460E08A043C297C6A60D0
:1033C00010598C5A6410292C12207A6C38DA9828FB
:1033D0005A9C1029E81A01690A11FFE8DAC0346A18
:1033E000C41059209AC88C29ACDACA20DACC20DA69
:1033F000CE209AD0840A150284CB4405846A4810F2
:1034000059206A4C105964DA4E20DA5020DA5220E2
:103410005A5410291C22101320207B0120E0D97C53
:10342000DACC105AD010292C12207A0238CB04069C
:10343000286A08105984CBE80120DAEC106AF010F1
:1034400059305AF4105A02106AF610192D2930DA40
:10345000F8106AFC104A03301905495059206A04D3
:103460001069A0D9206A0C10111AFF01E1E9121AA3
:10347000102C5E882D0108DCE413BDA11F08602E0E
:1034800001086C041A78041A841C132D48024C0895
:103490006982720F135FA51B087D041A71048BCB20
:1034A000AF6C1A989C1A9C04133C091B20A0082995
:1034B000381A5D240A270F0101561AFF011A6F8876
:1034C0001A80941A8204018023FFFF1A44881A5834
:1034D000041A7B981A77041A73041A75044113D5D9
:1034E000464C08CDAF0C4102100119111A3C3C1A90
:1034F00040041A28040A2184D45A795C011C23024E
:103500000732048B5809504B0205809A6C144122F3
:1035100080124059305A881C2440420F5914AA9CEA
:103520003059149AB0149A8118DAC85C4916D99C9B
:1035300059885AE62C69ACDAE810DAEC10DAF010A7
:103540005AF41032031B010688595869605B480A17
:103550008C5930DA4C106A501059305A5410194BAB
:10356000112A81110911B4DA9844DA9C446AA01036
:1035700019453202DAA220DAA420DAA6209AA88419
:103580000A158284CB1C0B846A201059206A2410EF
:103590005964DA2620DA2820DA2A205A2C10291C2D
:1035A0001210144160207B6460E0D97CDAA4105AC8
:1035B000A810292C12207A6C38DADC285AE010295D
:1035C000E81A01690A11FFE8CB040C346A081059A3
:1035D000206A0C1059C8DA0E20DA1020DA12205AAC
:1035E000141029840A150284DA8884DA8C44DA906B
:1035F00064DA9220DA9420DA96205A9810291C2254
:10360000101320207B0120E0CA0D7CDA10105A1420
:1036100010292C12207A0238DA48286A4C10598472
:10362000CB3E0920DA40105A44105A02306A481042
:10363000191D3950D9106A5040111AFF01E1E912E1
:103640001A542C5E7C2E0108D09413BDA11F082CA7
:103650002F010838041A44041A7A1C138592024C6C
:10366000086982720F135FA51B087D041A71048B11
:10367000CBAF6C1ADC9C1AE0041330101B20E4085A
:1036800029381A5D240A270F0101561AFF011A6F03
:10369000881AC4941AC604018023FFFF1A88881A66
:1036A0009C041A7B981A77041A73041A7504411340
:1036B00075914C08CDAF0C4102100119111A803CD4
:1036C0001A84041A6C040A21C8D45A795C011400C3
:040000050800018965
:00000001FF
