:020000040800F2
:100000008895002061020008796A0008D34600083C
:10001000C96800084D150008F18C000800000000B8
:10002000000000000000000000000000A101000826
:100030006917000800000000FD010008E5830008C2
:100040007B0200087B0200087B0200087B0200089C
:100050007B0200087B0200087B0200087B0200088C
:100060007B0200087B0200087B0200087B0200087C
:100070007D1600088916000895160008A1160008CC
:100080007B0200087B0200087B0200087B0200085C
:10009000511500087B0200087B0200087B02000863
:1000A0007B0200087B0200087B0200087B0200083C
:1000B0007B0200087B0200087B0200087B0200082C
:1000C0007B0200087B0200087B0200087B0200081C
:1000D0007B020008CD8C0008D98C0008E58C000854
:1000E0007B0200087B0200087B0200087B020008FC
:1000F0007B0200087B0200087B0200087B020008EC
:100100007B0200087B020008A98400087B0200082B
:10011000E5870008F1870008F58400087B020008E5
:100120007B0200087B020008AD1600087B02000875
:100130007B0200087B0200087B0200087B020008AB
:100140005D1500087B0200087B0200087B020008A6
:100150007B0200087B020008B91600087B02000839
:100160007B0200087B0200087B0200087B0200087B
:100170007B0200087B0200087B02000800000000F0
:100180007B0200087B020008DFF810D000F0EAFED6
:1001900000480047ADCA0008AFF3008088950020F2
:1001A0002C4B19680868B0E8F04F80F30988BFF35A
:1001B0006F8F4FF0000080F311887047000000003F
:1001C00008480068006880F308884FF0000080F35A
:1001D000148862B661B6BFF34F8FBFF36F8F00DF35
:1001E00000BF00BF08ED00E0DFF80C00016841F43B
:1001F00070010160704700BF88ED00E0EFF30980F7
:10020000BFF36F8F134B1A681EF0100F08BF20ED5D
:10021000108A20E9F04F106009B44FF0500080F3CD
:100220001188BFF34F8FBFF36F8F10F093FF4FF024
:10023000000080F3118809BC19680868B0E8F04F25
:100240001EF0100F08BFB0EC108A80F30988BFF3CE
:100250006F8F704700010020EFF3058070470000AA
:100260000648804706480047FEE7FEE7FEE7FEE750
:10027000FEE7FEE7FEE7FEE7FEE7FEE799840008FB
:10028000890100082DE9F05F0546002092469B4653
:1002900088460646814640241BE02846414647469C
:1002A000224600F0A0FC53465A46C01A914110D392
:1002B00011461846224600F087FC2D1A67EB01080C
:1002C0004F4622460120002100F07EFC17EB00097A
:1002D0004E41201EA4F10104DFDC484631462A4687
:1002E0004346BDE8F09FA0F14101192900D8203014
:1002F000704740EA01039B0703D009E008C9121FB9
:1003000008C0042AFAD203E011F8013B00F8013BCF
:10031000521EF9D27047D2B201E000F8012B491EFB
:10032000FBD270470022F6E710B513460A46044692
:100330001946FFF7F0FF204610BD421C10F8011BC4
:100340000029FBD1801A704710B5002200E0521C32
:10035000835C8C5CA34201D1002BF8D1D8B2E1B20E
:10036000401A10BD30B504460020034600E05B1C77
:10037000934203D2E05CCD5C401BF8D030BD30B579
:1003800005460020034600E05B1C934205D2EC5C6E
:10039000C85C201A01D1002CF6D130BD0FB400B5D5
:1003A0008DB010A909900B9000914FF0FF300A908A
:1003B00000200C9005480690054807906A4609A859
:1003C0000F9900F047FC0DB05DF814FB710C0008AC
:1003D0008F0C00082DE9FF5F1D464FF0FF3BD5E96C
:1003E000014691465F464FF00008A9697F1C0198BD
:1003F0008847296A824688470028F6D1BAF1FF3F2C
:100400000CD024F4C064002E19DD600614D5BAF1B6
:100410002B0F09D0BAF12D0F0ED103E0584604B0CE
:10042000BDE8F09F44F48064A9697F1C0198884767
:10043000761E8246002E02DDBAF1300F03D0B9F1EC
:10044000000F26D032E0A969761E44F400747F1CA8
:10045000019888478246002E05DDBAF1780F06D054
:10046000BAF1580F03D0B9F1000F10D01EE0B9F166
:10047000000F02D0B9F1100F18D1A969761E24F42B
:1004800000747F1C019888478246102002E00820F3
:1004900000E00A20814609E008FB0908A969761EE8
:1004A00044F400747F1C019888478246002E05DDC5
:1004B0004946504600F0B9FB0028EDDAE969019899
:1004C0008847A00502D46FF00100A8E7E00725D116
:1004D000600613D5600502D5C8F1000000E0404673
:1004E00029680A1D2A600968220501D5087015E0EF
:1004F000220701D5088011E008600FE02868011D7F
:1005000029600068210502D580F8008006E02107F7
:1005100002D5A0F8008001E0C0F8008038467EE7F0
:100520002DE9FF4F087883B09946FF2805D0491C74
:100530002D2804D00024002008E000200BE0012436
:10054000F9E700EB800003EB4000491C0B78FF2B20
:10055000F7D104B1404200230293147819461D4696
:100560002D2C01D02B2C04D1521C2D2C13D0002467
:100570000294AA461478FF2C0FD00A25A3FB057815
:1005800001FB05814FF0000C03FB0C11521CE31919
:100590004AEB0101EEE70124EAE7814453EA010056
:1005A00002D019F5C87F06DA03980021C0E90011CE
:1005B00007B0BDE8F08F0025AE4E2F46DFF8B882B9
:1005C000184600F08FFCCDE90001B9F1000002DA15
:1005D000C9F1000400E004460023A74A1AEB030B0C
:1005E00042EB045A12E0E00707D02A463346384669
:1005F000414600F0ECF9074688462A463346104645
:10060000194600F0E4F905460E466410002CEAD1C4
:10061000DDE90001B9F1000F5A46534606DA00F051
:10062000F2FB3A46434600F0EEFB05E000F0CFF95E
:100630003A46434600F0CBF9029A0AB181F00041F4
:10064000039AC2E90001B3E72DE9FF4F1F468DB0C1
:10065000D7E901464FF0FF382E2045464FF00009FC
:100660000B90B9696D1C0E988847396A8246884795
:100670000028F6D1BAF1FF3F0AD024F4D064002E4E
:1006800011DDBAF12B0F08D0BAF12D0F0BD102E01A
:10069000404611B08DE744F48064B9696D1C0E9832
:1006A00088478246761E6946600501D52D2000E008
:1006B0002B208DF8000001F1010B0DF1200809E05D
:1006C000B9696D1C0E98884782460F9844F40074EF
:1006D000761E0560002E02DDBAF1300FF0D00B99C6
:1006E0008A453ED144F0800406E00F99681CA9F1C8
:1006F000010944F400740860B9696D1C761E0E98F7
:10070000884782463028F0D02BE00B998A4505D1E6
:10071000200603D444F08004761E18E0504609F009
:10072000FFFF08B30DF11301761E44F400748B45EE
:1007300008D2AAF130000BF8010B200607D5A9F169
:10074000010003E0200602D409F101008146A00562
:1007500002D50F99681C0860B9696D1C0E9888470E
:100760008246002ED1DC53E0002E51DDBAF1650F38
:1007700002D0BAF1450F4BD1A00549D5B9696D1C1E
:1007800024F44074761E0E9888478246002E0CDDB5
:100790002B2804D0BAF12D0F07D144F48074B96925
:1007A0006D1C0E9888478246761EE00501D52D21E6
:1007B00000E02B2108F8011BCDF82C8021E00DF181
:1007C0002901761E44F4007488450CD2AAF1300049
:1007D00010F0FF0088F8000002D10B99884509D974
:1007E00008F1010806E0E00501D5244801E042F2E5
:1007F0000F708146B9696D1C0E98884782460F9824
:100800000560002E04DD504609F08AFF0028D6D18D
:10081000F9690E988847FF208BF8000088F80000DF
:100820000020069007904B466A4608A906A8FFF7E5
:1008300077FEA00502D46FF001002AE714F0240F20
:100840000AD0E00714D1DDE906123868031D3B60C9
:100850000068C0E900120BE0DDE9060100F066FB6C
:100860000146E00704D13868021D3A600068016063
:1008700028460EE7000014400000F03FF1D8FFFFCB
:100880002DE9FE4F804681EA0300C00F0C46009020
:1008900021F0004123F00045B8EB0200A94105D248
:1008A0004046214690461C460B46024623F0004037
:1008B000104347D0270DC7F30A00C3F30A51029033
:1008C000401A019040286BDAC3F3130040F4801BF8
:1008D0000098924620B10023D2EB030A63EB0B0B86
:1008E00001985946C0F14002504600F06DF90646A5
:1008F0000D4650465946019A00F085F910EB080064
:100900006141002487EA115284EAE7731A4340D018
:10091000009A62B3019A012A4FEA075215DC001BC4
:1009200061EB02014FF0004202EA0752CDE90042BA
:10093000001C41F5801132462B4600F016FA03B038
:10094000BDE8F08F40462146F9E7001B61EB02014C
:10095000001C41F5801300185B412018A2F5001718
:1009600047EB030140EAD570B6196D4111E06D08FF
:100970004FEA360645EAC0754FEA0752001B61EBA5
:100980000201001C41F5801149084FEA30000019AE
:10099000514132462B4603B0BDE8F04F00F0D6B9C6
:1009A0000098012240000023D0EB020263EBE073C9
:1009B000009821464FEAE074B8EB000061EB0401B7
:1009C000E9E783F000435BE781F0004158E72DE958
:1009D000FE4F81EA030404F0004421F0004100943A
:1009E0004FF0000B23F0004350EA01045ED052EABE
:1009F00003045BD0C3F30A54C1F30A552C44A4F298
:100A0000F3340194A0FB0254C1F3130141F48011AB
:100A1000C3F3130343F4801301FB024400FB034EB2
:100A2000840A970A44EA815447EA8357A4FB07687B
:100A300002958D0A05FB07854FEA932C04FB0C54A5
:100A40002705029D4FEA065847EA1637B5EB080519
:100A50006EEB070C870E920E47EA811742EA83126B
:100A6000A7FB0201B6EB0B0164EB00042B0D43EA7C
:100A70000C335E1844EB1C50DA465146E7FB02018A
:100A8000C5F313044FEA0B3343EA14534FEA04321D
:100A9000019C43EA0603A4F10C040294009CCDE9F6
:100AA00000B400F062F903B0BDE8F08F0020014609
:100AB000F9E70EB540F2334102910021CDE9001172
:100AC0000A460B4600F051F903B000BD70B5C1F302
:100AD0000A5201F000450024C1F3130140F2FF3334
:100AE00041F480119A4201DA002070BD40F2334394
:100AF0009A42A2F2334203DC524200F074F800E062
:100B000090402C43F1D0404270BDC1F30A5210B561
:100B1000C1F3130140F2FF3341F480119A4201DA2C
:100B2000002010BD40F233439A42A2F2334203DC6C
:100B3000524200F058F810BD904010BD30B5041E70
:100B400071F1000404DB4FF00044404264EB01010A
:100B5000141E73F1000405DB1C464FF000435242A3
:100B600063EB04038B4208BF824230BD30B5041EE4
:100B700071F1000404DB4FF00044404264EB0101DA
:100B8000141E73F1000405DB1C464FF00043524273
:100B900063EB0403994208BF904230BD30B50B4669
:100BA000014600202022012409E021FA02F59D429D
:100BB00005D303FA02F5491B04FA02F52844151E71
:100BC000A2F10102F1DC30BD202A04DB203A00FA58
:100BD00002F1002070479140C2F1200320FA03F394
:100BE000194390407047202A04DB203A21FA02F092
:100BF0000021704721FA02F3D040C2F12002914057
:100C0000084319467047202A06DBCB17203A41FAE1
:100C100002F043EAE07306E041FA02F3D040C2F189
:100C2000200291400843194670473A2800D23038D4
:100C300020F02002412A01D3A2F13700884201D3DB
:100C40004FF0FF30704700000268114413780160D4
:100C500018467047D160044951610449116200216E
:100C60001161114600F096B9490C0008890F00087F
:100C7000426842B1016811F8013B23B1521EC0E93C
:100C80000012184670470121C160881E70474268F3
:100C90005AB1C368016843B983688B4205D0491EC5
:100CA000521CC0E90012002070474FF0FF3070471F
:100CB0000FB4002300B589B00CA900910B996FF017
:100CC0000042CB601E4B06931E4B07930423CDE9D5
:100CD00001321D4A089202466B460020FFF7B4FC21
:100CE00009B05DF814FB70B586B006464FF0FF30D2
:100CF0000091CDE90101002015460C4604903246D2
:100D0000694604A8FFF7D4FF02460498211825B1CC
:100D100008B1084600E020462860049800280DD05D
:100D2000002A02DD0098884208D0081B0094CDE913
:100D300001043246694604A8FFF7BAFF06B070BD49
:100D4000710C00088F0C0008890F000810B5141EE4
:100D500073F1000408DA401C41F1000192185B4174
:100D60001A4301D120F0010010BD2DE9F04D92464B
:100D70009B4611B1B1FA81F202E0B0FA80F2203262
:100D80009046FFF721FF04460F4640EA0A0041EA79
:100D90000B0153465A46084313D0114653EA01004B
:100DA00019D0C8F140025046FFF71DFF05460E4618
:100DB000504659464246FFF707FF084305D0012039
:100DC00004E020463946BDE8F08D0020054346EAA0
:100DD000E0762C4337430A986305E40AA0EB080049
:100DE0000022FD0A44EA47540A3002D50020014699
:100DF000E9E7010510196941DDE908450019694174
:100E0000BDE8F04DA2E72DE9F04D81EA030404F0BE
:100E1000004B21F0004514464FF0000A23F000413A
:100E200050EA050220D054EA01021DD0C5F30A574A
:100E30000246C5F31303C1F31300C1F30A5640F48D
:100E4000801543F48013A7EB0608101BD64608F262
:100E5000FD3873EB050002D308F1010801E0921898
:100E60005B41B8F1000F03DA00200146BDE8F08DC8
:100E700000204FF48011064684460EE0171B73EBEA
:100E8000050705D3121B63EB050306434CEA010C6F
:100E900049084FEA300092185B4150EA0107EDD152
:100EA00052EA030012D082EA040083EA05010843F3
:100EB00005D0101BAB4106D20122002306E0002220
:100EC0004FF0004302E06FF0010253101AEB0600EE
:100ED0004CEB085110EB0A0041EB0B01BDE8F04D63
:100EE000FFF734BF0EB540F2334202920022CDE943
:100EF00000221346FFF739FF03B000BDC1F30A52C9
:100F0000C1F3130140F2FF3341F480119A4202DA37
:100F100000200146704740F233439A42A2F2334226
:100F200002DC5242FFF75FBEFFF74EBE01F0004306
:100F300030B421F0004150EA010206D00A0DA2F5BA
:100F40006072C1F31301002A02DC30BC002070473C
:100F5000440F44EAC104C100E01830BC00EBC250A9
:100F600000F0B0B9064C074D06E0E06840F0010320
:100F700094E8070098471034AC42F6D3FFF708F91D
:100F80004032010860320108C0B24FF4F05100F065
:100F9000D1B900002DE9F34F8BB04FF0000801F1FB
:100FA0000C000C464FF0010B46460DF1080A01906B
:100FB0006269012101989047051E2DD0252D2CD066
:100FC000216A8847C0B16269012101989047216A6E
:100FD00088470028F7D1411E62690198904700E0D8
:100FE000761CA1690B988847216A88470028F7D1A9
:100FF000E1690B988847DBE7A1690B9888470746AA
:10100000A84201D1761CD3E7E1690B9888477F1C81
:1010100002D1B8F1000F6FD047E1002762693D4669
:101020003946019890472A2804D162690121019824
:1010300090470125DFF88892626901210198904765
:10104000A0F130010A290AD24F45E5DC07EB870100
:1010500000EB4107303FDFD445F01005ECE7E9062F
:1010600001D46FF000476C280AD04C2814D06828AF
:1010700015D06A280DD074281CD07A281AD01DE00B
:1010800062690121019890476C2802D045F004055F
:1010900014E045F002050DE045F020050AE0626924
:1010A000012101989047682802D045F0080505E025
:1010B00045F400656269012101989047C4E9015730
:1010C00065283DD019DC58287AD00CDC452837D06B
:1010D00004DC252826D0412831D131E046282FD004
:1010E00047282CD12CE05B2877D0612828D06328B2
:1010F0007CD0642823D15AE0D1E06F2848D008DCA6
:1011000066281DD067281BD0692821D06E2816D1EB
:1011100027E0702845D0732868D0752847D07828F4
:101120000DD14DE0A1690B988847054625283FF46D
:1011300069AFE1690B9888476D1C3FF46AAFB4E072
:1011400023466A466FF001000B99FFF77DFA9FE096
:1011500045F040006060A80723464FF0000236D4F7
:101160003EE0E8077FF447AF2068011D216000687A
:10117000290501D506701BE7290701D5068017E769
:10118000A90703D5F117C0E9006111E706600FE771
:1011900045F040006060A80723464FF0080216D4CF
:1011A0001EE040F60E0125EA0100606016E045F001
:1011B00040006060A80723464FF00A0207D40FE002
:1011C00045F040006060A80708D5234610226FF064
:1011D00001000B99AFF300805AE007E0234610228C
:1011E0006FF001000B99FFF7F5F851E04FF000099F
:1011F0004F464B46632802D05B2807D041E0207958
:10120000C00601D40120A06001273AE062690121F3
:10121000019890475E2805D14FF00109626949465F
:1012200001989047216939B900210A46534643F88D
:101230002120491C0829FADBB0B3216969B9C1171B
:1012400000EBD16253110AEB830122F01F02821AD4
:1012500001200B68904003430B60626901210198F3
:1012600090475D28E8D1B9F1000F09D00020514620
:1012700051F82020D24341F82020401C0828F7DBF9
:1012800002AB224600976FF001000B99AFF300808C
:1012900000280CDA401C08D1BBF1000F05D04FF03C
:1012A000FF300DB0BDE8F08FFFE74046F9E7E907F2
:1012B00001D108F1010806444FF0000B78E6000068
:1012C000CCCCCC0C0029A8BF7047401C490008BFFB
:1012D00020F00100704710B4B0FA80FC00FA0CF066
:1012E00050EA010404BF10BC704749B1CCF120049E
:1012F00021FA04F411FA0CF118BF0121214308432B
:10130000A3EB0C01CB1D4FEA00614FEA102042BF56
:10131000002010BC704700EBC35010440029A4BF4C
:1013200010BC7047401C490008BF20F0010010BCF1
:10133000704700007F2801D9002208E0064A02EB2E
:101340005002C007127800D1120902F00F020120EA
:1013500090400840704700000E2F010870B58C18AF
:1013600010F8015B15F0070301D110F8013B2A11B9
:1013700006D110F8012B03E010F8016B01F8016BA6
:101380005B1EF9D12B0705D40023521E0DD401F8A2
:10139000013BFAE710F8013BCB1A921C03E013F86B
:1013A000015B01F8015B521EF9D5A142D8D30020A0
:1013B00070BD0000464910B54A6822F440324A60C8
:1013C0004A6843681A434A6001684A6822F4807296
:1013D0004A6001684A68036942EA03224A60016878
:1013E0004A6822F040724A6001684A6883681A437A
:1013F0004A6001688A6822F400628A6001688A682B
:10140000C3681A438A60816A6FF07062D1420168D2
:101410008A6822F070628A6001688A680CD0836AE8
:101420001A438A6001688A6822F040528A60016823
:101430008A68C36A1A4301E022F040528A60016858
:101440008A6822F002028A6001688A68037E42EAA2
:1014500043028A6090F82010002901684A680FD082
:1014600042F400624A6001684A6822F460424A60BD
:1014700001684A68174C436A04EB43331A4301E09E
:1014800022F400624A600168CA6A22F47002CA62E9
:101490000168CA6A838B104C04EB03531A43CA6277
:1014A00001688A6822F400728A6001688A6890F88C
:1014B000303042EA43228A6001688A6822F48062FE
:1014C0008A6001688A68406942EA8020886010BDAD
:1014D0000023014000E0FFFF0000F0FF0122910225
:1014E000014801F092BB00000010024001225102AD
:1014F000014801F08ABB00000010024001221102E5
:10150000014801F082BB00000010024001220421CA
:10151000014801F07ABB0000001002400122D10214
:10152000014801F072BB00000010024010B5FFF747
:10153000E5FFFFF7DBFFFFF7D1FFFFF7EFFFFFF757
:10154000E5FFBDE81040C82001F050BAFEE70000FA
:10155000014800F0B4BD0000D81B0020014800F095
:10156000AEBD0000001C002010B54FF48071034890
:1015700001F046FB012800D0002010BD0000024011
:1015800010B54021034801F03BFB012800D00020AA
:1015900010BD00000008024010B54FF48051034810
:1015A00001F02EFB012800D0002010BD00000240F9
:1015B00030B4D0F8A020D0F8A4404FF0FF3352F858
:1015C000212024F81130C2F307420121831883F847
:1015D000B410D0F8B03030BC114618472DE9F04FA8
:1015E0009946DDE90A5A4FF0FF3BDDF824C041E09F
:1015F000AB1A5BB20C78002B03DD00BF04FA03F4D6
:1016000003E0C3F1000324FA03F4E6B202DDC5F1FE
:10161000080301E0C2F10803DCB2844200D90446A9
:1016200005EB0408FF2707FA08F3C5F10805EF40AA
:101630003B439CF800509E431D4035432244D2B2A8
:101640008CF80050072A07D90022B9F1000F01D009
:101650005B4600E00123194408F0FF05072D07D978
:101660000025BAF1000F01D05B4600E001239C4445
:10167000001BC0B20028BBD1BDE8F08F014801F0CB
:1016800043B800009C1F0020014801F03DB8000055
:101690001C1E0020014801F037B80000FC1F00208C
:1016A000014801F031B800007C1E0020014801F023
:1016B0002BB80000DC1E0020014801F025B8000016
:1016C0003C1F002001681823CAB2103AB2FBF3F2A3
:1016D000054B6FF30901032A9B5CC36500D9091D03
:1016E0008165084670470000F42B010810B50146DB
:1016F00000208B698A6A4FF0C07453B1B3F5005F64
:1017000015D072B1012A0CD0022A0AD0032A09D1BD
:1017100004E01AB1012A06D0022A03D1C96AC9011C
:1017200000D5012010BDC96AA142FAD010BD002A1F
:10173000F7D0012AF2D0022AF3D0032AF3D010BD49
:1017400030B50468256825F4802525600468636049
:101750008368402B036803D099600068C26030BD85
:101760009A600068C16030BD70470000411C0CD019
:101770000749B1F90020904201D1521E0A80054A62
:1017800000EB4000002102F830104FF0FF307047AE
:10179000DC010020C88E002072B6FEE770B504465A
:1017A0004FF4027000EB44101F2107F04DFD4FF481
:1017B000847000EB4410102107F046FD4FF4427096
:1017C000002500EB44160A200BF065FC304607F0BC
:1017D000D5FC020008D06D1C322DF4DB2146BDE89B
:1017E000704004A008F0CCBD2146BDE870400DA0BB
:1017F00008F0C6BD536F636B657420256420636C6D
:101800006F73652074696D656F75742C206C6173DE
:10181000742073746174653D3078253032580D0A38
:1018200000000000536F636B657420256420434CF7
:101830004F5345440D0A0000F0B503464069428805
:101840009869448842B10020042611E05D6806EBE7
:10185000C207EF5D032F01D8FF20F0BD55F83250CD
:10186000AD6B2D788D42F8D0521C401C92B2C0B2A4
:10187000A242EBD9FE20F0BD024908B1487870477A
:1018800008787047140000202DE9F05F0127384CDC
:10189000022603254FF004084FF005094FF0060A11
:1018A0004FF0070B00B333480EF0C5FD01200BF0DD
:1018B000F2FB3148008810F04F0F47D000F04F0185
:1018C000402945D000F06F00212843D0232843D081
:1018D000272844D0072845D00F2946D0082901D110
:1018E00008206070BDE8F09F24480EF0A4FD0120A0
:1018F0000BF0D1FB2248008810F04F0F14D000F0FD
:101900004F01402912D000F06F00212810D0232869
:1019100010D0272811D0072812D00F2913D008295A
:10192000E0D108202070DDE72770DBE72670D9E7DB
:101930002570D7E784F80080D4E784F80090D1E7D9
:1019400084F800A0CEE784F800B0CBE76770C9E761
:101950006670C7E76570C5E784F80180C2E784F860
:101960000190BFE784F801A0BCE784F801B0B9E7B3
:1019700014000020F00D002044090020FC06002087
:10198000F20100201CB52E4D2E4C4FF47A76002328
:101990001A466946A86D0BF0C1FB30B9009979B1C0
:1019A00001292CD028A008F0EBFCFFF7DDFD84F81E
:1019B0003000FFF7F1FD84F83100002833D034E027
:1019C00028A0019908F0DCFC019860B1012810D032
:1019D0000228EAD12AA008F0D3FC03F099FE304691
:1019E0000BF059FBE1E72CA008F0CAFC03F0A2FEC3
:1019F000DBE72FA008F0C4FC03F0B0FEEFE732A055
:101A0000019908F0BDFC019838B10128CDD135A06D
:101A100008F0B6FC07F087FCC7E738A008F0B0FC78
:101A200007F07AFCC1E703F085FEFFF7A9FD84F813
:101A3000320008B903F07EFE64200BF02CFBA6E711
:101A400018000020381900205B4750494F5D205591
:101A50006E6B6E6F776E20747970653D25640D0A2C
:101A6000000000005B4750494F2D4C494654494EF9
:101A7000475D2073746174653D25640D0A000000A4
:101A80004C696674696E67205455524E5F444F57D7
:101A90004E207365740D0A004C696674696E672088
:101AA000484F4C445F4F4E207365740D0A00000090
:101AB0004C696674696E67205455524E5F555020CC
:101AC0007365740D0A0000005B4750494F2D574164
:101AD000524E494E475D2073746174653D25640D17
:101AE0000A000000576172696E67204C49474854EC
:101AF0005F4F4E207365740D0A00000057617269D4
:101B00006E67204C494748545F4F464620736574C2
:101B10000D0A000070B50546D0F83C01008818B3E6
:101B200000242E1996F8B4000F2818D028680078E1
:101B3000A04214D096F8440140B9D5F8382112B12A
:101B4000214628469047012086F8B40096F84401C3
:101B50002146401E86F8440128460BF087F8641C95
:101B6000E4B2802CDDD370BDB5F93401FFF7FEFD82
:101B7000A5F8340170BD000078B50024009490F8F9
:101B80003C20012A19D0012280F83C200A68072352
:101B90000568092A13D9EE680A3A02EB420293401B
:101BA0009E43EE600B788A680A3B03EB43039A403E
:101BB0000368DD682A43DA6010E0022078BD2E69F0
:101BC00002EB420293409E432E610B788A6803EB3E
:101BD00043039A4003681D692A431A614A681F2318
:101BE000072A13D205686E6B521E02EB82029340E5
:101BF0009E436E630B790A885B1E92B203EB8303EC
:101C00009A4003685D6B2A435A6327E005680D2AF2
:101C100012D22E6BD21F02EB820293409E432E63A0
:101C20000B790A88DB1F92B203EB83039A400368A7
:101C30001D6B2A431A6311E0EE6A0D3A02EB820231
:101C400093409E43EE620B790A880D3B92B203EB00
:101C500083039A400368DD6A2A43DA62164B0568FB
:101C6000144A9D4206D10D68122D03D1556845F4E2
:101C70008005556005689D4218D10B68102B01D076
:101C8000112B13D1536843F40003536009681029E2
:101C90000CD10A490A4A0968B1FBF2F101EB810152
:101CA000490000E0491E00910029FBD180F83C402A
:101CB000002078BD0023014000200140FC000020EE
:101CC00040420F0070B504004FF0000503D0206CB7
:101CD000002610B107E0012070BD204600F01CF87E
:101CE000666484F83C60206CC00610D4206C20F43C
:101CF000885040F0020020642046FFF75BFB6664DA
:101D0000206C20F0020040F00100206400E001257A
:101D100084F83C60284670BD30B587B00446142175
:101D20006846FEF7FFFA1849206888422AD117480A
:101D30000025016841F480710160006800F4807042
:101D4000059012481438016841F0040101600168EF
:101D500001F004010591016841F002010160006891
:101D6000032400F00200059008208DE83100694648
:101D7000074800F04DFE009469460648CDE901454C
:101D800000F046FE07B030BD00200140443802405C
:101D9000000802400004024090F82020012A07D0E9
:101DA000022A05D0416A41F4802141620120704736
:101DB000006842690A43426100207047F0B590F81C
:101DC00020500468A468012D05D0022D03D0416A7B
:101DD00041F480215DE014F0406F01D1E50055D55C
:101DE000C4F30164022C03D9416A41F4000150E0BC
:101DF0000125A5401D608D684FF4C0739DB1CE686C
:101E000035434E6845EAC605066803EB0417F551ED
:101E10004FF4C275076805EB04150E697E51097D04
:101E2000012905D009E00E88CD6845EA4655EBE763
:101E300001684E5946F480764E511179D57956791C
:101E400041EA056195792D0445EA062529434FF4B9
:101E5000C676056806EB0416A9511178D57841EAD3
:101E60000561957852782D0445EA022211434FF41A
:101E7000C475026805EB04155151006803EB0411A9
:101E8000425842F0010242500020F0BD416A41F444
:101E9000001141620120F0BD10B590F82020012A08
:101EA00007D0022A05D0416A41F480214162012015
:101EB00010BD3B48D0F8002242F00102C0F80022D9
:101EC000D0F8002222F47C52C0F80022D0F8002280
:101ED0004B6A42EA0322C0F800220A7D02F01F0387
:101EE00001229A40D0F81C329343C0F81C32CB69CF
:101EF000B3B9D0F80C329343C0F80C328C894B68DC
:101F000064F31F434C6900EBC404C4F840320C89ED
:101F10000B6864F31F434C6900EBC404C4F84432FB
:101F2000CB69012B16D1D0F80C321343C0F80C3218
:101F30000C884B6864F31F434C6900EBC404C4F87D
:101F400040320C89CB6864F31F434C6900EBC40436
:101F5000C4F844328B69002BD0F804320ED01343FE
:101F6000C0F804320B69002BD0F8143208D01343A8
:101F7000C0F81432096A012904D008E09343EFE75E
:101F80009343F5E7D0F81C121143C0F81C12D0F8A7
:101F9000001221F00101C0F80012002010BD000065
:101FA000006400407047406A704730B590F82040A8
:101FB000012C05D0022C03D0416A41F480215DE060
:101FC0000468002955D02469A40754D04FF4D8746C
:101FD000056804EB01142D5915F00405956005689A
:101FE0002D594ED0ED08556005682C5904F00204B7
:101FF000D4604FF4DA74056804EB01142D5905F030
:102000000F05156105682D59C5F30725956105680C
:102010002C59240C54614FF4DC72046802EB011259
:10202000A4581C700468A458240A5C700468A4585E
:10203000240C9C700468A258120EDA704FF4DE7201
:10204000046802EB0112A4581C710468A458240A05
:102050005C710468A458240C9C710468A258120E88
:10206000DA71006881B1016941F02001016100204D
:1020700030BDE468A8E7416A41F4001141620120E3
:1020800030BD6D0D1560AFE7C16841F02001C16042
:10209000EDE70246002092F82010012901D0022924
:1020A0000CD111688A68520100D501208A6812019A
:1020B00000D5401C8968C90000D5401C70472DE937
:1020C000F05F0546006800244669D0F804908768F0
:1020D000D0F80CB0D0F810A0D0F81880F10748D094
:1020E000F90714D001218160B80703D5284600F014
:1020F000AAFA0CE0780702D54FF4006407E038072D
:1021000002D54FF4805402E0284600F09BFAF8050F
:1021100016D529684FF480708860B80503D5284625
:1021200000F093FA0CE0780502D544F4005407E07F
:10213000380502D544F4804402E0284600F084FAD1
:10214000F80316D529684FF480308860B80303D5AA
:10215000284600F07CFA0CE0780302D544F40044F1
:1021600007E0380302D544F4803402E0284600F04A
:102170006DFA300707D55FEACB6004D529681020D7
:1021800044F40074C86070074FF0080707D55FEA91
:102190000B7004D52868C760284600F099F9B0078D
:1021A00006D52868C068800702D0284600F092F95A
:1021B000700607D55FEACA6004D52968102044F488
:1021C00080640861B00607D55FEA0A7004D5286804
:1021D0000761284600F006FAF00606D5286800696F
:1021E000800702D0284600F0FEF9B00308D55FEA68
:1021F000C96005D5296810204860284600F0F4F928
:10220000F00307D55FEA097004D5286847602846BF
:1022100000F01EFA300446D55FEA497040D5F0055B
:1022200004D55FEAC87001D044F00104B00504D5BC
:102230005FEA887001D544F00204700504D55FEAB6
:10224000487001D544F00404300529D518F0700F0A
:1022500026D008F07000402815D006DC102809D0E0
:1022600020280AD0302816D10AE050280ED0602845
:1022700011D10EE044F008040DE044F010040AE02F
:1022800044F0200407E044F0400404E044F08004FB
:1022900001E044F480742868816921F07001816153
:1022A000296804204860002C05D0686A20436862D1
:1022B0002846FFF777FEBDE8F09F70B5040003D015
:1022C00094F8200010B104E0012070BD204600F019
:1022D00081F82068016841F00101016000F09AFC7A
:1022E0000546052604E000F095FC401B0A2811D89D
:1022F00020684068C007F6D02068016821F002011C
:10230000016000F087FC05460BE000F083FC401BF9
:102310000A2806D9606A40F40030606284F82060C0
:10232000D2E7206840688007EFD4207E012820682B
:1023300001683DD021F080010160607E01282068A5
:10234000016838D021F040010160A07E012820689A
:10235000016833D021F020010160E07E012820686F
:1023600001682ED041F010010160207F0128206813
:10237000016829D021F008010160607F01282068F0
:10238000016824D021F004010160D4E9020108436E
:10239000D4E90412114308436168491E08432168C7
:1023A000C86100206062012084F82000002070BD18
:1023B00041F08001C0E741F04001C5E741F0200154
:1023C000CAE721F01001CFE741F00801D4E741F05E
:1023D0000401D9E7F0B587B0044614216846FDF73B
:1023E000A1FF364B3648DFF8D0E05968D4F800C07A
:1023F000334A03250226092710300024491CF445DE
:1024000022D15960012907D1016841F000710160B2
:10241000006800F000700590106840F0080010603F
:102420001068CDE9005600F00800CDE90470694657
:102430002448CDE9024500F0EBFA002205211420E2
:1024400000F0DAFC142032E0DFF87CE0F44530D113
:10245000D0F800C04CF0806CC0F800C0D0F800C0CC
:1024600001290CF0806CCDF814C0596007D10168C7
:1024700041F000710160006800F000700590106884
:1024800040F002001060106802AB00F002000590FE
:102490006020CDE9000683E8B00069460B4800F0F3
:1024A000B7FA00220521402000F0A6FC402000F0F1
:1024B00095FC07B0F0BD000000640040E40000207F
:1024C00030380240000C0240006800400004024026
:1024D0007047000070B500683C49002401253C4E5F
:1024E0008CB0884235D11C2103A8FDF71BFF0A944C
:1024F0000B94009401940AAB03AA0021354802947E
:10250000FFF753FD00285DD1059804285AD00398A1
:10251000ADF800000698022819D000208DF80200BE
:1025200007988DF8030002460AA901A8FDF7E1FE0D
:1025300028480399203802C0079900F8011B0AA90E
:10254000079AFDF7D6FE35706946234838E001202A
:10255000E4E72249884235D11C2103A8FDF7E2FEB9
:102560001C480A940B94009401940AAB03AA00211E
:1025700028300294FFF719FD002823D1059804287C
:1025800020D00398ADF80000069802281CD0002047
:102590008DF8020007988DF8030002460AA901A8E9
:1025A000FDF7A7FE0B480399103802C0079900F801
:1025B000011B0AA9079AFDF79CFE75706946084839
:1025C00009F0B8F80CB070BD0120E1E700640040EC
:1025D000E4000020D81B0020FC060020006800401A
:1025E000F00D0020704770477047000070B504463A
:1025F00090F82000012804D0606A40F40020606256
:1026000018E0022084F820002068016821F0010110
:10261000016000F0FFFA05460EE000BF00F0FAFA94
:10262000401B0A2808D9606A40F400306062052027
:1026300084F82000012070BD20684068C007EDD1FB
:10264000606270BD70477047704770477047704751
:1026500070472DE9F0410446876D00F0DBFA06462D
:1026600094F835000025022806D08020606584F8A3
:1026700034500120BDE8F0812068016821F0160186
:1026800001602068416921F080014161206C08B936
:10269000A06C20B12068016821F008010160206869
:1026A000016821F0010101600CE000F0B3FA801B29
:1026B000052807D920206065032084F8350084F8B8
:1026C0003450D7E720680068C007EED194F85C105A
:1026D0003F208840B860012084F8350084F83450E9
:1026E0000020C7E790F83510022903D0802141650A
:1026F00001207047052180F835100068016821F03D
:1027000001010160002070472DE9F84304464FF0B5
:102710000009CDF8009063484FF41651A56D00688C
:10272000B0FBF1F72E6894F85C10082000FA01F174
:1027300031420FD021680A6852070BD50A6822F08F
:1027400004020A6094F85C108840A860606D40F054
:102750000100606594F85C104FF0010808FA01F080
:10276000304208D021684969090604D5A860606D27
:1027700040F00200606594F85C100420884030420C
:1027800008D021680968890704D5A860606D40F009
:102790000400606594F85C1010208840304218D026
:1027A00021680968090714D5A860206801684903F1
:1027B00004D50068000308D5A16C07E00168C905CD
:1027C00003D4016821F008010160216C09B12046A1
:1027D000884794F85C1020208840304231D021682E
:1027E0000968C9062DD5A86094F835000528206829
:1027F000016806D0490347D5006800031DD4616C09
:102800001CE021F0160101602068416921F080017F
:102810004161206C08B9A06C20B12068016821F0EA
:102820000801016094F85C103F208840A86084F89B
:10283000358084F83490216D1FE0E16B09B12046AA
:102840008847606D00282BD0606DC00714D005202C
:1028500084F835002068016821F0010101600098CA
:10286000401C0090B84203D820680068C007F6D129
:1028700084F8358084F83490E16C002910D001B0E0
:102880002046BDE8F04308470168C905D5D4016872
:1028900021F01001016084F8358084F83490CCE791
:1028A000BDE8F883FC0000202DE9F041044600F06B
:1028B000B1F906465CB1022084F83500002584F8A1
:1028C00034502068016821F0010101600DE0012011
:1028D000BDE8F08100F09EF9801B052805D9202075
:1028E0006065032084F83500F2E720680068C007BF
:1028F000F0D12268116820480140D4E9010318434F
:10290000D4E903363343184363691843A369184372
:10291000E3691843236A18430843616A042903D111
:10292000D4E90B1319430843106020684069666AB4
:1029300020F0070130460E43012704280CD1A06A7D
:102940000643E06A40B12046FEF7D0FE20B14020A9
:10295000606584F83570BAE7206846612046FEF766
:10296000B1FE94F85C203F2191408160656584F858
:1029700035700020ACE700003F8010F02DE9F041F9
:102980000446866D90F83400002501280DD0012002
:1029900084F8340094F835700020012F07D084F8B3
:1029A000340002252846BDE8F0810220FBE702271B
:1029B00084F8357060652046FEF7C2FE94F85C101E
:1029C0003F208840B0602068016841F01601016036
:1029D000206C20B12068016841F008010160206886
:1029E000016841F001010160DCE7000070B50446B8
:1029F00000F010F90546601C02D004480078044439
:102A000000F008F9401BA042FAD370BDF00000208E
:102A10002DE9F84FDFF8BCA1002201250AF1040BD3
:102A200003264FF00F090BF1040E00BF0B6805FAE7
:102A300002F42340A34270D10F7907F00307012F5E
:102A400001D0022F16D187684FEA420806FA08FC27
:102A500027EA0C07D1F80CC00CFA08FC4CEA070C6A
:102A6000C0F808C04768A7430C79C4F30014944029
:102A70003C4344600C79E443A4070AD0C4684FEA9D
:102A8000420C06FA0CF7BC438F6807FA0CF7274391
:102A9000C7600C7904F00304022C12D1D40800EBB7
:102AA000840CDCF820405707FF0E09FA07F824EAE7
:102AB0000804D1F8108008FA07F848EA0408CCF8AE
:102AC000208004684FEA420C06FA0CF7BC430F79E9
:102AD00007F0030707FA0CF7274307604C6814F464
:102AE000403F70D03C4C276847F4804727602468FB
:102AF00022F0030704F480440094384C07EB040CE4
:102B0000DCF8084897074FEA177809FA08F7BC433A
:102B1000334FB84202D1002724E054E0314FB8428D
:102B200001D101271EE0304FB84201D1022719E040
:102B30002E4FB84201D1032714E02D4FB84201D1E6
:102B400004270FE02B4FB84201D105270AE02A4F96
:102B5000B84201D1062705E0284FB84201D1072726
:102B600000E0082707FA08F72743CCF80878DAF8D6
:102B700000405746D1F804C09C435FEACC3C00D5E6
:102B80001C433C60DBF800405F46D1F804C09C4326
:102B90005FEA8C3C00D51C433C60DEF80040774681
:102BA000D1F804C09C435FEACC2C00D51C433C60A8
:102BB000084F0C373C68D1F804C09C435FEA8C2C6A
:102BC00000D51C433C60521C102AFFF42FAFBDE817
:102BD000F88F0000003C01404438024000300140C2
:102BE000000002400004024000080240000C0240C5
:102BF000001002400014024000180240001C024075
:102C00000069084000D0012070470AB18161704717
:102C10000904FBE70148806870470000F0000020CD
:102C200090F83C10012912D0012100F83C1F24210A
:102C3000417050F83C1CCA6822F00C0242F00402B9
:102C4000CA602021417000210170084670470220AF
:102C5000704790F83C10012912D0012100F83C1F68
:102C60002421417050F83C1CCA6822F00C0242F04A
:102C70000802CA6020214170002101700846704797
:102C80000220704770B5040011D021684CF6CC408A
:102C90000860216845F255500860D4E900014160A0
:102CA0002168A0688860FFF7B5FF05460DE00120A8
:102CB00070BD00BFFFF7AEFF401B312805D920686B
:102CC000C068800701D0032070BD2068C0688007FD
:102CD000F0D121684AF6AA200860002070BD006883
:102CE0004AF6AA210160002070470000024881686E
:102CF0000278114481607047F00000200B4810B545
:102D0000016841F400710160016841F48061016073
:102D1000016841F480710160032000F08DF80F20FC
:102D200000F006F800F03EF8002010BD003C024024
:102D300010B5014688B00022362000F05DF836203C
:102D400000F04CF813480024016841F010010160C4
:102D5000006805A900F010000690684600F018F918
:102D600000F036F90C494000B0FBF1F10C480B4A79
:102D7000491E026040F2E732C0E90324C0E90114B1
:102D800000F0F2FC10B1012008B010BD044800F0C2
:102D900037FDF9E74038024040420F000010004084
:102DA0005C2000200C4882B0016841F48041016041
:102DB000006800F4804000900748001F016841F05F
:102DC000805101600068002200F0805000900F21C7
:102DD000901E02B000F010B844380240002809DB11
:102DE00000F01F02012191404009800000F1E02025
:102DF000C0F8001170470000F0B40E4B1B680C4681
:102E0000C3F30223C3F10705042D00D90425191DBE
:102E1000072901D2002300E0DB1E012606FA05F196
:102E2000491E214099409E40761E16403143F0BC19
:102E300007F0D0BA0CED00E0064900F00702086880
:102E40004FF6FF03184040EA0220034A104308608F
:102E5000704700000CED00E00000FA052DE9F04796
:102E60000E46050065D0DFF81481D8F80000F7B2EF
:102E700000F00700B04207D288F80070D8F80000D0
:102E800000F00700B04254D128683D4C810712D5AC
:102E9000400703D5206840F4E05020602878000700
:102EA00003D5206840F4604020602068A96820F0C5
:102EB000F000084320602878C0072DD030496868AA
:102EC0000839012812D0022813D0032811D009682C
:102ED000890700292DDA216821F0030101432160CF
:102EE000FFF798FE814641F2883A0EE009688903AF
:102EF000EFE709688901ECE7FFF78CFEA0EB090119
:102F0000514502D90320BDE8F0872068696800F0C8
:102F10000C00B0EB810FEFD1D8F80010404601F063
:102F20000701B14207D90770006800F00700B042FE
:102F300001D00120E7E72878400705D52068E96837
:102F400020F4E050084320602878000706D5206868
:102F5000296920F4604040EAC100206000F058F880
:102F60002168084AC1F30311515CC8400649086052
:102F700006480068FFF7DCFE0020C4E7003C024082
:102F800008380240FC2B0108FC000020F40000205F
:102F90000F2202600C4A136803F0030343601368B6
:102FA00003F0F0038360136803F4E053C360126816
:102FB0004FF4E05303EAD20202610448006800F0D3
:102FC000070008607047000008380240003C0240DB
:102FD0000448054900680968044AC1F38221515C2C
:102FE000C8407047FC000020083802400C2C010843
:102FF0000448054900680968044AC1F34231515C3C
:10300000C8407047FC000020083802400C2C010822
:10301000104810B5006810F00C010F4818D00429B2
:1030200016D0082914D10B4C241F216801F03F024F
:10303000216821680023C1F38811A1FB0001FDF77D
:1030400021F92168C1F30141491C4900B0FBF1F0AD
:1030500010BD0000083802400024F4002DE9F84FAC
:1030600004006ED02078DFF84C93C007A9F1040566
:103070004AD009F104000168C1F38101012908D097
:103080000068C0F3810002280AD1D9F8000040028C
:1030900006D52868800337D560680028E1D033E082
:1030A0006068B0F5803F10D0B0F5A02F286810D030
:1030B00020F480302860286820F480202860606830
:1030C000A8B1FFF7A7FD06460DE0286840F4803060
:1030D000F4E740F480202860F7E700BFFFF79AFD8F
:1030E000801B642873D828688003F7D50CE0FFF7AD
:1030F00091FD064605E000BFFFF78CFD801B6428AC
:10310000F0D828688003F7D42078DFF8AC828007F5
:103110004FF0000A3ED5A748001D016811F00C0FC2
:1031200008D00068C0F3810002280BD1D9F8000054
:10313000400207D42868800716D5E068012800D12E
:1031400012E033E1E068B8B10120C8F80000FFF7F1
:1031500061FD064605E000BFFFF75CFD801B02280D
:10316000C0D828688007F7D52868216920F0F800C2
:1031700040EAC10028600DE0C8F800A0FFF74AFD52
:10318000064604E0FFF746FD801B02281FD828688A
:103190008007F7D42078000722D5864F87486169D9
:1031A000703771B101210160FFF734FD064604E07C
:1031B000FFF730FD801B022809D838688007F7D553
:1031C0000EE0C0F800A0FFF725FD064605E082E00E
:1031D000FFF720FD801B02287DD838688007F7D4D0
:1031E0002078400768D5DFF8CCB100270BF13C0B05
:1031F000DBF80000C0000BD4DBF8001041F0805178
:10320000CBF80010DBF80000012700F080500090A0
:103210006B4E3068C00510D4306840F48070306068
:10322000FFF7F8FC009005E0FFF7F4FC0099401A66
:10323000022850D83068C005F6D55E4EA0686C36BE
:1032400001280FD00528306810D020F00100306030
:10325000306820F004003060A068B8B1FFF7DAFCF5
:1032600000900FE0306840F00100F4E740F0040007
:103270003060F7E7FFF7CEFC0099411A41F2883041
:10328000814266D830688007F4D50EE0FFF7C2FCB3
:10329000009007E0FFF7BEFC0099411A41F2883028
:1032A000814256D830688007F4D42FB1DBF8001083
:1032B00021F08051CBF80010A069C8B33D49091D29
:1032C0000968C1F3810102294AD00228504607D07B
:1032D000C8F8600000E03CE0FFF79CFC04463BE0DF
:1032E0004746C8F86000FFF795FC064605E000BFBA
:1032F000FFF790FC801B02282BD828688001F7D4A8
:10330000D4E907010843A16A2E4A490802EB0141AA
:10331000626A41EA8211084394F82C1040EA016184
:10332000C9F8001001203866FFF774FC044606E077
:103330003EE000BFFFF76EFC001B022809D828689A
:103340008001F7D534E000BFFFF764FC001B0228C2
:1033500002D90320BDE8F88F28688001F4D427E063
:103360000128F7D0D9F80000E26900F48001914209
:103370001CD1226A00F03F01914217D147F6C0717B
:10338000626A0140B1EB821F10D1A26A4FF0FF3395
:1033900000F4403103EB5202B1EB024F06D194F836
:1033A0002C1000F07060B0EB016F01D00120D1E76C
:1033B0000020CFE70438024000004742800E474219
:1033C000007000400000FFFF70B5040009D0606A83
:1033D000002540B125616561A56294F8510040B1B6
:1033E0000CE0012070BD6068B0F5827FF4D0E5612B
:1033F000F2E784F85050204600F044F8022084F8A8
:1034000051002068016821F040010160A0882189F5
:1034100000F4827001F404410843A18901F40061C1
:103420000843217C01F002010843217D01F00101E4
:103430000843218B01F400710843217F01F038011A
:10344000084394F8201001F080010843218D01F415
:103450000051084321680860A069042101EA104076
:1034600094F8241001F01001084321684860206896
:10347000C16921F40061C1616565012084F85100D2
:10348000002070BD10B586B0044614216846FCF7D4
:1034900049FF14492068884221D11348002102685D
:1034A00042F480420260006800F4804005900E48BB
:1034B0001038026842F002020260006800F0020068
:1034C00005904FF4604000900220CDE901010320F7
:1034D00003900520049069460448FFF799FA06B066
:1034E00010BD000000380040403802400004024097
:1034F0002DE9F84F044690F8500000270A9E1D461B
:1035000092468B464FF0010901280ED0012084F825
:103510005000FFF77FFB804694F851006168012856
:103520000CD0B1F5827F07D102E00220BDE8F88F10
:10353000A16809B9042801D00227C2E0BBF1000F3D
:1035400027D0BAF1000F24D01DB394F851000428FD
:1035500002D0052084F8510000206065C4F838A02E
:10356000E587A587C4F830B0E586A5862064606449
:1035700020680168490603D4016841F040010160F8
:10358000E068B0F5006F606805D0E8B3012D46D063
:103590007FE0012795E008B1012D39D1206B21682A
:1035A0000088C860206B801C2063E08E401EE0868F
:1035B0002EE02068816889070FD5E18E69B1B9F1E5
:1035C000010F0AD1216B0988C160206B801C206328
:1035D000E08E401EE0864FF0000920688168C90730
:1035E0000CD0E18F51B1C068A16B0880A06B801C2A
:1035F000A063E08F401EE0874FF00109FFF70AFB50
:10360000A0EB0800B04200E009E001D3701C50D1EB
:10361000E08E0028CDD1E08F0028CAD13FE0206B9A
:10362000216800780873206B401C2063E08E401EE8
:10363000E0862EE02068816889070FD5E18E69B1A8
:10364000B9F1010F0AD1216B09780173206B401C7D
:103650002063E08E401EE0864FF0000920688168FC
:10366000C9070CD0E18F51B1C068A16B0870A06B85
:10367000401CA063E08F401EE0874FF00109FFF778
:10368000C9FAA0EB0800B04202D3701C01D010E0D0
:103690007EB1E08E0028CDD1E08F0028CAD142460D
:1036A0003146204603F0C6FE28B101272020606580
:1036B00007E0032705E0A06818B92068C1688068A2
:1036C0000090012084F85100002084F85000384612
:1036D0002CE770477047000070B590F83C20012A35
:1036E00032D0012480F83C40022280F83D2003685B
:1036F0005A689D6822F070060A6832435A60134B7C
:1037000002689A4214D0B2F1804F11D0104B9A4205
:103710000ED0104B9A420BD00F4B9A4208D00F4B51
:103720009A4205D00E4B9A4202D00E4B9A4204D1D7
:10373000496825F080031943916080F83D400021DD
:1037400080F83C10084670BD022070BD00000140AA
:103750000004004000080040000C0040000401404C
:10376000004001400018004010B5040003D094F858
:103770003D0010B107E0012010BD002084F83C009E
:10378000204600F01FF8022084F83D00211D20682B
:1037900004F0B6FE012084F8460084F83E0084F868
:1037A0003F0084F8400084F8410084F8420084F827
:1037B000430084F8440084F8450084F83D0000206C
:1037C00010BD000008B500680B49884212D10B48B3
:1037D000016841F0080101600068002200F0080063
:1037E000009005213220FFF707FBBDE8084032209A
:1037F000FFF7F4BA08BD0000000C0040403802405A
:1038000090F83D10012901D001207047022180F875
:103810003D100168CA6842F00102CA60006811499F
:10382000884214D0B0F1804F11D00F4988420ED099
:103830000E4988420BD00E49884208D00D49884273
:1038400005D00D49884202D00C49884204D18168D4
:1038500001F00701062903D0016841F00101016070
:1038600000207047000001400004004000080040B4
:10387000000C0040000401400040014000180040DE
:1038800070B5044690F83C000025012817D00126A9
:1038900084F83C60022084F83D002068826822F0B1
:1038A000770222F47F4282600868502838D00DDC0D
:1038B00020284FD005DC90B3102811D14AE0022017
:1038C00070BD302846D040280AD13BE060282FD078
:1038D00070280DD0B0F5805F03D0B0F5005F12D036
:1038E000012584F83D60002084F83C00284670BD26
:1038F000CB68D1E90121206804F066FE2068816868
:1039000041F0770109E0CB68D1E90121206804F09A
:103910005BFE2068816841F480418160E1E719E045
:10392000CA684968206804F061FE5021206806E0FA
:10393000CA684968206804F06AFE6021206804F0C3
:103940004DFECEE7CA684968206804F04FFE40216A
:103950002068F4E7226801461046F0E7704770B52A
:103960000446006801694FF00005C943890715D472
:10397000C168C943890711D4E91E0161012020777C
:10398000206880698007204602D0FFF7E7FF04E047
:1039900000F098F8204600F0C2F825772068016909
:1039A000C943490717D4C168C943490713D46FF005
:1039B00004010161022020772068806910F4407FB3
:1039C000204602D0FFF7CAFF04E000F07BF8204653
:1039D00000F0A5F8257720680169C943090716D4C6
:1039E000C168C943090712D46FF0080101610420BE
:1039F00020772068C0698007204602D0FFF7AEFF1D
:103A000004E000F05FF8204600F089F82577206890
:103A10000169C943C90617D4C168C943C90613D48B
:103A20006FF010010161082020772068C06910F450
:103A3000407F204602D0FFF791FF04E000F042F8FB
:103A4000204600F06CF8257720680169C943C90752
:103A500008D1C168C943C90704D1891E0161204644
:103A600000F05EF820680169C943090609D4C168FD
:103A7000C943090605D46FF0800101612046FFF7B4
:103A800028FE20680169C943490609D4C168C943B1
:103A9000490605D46FF040010161204600F05CF852
:103AA00020680169C94389060BD4C168C9438906E6
:103AB00007D46FF0200101612046BDE87040FFF798
:103AC00009BE70BD704770B50D46040003D094F870
:103AD0003D0010B107E0012070BD002084F83C00DB
:103AE000204600F01BF8022084F83D00211D2068CC
:103AF00004F006FD2068016821F00801016054F817
:103B0000460B016829430160012004F81F09E07594
:103B10002076E0762077A075002070BD7047704752
:103B200010B5044600680949884205D108480021BB
:103B30000160416004F0B0FD06492068884203D16D
:103B4000BDE81040FFF7D2B810BD0000000C0040E7
:103B50003010002000100040704738B5044690F83F
:103B60003E00202822D181B17AB194F83C0001288E
:103B70001CD0012084F83C002063204605F006F8A4
:103B8000002803D1216B012901D0012038BD216813
:103B90000A684968009121680C3151E8002F42F011
:103BA000100241E80023002BF5D138BD022038BDBA
:103BB0007CB50022254B01921446234D1B7835E03D
:103BC00055F82460766886422FD155F8240090F885
:103BD0004031042B2CD139B380F83E1155F8240024
:103BE00080F83F2102E000BF00F082F855F8243051
:103BF000802203F1BC015868FFF7AFFF002855F899
:103C000024004068F0D1806B0068016821F0080151
:103C1000016001A8009055F8240000230322D0F889
:103C2000AC0019460EF044FC02E0641C9C42C7DB69
:103C30000198002807D006494FF080500860BFF374
:103C40004F8FBFF36F8F7CBDD4010020D0010020C7
:103C500004ED00E07047000070B5044620680C30A9
:103C600050E8001F21F4907140E80012002AF5D1BD
:103C70002068143050E8001F21F0010140E80012D4
:103C8000002AF5D1206B012809D120680C3050E8BA
:103C9000001F21F0100140E80012002AF5D1206831
:103CA00040694FF0200241064FF0000015D5216811
:103CB000143151E8003F23F0400341E80035002D66
:103CC000F5D1A16B49B109480865A06BFEF70AFD63
:103CD00050B1A06B016D884706E0E08584F83E2076
:103CE00020632046FFF7B6FF002070BDF388000870
:103CF00010B504460068406994F83D10C0F3C01048
:103D0000212911D180B12068143050E8001F21F022
:103D1000800140E80012002AF5D1606B08B1FEF77F
:103D200098FC204604F03DFE2068406994F83E105F
:103D3000C0F38010222911D180B12068143050E8DE
:103D4000001F21F0400140E80012002AF5D1A06BCD
:103D500008B1FEF77EFC204604F0FCFD002010BDFB
:103D600070B516490024144D097822E055F8242036
:103D7000526882421CD155F8240090F84001042872
:103D800002D070BDFFF7B4FF55F82430802203F154
:103D9000BC015868FFF7E1FE002855F82400406890
:103DA000F0D1806B0068016821F00801016070BDEE
:103DB000641C8C42DADB70BDD4010020D0010020ED
:103DC00010F83D1F4078084370470000F8B50168BF
:103DD00004460868CA684B6910F00F0F4FF00005E1
:103DE00059D003F0010602F49077374365D0C1073C
:103DF00005D0D10503D5216C41F0010121644107B3
:103E000005D5D90703D0216C41F002012164810757
:103E100005D5D90703D0216C41F0040121640107C5
:103E200007D502F02001314303D0216C41F0080195
:103E30002164216C00293AD0800604D5900602D571
:103E4000204604F0BCFD20684069216CC0F380105E
:103E5000090700D460B3204604F07CFD2068406967
:103E6000400621D52068143050E8001F21F04001A1
:103E700040E80012002AF5D1A06BA8B16C49016599
:103E8000A06BFEF72FFC002811D0A06B016D01B0D4
:103E9000BDE8F040084783060FD593060DD52046B0
:103EA000BDE8F84004F08BBD2046FFF759FFF8BD90
:103EB0002046FFF755FF2564F8BD266B2023012E11
:103EC00079D1C60677D5D60675D5086848680090BA
:103ED0004869400640D5A16B086840680004000CA2
:103EE000EAD0A28D8242E7D9E085C869B0F5807F2B
:103EF0002DD020680C3050E8001F21F4807140E87C
:103F00000012002AF5D12068143050E8001F21F07B
:103F1000010140E80012002AF5D12068143050E871
:103F2000001F21F0400140E80012002AF5D184F87A
:103F30003E30256320680C3050E8001F21F010014E
:103F400040E80012002AF5D1A06BFEF782FBA08D9D
:103F5000E18D401A81B229E0A08DE18D401A81B235
:103F6000E08D0028A8D00029A6D020680C3050E8A9
:103F7000002F22F4907240E80026002EF5D1206830
:103F8000143050E8002F22F0010240E80026002EF5
:103F9000F5D184F83E30256320680C3050E8002FBE
:103FA00022F0100240E80023002BF5D12046FFF755
:103FB000FFFDF8BDFFE705062BD5150629D594F8BA
:103FC0003D002128F5D1A068B0F5805F01D12069BE
:103FD000B0B1206A411C2162216800784860E08C01
:103FE000401E0004000CE084E3D12068C16821F089
:103FF0008001C1602068C16841F04001C160D8E71C
:10400000206A0088C0F308004860206A801C206293
:10401000E5E74006CDD55006CBD5CA68204622F04C
:104020004002CA6084F83D3000F024FBC1E7000084
:10403000FD87000870B5040004D094F83D00002509
:1040400010B106E0012070BD84F83C50204600F01D
:1040500023F8242084F83D002068C16821F4005131
:10406000C160204604F00CFD2068016921F49041F4
:1040700001612068416921F02A0141612068C1681D
:1040800041F40051C1602564202084F83D0084F88B
:104090003E00002070BD00002DE9F04F87B00446BF
:1040A00014216846FCF73EF9D848D849D64B103859
:1040B0002268DFF85CE300264F0505154FF0020883
:1040C0004FF003094FF0080C4FF0400B9A425CD1BF
:1040D0000A68B24642F400220A60096801F400212D
:1040E0000591016841F004010160006802AA00F036
:1040F000040005904FF44060CDE9000882E84012CA
:1041000069467046FEF784FCDFF80C83C1494046DF
:10411000C8F80010C0E90176C0E90365C8F814606A
:10412000C8F81860C8F81C60C8F82060C8F8246097
:10413000FEF7BAFB08B1FDF72FFBB74EB548C4F840
:10414000388060363030C8F8384086E88108C6E9E3
:1041500003A5C6F814A0C6F818A0C6F81CA0C6F897
:1041600020A03046C6F824A0FEF79EFB08B1FDF75C
:1041700013FB6663002205213420B463FEF73CFE86
:104180003420FEF72BFEA548A6E0A54B9A4233D17A
:104190000A6842F480120A60096801F480110591EE
:1041A000016841F004010160016801F0040105911A
:1041B000016841F0080101600068029600F0080003
:1041C00005909814CDE90008CDE9039C6446694642
:1041D0007046FEF71DFC0420CDE900080296CDE9EB
:1041E000039469468F48FEF713FC00220521352011
:1041F000FEF702FE35209AE08B4B4FF0070C4FF094
:10420000010A9A4271D181490026091D0A6842F0CB
:1042100010020A60096801F010010591016841F07F
:1042200001010160006801AA00F001000590581525
:1042300000900220CDF810C082E84102E0466946B5
:104240007A48FEF7E5FB0220CDE90050CDF808A042
:10425000CDE9039869467548FEF7DAFBDFF8B881C7
:10426000734908F1C0084046C8F80010C0E901765B
:10427000C0E90365C8F81460C8F81860C8F81C6085
:10428000C8F82060C8F82460FEF70EFB08B1FDF7FF
:1042900083FA6748674EC4F838807830C8F83840E9
:1042A00086E881080020C6E903057061B061F0610D
:1042B000306270623046FEF7F7FA08B1FDF76CFA2B
:1042C0006663002205212520B463FEF795FD2520B5
:1042D000FEF784FD514888300068C16841F0100144
:1042E000C16007B0BDE8F08FFFE7534B9A4221D180
:1042F0000A6842F400320A60096801F4003105914D
:10430000016841F0080101600068694600F008009A
:10431000059060208DE80105CDE9039C4148FEF73A
:1043200077FB002205212620FEF766FD2620FEF7FA
:1043300055FDD6E7414B9A42D3D10A68002642F494
:1043400080220A60096801F480210591016841F02A
:1043500008010160006801AA00F0080005909815A6
:1043600000900220CDF810C082E84102E046694684
:104370002C48FEF74DFB4FF4007000900220CDE971
:10438000010ACDE9039869462648FEF741FBDFF8AC
:10439000A480204908F1600818394046C8F8001088
:1043A000C0E90176C0E90365C8F81460C8F8186070
:1043B000C8F81C60C8F82060C8F82460FEF774FADA
:1043C00008B1FDF7E9F91B4E1248C4F83880C03631
:1043D0001830C8F8384086E881080020C6E903058F
:1043E0007061B061F061306270623046FEF75CFA75
:1043F00008B1FDF7D1F96663002205212720B463D7
:10440000FEF7FAFC272092E7004C004040380240BB
:1044100000080240406002401C1E0020C81C002012
:1044200000500040000C024000100140000002401B
:10443000406402403C1F002000440040004800400F
:1044400090F83E30202B0ED159B152B190F83C304B
:10445000012B08D0012380F83C300023036304F0D3
:10446000DDBB012070470220704700007CB50026AC
:104470001D49019634461B4D097825E055F8242046
:10448000526882421FD155F8240090F8401101294A
:104490001CD190F8A610BC3002F07CFE55F82430F8
:1044A000012203F1A6015868FFF7CAFF0EF09CF83D
:1044B0000246009655F8240001AB0721D0F8B00061
:1044C0000EF076FA02E0641C8C42D7DB01980028DB
:1044D00007D006494FF080500860BFF34F8FBFF3FD
:1044E0006F8F7CBDD4010020D001002004ED00E0DE
:1044F000704700002DE9F843044690F83D001F4640
:1045000016460D4620284CD1C5B1BEB194F83C00EA
:10451000012846D0012084F83C004FF00008C4F880
:104520004080212084F83D00FEF774FBA68481467C
:10453000E684A068B0F5805F03D004E00120BDE808
:10454000F883206928B12E465FF0000584F83C808E
:104550000EE00026FAE78021204604F07AFBA0B99D
:10456000AEB116F8010B21684860E08C401EE08473
:10457000E08C4B464FF0000200970028EBD14FF043
:104580004001204604F065FB30B10320D7E735F841
:10459000020BC0F30800E6E7202084F83D0000206D
:1045A000CDE70220CBE7000070B5044690F83D004F
:1045B000202836D191B38AB394F83C00012830D03A
:1045C000012084F83C002162A284E2840025256455
:1045D000212084F83D00636B1348D863636B134854
:1045E0001864636B1248D864606B134605652668CF
:1045F000606B321DFEF7C2F921686FF04000086061
:1046000084F83C502068143050E8001F41F08001CD
:1046100040E80012002AF5D1002070BDFFE701201C
:10462000FBE70220F9E70000098900084B89000830
:104630000D88000890F83D30202B18D1A9B1A2B107
:1046400090F83C30012B12D001628284C284002198
:104650000164212280F83D2080F83C100068C16888
:1046600041F08001C16000207047012070470220A6
:10467000704700001CB5144B00210191114A1B78B2
:1046800012E000BF52F82140646884420BD101A8B7
:10469000009052F8210000231A46D0F8AC001946C9
:1046A0000DF006FF02E0491C9942EBDB019800285F
:1046B00007D006494FF080500860BFF34F8FBFF31B
:1046C0006F8F1CBDD4010020D001002004ED00E05C
:1046D0007047FEE741F60103C81A994270D034DCF6
:1046E00041F21803A1EB030099426BD015DC41F2B3
:1046F0000603A1EB030099425CD009DCB1F5805FB1
:1047000052D06FF48050081850D0042848D14FE0A0
:10471000012851D00E2843D150E0B0F5BD6F59D0DB
:104720000ADCB0F51A7F4FD0B0F57A7F4ED0A0F5F5
:104730004070E93834D14BE0A0F5A060E9384BD0A7
:10474000A0F58070FF382BD148E044F64003C11A31
:10475000984253D016DCB0F5006F49D009DCA0F5C3
:104760008070FF383ED001283ED0B0F5C06F17D121
:104770003CE0A0F5006001383CD03E38B0F5804FF9
:104780000ED139E0392941D006DC232938D02B2934
:1047900038D0372904D137E0402939D0BE2939D063
:1047A0002048106000207047002034E0012032E0F3
:1047B000022030E003202EE004202CE005202AE037
:1047C0000EE0FFE7062026E0072024E0082022E094
:1047D000092020E00A201EE00B201CE00C201AE03B
:1047E0000D2018E00E2016E00F2014E0102012E03B
:1047F000112010E012200EE013200CE014200AE03B
:10480000152008E0162006E0172004E0182002E03A
:10481000192000E01A2000211160034901EBC000BB
:104820007047000000000206502D01089F2803D1A8
:10483000087808B101487047002070473000090629
:104840002DE9FF472B4DA87800284FF0020027D113
:10485000294F03900620388000240DF10C08CDE983
:1048600000844FF400593B462246494623480294AF
:1048700006F00AFC21480BF045FD0026322008F026
:104880000AFC0020FDF700F8287803280BD0761CDE
:104890000A2EF3DB1AA005F073FDAC706FF0020076
:1048A00004B0BDE8F087052008F0F5FB3C80CDE9B9
:1048B0000084114B002249461048029406F0E4FBA4
:1048C0000E480BF01FFD00260020FCF7DDFF2878C6
:1048D000022809D0761C0A2EF6DB15A005F050FD43
:1048E000AC706FF00100DBE71E4805F049FD0020C9
:1048F000D6E7000014000020E4010020FC060020A0
:104900004B696E636F20656E61626C6520666169DC
:104910006C65642C2052454144595F5357495443B8
:10492000485F4F4E5F4641494C45442E0D0A0000FA
:104930004B696E636F20656E61626C6520666169AC
:104940006C65642C205357495443485F4F4E5F4475
:10495000495341424C45445F4641494C45442E0D24
:104960000A000000942F01082DE9FF5F504CA07849
:1049700000284FF001003DD10026A07035460020F0
:10498000FCF782FF2078002837D04A4F06200DF12F
:104990000C0A38804FF00209CDE900A5CDE9025993
:1049A0004FF4005B56463B4600225946424806F00B
:1049B0006BFB4248414B002205600420CDE90250C8
:1049C000CDE9006542F201013B4806F05DFB3A4843
:1049D0000BF098FC00260020FCF756FF20780328F7
:1049E00015D0761C0A2EF6DB35A005F0C9FCA570A3
:1049F0006FF0020004B0BDE8F09F761C0A2EBEDB0B
:104A00003BA005F0BDFCA5704FF0FF30F2E705209C
:104A100008F041FB07213980CDE900A5CDE9025915
:104A2000B8465746234B00225946234806F02CFB34
:104A300021480BF067FC00260020FCF725FF2078BA
:104A4000042809D0761C0A2EF6DB34A005F098FC69
:104A5000A5706FF00300CDE7052008F01CFB0F21C7
:104A6000A8F80010CDE90075124B002259461248F3
:104A7000029506F009FB10480BF044FC002632209A
:104A800008F009FB0020FCF7FFFE2078052809D07C
:104A9000761C0A2EF3DB2CA005F072FCA5706FF0DB
:104AA0000400A7E735A005F06BFCA5700020A1E786
:104AB00014000020E4010020FC060020E801002092
:104AC0004B696E636F20656E61626C65206661691B
:104AD0006C65642C2052454144595F5357495443F7
:104AE000485F4F4E5F4641494C45442E0D0A000039
:104AF0004B696E636F20656E61626C6520666169EB
:104B00006C65642C204745545F5354415455535FA2
:104B10004641494C45442E0D0A0000004B696E6326
:104B20006F20656E61626C65206661696C65642CDE
:104B30002053574954434845445F4F4E5F464149CF
:104B40004C45442E0D0A00004B696E636F20656E64
:104B500061626C65206661696C65642C204F50450C
:104B6000524154494F4E5F454E41424C45445F4689
:104B700041494C45442E0D0A000000004B696E630C
:104B80006F2063757272656E7420737461747573CF
:104B9000206973204F5045524154494F4E5F454E56
:104BA00041424C45442C20656E61626C6520636F08
:104BB0006D706C657465642E0D0A000010B50221DD
:104BC00014480BF0ABFC1349012081F8E1010021EE
:104BD00010480BF057FD7F210E480BF053FD0521C7
:104BE0000C480BF04FFD022201210A4808F04FF853
:104BF00082220121074808F04AF8C82008F04BFA41
:104C000080220121034808F042F8BDE8104032201C
:104C100008F041BAFC0600202DE9FF411C4E8046F9
:104C20002F2030800024022003ADCDE90240CDE9E1
:104C300000540703334622463946164806F024FA44
:104C4000154904200B46C1F80080CDE90240CDE9AA
:104C500000540022791C0F4806F016FA0D480BF09C
:104C600051FB3F203080CDE90054334600223946C5
:104C70000848029406F008FA06480BF043FB054882
:104C80000BF0D9FB052008F006FABDE8FF81000013
:104C9000E4010020FC060020E80100203EB50546A6
:104CA0000020ADF80800062102A8CDE9000100238C
:104CB00046F23F020121074802F002FB040004D043
:104CC00005A005F05DFB20463EBDBDF8080028802C
:104CD000F9E70000FC0600204B696E636F20534427
:104CE0004F2072656164204552524F525F434F44DA
:104CF000455F494E444558204661696C65640D0A1C
:104D0000000000001FB504210391FBF7D2FE9FEDC8
:104D10000E1B53EC112BFBF75AFEFBF7F6FE0C496A
:104D20000B4B0860002003A9CDE900100246029059
:104D300042F20201074806F0A7F906480BF0E2FA32
:104D400004480BF078FB1FBD2D7AA702EE79D14005
:104D500004020020FC0600202DE9F04F87B04FF040
:104D600001088DF81480052705ACCDE9004746F20F
:104D7000600500232A464146B84802F0F4FA10B113
:104D8000B7A005F0FDFA00268DF81460CDE90047C4
:104D900033462A460121B14802F092FA10B1BCA074
:104DA00005F0EEFA9DF81400012802D0C4A005F029
:104DB000E7FACC48072403ADCDE90054029046F24F
:104DC0008109039000234A460121A44802F0CBFA4E
:104DD00010B1C5A005F0D4FACDE9005400234A462D
:104DE00001219E48039602F06BFA10B1CBA005F0AA
:104DF000C7FADDE90201814204D04FF4FA71D3A071
:104E000005F0BEFA4DF2B710CDE90054029046F21B
:104E10008309039000234A460121904802F0A3FA37
:104E200010B1D6A005F0ACFACDE9005400234A46F3
:104E300001218A48039602F043FA10B1DAA005F086
:104E40009FFADDE90201814203D03221E1A005F0A1
:104E500097FAED48CDE90054029046F28409039098
:104E600000234A4601217D4802F07DFA10B1E7A0F7
:104E700005F086FACDE9005400234A46012177481F
:104E8000039602F01DFA10B1EBA005F079FADDE906
:104E90000201814203D0C821F2A005F071FA0DF1A0
:104EA0000809FD48CDE90094012302904FF4A05277
:104EB00019466A4802F057FA10B1F8A005F060FAF6
:104EC00045468DF810800DF11008CDE900870223CA
:104ED0004FF4A0520121614802F045FA10B1EFA051
:104EE00005F04EFACDE900874FF4B05B8DF8106005
:104EF00000235A460121594802F035FA10B1F2A0B8
:104F000005F03EFAFC48CDF80090CDE901400123C0
:104F10005A461946514802F026FA10B1EAA005F0A7
:104F20002FFAF648A246CDF80090CDE901A04C46F4
:104F300002234FF4B0520121484802F014FA10B194
:104F4000E1A005F01DFA0220CDE900878DF81000E0
:104F5000B946C34600234FF4B05201213F4802F046
:104F600002FA10B1D8A005F00BFA40F2012000942B
:104F7000CDE901A0012357464FF4A0521946374806
:104F800002F0F1F910B1C5A005F0FAF9C24802A982
:104F9000CDE90017401C01230290BA4641F20142BC
:104FA00019462E4802F0DFF910B1D5A005F0E8F956
:104FB000CDE900B9A8468DF810504C465D46022355
:104FC00041F201420121254802F0CDF910B1CCA0F7
:104FD00005F0D6F9CDE9005441F2016BB1468DF8E8
:104FE000106000235A4601211C4802F0BCF910B1A0
:104FF000CEA005F0C5F9D94802AF0097CDE901A0D0
:10500000012356465A461946144802F0ACF910B12D
:10501000C6A005F0B5F9CDE900548DF81080002345
:105020005A4601210D4802F09EF910B1BFA005F0CB
:10503000A7F940F202200097CDE90160012341F277
:1050400001421946054802F08EF910B1ACA005F0F6
:1050500097F9C34801234FF4C05A83E1FC060020AE
:105060004B696E636F2053444F20577269746520FB
:10507000534552564F5F574F524B5F4D4F44455F1C
:10508000494E444558204661696C65640D0A00002C
:105090004B696E636F2053444F20726561642053E7
:1050A0004552564F5F574F524B5F4D4F44455F49F6
:1050B0004E444558204661696C65640D0A00000045
:1050C0004B696E636F2073657420706F73697469C8
:1050D0006F6E206D6F6465204661696C65640D0AB2
:1050E00000000000938888004B696E636F20534472
:1050F0004F2057726974652050524F46494C4544C1
:105100005F56454C4F434954595F494E44455820DA
:105110004661696C65640D0A000000004B696E63AE
:105120006F2053444F20726561642050524F4649AE
:105130004C45445F56454C4F434954595F494E4492
:105140004558204661696C65640D0A004B696E63C1
:105150006F207365742070726F66696C6564207669
:10516000656C6F6369747920746F20256420727098
:105170006D204661696C65640D0A00004B696E63C1
:105180006F2053444F2057726974652050524F4628
:10519000494C45445F4143435F494E44455820468E
:1051A00061696C65640D0A004B696E636F2053443E
:1051B0004F20726561642050524F46494C45445F10
:1051C0004143435F494E444558204661696C6564DC
:1051D0000D0A00004B696E636F2073657420707256
:1051E0006F66696C656420616363656C6572617488
:1051F000696F6E20746F2025642072706D20466187
:10520000696C65640D0A0000DC4603004B696E633F
:105210006F2053444F2057726974652050524F4697
:10522000494C45445F4445435F494E4445582046F8
:1052300061696C65640D0A004B696E636F205344AD
:105240004F20726561642050524F46494C45445F7F
:105250004445435F494E444558204661696C656446
:105260000D0A00004B696E636F20736574207072C5
:105270006F66696C656420646563656C65726174F2
:10528000696F6E20746F2025642072706D204661F6
:10529000696C65640D0A0000210000084B696E63AB
:1052A0006F2053444F205772697465205250444F09
:1052B000315F504152414D5F494E4445582046614F
:1052C000696C65640D0A00004B696E636F2053447E
:1052D0004F205772697465205250444F315F4D41E1
:1052E0005050494E475F494E444558204661696CCD
:1052F00065640D0A000000001000406020007A6024
:105300004B696E636F2053444F2057726974652058
:105310005250444F325F504152414D5F494E4445D7
:1053200058204661696C65640D0A00004B696E6324
:105330006F2053444F205772697465205250444F78
:10534000325F4D415050494E475F494E44455820C9
:105350004661696C65640D0A0000000020008160F0
:10536000810100800097CDE90160524619466148ED
:1053700001F0F9FF10B160A005F002F8CDE900548A
:105380008DF810800223D34652460121594801F07E
:10539000EAFF10B158A004F0F3FFCA468DF8109050
:1053A000CDE900544FF4D05900234A460121514819
:1053B00001F0D9FF10B15BA004F0E2FF654800974F
:1053C000CDE9016001234A4619464A4801F0CBFF66
:1053D00010B154A004F0D4FF5F480097CDE90160FC
:1053E00002234A460121434801F0BDFF10B14DA000
:1053F00004F0C6FF0220CDE900548DF81000002310
:105400004A4601213B4801F0AEFF10B145A004F02F
:10541000B7FF40F281100097CDE9016001235A46A1
:105420001946344801F09FFF10B133A004F0A8FFE3
:105430004A480097CDE90160012341F6010BB946C6
:105440005A4619462B4801F08EFF10B144A004F0D3
:1054500097FFCDE9005447468DF8108002235A4645
:105460000121244801F07FFF10B13DA004F088FF26
:105470008DF810A0CDE9005441F6012A00235246D0
:1054800001211C4801F06FFF10B135A004F078FF36
:105490003E48B046CDF80090CDE9018001234E464C
:1054A00052461946134801F05EFF10B12CA004F0DB
:1054B00067FFCDE900548DF810700023524601219A
:1054C0000C4801F050FF10B125A004F059FF4FF433
:1054D000C1700096CDE9018001235A46194605485E
:1054E00001F041FF002802D01DA004F049FF07B0E1
:1054F000BDE8F08FFC0600204B696E636F205344BB
:105500004F205772697465205450444F315F5041A9
:1055100052414D5F494E444558204661696C65646F
:105520000D0A00004B696E636F2053444F20577281
:10553000697465205450444F315F4D415050494E7D
:10554000475F494E444558204661696C65640D0AC1
:1055500000000000100041602000636082010080B4
:105560004B696E636F2053444F20577269746520F6
:105570005450444F325F504152414D5F494E444573
:1055800058204661696C65640D0A000020006C605B
:105590004F4D88B0287828B94EA004F0F1FE0020C5
:1055A0000BF0BAFCDFF854B10027ABF57C7A3E462D
:1055B000B9460AF58E6800BF07F07AFD044600215F
:1055C000686E07F03DFE38BB00231A466946E86C5A
:1055D00007F0A4FD00BB0198B0F57A7F0EDC002136
:1055E000474807F08DF898B99AF8430118B100BF01
:1055F000A8F80A000EE04FF6FF70F9E741F64C51AB
:10560000884207DB00213E4806F0BCFF0028F2D0AC
:10561000A8F80A9004F1C806E01B642851D3B442EC
:105620004FD30021A86E07F00BFEE0BB00213448E9
:1056300006F004FFC0B3A8F80A90DBF800704FF042
:105640007E534A46414658469F4215DAD0F804C078
:105650009C4511DAD0F808C09C450DDAD0F80CC092
:105660009C4509DAD0F810C09C4505DAD0F814C082
:105670009C4501DA0A704A60224B9F4220DD224F8E
:105680004368BB421CDD214B87689F4218DDC76819
:105690009F4215DD07699F4212DDDBF81400984236
:1056A0000EDD0A7001E00CE004E040F21A40C8F898
:1056B000040005E09AF8430138B100BFA8F80A00D9
:1056C00027460A2007F0E7FC76E74FF6FF70F5E77C
:1056D0001800002041637175697265206C656674FD
:1056E00052656376526177446174615074722066CA
:1056F00061696C6564210D0A00000000B818002083
:10570000C81400200000F04100000C420000964246
:1057100010B500224FF400610448FDF776FA01222B
:10572000BDE8104051020248FDF76FBA0000024088
:105730000008024010B500224FF400610548FDF753
:1057400064FABDE8104000224FF400710248FDF7F2
:105750005CBA0000000002400008024010B50122BF
:10576000D1020548FDF751FABDE8104000224FF480
:1057700000710248FDF749BA0000024000080240EB
:1057800000210A4600EBC103491C9A620529F9DB96
:10579000704700002DE9F0410446DDE90765069FEA
:1057A000416500214FEA010004EBC10C491CCCF813
:1057B00028000529F8DB206266616062C4E90127E0
:1057C000C4E90353207720650120206004F15800CC
:1057D00002F0E5FF04F16000BDE8F04102F0DFBF38
:1057E000002101770162416A002901D0FFF7C8BF9B
:1057F000704708B56A4600F001F808BD2DE9F04190
:1058000098B016460F4604464FF0FF3845465822DA
:1058100020496846FAF76DFD206A80BB16A802F0A1
:10582000BEFF16A8616802F0B2FF07B96F46398B58
:10583000A161B87E606204F1600002F09DFF3A460B
:10584000A168206900F00AFA011E1EDD16AA204692
:105850000AF05BFD050018D116AA022120460BF0C4
:10586000C3FD02280AD10027377077703146701CBB
:10587000E368626900F034F8012801D0454604E08D
:10588000357815B901202062277718B02846BDE881
:10589000F08100003C2C01082DE9FC41074615462B
:1058A0000E460024684600930AF062FA60F307048B
:1058B000C4F3C00030702009387001A9009800F0CE
:1058C000F9F80099019A014400910A44511A0229F9
:1058D00004DB68460AF052FA28800120BDE8FC810A
:1058E0002DE9FC41074600240E46254668460092F5
:1058F0000AF03EFA0146204661F30700000902283B
:1059000019D101A9009800F0D5F80099054608447E
:10591000019900900144081A02280CDB68460AF03D
:1059200027FA60F3070404F00100387068460AF0B3
:105930001FFA307001252846BDE8FC812DE9FC5F87
:105940008046DDE90EA00024CDE900049946174603
:105950000E462546DDF834B068460AF009FA60F3D1
:105960000704200903282CD1C4F3C00188F80010D3
:10597000C4F34100306004F00100387001A90098C0
:1059800000F098F8009905460844019900904418E1
:10599000224669460C980AF0FAF990B10098201A4C
:1059A0000FD43068002804DD68460AF0E7F9A9F84A
:1059B00000000098211ACAF8001000990125CBF8C0
:1059C00000102846BDE8FC9F2DE9FC4781460A9857
:1059D000002400909A4616468846254668460AF0F6
:1059E000C7F90146204661F307000009092826D1BE
:1059F00001A9009800F05EF8009905460844019955
:105A000000904718381A022819DB68460AF0B6F9E0
:105A1000A9F8000034600EE03168414502DD4FF026
:105A2000FF350CE068460AF0A3F931688B00491C89
:105A300031604AF803000098B842EDD301252846AA
:105A4000BDE8FC877CB504464FF0FF35684602F0A0
:105A5000A6FE6846616802F09AFEA168206900F01F
:105A6000C4F9011E04DD6A4620460AF04EFC0546D4
:105A70002046FFF7B5FE28467CBD006A7047F8B5A2
:105A8000012500240E4607460C60641C042C0FDC24
:105A900001216846B84701280AD19DF80000316805
:105AA00000F07F0202FB0511ED0131600006ECD42D
:105AB0002046F8BD024A10600248FFF7E0BF000030
:105AC000CC0100201DB3000810B503460020CA1702
:105AD00001EB526424F07F02891ACAB2E111002955
:105AE00002DD00BF42F080021A5400F10100EEDC3A
:105AF00010BD70B504680E4624B12046FAF71DFCAF
:105B0000054601E0D0E901543046FAF716FC85421B
:105B100005D12A4631462046FAF731FC08B100206B
:105B200070BD012070BD0000401C802801DA401CBF
:105B30007047B0F5804F01DA801C704703498842F6
:105B400001DAC01C7047001D70470000FFFF1F00F6
:105B50002DE9F04306464FF0FF37006A89B015463D
:105B60003C464FF00009884678B307A802F017FEBC
:105B700007A8716802F00BFE2878012801D00228DE
:105B800003D1304606F07EFAA880D5E90201CDE9BE
:105B90000501CDE90289CDF81090A9886878CDE992
:105BA00000012B780022B168306900F024F9011E51
:105BB00029DD07AA30460AF0A8FB040021D1287885
:105BC000012803D0022813D01BE01CE007AA0421FF
:105BD00030460BF009FC042811D1F068009001AAAE
:105BE00002A903A87369FFF757FE012807D108E04F
:105BF00007AA072130460BF0F7FB0728EDD03C46FB
:105C000001E0601C02D13046FFF7EAFD09B02046F2
:105C1000BDE8F083F8B50024069E054600900429EF
:105C200001DAA01EF8BD62F3071463F3C304062A69
:105C300024F0060000D1801CC1B268460BF080FE43
:105C400002210098FFF740FF009908440090314678
:105C500068460BF07BFE0098401BF8BD2DE9F84329
:105C600007460090884614460025104600F082F84A
:105C70008146FFF759FF404502DDA81EBDE8F883C5
:105C80002E46314666F30701684610310BF058FE88
:105C900049460098FFF718FF009908440090207AC1
:105CA00004281DD02FA168460BF036FE032168465C
:105CB0000BF046FEA07E66F3070560F34105E07E2B
:105CC00008B145F00405680707D594F83D0060F376
:105CD000C40594F83C0060F34515206C40B905E01C
:105CE00022A168460BF018FE0421E0E7A06C08B181
:105CF00045F08005E06C08B9606D08B145F04005DD
:105D0000294668460BF01CFE218B68460BF01EFEF0
:105D100004F10C0168460EC90BF027FEE07E68B165
:105D20002434684694E80E00243C0BF01EFE303408
:105D3000684694E80E00303C0BF017FE280605D5A7
:105D400004F1400168460EC90BF00FFE680605D548
:105D50004C34684694E80E000BF007FE0098C01B18
:105D60008CE700004D514973647000004D5154544C
:105D70000000000070B50446007A0025032802D018
:105D8000042802D002E00C2500E00A2504F10C00F2
:105D900007C800F0ABF90544E07EAD1C78B12434AF
:105DA00094E80700243C00F0A1F93034064694E85A
:105DB0000700303C00F09AF9304405442D1D206C5A
:105DC00008B9A16C29B1D4E9111200F08FF905448A
:105DD000AD1CE06C08B9616D29B1D4E9141200F072
:105DE00085F90544AD1C284670BD0E2200F0B3B8FD
:105DF0000C2200F0B0B82DE9FC5F1C46129ECDE9E4
:105E00000060DDF838B09046DDF830A0DDE90F2302
:105E1000894607465946204600F030F80546FFF708
:105E200083FE484503DD6FF00100BDE8FC9F302193
:105E300068F3C30164F342016AF3000101A80BF0A7
:105E40007FFD29460198FFF73FFE01990844019024
:105E5000DDE90F23594601A80BF087FD002C03DD77
:105E600001A80D990BF072FD324611990198FAF7CD
:105E700040FA019830440190C01BD6E770B50E4639
:105E8000114604461A463046049D00F02FF9284476
:105E9000801C002C00DD801C70BD00002DE9FF4F30
:105EA00083B0064610A8894690E8800900249246EF
:105EB000254641463846009600F036F80190FFF737
:105EC00033FE484503DDA01E07B0BDE8F08F64F344
:105ED000070480346AF3C30424F00600801CC1B2B6
:105EE00068460BF02DFDDDE90001FFF7EDFD00999F
:105EF00008440090684606990BF028FD0FE000BFAB
:105F000005EB450108EB810090E80E0068460BF0B8
:105F10002CFD1BF8251068460BF012FD6D1CBD42D0
:105F2000EEDB0098801BCFE72DE9F04102250F46FC
:105F3000064600240AE000BF04EB440007EB8000A3
:105F400007C800F0D3F80544641CED1CB442F3DB31
:105F50002846BDE8F08138B50023044600900229A8
:105F600001DA981E38BD194663F3070162F3071181
:105F700068460BF0E5FC00210098FFF7A5FD0099AD
:105F800008440090001B38BD2DE9F04717468946AC
:105F900006464FF0FF35002406EBC408D8F8280069
:105FA00018B14946FAF7D0F930B1641C052CF3DB7F
:105FB00017B3681C0DD01FE0002F06D106EBC401FB
:105FC0004FF000008862C8F82C004FF000050DD19A
:105FD00012E04FF0000400BF06EBC400806A20B15D
:105FE00004F10104052CF7DB06E00025052C03DA9B
:105FF00006EBC400C0E90A972846BDE8F0871CB547
:1060000001AC009400F001F81CBD2DE9FF478CB0F5
:10601000002605460796089606914FF0FF38189F10
:10602000006A9A468946444620B309A802F0B7FBA5
:1060300009A8696802F0ABFB284606F023F883B292
:106040000EAA06A901208DE807000022A968286988
:10605000FFF724FF011E27DD09AA28460AF055F99B
:1060600004001FD109AA092128460BF0BDF909280F
:1060700001D0444618E002963E70E9686869CDE9AF
:1060800000013B4602AA012103A8FFF79DFC01285D
:1060900008D13878802805D0524649462846FFF76F
:1060A00073FF0446601C02D12846FFF799FB10B02D
:1060B0002046BDE8F0877CB506460D4600246846BC
:1060C00002F06DFB2946684602F061FB69463046E6
:1060D00005F0E2FD002802DA4FF0FF3404E06846E4
:1060E00002F065FB0028F1D020467CBD10B510B150
:1060F000FAF723F90146084610BD00007FB50021DC
:1061000021480091019102911E4A039102600124ED
:106110004FF480320461C0E90121047680F8201038
:106120001A4AC0E90A210325C561C16080F8301010
:106130004461FBF7C7FD08B1FBF72EFB0820CDE952
:1061400000040720029069460F48FBF715FD08B1CF
:10615000FBF722FB092000900220019069460A48C3
:10616000FBF70AFD08B1FBF717FB0D20CDE9000591
:1061700069460548FBF700FD002801D0FBF70CFB42
:106180007FBD000000200140701B00200100000FB7
:1061900010B516488AB01449016006210024C0E9F0
:1061A00001140904C0E903414FF4A00141610476E0
:1061B00044768476C47604774477FCF77EF808B199
:1061C000FBF7EAFA0E200990012001940294CDE930
:1061D000064003940094089005946946049403488B
:1061E000FBF75AFE0AB010BD00640040D81B002027
:1061F00010B517488AB01549016003210024C0E991
:1062000001144FF42021C0E903414FF48011416192
:10621000047644768476C47604774477FCF74DF8A8
:1062200008B1FBF7B9FA02940E2001210094019401
:10623000039407910990CDE90504089104946946F7
:106240000348FBF729FE0AB010BD000000680040BB
:10625000001C0020214808B5016841F4800101605C
:10626000016801F480010091016841F400110160AE
:106270000068002200F40010009005210C20FCF7BB
:10628000BBFD0C20FCF7AAFD002205210D20FCF728
:10629000B3FD0D20FCF7A2FD002205210E20FCF726
:1062A000ABFD0E20FCF79AFD002205210F20FCF724
:1062B000A3FD0F20FCF792FD002205213A20FCF7F8
:1062C0009BFD3A20FCF78AFD002205214620FCF7C1
:1062D00093FDBDE808404620FCF780BD3038024001
:1062E00070B505F057FB02F0E5F8002211460120D9
:1062F00006F0D4FF4B4C002211466066012006F0E8
:10630000CDFF0022A0661146012006F0C7FF002243
:10631000E0661146012006F0C1FF002320671A46FF
:106320000121414807F07AF8002360671A460121ED
:106330003E4807F073F80023A0671A4601213C4845
:1063400007F06CF80023E0671A460121394807F08E
:1063500065F804F18005002228601C210A2006F05F
:106360000FFFE06400221C210A2006F009FF2065CF
:1063700000220C210A2006F003FF6065002218218C
:10638000142006F0FDFEE06500221821142006F01E
:10639000F7FE2066002208210A2006F0F1FEA06523
:1063A0000A21606F07F076F8C821A06F07F072F835
:1063B0000A21E06F07F06EF8C821286807F06AF834
:1063C0001D4A00211D4806F0E3FF1B4A20632432CA
:1063D00000211B4806F0DCFF174A606348320021A9
:1063E000184806F0D5FF144AA0636C320021164805
:1063F00006F0CEFF104A206490320021134806F0C8
:10640000C7FF0D4A6064B4320021114806F0C0FF96
:10641000094AA064D83200210E4806F0B9FFE063B3
:1064200070BD00001800002031870008498700086F
:106430003D87000855870008482A01083977000879
:106440003582000865790008915500082D70000814
:1064500085190008DD7800082DE9F04F87B0142178
:106460006846F9F75FFF70480024016841F01001A9
:106470000160016801F010010591016841F080019F
:106480000160016801F080010591016841F004019B
:106490000160016801F004010591016841F001010A
:1064A0000160016801F001010591016841F00201FC
:1064B0000160016801F002010591016841F00801E5
:1064C00001600068594E00F00800059000224BF66C
:1064D00084713046FCF799FBDFF8549100224FF4A9
:1064E0000E614846FCF791FBDFF848A100224FF40B
:1064F0002C715046FCF789FBDFF83C8100223115F6
:106500004046FCF782FB0122170339464046FCF760
:106510007CFBDFF828B1002208215846FCF775FB08
:1065200040F6847000900125CDE90154694630465B
:106530000394FCF76DFAE0200090CDE90154694620
:1065400048460394FCF764FA30200090CDE90154EA
:10655000694650460394FCF75BFA4FF44050CDE98E
:10656000000569463046CDE90245FCF751FAE803DB
:10657000CDE900050320CDE9024069463046FCF72D
:1065800047FA4FF4A0500090CDE9015469464046C7
:106590000394FCF73DFA4FF420700226CDE9000584
:1065A000CDE9024669465046FCF732FA28028DE8EA
:1065B000310069464846FCF72BFA00976946484681
:1065C000CDE90145FCF724FA40208DE83100694609
:1065D0005046FCF71DFAEF0200970396CDE90154EF
:1065E00069464846FCF714FA012239464846FCF74A
:1065F0000CFB6F0200970396CDE9015469465046A3
:10660000FCF706FA012239465046FCF7FEFA08204C
:106610000090CDE90154694658460394FCF7F8F917
:1066200007B0BDE8F08F0000303802400010024093
:10663000000002400008024000040240000C02403A
:106640002DE9F041204804242049047000254160D0
:1066500005724FF47A76A0F8A26000F56C77C0F866
:1066600098704FF02008C560A0F8A48080F84041E1
:1066700000F02CF9144800F0B3F9A7F50A7014499A
:10668000047041600572A0F8A260C0F89870C560FF
:10669000A0F8A48080F8404100F018F9A7F50A702E
:1066A00000F09EF9084805F09CFE0A4C0125E060C8
:1066B00000B12570084805F094FE2061002800D044
:1066C0006570BDE8F0810000C8140020501D002056
:1066D000D81D002018000020501600200F4810B5CB
:1066E0000D4901604FF48271416000218160C160F9
:1066F0004FF400720161C0E90512C161016241629B
:1067000081620A21C162FCF75FFE002803D0BDE868
:106710001040FBF741B810BD00380040281C002095
:1067200010B586B000241B48009401940294039491
:10673000049417490594016040F24731C0E90114FF
:106740004FF6FF71C0E903148461FDF70DF808B13D
:10675000FBF722F84FF48050009069460D48FDF792
:106760008FF808B1FBF718F808210A48FDF7ABF9D4
:1067700008B1FBF711F8049404A906480594FCF746
:10678000ABFF002801D0FBF707F806B010BD0000F2
:10679000000C0040801C00200C4810B50A49016024
:1067A0004FF4E1314160002181600C22C160C0E9F9
:1067B00004128161C161FDF73DFC002803D0BDE8F2
:1067C0001040FAF7E9BF10BD004C0040C81C002083
:1067D0000E4810B50C4901604FF4E13141600021D1
:1067E00081600C22C160C0E904128161C161FDF7C2
:1067F00021FC08B1FAF7D0FFBDE81040012204499E
:106800000248FDF71DBE0000005000400C1D002096
:10681000EC0000200C4810B50A4901604FF4E1314A
:106820004160002181600C22C160C0E904128161D5
:10683000C161FDF7FFFB002803D0BDE81040FAF767
:10684000ABBF10BD00100140501D00200E4810B518
:106850000C4901604FF4E1314160002181600C225C
:10686000C160C0E904128161C161FDF7E3FB08B1B9
:10687000FAF792FFBDE81040012204490248FDF7F3
:10688000DFBD000000440040941D0020EC0000200B
:106890000C4810B50A4901604FF4E1314160002114
:1068A00081600C22C160C0E904128161C161FDF701
:1068B000C1FB002803D0BDE81040FAF76DBF10BD42
:1068C00000480040D81D0020FEE7000038B52D4DDF
:1068D00004462878022853D204F1BC0000F079FC69
:1068E0002078032802D0042808D0FEE7264A214653
:1068F000264806F04DFDC4F8AC001EE0224A2146B1
:106900002432234806F044FD44F8AC0F214800909F
:1069100034F80A1C002220A0A3680BF0E7FFA06057
:10692000AC3C40B3184A1021183A022006F028FC6B
:10693000C4F8A80000B3D4F8AC00F0B11A48009035
:106940000022052119A0D4F8B0300BF0CFFFC4F815
:10695000B00098B10C4A01214832084606F09EFC6E
:10696000C4F8B80058B107492878091D41F82040FB
:10697000401C287038BDFEE7FEE7FEE7FEE7FEE7B5
:10698000FEE70000D0010020B42C01089D80000823
:10699000017F00080D1201087854696D6572546911
:1069A0006D656F7574000000B911010854696D655B
:1069B00072543335000000000FB410B5044600785F
:1069C000042800D0FEE706F0E1FC069000231A46FA
:1069D00003A9D4F8A8000BF065F910BC5DF814FB0E
:1069E00010B5044690F84001012806D0032839D09C
:1069F000022837D0042800D0FEE7E06818B1218AC9
:106A00000022FCF702F92078032802D1D4F898007C
:106A100080B16068FDF7D4F92028FAD194F84001DC
:106A20000428606807D0012204F1A601FDF708FDE3
:106A300078B1FEE7FEE7802204F1BC01FDF78DF896
:106A400000B1FEE76068806B0068016821F0080112
:106A50000160207A0028207802D0042802D1FEE7C5
:106A6000032808D0002084F8930004F8940FA08134
:106A70006081208110BDFEE7FEE700002DE9F04FA8
:106A800087B0044693468A46084605A904AACDE97C
:106A9000002102AD06AE2A4645A12B1DF9F77EFC6A
:106AA000042804D04FF0FF3007B0BDE8F08F00207D
:106AB00015F820103154401C0428F9DB4FF002096E
:106AC00001254FF4427629463CA003F059FC207B77
:106AD00004F06EFF0BF082FD07464FF4FA7812E0E7
:106AE0000BF07CFDC01B40450AD9E06806EB401066
:106AF00002F044FB02463EA0E16803F041FC09E0DD
:106B00000A2006F0C8FAE06806EB401002F036FBF7
:106B10000028E5D1207B00235A46012109F034FEEC
:106B2000E168884203D03EA003F02AFC2DE05A46DB
:106B3000514644A003F024FC207B5A4606A904F0E9
:106B40008BFF0746E06806EB401002F017FB80461B
:106B5000E0684FF4027101EB401002F00FFB00F00F
:106B60001F0342463946424803F00AFC012F02D176
:106B7000B8F1170F14D03FA0E16803F001FC207BAF
:106B800004F016FFC82006F086FA6D1C48464D45F5
:106B900099DD014646A003F0F3FB6FF0010083E7A7
:106BA0005B46524650A0E16803F0EAFB00207BE719
:106BB00025642E25642E25642E2564005B4E6574A5
:106BC000776F726B436F6E6E6563745D2061747472
:106BD000656D70742025643A206F70656E696E670C
:106BE00020736F636B65742E2E2E0D0A000000005B
:106BF0005761726E696E673A20736F636B657420BC
:106C0000256420636C6F73652074696D656F75749E
:106C10002C2053523D3078253032580D0A000000A8
:106C20005B4E6574776F726B436F6E6E6563745DF8
:106C300020736F636B65742829206661696C6564D5
:106C40000D0A00005B4E6574776F726B436F6E6E5A
:106C50006563745D20636F6E6E656374696E672033
:106C6000746F2025733A25642E2E2E0D0A00000025
:106C7000B83101085B4E6574776F726B436F6E6E4F
:106C80006563745D20536F636B65742025642063B6
:106C90006F6E6E656374696F6E206661696C6564A2
:106CA0002C20636C6F73696E672E2E2E0D0A000008
:106CB0005B4E6574776F726B436F6E6E6563745D68
:106CC000204661696C656420746F20636F6E6E6529
:106CD0006374206166746572202564206174746534
:106CE0006D7074730D0A00005B4E6574776F726B84
:106CF000436F6E6E6563745D20536F636B657420C4
:106D0000256420636F6E6E656374656420746F2004
:106D100025733A25640D0A00007B05F0ADB800002C
:106D20000021C1600349016003494160034981605A
:106D3000704700002B91000853910008259100082E
:106D400010B509F0AFFD002010BD000038B50446B5
:106D5000B0F9AC00A834FAF709FDA08054F8A809EE
:106D6000008850B16421484300230090044A19462A
:106D7000204600F099FCA4F8AC00002038BD0000CB
:106D8000D56E000810B5044606F05CF9204606F002
:106D90001DF9002010BD0000D0F80812097869B96B
:106DA00000210A4606E000BFD0F80C3243F821204B
:106DB000491CC9B290F805328B42F5D800207047C3
:106DC00030B401EBC102846802254FF0FF3305EBBC
:106DD0004205635300238468062505EB4202A35253
:106DE00030BCC9B209F002BA30B401EBC102846808
:106DF00004254FF0FF3305EB420563538368C9B2A6
:106E000013F8124024F0010403F8124030BC09F0DA
:106E1000EDB900002DE9F843064640694FF4C0552E
:106E20000489B0690789CCB1DFF83C80BC4215D831
:106E3000D6F8E4316A46294630469847009941B968
:106E40000268C2F82C800268C2F83C800068C0F872
:106E50005C806D1C641CADB2A4B2E7E73046BDE8AF
:106E6000F843002104F082B8338600082DE9F0478A
:106E70000446406900260589A069B0F8088035BB42
:106E8000BDE8F087A16806EBC607022000EB4709C2
:106E900031F90900FAF76AFCA26822F80900A16832
:106EA000042000EB470931F90900FAF75FFCA268FA
:106EB000761CF6B222F80900A1680020062201F82B
:106EC0001700A16802EB47026D1C8852ADB2454520
:106ED000D8D9D5E73EB50446D0F8A8000088A8B1B7
:106EE00020686946007800F5E060ADF800000120F8
:106EF0008DF8030000208DF8020094F87C008DF8D6
:106F0000040094F8E10104F053FC3EBD34F9AC0FE9
:106F1000FAF72CFC20803EBD00B587B014216846EE
:106F2000F9F700FA0C480021026842F008020260FA
:106F3000006800F008000590082000900120CDE9CD
:106F400001010220039069460448FBF761FD02201D
:106F500000F006F807B000BD30380240000C0240D7
:106F6000022804D1002208210148FBF74EBE7047D9
:106F7000000C024038B51D461446D0F8E4316A468C
:106F80009847009939B90179A14204D900680C21C8
:106F900001EB04114550009838BD0000002280210B
:106FA0000148FBF732BE00000010024001228021A0
:106FB0000148FBF72ABE00000010024000222021F9
:106FC0000148FBF722BE00000008024001222021F8
:106FD0000148FBF71ABE0000000802400122102100
:106FE0000148FBF712BE0000000802400022802189
:106FF0000148FBF70ABE0000000002400122802188
:107000000148FBF702BE00000000024000224021C0
:107010000148FBF7FABD00000000024001224021B8
:107020000148FBF7F2BD000000000240494D88B066
:10703000687828B948A003F0A3F9002009F06CFF94
:107040000027DFF83CB13E46B9460BF140084FF649
:10705000FF7A00BF06F02CF804460021E86E06F027
:10706000EFF810BB00231A466946286D06F056F863
:10707000D8B90498B0F57A7F07DC0121414805F0C2
:107080003FFB58B9A8F816A00DE041F64C518842D4
:1070900009DB01213B4805F075FA10B1A8F81690FC
:1070A00001E0A8F80AA004F1C806E01B64284DD34B
:1070B000B4424BD30021286F06F0C2F8F0BB012187
:1070C000304805F0BBF9D0B3A8F81690DBF8000003
:1070D0004FF07E574B4642465946B84215DAD1F832
:1070E00004C0BC4511DAD1F808C0BC450DDAD1F8AE
:1070F0000CC0BC4509DAD1F810C0BC4505DAD1F89E
:1071000014C0BC4501DA137313611F4FB8421CDD74
:107110001E4F4868B84218DD1D488F68874214DD4D
:10712000CF68874211DD0F6987420EDDDBF814104E
:1071300081420ADD137340F21A4001E006E002E0EA
:10714000C8F8100001E0A8F816A027460A2005F0AC
:10715000A2FF7FE718000020416371756972652006
:1071600072696768745265637652617744617461CD
:10717000507472206661696C6564210D0A0000001C
:10718000F8180020501600200000F04100000C42CA
:107190000000964290F88120815490F88110491C9B
:1071A00001F07F0180F8811090F88210802906D0CC
:1071B000002280F88320491C80F88210704701214A
:1071C00080F8831010F8801F491C01F07F010170C6
:1071D0007047002100F8801F41708170C1707047B6
:1071E00090F88220AFF3008010B590F8823013B190
:1071F0000AB1802A01D9002010BD00230DE000BF94
:1072000090F88040045DCC5490F88040641C04F0F9
:107210007F045B1C80F88040DBB2934203D290F87D
:1072200082409C42ECD890F88210C91A80F88210F3
:10723000002180F88310FFF7CCFF184610BD000036
:107240002DE9FC41054640690F464088002833D0AF
:10725000C7EBC70101EB410105EB8104A96994F873
:10726000282049881044884226D86968134E51F86E
:107270003000806B90F800804FF0FF30A4F874006D
:10728000852084F82A0094F83200CDE90006238E88
:1072900094F82910284609F0B2F8E662A26F2AB1E4
:1072A000414628469047E06AB04205D1F9B22846E7
:1072B000BDE8FC4108F0DABEBDE8FC810000040531
:1072C0002DE9F04786B08946DDE90E648246052C3B
:1072D00011D0062C11D0072C11D00020029080B1C3
:1072E00000255046CDE9004508F06BFD60B1A81EB1
:1072F00006B0BDE8F0870120F0E70220EEE70420A9
:10730000ECE74FF0FF30F3E70495039500254FF4C9
:10731000FA7804AF0DE0012005F0BDFE6D1C454577
:1073200007D902224946504604F07CFB6FF0030067
:10733000DEE702AB03AA49465046009704F0B0FED0
:107340000128E8D1052C04D0062C05D0072C08D143
:1073500005E00398307004E00398308001E0039862
:1073600030600020C4E7F0B585B00E46DDE90A14B0
:107370000746052C07D0062C07D0072C07D04FF066
:10738000FF3005B0F0BD012002E0022000E0042043
:10739000002500900395CDE90141314638460AF0B9
:1073A000FFFA08B1A81EECE7049502E0012005F001
:1073B00072FE04AA3146384604F0A8FF0128F5D130
:1073C0000020DEE71FB5C1EBC10101EB410100EB7D
:1073D00081014A6B0AB98A6B4A630392012203ABAB
:1073E000CDE90032029201F13C0391F83220098E7E
:1073F00003F04AFE04B010BD70B5C1EBC10101EB52
:10740000410100EB81018C6BA018202801D9FF20DD
:1074100070BD002006E026181D5C0E44401C86F856
:107420003C50C0B29042F6D3886B10448863002071
:1074300070BD000038B504461248134B0068B0FB1D
:10744000F3F04FF47A73584300906068B0F5827F90
:107450000DD10B46009200228021204600F016F844
:1074600070B1606D40F020006065032038BD009869
:1074700030B1401E009020688068C0430006F6D5F9
:10748000002038BDFC00002000366E012DE9F843D5
:107490001E46914688460446089DFBF7BBFB401BF1
:1074A000351AFBF7B7FB074625480068C0F3CB3019
:1074B000684338E0701C37D0FBF7ACFBC01BA84218
:1074C00003D215B1009860B32CE02068416821F028
:1074D000E00141606068B0F5827F0BD1A068B0F533
:1074E000004F02D0B0F5806F04D12068016821F010
:1074F00040010160A06AB0F5005F09D12068016811
:1075000021F4005101602068016841F400510160DC
:10751000012084F85100002084F850000320BDE8C9
:10752000F8830025401E00902068816838EA010039
:1075300004D000214945BDD10020F0E70121F9E741
:10754000FC0000202DE9F0410F460446002690463D
:107550001D46D0F8B800711E0AF0ECFD207A00B18B
:10756000FF2694F8A70000B1FE2617F0FF0001D017
:10757000F72801D9F72600E05EB175B20023A574A3
:107580001A461946D4F8B8000AF08CFB2846BDE824
:10759000F081C4F89850E074C7F30723380C2375C2
:1075A000010A61751FFA88F2A075170A06210026E4
:1075B000D0B2052B16D008DC012B11D0022B0FD036
:1075C000032B0DD0042B5FD10AE0062B13D04FF014
:1075D000070C04F113010F2B13D0102B54D133E0FF
:1075E000E7750CE0288800B1FF20E07584F818608A
:1075F00084F8931048E02888000AE07528782076FF
:10760000F6E713095B061B0E120701D05B1CDBB209
:10761000E7752076637684F893C0002011E0C207F6
:1076200020F0010201D0AA5C01E0AA5A120A94F8E3
:1076300093707A5494F89320521C401C84F8932041
:1076400080B29842EBD31FE0E77520765000607659
:1076500084F893C0002015E035F8103094F893704A
:107660001B0A7B5494F893305B1CDBB284F8933094
:1076700015F810705F5494F893305B1C401C84F82C
:10768000933080B28242E7D8204608F0EFFE002314
:107690001A461946D4F8B8000AF004FB012084F811
:1076A000A700A674002072E72DE9F05F8B46214900
:1076B00082460026B1F900001C4691461C4D401C34
:1076C00008E000BFB9F1000F01D02A7852B1761C52
:1076D00036B21835864201DC082EF3DB4FF0FF305E
:1076E000BDE8F09F8846864201D1A8F8000004F06A
:1076F000B7FC07464FF6FF7120468C4200D3084680
:10770000D8F80420BA4207D9D21B824204D93A18C9
:10771000C8F8042009F008F8E019C5E903B0C5E984
:1077200001A90A986861012028703046D8E7000056
:10773000C88E0020DC01002088B04649464803F08E
:107740007DFF28B945A002F01BFE002009F0E4FBF4
:10775000FDF734FAFDF700FB3F4809F0D7F80122A6
:1077600011463D4805F093FA0AF038FF404D414C70
:107770004FF6FF76069000231A466946E06D05F045
:10778000CDFC002833D1009801281BD10020FAF746
:1077900073F805280ED00027FDF7E6F838B10A2067
:1077A00005F079FC7F1C0A2FF6DB33A000E038A03F
:1077B00002F0E6FD0098012804D10198B04201D002
:1077C000FDF72AFA029840F6B731401E884202D2ED
:1077D0000298FDF797FA009848B90020FAF74CF89C
:1077E000052804D12FA002F0CBFDFDF729F8E069B0
:1077F0000A21B0FBF1F201FB120058B9164808F05B
:107800001AFE2C48008828832B480068E8612B4822
:1078100000682862E0694FF4FA71B0FBF1F201FBF5
:10782000120070B913480830FDF738FA08B1268104
:1078300001E0208918B1218921A002F0A1FD208951
:107840006883E0690A21401CE06106A809F01EFB7C
:1078500091E7000020A10700FC06002043414E31C3
:1078600020696E6974206661696C65640D0A0000A8
:1078700038190020180000204B696E636F20454EB8
:1078800041424C455F4641494C45440D0A000000C9
:107890004B696E636F20454E41424C455F4F4B0D27
:1078A0000A00000044697361626C65206B696E6355
:1078B0006F0D0A00F2010020F4010020F801002001
:1078C0004B696E636F206572726F725F636F646580
:1078D0002069733A307825780D0A000008B5114CFC
:1078E0004FF47A751048FBF7FAF90AF077FE014673
:1078F000E0880090A38862880CA002F041FD6088B7
:107900001E2805D2A088322802D2E088322804D36B
:107910000CA002F035FD09F085F8284605F0BBFB08
:10792000E0E700001800002044100020743A256CA5
:1079300075206D7320653A25642025642025640D2B
:107940000A00000053797374656D20526573657485
:107950002064756520746F206572726F7273210DDB
:107960000A0000009AB004F03FFD012802D080A078
:1079700002F006FD8848FFF7D3F9874D874C4FF496
:107980007A774FF00008287BF9F708FF4FF4FA7672
:1079900008E083A002F0F4FCA088401CA0803046E0
:1079A00005F079FB01F070FAC007F2D040F25B728B
:1079B00082A17948FFF762F8002812D083A002F074
:1079C000DFFCA0880A30A08001F078FA010001D025
:1079D0008AA02DE092A002F0D3FC384605F05BFBB4
:1079E000D1E796494FF40070CDE90001A1F500738D
:1079F000694902904FF4FA6201F11000FDF7CAFEE6
:107A000058228F4903A8F8F774FC04208DF814005D
:107A10008CA006903C20ADF8240001208DF82600B3
:107A20005D4803A91030FDF7E4FE010003D089A0F2
:107A300002F0A6FCD1E791A002F0A2FC5648A4F8FF
:107A40000480934B002293A11030FEF7D8FA010076
:107A500003D094A002F094FC02E09DA002F090FC00
:107A60004D488B4B0022A1A11030FEF7C8FA01004F
:107A700003D0A3A002F084FC02E0ACA002F080FCE2
:107A80004548834B0022B1A11030FEF7B8FA01003F
:107A900003D0B2A002F074FC02E0BBA002F070FCC4
:107AA0000AF09CFDBDF82400BF495FF00006484382
:107AB000B0FBF7F901F0E8F9C0070BD0E8684FF424
:107AC000427101EB401001F059FB014617280FD01D
:107AD000B6A03FE0C1A002F053FC2F481030FDF7E4
:107AE000B1FF2D48FFF718F9C54981F800804AE732
:107AF000294864211030FEF7DEFA010006D5C1A046
:107B000002F03EFCA088401CA08025E00AF066FD43
:107B1000824621481030FDF7B0FF50B10AF05EFDFB
:107B2000A0EB0A01494506D9C3A000BF02F028FC1A
:107B300012E0CFA0FAE7DB4805F0C0F908B1002653
:107B400012E0761C3146D8A002F01AFC032E0BDBA3
:107B50003146E0A002F014FC0F481030FDF772FF30
:107B60000D48FFF7D9F80EE70A2005F094FAA1E7CF
:107B7000573535303020696E6974206661696C65EF
:107B8000642C204D515454207461736B20696E76BF
:107B9000616C69642E0D0A0050100020180000204E
:107BA00057616974696E6720666F7220504859206A
:107BB0004C696E6B2E2E2E0D0A0000003139322ECC
:107BC0003136382E322E3130000000004D515454E1
:107BD000204E6574776F726B20636F6E6E65637491
:107BE000206661696C65642C207265747279205717
:107BF0003535303020696E69740D0A0057353530DF
:107C00003020696E6974206661696C65642C7265E8
:107C100073756C742069733A25640D0A00000000C6
:107C2000573535303020696E69742073756363652C
:107C3000737366756C6C792E0D0A0000C8120020F3
:107C40009C2B010853544D33325F436C69656E744D
:107C5000000000004D51545420436F6E6E656374F4
:107C6000206661696C65642C2072633D25642C205C
:107C700072657472792031730D0A00004D515454AD
:107C800020436F6E6E6563746564210D0A00000009
:107C9000B5CC0008726F626F742F6770696F2F63C5
:107CA0006D64000053756273637269626520726F60
:107CB000626F742F6770696F2F636D6420666169EE
:107CC0006C65642C2072633D25640D0A0000000081
:107CD0005375627363726962656420726F626F7458
:107CE0002F6770696F2F636D640D0A00726F626F8A
:107CF000742F677269707065722F636D6400000085
:107D000053756273637269626520726F626F742F5C
:107D1000677269707065722F636D64206661696C4B
:107D200065642C2072633D25640D0A0053756273EF
:107D300063726962656420726F626F742F67726923
:107D4000707065722F636D640D0A0000726F626F50
:107D5000742F736572766F2F636D64005375627351
:107D6000637269626520726F626F742F73657276D9
:107D70006F2F636D64206661696C65642C2072638B
:107D80003D25640D0A0000005375627363726962D9
:107D9000656420726F626F742F736572766F2F63E4
:107DA0006D640D0A0000000080841E00536F636B39
:107DB0006574206C6F737420287374617475733DDF
:107DC000307825303258292C207265636F6E6E65CD
:107DD0006374696E672E2E2E0D0A000050485920DC
:107DE0004C696E6B20446F776E2C207265636F6EEA
:107DF0006E656374696E672E2E2E0D0A00000000FA
:107E0000C40100204D5154545969656C6420726559
:107E10007475726E6564206572726F722072633D54
:107E200025642C207265636F6E6E656374696E677E
:107E30002E2E2E0D0A0000004E6F207375636365B1
:107E4000737366756C204D5154545969656C642088
:107E5000666F7220746F6F206C6F6E672C20726576
:107E6000636F6E6E656374696E672E2E2E0D0A0049
:107E70004D5154544973436F6E6E6563746564204D
:107E800072657475726E65642066616C73652C2012
:107E90007265636F6E6E656374696E672E2E2E0D4C
:107EA0000A000000381900205075626C6973682060
:107EB000726F626F74207379732073746174757359
:107EC000206661696C65642028636E743D256429B1
:107ED0000D0A00005075626C697368206661696CF8
:107EE00065642025642074696D65732C2072656358
:107EF0006F6E6E656374696E672E2E2E0D0A00001C
:107F000086B004464FF0FF374FF0010A00263A468C
:107F100001A9D4F8A8000AF023F8049800900DF104
:107F2000040C20469CE80E00FFF70CFB39460120AC
:107F300008F08AFDA67420B184F8A7606FF00701ED
:107F40000AE0204604F006F994F8930005280DD2C3
:107F500084F8A7606FF00501A174B4F8A0000023B5
:107F6000401CA4F8A0000322049894E0009600238B
:107F70001A460321D4F8B4000AF01AFD204609F08D
:107F800065F945B275B184F8A760A5740023032292
:107F9000294604980AF01CFA6D1DB8D1607D84F85A
:107FA0004301B4E7A5743946D4F8B8000AF0C2F822
:107FB000207D05285ED008DC01280DD002280BD0DA
:107FC000032837D0042855D134E0062852D00F2892
:107FD0004ED010284ED14BE04FF00308002525E08D
:107FE000E80710D0D4F8981005EB080225F0010935
:107FF000101911F80910C07C09F088FCD4F89820F9
:1080000022F8090010E0D4F8980025F0010905EBEA
:10801000080230F809001119000AC97C09F076FC41
:10802000D4F8982022F809006D1CEDB2607DA842BA
:10803000D6D81FE0617E0723480884F84401002059
:1080400010E000BF03EB40052544EA7C2D7D45EAA6
:108050000222D4F8985025F8102004EB4005401C6B
:10806000A5F84621B0EB510FECDB84F841A101E00B
:1080700084F842A184F8A760A07C002891D1002355
:108080001A461946D4F8B80009F00CFE0023032262
:108090006FF00A0104980AF09BF938E704464FF0A4
:1080A000010B4FF0080900274FF0060AA77494F857
:1080B0004001012801D0042809D14FF0FF310120EF
:1080C00008F0C2FC204604F045F8C01C0BD094F820
:1080D0009300072809D2FA20A074B4F8A000401C2D
:1080E000A4F8A000E2E7FD20F6E7E07C217A8842D0
:1080F000DCD1204609F0DEF805000DD0207D217A84
:10810000E174803020756575032084F89300204663
:1081100008F0ACF9A574C9E7A7744FF0FF31D4F8A3
:10812000B8000AF007F8207D05281AD008DC0128DD
:108130000DD002280BD003280DD004282ED10AE040
:1081400006283DD00F284DD0102827D14EE02046DC
:1081500007F096F802E0204607F02EF984F8A70011
:108160001CE0A17D607D09F0D1FB0146E27D0009A4
:1081700001F00F01FF2A19D0D4F898200BFA01F36F
:1081800032F810509D4322F8105000BF84F893A09D
:108190004D46204608F06AF984F8A75000231A4695
:1081A0001946D4F8B80009F07DFD7FE7D4F898307F
:1081B0000BFA01F533F810202A4323F81020E5E7E5
:1081C000A17D607D09F0A2FB0546217EE07D09F0DE
:1081D0009DFBD4F8981021F8150084F893A04D4623
:1081E0002046D7E7204607F0A4F8B7E7B4F8150013
:1081F000002590FA90F8B4F81700E77546BA26768D
:1082000084F893A00FE000BF04EB4500C17E807EA0
:1082100009F07CFB014608EB0500D4F898206D1CA2
:10822000ADB222F81010B542EED394F89350204628
:10823000AD1CAFE788B04649464803F03DFA28B97F
:1082400045A002F09DF8002008F066FE40F6B83028
:1082500004F021FF01F0C8FA01F002FC3D4808F0EB
:1082600055FB012211463B4804F011FD0AF0B6F916
:108270003E4D3F4C4FF6FF76069000231A46694666
:10828000206E04F04BFF00282FD10398012810D155
:10829000F9F7F2FA05280CD05FF0000701F074F945
:1082A00020B17F1C0A2FF9DB32A000E037A002F0DA
:1082B00067F80598401E1D2802D8059801F0A6FB16
:1082C0000398012808D10498B0420ED000EE100A9D
:1082D000B8EEC00A01F0B6FA039830B930A002F047
:1082E0004FF801F003FB01F0B7F8206A0A21B0FB58
:1082F000F1F201FB120058B9164808F09CF82D481D
:108300000088A8842C480068A8622C480068E862AD
:10831000216A4FF4FA70B1FBF0F200FB121070B951
:1083200013480A3001F03EFB08B1668101E0608924
:1083300018B1618922A002F023F86089E884206ADC
:108340000A21401C206206A808F0A0FD95E7000065
:1083500040420F00F00D002043414E3220696E690B
:1083600074206661696C65640D0A0000381900208C
:10837000180000205A65726F45727220454E4142C6
:108380004C455F4641494C45440D0A005A65726FA1
:1083900045727220454E41424C455F4F4B0D0A00DD
:1083A00044697361626C65207A65726F6572720DE3
:1083B0000A00000044090020480900204C09002060
:1083C0005A65726F657272206572726F725F636F49
:1083D00064652069733A307825780D0A0000000042
:1083E00008F029B810B54FF0E02000690AF0E8F86D
:1083F000012803D0BDE8104009F05EBB10BD0000AD
:1084000030B593B030216846F7F78CFF14210CA8E3
:10841000F7F788FF1E480025016841F08051016090
:10842000006800F0805011901A48016841F48041C2
:1084300001600068022400F4804011900120009047
:10844000000401908001CDE90640102008904FF40F
:10845000A870CDE9090404200B906846FAF7FEFDE8
:1084600008B172B6FEE70CA90F2081E831004FF485
:10847000A0500F904FF48050109005210CA8FAF7EF
:10848000EDFC002801D072B6FEE713B030BD00004D
:1084900040380240007000400248016841F4700119
:1084A0000160704788ED00E00148FBF758BA000012
:1084B000801C002010B5FEF733F90D4840F247311B
:1084C0000268916202684FF6FF71D162C160026872
:1084D000012151620268C91E11610068C16841F042
:1084E0000101C160BDE810400148FBF789B90000F7
:1084F000801C00200148FBF732BA00005C200020FD
:10850000F0B50268254C264D264E274F274B4FF0DD
:10851000804CA04209D0604507D0A84205D0B042A7
:1085200003D0B84201D0984204D122F0700E4A68BC
:1085300042EA0E02A0421BD0604519D0A84217D0D3
:10854000B04215D0B84213D0984211D0184DA8426D
:108550000ED0184DA8420BD0174DA84208D0174D89
:10856000A84205D0164DA84202D0164DA84203D10C
:1085700022F44075CA682A434D6922F080022A43DA
:1085800002608A68C2620A688262A04201D0984290
:1085900001D10969016301214161F0BD0000014081
:1085A0000004004000080040000C004000040140AE
:1085B00000400140004401400048014000180040D4
:1085C000001C00400020004010B5846842EA0322ED
:1085D00024F47F440A432243826010BD826822F063
:1085E00070020A4342F007018160704710B5036AC8
:1085F000046A24F001040462846924F0F00444EA6B
:10860000021423F00A020A438461026210BD10B50D
:10861000036A23F0100303628369046A23F470433E
:1086200043EA023224F0A00343EA011182610162AD
:1086300010BD2DE9F041044690F8820048B3022AAB
:1086400003D0032A01D0052A23D16269A088127AB7
:1086500000EBC200081AC0F3C705A16805EBC50608
:10866000022000EB4607C85FF9F780F8A168C853FD
:10867000A168042000EB4607C85FF9F777F8A16806
:10868000C853A168002001F8160029462046FEF7CD
:1086900097FB0020BDE8F0812DE9F0414FF6FF7413
:1086A00003F0DEFC204D02466868831800211F4855
:1086B00015E00678F6070FD006699E421DD8466978
:1086C000C6B1B2FBF6F706FB1727F61B03270661B8
:1086D0000770A64200D23446491C09B21830B5F9D9
:1086E0000060B142E5DD20466C6008F01DF8002610
:1086F0000E4C13E002260670EEE7F61A0661E8E774
:108700002078810707D520F002002070A26812B1FE
:10871000E16860689047761C36B21834B5F90000FD
:108720008642EDDDBDE8F081DC010020C88E00202E
:108730000148406E04F0FEBD180000200148C06EE4
:1087400004F0F8BD180000200148806E04F0F2BD6E
:10875000180000200148006F04F0ECBD1800002054
:1087600010B507F0DDFA002805D0D0E90021BDE8FA
:1087700010400846104710BD70B505464FF47A709A
:1087800001FB00F409F02AFFC5E9000470BD70B5D3
:108790000D46044609F022FFC4E9000570BD10B57E
:1087A000044609F01BFF20600020606010BD10B57A
:1087B000044609F013FF2168401A6168884201D31A
:1087C000012010BD002010BD10B5044609F006FFC1
:1087D0002168401A6168884201D3002010BD081A40
:1087E00010BD00000148FBF7F1BA0000C81C0020D2
:1087F0000148FBF7EBBA00000C1D002010B5806BA0
:108800000021C185C184FBF7ABFA10BD70B5846B44
:108810002068406994F83D10C0F3C010002521295C
:1088200004D118B1E584204600F0BBF82068406907
:1088300094F83E10C0F38010222904D118B1E585C8
:10884000204600F087F8206C40F01000206420469D
:10885000FBF786FA70BD10B50146806B09680968A0
:10886000C9052FD40021C18501680C3151E8002FC2
:1088700022F4807241E80023002BF5D10168143105
:1088800051E8002F22F0010241E80023002BF5D12E
:108890000168143151E8002F22F0400241E8002322
:1088A000002BF5D1202180F83E10016B012909D160
:1088B00001680C3151E8002F22F0100241E800233A
:1088C000002BF5D1016B012902D0FBF7CFFD10BDC4
:1088D000818DFBF76DF910BD10B5806B016B01291F
:1088E00002D0FBF705FE10BD818D4908FBF760F94A
:1088F00010BD10B5806B0021C185202280F83E207C
:108900000163FBF7A7F910BD10B50146806B09683C
:108910000968C90516D40021C1840168143151E8E1
:10892000002F22F0800241E80023002BF5D10168DE
:108930000C3151E8002F42F0400241E80023002BA7
:10894000F5D110BDFBF796FE10BD10B5806BFBF79F
:10895000BFFE10BD01680C3151E8002F22F4907267
:1089600041E80023002BF5D10168143151E8002FB4
:1089700022F0010241E80023002BF5D1016B01290F
:1089800009D101680C3151E8002F22F0100241E8B2
:108990000023002BF5D1202180F83E100021016337
:1089A000704701680C3151E8002F22F0C00241E805
:1089B0000023002BF5D1202180F83D10704708B529
:1089C00090F83E10222901D0022008BD82684FF4A1
:1089D00080539A4201D1016921B1816A9A421BD028
:1089E0004AB10AE00268816A5268C2F308020A804A
:1089F000816A891C08E0026972B10268526802F05B
:108A00007F020A70816A491C8162C18D491E090476
:108A1000090CC18503D019E002685268F1E70168CA
:108A2000CA6822F02002CA600168CA6822F4807213
:108A3000CA6001684A6922F001024A61202180F877
:108A40003E10016B012903D0FBF710FD002008BD8B
:108A50000021016301680C3151E8002F22F010025F
:108A600041E80023002BF5D101680A68D20602D53F
:108A70000A6849680091818DFBF79AF8E6E70000E3
:108A800070B5044600680169E26821F44051114361
:108A900001612169A068E2690843616911430843E3
:108AA0002168CA6849F20C639A430243CA6020688D
:108AB0004169A26921F44071114341613149206843
:108AC000884202D03049884202D1FAF791FA01E097
:108AD000FAF77EFAE2690023192164253226B2F5FD
:108AE000004F626828D0A0FB0101930F9200F7F7B6
:108AF000C9FB0146B0FBF5F06FF01802504301EBE3
:108B0000800006EB0010B0FBF5F000F0F002B1FBC6
:108B1000F5F002EB0012B1FBF5F06FF018035843CB
:108B200001EB800006EB0010B0FBF5F000F00F0049
:108B300021681044886070BDA0FB010192185B4160
:108B4000F7F7A0FB0146B0FBF5F00201B1FBF5F031
:108B50006FF01803584301EB800006EBC000B0FB38
:108B6000F5F000F0F80002EB4002B1FBF5F05843DD
:108B700001EB800006EBC000B0FBF5F000F0070051
:108B8000D6E70000001001400014014038B58162B2
:108B900082850025134604460564222084F83E00A1
:108BA000A26B1B48D063A26B1A481064A26B1A48D0
:108BB000D064A06B0A4605652168A06B091DF9F712
:108BC000DDFE206801684068009084F83C50206811
:108BD0000C3050E8001F41F4807140E80012002A78
:108BE000F5D12068143050E8001F41F0010140E841
:108BF0000012002AF5D12068143050E8001F41F01F
:108C0000400140E80012002AF5D1002038BD0000E4
:108C100057880008D98800080D880008816282857D
:108C2000C28500210164222280F83E2080F83C1099
:108C30000168CA6842F48072CA6001684A6942F0F9
:108C400001024A610068C16841F02001C160002052
:108C500070472DE9F041984617460E460446069D9A
:108C600027E0681C25D02DB1F9F7D4FFA0EB080050
:108C7000A8421ED920680C3050E8001F21F4D071A2
:108C800040E80012002AF5D12068143050E8001F97
:108C900021F0010140E80012002AF5D1202084F8DB
:108CA0003D0084F83E00002084F83C000320BDE82D
:108CB000F0812068006836EA000004D00020B84245
:108CC000CFD00020F3E70120F9E700000148FBF7CF
:108CD0007DB80000501D00200148FBF777B8000068
:108CE000941D00200148FBF771B80000D81D00203A
:108CF000FEE7000030B587B0012008F030FF3949A9
:108D000048603949394807F07DF93949394807F051
:108D10008BF93949394807F063F9394D4FF48064CC
:108D2000002221462846F9F770FF0A20F9F75EFE77
:108D3000012221462846F9F768FF4FF49670F9F7AB
:108D400055FE304B01AC0FCB84E80F0001A9012088
:108D500002F02CFF401C1DD04FF4645000F00EFABE
:108D6000014629A001F00CFB01218DF81410002010
:108D70008DF815008DF816008DF8171005A90A203A
:108D800002F014FF60B126A001F0FAFA6FF00100C2
:108D900007B030BD29A001F0F3FA4FF0FF30F7E73C
:108DA0000024C820F9F722FE69460F2002F0FEFEDB
:108DB00005460346641C22469DF8001025A001F0DC
:108DC000DFFA9DF8000008B9322CEAD325B910F07B
:108DD000FF0F01D00020DBE726A001F0D1FA6FF0F1
:108DE0000200D5E7C40100202D1501087D160108F9
:108DF000C717010879160108231501081F15010876
:108E000000040240142C01085735353030205665D7
:108E10007273696F6E3A203078253032580D0A002F
:108E20005365742050485920636F6E6669672066E9
:108E300061696C6564210D0A0000000057495A43BE
:108E400048495020496E6974206661696C65642EDA
:108E50000D0A00004C696E6B3A2025642C63686B28
:108E60005F636E743A25642C726573756C743A2571
:108E7000640D0A004C696E6B206F6E206661696C30
:108E80006564210D0A00000038B500208DF800004F
:108E90002E218DF801108DF8020008F0EFFB002460
:108EA0006D46285D00F01EF9641C032CF9DB00F010
:108EB000F3F8044608F03AFB204638BD70B50F4D74
:108EC00000200122287011030D48F9F79EFEFFF7DC
:108ED00011FF040004D001460AA001F051FA0AE093
:108EE00011A001F04DFA0120287000F02BF800F0DD
:108EF00039F800F0BDF8204670BD0000C401002024
:108F000000040240573535303020696E69742066A0
:108F100061696C65642C726573756C742069733A51
:108F200025640D0A00000000573535303020696E89
:108F30006974207375636365737366756C6C792EE1
:108F40000D0A000000B587B0182205496846F7F7FA
:108F5000D0F96946002002F003FE07B000BD000012
:108F6000242C010800B589B003A9012002F0F8FD06
:108F70009DF80F009DF811209DF810108DE8070056
:108F80009DF80E309DF80D209DF80C101AA001F0F0
:108F9000F7F99DF8150000909DF814309DF8132006
:108FA0009DF812101EA001F0EBF99DF81900009039
:108FB0009DF818309DF817209DF816101DA001F09F
:108FC000DFF99DF81D0000909DF81C309DF81B20D6
:108FD0009DF81A101CA001F0D3F99DF82100009013
:108FE0009DF820309DF81F209DF81E101BA001F059
:108FF000C7F909B000BD00004D41433A2025303289
:10900000583A253032583A253032583A25303258BD
:109010003A253032583A253032580D0A0000000007
:109020004950203A2025642E25642E25642E25647F
:109030000D0A0000534E203A2025642E25642E256B
:10904000642E25640D0A00004757203A2025642E1F
:1090500025642E25642E25640D0A0000444E533AE3
:109060002025642E25642E25642E25640D0A00001B
:10907000084801680A6822F040020A6001680A682C
:1090800022F038020A600068016841F04001016086
:1090900070470000281C00200EB5FF208DF8080046
:1090A00000208DF8040014200090012301AA02A9D9
:1090B0000448FAF71DFA10B103A001F061F99DF818
:1090C00004000EBD281C0020573535303020535089
:1090D0004920726561642074696D656F75740D0A4D
:1090E0000000000001B582B014200090012301AA05
:1090F00002A90448FAF7FCF9002802D002A001F006
:109100003FF90EBD281C0020573535303020535014
:10911000492077726974652074696D656F75740D87
:109120000A000000007B02F0A7BE70B50546144699
:109130000E46007B03F09EF8002809D0A04200DD17
:10914000204682B2287B3146BDE8704006F0D6BE8C
:1091500070BD2DE9F04115460E460746002408E093
:10916000281B82B23119387B06F0A4FF002802DDEB
:109170000444AC42F4DB2046BDE8F081F8B5144C61
:109180000546E068804760698047616AC5F307402B
:10919000C5F3072699B1A26A8AB18DF800008DF84F
:1091A00001608DF80250032168469047E0698047CE
:1091B0000546A0698047206980472846F8BD216A96
:1091C0008847216A30468847216AE8B28847EDE738
:1091D000980100202DE9F8431A4C05461746E0682F
:1091E0008846804760698047616AC5F30740C5F3D8
:1091F0000726A1B1A26A92B18DF800008DF8016036
:109200008DF80250032168469047626A394640460D
:109210009047A069804720698047BDE8F883216AAC
:109220008847216A30468847216AE8B28847002586
:1092300005E0E069804708F805006D1CADB2BD424D
:10924000F7D3E6E798010020F8B5164C05460E4620
:10925000E068804760698047A26A45F004058AB1EA
:10926000280C8DF80000280A8DF801008DF80250B6
:109270008DF80360042168469047A0698047206903
:109280008047F8BD216AC5F307408847216AC5F3C6
:1092900007208847216AE8B28847216A3046884714
:1092A000EBE7000098010020F8B51A4C0546164679
:1092B000E0680F46804760698047A26A45F0040570
:1092C0009AB1280C8DF80000280A8DF801008DF85D
:1092D0000250032168469047A26A314638469047BB
:1092E000A069804720698047F8BD216AC5F307401F
:1092F0008847216AC5F307208847216AE8B2884772
:10930000002504E0216A785D88476D1CADB2B54246
:10931000F8D3E5E79801002010B5FDF777FEBDE82A
:109320001040FDF76BBE10B5FDF778FEBDE81040AC
:10933000FDF75CBE41F20163C81A994262D023DC9A
:1093400041F21403A1EB030099424FD009DCA1F5CF
:10935000805108293CD2DFE801F03F413B3B3B43D1
:109360004547B0F57B7F47D005DC042840D0B0F5F9
:109370001B7F2DD13EE0A0F54070ED383ED0A0F52A
:109380008070FF3824D13BE0B0F5206F46D013DC6D
:1093900040F2FF33A0F2FF31984239D006DCA0F54D
:1093A0008070FF3830D0012812D12FE0012931D050
:1093B000B1F5C06F0CD12FE0A0F5206001382FD09F
:1093C0003F38B0F580402DD023282DD02B282DD02C
:1093D0001A48106000207047002028E0012026E095
:1093E000022024E0032022E0042020E005201EE0EB
:1093F00006201CE007201AE0082018E0092016E0EB
:109400000A2014E00B2012E00C2010E00D200EE0EA
:109410000E200CE00F200AE0102008E0112006E0EA
:10942000122004E0132002E0142000E015200021A7
:109430001160034901EBC000704700000000020604
:10944000442E01089F2803D1087808B101487047CD
:1094500000207047300009062DE9FF472C4DE878C1
:1094600000284FF0020027D12A4F039006203880B1
:1094700000240DF10C08CDE900844FF400593B465F
:10948000224649462448029401F0FEFD224806F097
:1094900039FF0026322003F0FEFD0120F8F7F4F931
:1094A000687803280BD0761C0A2EF3DB1BA000F093
:1094B00067FFEC706FF0020004B0BDE8F087052094
:1094C00003F0E9FD3C80CDE90084124B00224946BF
:1094D0001148029401F0D8FD0F4806F013FF002652
:1094E000642003F0D8FD0120F8F7CEF9687802284F
:1094F00009D0761C0A2EF3DB15A000F041FFEC70BA
:109500006FF00100D8E71F4800F03AFF0020D3E7D2
:10951000140000203A090020F00D00205A65726FF7
:1095200045727220656E61626C65206661696C656A
:10953000642C2052454144595F5357495443485F76
:109540004F4E5F4641494C45442E0D0A0000000035
:109550005A65726F45727220656E61626C65206635
:1095600061696C65642C205357495443485F4F4EE2
:109570005F44495341424C45445F4641494C454450
:109580002E0D0A00D82F01082DE9FF5F544CE0781A
:1095900018B1012004B0BDE8F09F00263546012037
:1095A000F8F772F9607800283AD0C0B2022801D0EA
:1095B00005283FD04B4F06200DF10C0A38804FF0A4
:1095C0000209CDE900A5CDE902594FF4005B5646EA
:1095D0003B4600225946444801F056FD4348434B60
:1095E000002205600420CDE90250CDE9006542F279
:1095F00001013D4801F048FD3B4806F083FE00268E
:109600000120F8F741F96078032817D0761C0A2E5C
:10961000F6DB37A000F0B4FEE5706FF00200B9E7AA
:10962000761C0A2EBBDB3FA000F0AAFEE5704FF0CF
:10963000FF30AFE746A000F0A3FE4EE0052003F0A8
:109640002AFD07213980CDE900A5CDE90259B846A8
:109650005746244B00225946234801F015FD224865
:1096600006F050FE00260120F8F70EF96078042875
:1096700009D0761C0A2EF6DB41A000F081FEE570D1
:109680006FF0030086E7052003F005FD0F21A8F821
:109690000010CDE90075134B00225946124802957F
:1096A00001F0F2FC104806F02DFE0026322003F0F7
:1096B000F2FC0120F8F7E8F86078052809D0761C5C
:1096C0000A2EF3DB3AA000F05BFEE5706FF00400B9
:1096D00060E7444800F054FEE57000205AE70000BF
:1096E000140000203A090020F00D00203C09002061
:1096F0005A65726F45727220656E61626C65206694
:1097000061696C65642C2052454144595F53574947
:109710005443485F4F4E5F4641494C45442E0D0A25
:10972000000000005A65726F45727220656E6162BA
:109730006C65206661696C65642C204745545F53F5
:1097400054415455535F4641494C45442E0D0A003F
:109750005A65726F4572722063757272656E7420FD
:10976000737461747573206973204F50455241546E
:10977000494F4E5F454E41424C45440D0A000000A2
:109780005A65726F45727220656E61626C65206603
:1097900061696C65642C2053574954434845445FC4
:1097A0004F4E5F4641494C45442E0D0A00000000D3
:1097B0005A65726F45727220656E61626C652066D3
:1097C00061696C65642C204F5045524154494F4E9D
:1097D0005F454E41424C45445F4641494C45442E0D
:1097E0000D0A0000502F010810B50321144806F09F
:1097F00095FE1349022081F8E1010021104806F08E
:1098000041FF7F210E4806F03DFF05210C4806F080
:1098100039FF022201210A4803F039FA822201218C
:10982000074803F034FAC82003F035FC80220121F8
:10983000034803F02CFABDE81040322003F02BBCA3
:10984000F00D0020F0B5244E2F202DED028B85B0B9
:1098500030800024022003ADCDE90240CDE9005460
:109860000703B0EE408A3346224639461B4801F0D2
:109870000BFC9FED1B0ADFED1B0A1B4828EE000ABC
:10988000194B0022791C80EE201ABCEEC10A80ED33
:10989000000A0420CDE90240CDE900540F4801F050
:1098A000F3FB0E4806F02EFD3F203080CDE900543A
:1098B0003346002239460948029401F0E5FB074887
:1098C00006F020FD054806F0B6FD052003F0E3FB99
:1098D00005B0BDEC028BF0BD3A090020F00D002070
:1098E000000000490000B4433C090020FEB5002000
:1098F000062402ADCDE90054ADF80800034646F257
:109900004006324601210D48FDF7DAFC10B10CA0EB
:1099100000F036FDBDF80800CDE9005420F0040049
:10992000ADF808000023324601210448FDF71BFD75
:10993000002802D00EA000F023FDFEBDF00D002097
:109940005A65726F6572722053444F20726561646C
:1099500020534552564F5F4354524C5F574F524429
:109960005F494E444558204661696C65640D0A00A4
:109970005A65726F4572722053444F205772697452
:109980006520534552564F5F4354524C5F574F52D8
:10999000445F494E444558204661696C65640D0A30
:1099A000000000003EB504460020ADF80800062186
:1099B00002A8CDE90001002346F23F020121074839
:1099C000FDF77EFC28B106A000F0DAFC6FF0010084
:1099D0003EBDBDF80800208000203EBDF00D0020F7
:1099E0005A65726F6572722053444F2072656164CC
:1099F000204552524F525F434F44455F494E4445C4
:109A000058204661696C65640D0A00001FB5042189
:109A10000391F7F74EF89FED0E1B53EC112BF6F761
:109A2000D6FFF7F772F80C490B4B0860002003A92A
:109A3000CDE900100246029042F20201074801F00F
:109A400023FB064806F05EFC044806F0F4FC1FBD4C
:109A50003D0AD7A370C1964040090020F00D0020B8
:109A60002DE9F04F87B04FF0010A8DF814A00524BE
:109A700005AECDE9006446F2600700233A46514640
:109A8000AC48FDF770FC10B1ABA000F079FC0025EC
:109A90008DF81450CDE90064A1462B463A460121C9
:109AA000A448FDF70DFC10B1B0A000F069FC9DF8D2
:109AB0001400012802D0B9A000F062FC43F6E300D4
:109AC000072403AECDE90064029046F281070390BB
:109AD00000233A4601219748FDF745FC10B1B8A094
:109AE00000F04EFCCDE9006400233A460121914884
:109AF0000395FDF7E5FB10B1BEA000F041FCDDE9E8
:109B00000201814203D00A21C7A000F039FC47F2CC
:109B1000C717CDE9006446F2830802970023424646
:109B2000012184480397FDF71EFC10B1CBA000F083
:109B300027FCCDE900640023424601217D480395BE
:109B4000FDF7BEFB10B1D1A000F01AFCDDE9020167
:109B5000814203D01421D9A000F012FC0297039790
:109B6000CDE9006446F2840700233A46012171489A
:109B7000FDF7F9FB10B1DFA000F002FCCDE90064B5
:109B800000233A4601216B480395FDF799FB10B17C
:109B9000E4A000F0F5FBDDE90201814203D01421CD
:109BA000ECA000F0EDFB02AE80200096CDE9014074
:109BB000002341F2050201215E48FDF7D4FB10B1FC
:109BC000F2A000F0DDFB4FF47A700096CDE9014081
:109BD000002341F2060201215648FDF7C4FB10B1F3
:109BE000F3A000F0CDFBFE480096CDE90140012333
:109BF000B0464FF4C05219464E48FDF7B4FB10B1C1
:109C0000F8A000F0BDFB0DF1100BCDE900B95746EF
:109C10008DF810A04E4602234FF4C0520121454852
:109C2000FDF7A1FB10B1EFA000F0AAFBAA468DF84A
:109C300010505D46CDE900564FF4D05BB14600238D
:109C40005A4601213B48FDF78EFB10B1F1A000F010
:109C500097FBFC48CDF80080CDE901400123464642
:109C60005A4619463348FDF77EFB10B1E9A000F0D3
:109C700087FBF5480096CDE90140B04602234FF43A
:109C8000D05201212B48FDF76EFB10B1E1A000F08E
:109C900077FB4E46CDE900564FF0020B8DF810B021
:109CA000A94600234FF4D05201212248FDF75BFB67
:109CB00010B1D8A000F064FB40F28110CDF8008014
:109CC000CDE90140012345464FF4C05219461948D9
:109CD000FDF749FB10B1C3A000F052FBC04800954E
:109CE000401CCDE90140012341F60102194611480B
:109CF000FDF739FB10B1D5A000F042FBCDE900968D
:109D0000B8468DF810704F46022341F6010201213A
:109D10000848FDF728FB10B1CCA000F031FBD1467C
:109D20008DF810A0002341F6012A52460121014876
:109D3000A4E10000F00D00205A65726F4572722098
:109D400053444F20577269746520534552564F5FF4
:109D5000574F524B5F4D4F44455F494E4445582045
:109D60004661696C65640D0A000000005A65726FF7
:109D70004572722053444F207265616420534552EE
:109D8000564F5F574F524B5F4D4F44455F494E44CE
:109D90004558204661696C65640D0A005A65726F0A
:109DA0004572722073657420706F736974696F6E89
:109DB000206D6F6465204661696C65640D0A000062
:109DC0005A65726F6572722053444F2057726974DE
:109DD000652050524F46494C45445F56454C4F43D1
:109DE0004954595F494E444558204661696C656441
:109DF0000D0A00005A65726F6572722053444F203D
:109E0000726561642050524F46494C45445F564547
:109E10004C4F434954595F494E4445582046616967
:109E20006C65640D0A0000005A65726F65727220DD
:109E30007365742070726F66696C65642076656CFA
:109E40006F6369747920746F2025642064707320B7
:109E50004661696C65640D0A000000005A65726F06
:109E60004572722053444F205772697465205052D6
:109E70004F46494C45445F4143435F494E44455832
:109E8000204661696C65640D0A0000005A65726FB6
:109E90004572722053444F20726561642050524FC6
:109EA00046494C45445F4143435F494E4445582031
:109EB0004661696C65640D0A000000005A65726FA6
:109EC000457272207365742070726F66696C656488
:109ED00020616363656C65726174696F6E20746F75
:109EE0002025642064707373204661696C65640D7D
:109EF0000A0000005A65726F4572722053444F2069
:109F000057726974652050524F46494C45445F442E
:109F100045435F494E444558204661696C65640D70
:109F20000A0000005A65726F4572722053444F2038
:109F3000726561642050524F46494C45445F444528
:109F4000435F494E444558204661696C65640D0A7B
:109F5000000000005A65726F4572722073657420AC
:109F600070726F66696C656420646563656C6572A8
:109F70006174696F6E20746F202564206470737340
:109F8000204661696C65640D0A0000005A65726FB5
:109F90004572722053444F2064697361626C65207E
:109FA00053594E43204661696C65640D0A000000F8
:109FB0005A65726F4572722053444F206469736111
:109FC000626C6520636F6D6D206379636C652070D2
:109FD0006572696F64204661696C65640D0A0000F2
:109FE000810100805A65726F4572722053444F2080
:109FF0005772697465205450444F315F504152414B
:10A000004D5F494E444558204661696C65640D0AB0
:10A01000000000005A65726F4572722053444F2051
:10A020005772697465205450444F315F4D41505010
:10A03000494E475F494E444558204661696C656406
:10A040000D0A000010004160200064605A65726FC4
:10A050004572722053444F205772697465205450E2
:10A06000444F325F504152414D5F494E4445582064
:10A070004661696C65640D0A00000000CDE9007658
:10A08000FDF771F910B17BA000F07AF985480095D1
:10A09000CDE901400123524619468348FDF763F993
:10A0A00010B174A000F06CF9CDE900768DF8108045
:10A0B0000023524601217C48FDF755F910B16DA0EF
:10A0C00000F05EF94FF4C1700095CDE90140012325
:10A0D00041F6010219467448FDF745F918B1AFF28F
:10A0E000FC0000F04DF971480095CDE901400123D5
:10A0F0004FF4A05219466C48FDF735F910B16CA029
:10A1000000F03EF9CDE900768DF8108002234FF47F
:10A11000A05201216448FDF726F910B164A000F0B7
:10A120002FF9CDE900764FF4B05A8DF81090002346
:10A13000524601215C48FDF716F910B168A000F005
:10A140001FF973480095CDE9014001235246194695
:10A150005548FDF708F910B161A000F011F96D48FC
:10A160000095CDE901400223524601214E48FDF7FA
:10A17000FAF810B15AA000F003F9CDE900768DF895
:10A1800010B00023524601214748FDF7ECF810B10A
:10A1900053A000F0F5F840F201200095CDE9014010
:10A1A00001234FF4A05219463F48FDF7DCF810B1E7
:10A1B0003FA000F0E5F83D480095401CCDE9014086
:10A1C000012341F2014A524619463748FDF7CBF8C0
:10A1D00010B151A000F0D4F8CDE900768DF81080D0
:10A1E0000223524601213048FDF7BDF810B14AA0C4
:10A1F00000F0C6F88DF81090CDE9007641F20169C3
:10A2000000234A4601212848FDF7ADF810B14EA0C1
:10A2100000F0B6F858480095CDE9014001234A46C0
:10A2200019462148FDF79FF810B147A000F0A8F8A3
:10A23000CDE900768DF8108000234A4601211A48A6
:10A24000FDF791F810B140A000F09AF840F202201A
:10A250000095CDE901400123524619461248FDF709
:10A2600082F8002802D02CA000F08AF807B0BDE8E0
:10A27000F08F00005A65726F4572722053444F2070
:10A280005772697465205450444F325F4D415050AD
:10A29000494E475F494E444558204661696C6564A4
:10A2A0000D0A000020006C60F00D0020010200800B
:10A2B0005A65726F4572722053444F205772697409
:10A2C00065205250444F315F504152414D5F494EDD
:10A2D000444558204661696C65640D0A0000000021
:10A2E0005A65726F4572722053444F2057726974D9
:10A2F00065205250444F315F4D415050494E475FA9
:10A30000494E444558204661696C65640D0A000059
:10A310001000406020007A605A65726F45727220AA
:10A3200053444F205772697465205250444F325F36
:10A33000504152414D5F494E444558204661696C39
:10A3400065640D0A000000005A65726F4572722044
:10A3500053444F205772697465205250444F325F06
:10A360004D415050494E475F494E44455820466143
:10A37000696C65640D0A0000200081607047000070
:10A380000FB4054B10B503A9044A029800F0DEF99A
:10A3900010BC5DF814FB000049C000083810002014
:10A3A0000FB47CB50C0009AD01D0611E00E00021A6
:10A3B000CDE90001064B6A462946089800F0C6F927
:10A3C000002C02D0009A002111707CBC5DF814FBB7
:10A3D00075B100080907090E002804DB00F1E02030
:10A3E00080F80014704700F00F0000F1E02080F8C2
:10A3F000141D704730B528B1144C031F002021688C
:10A400000A4605E0084630BD9A4203D81046526815
:10A41000002AF9D1002800D041680BD00468A3EBD2
:10A420000005A54204D11B681C440346046002E0F9
:10A43000436000E023603AB11C68D51AA54203D1FD
:10A4400015682C441C6052685A6030BD3C100020D6
:10A4500000B583B09FED060B0A4601468DED000B5B
:10A460006846F6F740FC9DED000B03B000BD000010
:10A4700000000000000000002DE9F04782460F4C6C
:10A4800010480D4E0E4F001B4FF0000820F007053E
:10A490004FF0010900221146504602F07BFA0028D5
:10A4A00002D1306810B10020BDE8F0873C60C4E9FB
:10A4B0000058C6F80090EDE7401000208C8F002077
:10A4C0003C1000208891002002E008C8121F08C13B
:10A4D000002AFAD170477047002001E001C1121F25
:10A4E000002AFBD1704700002DE9FF5F82B00021F8
:10A4F000DDE90430020DDDF840B0034318D044F626
:10A500001050A2F2FF3242431514119801281FD0B7
:10A51000A5EB0B00401C5FEA000A4FF000064E4F0F
:10A52000DFF83891B046504615D5CAF1000413E063
:10A53000119801244AA3012801D16FEA0B01029866
:10A54000119AC0E90031C0E9024206B0BDE8F09FAF
:10A55000CBF10000DFE704460021404A491842EBF6
:10A560000450CDE9001012E0E00707D032463B4628
:10A5700040464946F6F72BFA8046894632463B4626
:10A5800010461946F6F723FA06460F466410002CCB
:10A59000EAD1DDE90401DDE90023BAF1000F06DAB2
:10A5A000F6F715FA42464B46F6F711FA05E0F6F7CC
:10A5B0002AFC42464B46F6F726FC04460E4600228D
:10A5C000284BF6F7D3FA03D84FF0FF30014607E0E7
:10A5D0000022254B20463146F6F752F9F6F78EFC5D
:10A5E000102409E0002C0ADB0A220023F5F74AFEBA
:10A5F000039B30321A55641E50EA0102F2D1641CEA
:10A60000039AC4F111031444119A012A03D00122C0
:10A6100008430DD10AE0084304D000204FF0110B8D
:10A62000119072E7A3EB0B056D1E0DE05B4504DD99
:10A630004FF0000205F1010504E003DA4FF00002DB
:10A64000A5F10105002AECD002981199C0E9023168
:10A65000C0E9004579E70000000014400000F03F29
:10A66000300000000000F0430000E03F2DE9F84F0B
:10A670009946DDE90BA51746D0F8E4310A9E6A46F3
:10A68000984704460098002803D12079B84202D8A0
:10A690001F48BDE8F88F3DB1206800EB0710007837
:10A6A000C00701D01B48F4E7B9F1000F0BD004201C
:10A6B000216800EB0718326851F80800904205D96C
:10A6C00030601548E5E74FF00060E2E7012000EB5D
:10A6D0000710095C8AF800102068082101EB0711B7
:10A6E00050F8085041582A464846F5F702FE9AF8B5
:10A6F0000000092809D1216851F808003168884212
:10A7000003D2002109F805106D1C00203560C0E758
:10A710001100090601000106050004057047704795
:10A7200030380A2801D20120704700207047704756
:10A73000704770477047704770477047016A0978E3
:10A74000002902D1812202F0A2BA70472DE9FF4F01
:10A7500095B09A46884606460025EEE1252877D131
:10A7600000242746F94A0121039400E0044316F827
:10A77000013F203B01FA03F01042F7D130782A283C
:10A7800011D06FF02F033078A0F13002092A16D8CB
:10A79000039A44F0020402EB820203EB42021044EB
:10A7A000761C0390EFE758F8042B0392002A03DA93
:10A7B000504244F40054039044F00204761C307874
:10A7C0002E2816D116F8010F44F004042A280DD0C3
:10A7D0006FF02F023078A0F13003092B09D807EB76
:10A7E000870302EB4303C718761CF3E758F8047B92
:10A7F000761C30786C280FD006DC4C2817D06828DF
:10A800000DD06A2814D104E0742810D07A280FD112
:10A810000DE044F400140AE044F4801401E044F430
:10A8200040147278824202D104F58014761C761CA2
:10A83000307866280BD013DC582877D009DC002844
:10A8400075D04528F6D04628F4D047281AD193E190
:10A8500018E0632835D0642879D0652812D18BE1BF
:10A86000702873D008DC6728F1D069286FD06E2873
:10A870000DD06F2806D1ACE073282CD0752874D089
:10A88000782853D05246179990476D1C54E1C4F371
:10A890000250022809D003280DD0D8F8001004284F
:10A8A0000DD00D6008F1040846E1D8F80010EA1751
:10A8B000C1E90052F6E7D8F800100D80F2E70D70FC
:10A8C000F0E718F8041B8DF8001000208DF8010047
:10A8D000EB46012003E058F804BB4FF0FF3061075E
:10A8E0004FF0000102D40DE009F101018946B9429F
:10A8F0000FDA8145F8DB1BF809100029F4D108E0D4
:10A9000009F1010189468142FADB1BF8091000298F
:10A91000F6D103985346A0EB090721463846179A0B
:10A9200000F080FA284400EB090507E044E008E164
:10A930000DE01BF8010B524617999047B9F1010938
:10A94000F7D2534621463846179AF2E039E00A21F9
:10A95000C4F302524FF0000B0091022A06D058F8BF
:10A96000040BC117032A09D00AE023E008F107000D
:10A9700020F00702F2E80201904605E000B2C1179C
:10A98000042A01D140B2C117002906DA0A46002183
:10A99000404261EB02012D2202E0220504D52B2268
:10A9A0008DF80420012203E0E20701D02022F7E71E
:10A9B000914657E00A2100E010214FF0000B009172
:10A9C0000BE010214FF0000B44F004040827009125
:10A9D00003E008204FF0000B0090C4F30252022A5B
:10A9E00005D058F8040B0021032A08D008E008F12C
:10A9F000070020F00702F2E80201904603E080B26F
:10AA0000042A00D1C0B24FF0000922072AD53278BB
:10AA1000702A07D0DDF800C08CF0100C5CEA0B0C3B
:10AA200005D00EE040228DF80420012208E050EA13
:10AA3000010306D030238DF804308DF80520022262
:10AA40009146009B83F0080353EA0B030AD150EAB6
:10AA5000010201D1620705D530228DF804204FF0A4
:10AA600001097F1E3278582A04D039A20C920CAA10
:10AA700002920BE03BA2F9E75B46009AF5F702FC75
:10AA80000C9B9B5C029A521E0292137050EA0102C8
:10AA9000F2D1029804A9081A00F1200B600702D530
:10AAA00024F4803400E001275F4502DDA7EB0B00B2
:10AAB00000E0002000EB0B01009003984944401A8D
:10AAC0000390E00306D453462146179A039800F0FA
:10AAD000A9F90544002706E001A85246C05D179970
:10AAE00090476D1C7F1C4F45F6DBE0030CD55346A9
:10AAF0002146179A039800F095F9054404E03020A8
:10AB00005246179990476D1C0099481E00900029E5
:10AB1000F5DC08E00298029952460078491C02913F
:10AB2000179990476D1CBBF10001ABF1010BF1DCF3
:10AB30005BE100F065F90544761C307800287FF46D
:10AB40000DAE19B02846BDE8F08F000009280100BD
:10AB50003031323334353637383961626364656693
:10AB60000000000030313233343536373839414255
:10AB70004344454600000000600700D4062708F162
:10AB8000070020F00700F0E80223804603F0004CA5
:10AB90005FEA0C0001D097A009E0200501D596A03E
:10ABA00005E0E00701D095A001E0AFF24C00139062
:10ABB000307823F0004365280CD006DC452809D006
:10ABC00046281DD047287FD13BE0662818D067284B
:10ABD0007AD136E00021112F01DB112000E0781C32
:10ABE000CDE9000104A90CA8FFF77EFCDDE90D0109
:10ABF0000C9A4FF0000B07F10109109200914EE002
:10AC00004FF000400097CDE9011004A90CA8FFF710
:10AC10006BFCDDE90D020C9B0F994FF0000B914688
:10AC20001093009211B9791C00EB0109B7EB0900F0
:10AC300003D4C0F1FF3B07F10109A9EB0700019024
:10AC400042E0012F00DA01270021112F01DD112040
:10AC500000E03846CDE9000104A90CA8FFF744FC48
:10AC6000DDE90D010C9A00914FF0000BB9461092EE
:10AC700021070FD4009A4A4503DA914601E0A9F171
:10AC80000109B9F1010F05DD109AA9F10101515C2B
:10AC90003029F4D0B84202DA10F1040F03DA0121AE
:10ACA000CDE9011010E0002803DC8344A9EB00018A
:10ACB00002E0411C494500DD8946A0EB0B00401C29
:10ACC00001904FF000400290200705D401984845BC
:10ACD00002DB4FF0FF30019000208DF84B0002980E
:10ACE0000DF14B07B0F1004F25D002200C902B2026
:10ACF0000D90029800280CDA404202902D200D9011
:10AD000007E00A210298F5F749FF3031029007F871
:10AD1000011D0C99481E0C900029F2DC02980028B5
:10AD2000EFD1791E0D980870307800F0200040F0C7
:10AD3000450007F8020D11A8C01BC01D0290139812
:10AD4000007800B1012000EB0901019801EBE071EE
:10AD5000029801440398401A401E0390E00306D471
:10AD600053462146179A039800F05CF8054413985F
:10AD7000007818B15246179990476D1CE00323D50F
:10AD800053462146179A039800F04CF805441BE0FF
:10AD9000BBF1000F07DB0098584504DD10981799A8
:10ADA00010F80B0001E017993020524690470198A7
:10ADB0000BF1010B401E05F10105019004D12E207D
:10ADC0005246179990476D1CB9F10001A9F101098C
:10ADD000DEDC05E017F8010B5246179990476D1C11
:10ADE0000299481E02900029F4DC53462146179A26
:10ADF00003989EE62D0000002B00000020000000BC
:10AE00002DE9F041044600251E461746880404D467
:10AE100005E039462020B0476D1C641EF9D5284650
:10AE2000BDE8F0812DE9F041044600251E4690461C
:10AE3000C80301D5302700E02027880404D505E0A9
:10AE400041463846B0476D1C641EF9D52846BDE81A
:10AE5000F0812DE9F04F85B01C4692460646DDF89C
:10AE600038B0DDF84080F6F7E7FC0546FE280DD245
:10AE7000014602AB0222304601F0B3F928B102AA22
:10AE80000221304601F091F918B1FF2005B0BDE86C
:10AE9000F08F0AF0FF094FEA1A27B8F1000F28D007
:10AEA0000520CDE9004053462A469DF8081030465B
:10AEB00001F02AFD9DF80810A020C1EBC10101EBB3
:10AEC000410106EB810103AA81F873B08DF80C00F3
:10AED00010208DF80D908DF810008DF80E70052063
:10AEE0008DF80F4000211154401CC0B20828FAD33D
:10AEF00024E00320CDE9004053462A469DF808107F
:10AF0000304601F001FD9DF808104020C1EBC10161
:10AF100001EB410106EB810103AA81F873B08DF8C2
:10AF20000C008DF80D908DF80E7004208DF80F40F8
:10AF300000211154401CC0B20828FAD39DF8081013
:10AF40000F98C1EBC10101EB410106EB81011346F2
:10AF500088672A460221304605F015FA002895D068
:10AF60009DF80810304605F081F88EE72DE9FE4F78
:10AF700004464069002589460689A069078994F836
:10AF8000820000280ED0002E6AD0A846CDF800809E
:10AF9000CDF80480CDF8088060E005286ED00B283D
:10AFA00058D0FF20BDE8FE8F606850F836008169F8
:10AFB0000968002901DA0B2024E0806AB9F1000F4A
:10AFC00023D00178E9B3F02925D8A26805EBC501A3
:10AFD00012F811305B1CDBB202F811300278934298
:10AFE00019D1A268204602F81180CDF80080CDF872
:10AFF00004806A462946CDF8088000F0B9F9002897
:10B00000D9D10520BE42C8D92AE00078FF2829D02E
:10B01000FE2827D01CE00078FC2818D105EBC50AD3
:10B020000622A16802EB4A000A182946204600F0D1
:10B030009FF90028A06810F81A1003D021F001022F
:10B0400002E016E041F0010200F81A20B3E780B1F7
:10B05000BE4205D86D1C761CEDB2B6B2BE42A3D975
:10B0600000209FE7A06805EBC50110F81100C0079C
:10B07000EDE72946204605F0B9F89CE76A462946DF
:10B08000204605F06CF996E72DE9FF4F81B0154693
:10B09000DDE90E76D0F8E43180466A460299984799
:10B0A00004460098002803D12079A84203D82E48EE
:10B0B00005B0BDE8F08F2EB1206800EB05100078D8
:10B0C000022828D00121206801EB051110F801A009
:10B0D000042101EB051146580C2101EB051150F834
:10B0E0000190386808B1B0423AD8D8F824205046C8
:10B0F0000499904700900028DAD10820216800EBDD
:10B10000051B3A6851F80B000499F5F7F2F8BAF10B
:10B11000090F02D009E01548CAE73868B04204D2E6
:10B120002368002253F80B100A543E60B9F1000F57
:10B1300007D02A46214640464B46984700900028B3
:10B14000B6D1206800EB05100078400706D5D8F886
:10B15000E83140462A4602999847A9E70020A7E728
:10B1600003483E60A4E70000110009060200010642
:10B17000100007064A68002A06D00A68531C0B60B4
:10B1800010704868401E4860704770470020704744
:10B190002DE9F04F85B090460EAADDF84C9092E86C
:10B1A000100C1F460546202C11D8F6F745FB064625
:10B1B000FE280DD2014602AB0222284601F011F80A
:10B1C00028B102AA0221284600F0EFFF18B1FF20A3
:10B1D00005B0BDE8F08FB9F1000F13D00420CDE920
:10B1E0000070434632469DF80810284601F08CFB5B
:10B1F0009DF80800C0EBC00000EB400005EB8000AC
:10B20000046609E00220CDE90070434632469DF80D
:10B210000810284601F078FB9DF80800C0EBC0003C
:10B2200000EB400005EB800044639DF8081000200F
:10B23000C1EBC10101EB410105EB810181F873A074
:10B240000EE000BF9DF808201BF80010C2EBC20200
:10B2500002EB420205EB82020244401C82F83C10E1
:10B26000A042EFD303A9B9F1000F0DD0C2208DF891
:10B270000C000020C30024FA03F20B18401CC0B2DB
:10B280001A710428F6D328E0042C19D8C4F104005C
:10B29000232242EA80009DF808208DF80C00C2EBC2
:10B2A000C20202EB4202042005EB8202131893F85B
:10B2B00038300B54401CC0B20828F7D394630CE01C
:10B2C00021208DF80C000020C30024FA03F20B1893
:10B2D000401CC0B21A710428F6D39DF808108DF8EE
:10B2E0000D804FEA1820C1EBC1018DF80E0001EB73
:10B2F000410105EB81018DF80F701198886703AB50
:10B3000032460221284605F03EF800283FF460AF9F
:10B310009DF80810284604F0A9FE58E730B5044609
:10B3200006480023026803E012F8015B25705B1CED
:10B330008B42F9DB0260084630BD0000CC010020E2
:10B3400010B530B1036823B1D0E90121914201D297
:10B3500004E0002010BD491C816020B1914202D25E
:10B360005C5C202CF7D99142F4D1491E816010BD5C
:10B370002DE9F04F43698346914618895B89C000E7
:10B3800000EBC102DBF80400DB0003EBC1010F1886
:10B390000244386889B00026D0F808A01068354605
:10B3A00080690088C0F30A01A9F8001089F80260DA
:10B3B00000200490059018213A6801EB06115258BC
:10B3C0001368190C13F0FF042ED02B190793402B90
:10B3D0002AD8A4F1010C012303EBDC0CCDF818C032
:10B3E0001288CDE902030DF1200C0DF11808CDE90A
:10B3F000008CC2F3072204AB5846FFF737F918B1A7
:10B40000FF2009B0BDE8F08F09EBD502121D0092B4
:10B41000002005F00701CDE90110002320461A465F
:10B4200004A9F6F7DBF8079D761C9AF80000F6B23F
:10B43000B042BDD801206D1E00EBD50089F8030095
:10B440000020DEE72DE9F04104460027104E1BE006
:10B45000A0892568C0050BD4A06820B1FFF7F2FFD2
:10B46000A089C00504D4206910B17168884727619C
:10B47000A089800504D4206A10B1716888472762CA
:10B480007168204688472C46002CE1D1BDE8F08148
:10B4900008000020002200F067BF000030B50D4C0E
:10B4A0000D4A0E4B0E4988B10A60056805B10D6062
:10B4B0004B60406800B14860002088600868904296
:10B4C00003D14868984200D18C6030BD81E81C00EF
:10B4D00030BD000091FE000879A40008F5A3000823
:10B4E0000800002010B5016828208847040002D019
:10B4F0002821F4F717FF204610BD0022114600F066
:10B500006FB800002DE9F04788B00F4604469A4610
:10B5100016461C216846F4F705FF2F480025002C2D
:10B520000560456055D08146E7B3CDE900470295F7
:10B53000D9E90212D9F810000491CDE9052009F1EA
:10B540000800FFF7CFFF5FEA00082BD000986F4696
:10B5500008B1029808B100270BE00198042808D927
:10B5600003221EA10098F4F70AFF10B90298C01C2C
:10B5700002903846FFF7E4FE0146404602F0DEF94D
:10B5800068B1BAF1000F13D06846FFF7D9FEDDE9C4
:10B590000101814203D202990098405C40B14046CB
:10B5A000FFF750FFDDE9011088420AD205460BE0A3
:10B5B0001EB10299009808443060404608B0BDE8CA
:10B5C000F087081E00D0451E0EB160193060C9E931
:10B5D00000450020F2E7000000000020EFBBBF00A4
:10B5E00070B515460E46040009D0F4F7A6FE411CBE
:10B5F0002B4632462046BDE87040FFF783BF00204F
:10B6000070BD70B54FF6FF7200234AF201050EE0DF
:10B61000C45C6240012412F0010F4FEA520200D0D4
:10B620006A40641CE4B2082CF5D95B1CDBB28B4287
:10B63000EED3100A40EA022080B270BD10B509486E
:10B64000F6F7D4FF08B108A005E002210548F6F797
:10B65000A3FB20B10FA0FEF793FE002010BD012038
:10B6600010BD0000D81B002043414E31207374618F
:10B670007274206661696C65642C73746F702053FA
:10B680007461727443616E546573745461736B2199
:10B690000D0A0000456E61626C652043414E312009
:10B6A0006E6F74696669636174696F6E2066616943
:10B6B0006C6564210D0A000010B50948F6F796FF85
:10B6C00008B108A005E002210548F6F765FB20B1A6
:10B6D0000FA0FEF755FE002010BD012010BD000098
:10B6E000001C002043414E32207374617274206646
:10B6F00061696C65642C73746F702053746172742B
:10B7000043616E546573745461736B210D0A0000BC
:10B71000456E61626C652043414E32206E6F7469E4
:10B720006669636174696F6E206661696C65642126
:10B730000D0A000030B40A88D3090F2B35D2DFE898
:10B7400003F02D081818181818181818181F1F3487
:10B750002600802A06D090F87F20002A25D030BC11
:10B7600002F06AB990F8801000291ED030BC03F0B6
:10B7700073BD90F88220002A17D030BC02F038BA8E
:10B7800090F87E20002A10D030BC02F043BB90F825
:10B790008120002A09D030BC02F0ACB9026A1278CC
:10B7A000002A02D030BC02F059B930BC704700000A
:10B7B00030B50C463C4987B091F8E1210021824226
:10B7C0002FD12088CDE900010291A07800B102209C
:10B7D0000390E07804908DF81410F7F71BFA0546F3
:10B7E00008E000BFF7F716FA401B642802D9218849
:10B7F0002EA032E03548F6F74CFC0028F2D006AB1C
:10B80000221D69463148F6F7D9FA040043D02F4883
:10B81000F6F7C9FB02462D480068836821462CA034
:10B8200034E03B4A92F8E121824239D12088CDE9C7
:10B8300000010291A07800B102200390E07804900A
:10B840008DF81410F7F7E6F9054609E0F7F7E2F985
:10B85000401B642804D921882EA0FEF791FD17E033
:10B860003448F6F716FC0028F0D006AB221D6946D6
:10B870003048F6F7A3FA04000DD02E48F6F793FBF4
:10B8800002462C480068836821462BA0FEF778FD0D
:10B89000012007B030BD0A2001F0FDFB0020F8E7D1
:10B8A000014635A0D9E70000FC06002043414E3197
:10B8B0002054582074696D656F75742C20434F4275
:10B8C0002D49443D307825580D0A0000D81B002032
:10B8D00043414E31205458204552524F523A20484D
:10B8E000414C207374617475733D25642C2048416C
:10B8F0004C5F43414E206572726F723D3078256C0B
:10B90000782C205453523D3078256C780D0A000075
:10B91000F00D002043414E322054582074696D656B
:10B920006F75742C20434F422D49443D3078255883
:10B930000D0A0000001C002043414E3220545820C4
:10B940004552524F523A2048414C207374617475ED
:10B95000733D25642C2048414C5F43414E20657265
:10B96000726F723D3078256C782C205453523D30E4
:10B9700078256C780D0A0000496E76616C69642048
:10B9800043414E2068616E646C653A2025640D0A5F
:10B99000000000001CB5044800900448019068466F
:10B9A000FFF77CFD1CBD00002DFC0008A10C010868
:10B9B00070B50446082802D94FF0FF3070BD4FF42F
:10B9C000847000EB441005461021FDF73DFC28462D
:10B9D000FDF7D4FB0028FAD14FF4027000EB4410BD
:10B9E0001F21FDF731FC0D490120A0404A88824308
:10B9F0004A808A8882438A800949002021F81400FD
:10BA00000649891D08554FF4427000EB4414204646
:10BA1000FDF7B4FB0028FAD1012070BD80010020A1
:10BA2000B88E002038B514460546F5F705FF0146E7
:10BA3000FE2801D3852038BD6B462246284600F0FB
:10BA4000FCFB08B1FF2038BD9DF80010284604F02B
:10BA50000DFB002038BD00002DE9F04117460E46D1
:10BA60000446082803D94FF0FF30BDE8F08160019B
:10BA70004FF001080830FDF781FB00F00F000128AE
:10BA800002D06FF00400F0E74FF4427000EB441076
:10BA90000546FDF773FB132802D06FF00200E4E7C0
:10BAA0003078717801EB0020B17801EB0020F1785B
:10BAB00001EB0020411C2CD058B36FB340F6084076
:10BAC00000EB441004223146FDF7EEFB41F2080082
:10BAD000390A00EB4410FDF7B7FB41F20810F9B248
:10BAE00000EB4410FDF7B0FB4FF4847000EB441002
:10BAF00006460421FDF7A8FB3046FDF73FFB002872
:10BB0000FAD1164908FA04F0498808421AD00020F0
:10BB1000ABE76FF00B00A8E76FF00A00A5E720463F
:10BB2000FDF72CFB000706D520460821FDF78CFB0E
:10BB30006FF00C0099E72846FDF720FB30B96FF055
:10BB4000030092E74FF4027000EB44142846FDF71F
:10BB500015FB1728E3D1012087E7000080010020B2
:10BB600010B50C4606281ED2DFE800F003070B10C4
:10BB70001418204605F098FD13E0204605F0FCFC63
:10BB80000FE02078BDE8104005F0BABD05F020FDBB
:10BB9000207006E0204605F0C5FD02E0204605F0D5
:10BBA0001AFD002010BD4FF0FF3010BD2DE9F0410F
:10BBB0000C46002102464F1E08464FF498554FF49C
:10BBC000A056102A63D2DFE802F0080B17131A1EE2
:10BBD000222C3645484C5950555C05F0BAFD4DE0D5
:10BBE00014B1204604F10801BDE8F04105F007BD9D
:10BBF000208805F075FC41E005F0A0FC05E02088F8
:10BC000005F044FD3AE005F0A8FC208036E02088ED
:10BC1000010A2846FDF718FB21783046FDF714FB92
:10BC20002CE03046FDF7AAFA06462846FDF7A6FAAC
:10BC300006EB0020E9E7174882782270C27862702C
:10BC40000279A2704279E27082792271C0796071C2
:10BC5000A17113E005F0F8FD10E0204605F009FEA3
:10BC60000CE0204605F0B1FD08E02078BDE8F04189
:10BC700005F024BE05F0DBFD05E020700020BDE8E6
:10BC8000F08105F0C9FDC0B241B2491CF5D138467A
:10BC9000F5E70000980100202DE9F0418EB08846BC
:10BCA0000546002404F096F800214F1E06460E2893
:10BCB00008D2DFE800F06B076B096B48486B076B35
:10BCC000076B076A044669E0089108AA6969E86891
:10BCD0000292CDE9031007AB0AA8CDE9000305A83D
:10BCE000031D421C09A9801CF9F728FE01285FD119
:10BCF00009988DF8140005AA0AA9284600F064F8EE
:10BD00009DF81400F0B3012802D0022808D037E0D3
:10BD1000BDF81800009000230422A968286906E0F5
:10BD2000BDF81800009000230522A9682869F9F7DA
:10BD300071FF011E24DD4246284604F0E6FA04465F
:10BD4000401C2CD022E0E868009001AA02A903A8B8
:10BD50006B69F9F7A1FD012812D1BDF8040000902C
:10BD6000052E10D007220023A9682869F9F752FF91
:10BD7000011E05DD4246284604F0C7FA040005D03E
:10BD80003C460CE002E00622EDE72977284600F069
:10BD900029FE18B107A0FEF7F3FAF1E744B1286ACB
:10BDA00010B12846F9F71CFD0EB02046BDE8F08121
:10BDB0003446F9E76B656570616C6976652066618C
:10BDC000696C65640D0A00002DE9FC4791468846C0
:10BDD00006464FF0FF34002506EBC507B96AD1B31C
:10BDE0004046F9F786FE70BBD8E901100A18BB6A15
:10BDF00020E000BF90F800C0BCF12F0F0AD02B2923
:10BE00000BD0232913D0614518D12B2905D0232924
:10BE10000DD00DE02F2911D10AE0411C01E0811C59
:10BE2000401C914204D209782F29F8D100E0501E1D
:10BE3000401C5B1C197809B19042DBD390420AD1B7
:10BE400011F0FF0F07D1F86A28B1CDE90098F96A1F
:10BE50006846884700246D1C052DBDDB601C07D19A
:10BE6000306D28B1CDE90098316D684688470024CF
:10BE70002046BDE8FC8700002DE9F047044608286D
:10BE800003D94FF0FF30BDE8F0876001012508308D
:10BE9000FDF774F900F00F00012801D0A81FF2E7A8
:10BEA0004FF4847000EB441006460821FDF7CCF9EE
:10BEB000F6F7B0FE074608E0F6F7ACFEC01BC82850
:10BEC00003D91EA0FEF75CFA04E03046FDF756F9F0
:10BED0000028F1D12048A5408188A943818040886D
:10BEE000054201D00020CEE7F6F794FE07464FF456
:10BEF000027000EB44164FF442706FF00C094FF4DF
:10BF0000FA7800EB441512E03046FDF737F90007E8
:10BF100004D52046FFF74CFD4846B4E7F6F77AFE15
:10BF2000C01B404503D90DA0FEF72AFAF1E72846C9
:10BF3000FDF724F90028E7D10120A4E764697363C1
:10BF40006F6E6E6563743A20536E5F43522074695E
:10BF50006D656F75740D0A0080010020646973635C
:10BF60006F6E6E6563743A20534F434B5F434C4F83
:10BF70005345442074696D656F75742C20666F722B
:10BF8000636520636C6F73650D0A000010B504468D
:10BF9000054B002241F20301FAF7ECFFD4F8081236
:10BFA0000020087010BD0000996D000870472DE951
:10BFB000FE439946DDE90A7615468846044602ABFB
:10BFC00000F00FF990BB012D04D19DF80810204618
:10BFD00004F04CF8022D29D19DF80800C0EBC000F8
:10BFE00000EB400004EB8000B0F97400F5F7BEFBF5
:10BFF0009DF80810C1EBC10101EB410104EB810187
:10C00000A1F874009DF808108520C1EBC10101EB77
:10C01000410104EB810181F82A009DF80800C0EB82
:10C02000C00000EB400004EB8000C662CDE9007662
:10C030004B4642462946204604F0E1F9002800D04C
:10C04000FF20BDE8FE83000013B54FF0FF3301224F
:10C0500069460248F8F74EFA00981CBD941D00206E
:10C0600006480068406A06490A68904202D24FF6C4
:10C07000FF7318444968801A08447047801C0020E8
:10C08000301000200168A1F57F42FF3A03D0491C1F
:10C090000160084670470121FAE7006800787047A0
:10C0A0002DE9F8430025089F1C46904606463D6052
:10C0B000F5F7C2FB0146FE2805D26B460222304648
:10C0C00000F08FF818B185202560BDE8F8839DF851
:10C0D0000000C0EBC00000EB400006EB800090F8D1
:10C0E0002A10012909D0802901D0852902D1C16AED
:10C0F0003960256090F82A00E7E7416B09B9816B48
:10C1000041639DF800002168C0EBC00000EB4000D7
:10C1100006EB8000406B814202D28A202560D4E782
:10C12000206000200CE000BFC1EBC10101EB410128
:10C1300006EB8101014491F83C2008F80020401CE6
:10C14000216881429DF80010EED8304603F08EFF42
:10C150000120BAE770B5044690F84001012802D1E9
:10C160006068F7F779FD94F83F1104F1BC0021B144
:10C17000FBF72FF86FF002050BE004F11301FBF75A
:10C180002FF884F89300B4F89C100546491CA4F8D5
:10C190009C1094F84001012805D1012204F1A60168
:10C1A0006068F8F74DF9284670BD10B50023C3EB61
:10C1B000C30404EB440400EB840494F82A402CB13B
:10C1C0005B1C13F0FF03F2D0FF2010BD1370C3EB14
:10C1D000C30202EB420200EB820080F8291000202B
:10C1E00010BD70B50024C4EBC40505EB450500EB9C
:10C1F000850595F82A606EB1852E0BD095F82860DC
:10C200008E4207D195F82950954203D103B11C7095
:10C21000002070BD641C14F0FF04E4D0FF2070BD4A
:10C22000C1EBC10101EB410100EB8101486B08B199
:10C23000896B401A10600020704770B50024C4EB71
:10C24000C40505EB450500EB850595F82A605EB150
:10C2500095F828608E4207D195F82950954203D170
:10C2600003B11C70002070BD641C14F0FF04E6D004
:10C27000FF2070BD2DE9F04142F2086101EB40154D
:10C2800042F20871002601EB40142846FCF776FFC5
:10C2900007462046FCF772FF00EB072007043F0C1F
:10C2A00009D02846FCF76AFF06462046FCF766FFE1
:10C2B00000EB062086B2BE42E7D13046BDE8F081F1
:10C2C0002DE9F04142F2080101EB401542F208115C
:10C2D000002601EB40142846FCF750FF0746204695
:10C2E000FCF74CFF00EB072007043F0C09D0284661
:10C2F000FCF744FF06462046FCF740FF00EB062013
:10C3000086B2BE42E7D13046BDE8F08138B5054679
:10C3100000208DF80000106014462846F5F78CFACE
:10C320000146FE2805D26B4602222846FFF759FF38
:10C3300008B1852038BD9DF80010C1EBC10000EBAD
:10C34000400005EB8000C26A226090F82A000128B4
:10C35000F0D1284603F08AFE012038BD90F8420152
:10C36000704790F8410170472DE9F0418846A8B325
:10C37000B8F1000F33D084680AB90AE024686CB3BE
:10C38000216A59B34046F3F7DFFF0028F6D120E0D9
:10C3900024681CB3266A5FEA0805F9D0002EF7D09E
:10C3A000B54218D002E098B16D1C761C2878F3F7DE
:10C3B0009AFF07463078F3F796FF87422878F2D045
:10C3C000F3F791FF05463078F3F78DFF8542DFD113
:10C3D00024B1206A10B12046BDE8F081FFE70020BB
:10C3E000FAE700F5A2707047014800787047000036
:10C3F000C401002000F40041C0F384220904C0F30A
:10C40000090052B11F2A13D0703241EAC25100BF55
:10C4100041EA403100EE101A70470028FAD000E0DF
:10C4200040004205FCD5C0F3090041F06251EFE73E
:10C4300041EA403040F0FF41ECE700002DE9F843CD
:10C44000002703223F4D404C06464FF0C8080E23FC
:10C450004FF0060C4FF0FF3919B305F1180080F8C2
:10C46000008042704380A0F804C0304603F01DFEF7
:10C4700086F84371686A1835009095E80E003046DA
:10C48000FAF79AFA4946012004F0DEFA014610F163
:10C490000B0F3ED02DA000BFFDF772FF0020BDE8BE
:10C4A000F8832848083080F8008042704380A0F864
:10C4B00004C0304603F0F9FD86F843716869083519
:10C4C000009095E80E003046FAF776FA49460120CA
:10C4D00004F0BAFA014610F10B0F01D022A0DBE7FD
:10C4E0003046FFF73EFF0028D9D0164E00256836AB
:10C4F0000AE000BF00EB45004088FFF77BFF06EB3A
:10C5000085006D1C80ED000AE0680178A942F1DC2D
:10C5100016E03046FFF725FF0028C0D0094E002561
:10C52000A83609E000EB45004088FFF763FF06EB03
:10C5300085006D1C80ED000A20690178A942F1DCBC
:10C540000120ACE75018002018000020522072652E
:10C55000616420504F53206E6F7469667956616C28
:10C560003A25640D0A0000004C2072656164205079
:10C570004F53206E6F7469667956616C3A25640D6D
:10C580000A0000002DE9F84F494C4A4D064645F295
:10C5900040094FF4A24A4FF4AA4245F2402C45F21A
:10C5A000AB434FF0C80B4FF0100802274FF00C0EB2
:10C5B000C9B3012935D1A4F1380000F15001A0F828
:10C5C0000090A0F802A08280C28002814281A0F87F
:10C5D0000CC0A0F80EC0038243828382C38281F81C
:10C5E00000B081F801804F80A1F804E0B84688606F
:10C5F0007746304603F055FD606A1834009094E8A1
:10C600000E003046FAF7D8F94FF4FA71012004F021
:10C610001BFA0B3042D028A0FDF7B2FE6888401C00
:10C620006880BDE8F88FFFE72148783800F1800185
:10C63000A0F80090A0F802A08280C280028142810E
:10C64000A0F80CC0A0F80EC0038243828382C3828C
:10C6500081F800B081F801804F80A1F804E0886083
:10C66000F046304603F01DFD60690834009094E800
:10C670000E003046FAF7A0F94FF4FA71012004F0E9
:10C68000E3F90B3001D015A0C6E73046FFF766FE90
:10C690000028C6D0B77586F8188007E03046FFF747
:10C6A0005DFE0028BDD086F8168037760120B8E7F9
:10C6B00050180020180000205269676874206861D3
:10C6C0006E64206D6F646275732071756572792078
:10C6D00074696D656F7574210D0A00004C65667490
:10C6E0002068616E64206D6F64627573207175657A
:10C6F00072792074696D656F7574210D0A000000F0
:10C700002DE9F84F0022DFF8FC90DFF8FCA00224AE
:10C71000064645F2AB4745F240234FF0C80C4FF0B8
:10C7200010084FF4FA7B0C25B1B3012932D1A9F1DD
:10C73000380000F15001028042808280C280028174
:10C7400042818781C781038243828382C38281F8C9
:10C7500000C081F801804C808D808860304603F0F5
:10C76000A0FCD9F8240009F11809009099E80E00FE
:10C770003046FAF721F95946012004F065F90B30EB
:10C7800037D022A0FDF7FCFDBAF80210491CAAF828
:10C7900002100020BDE8F88FFFE71A48783800F152
:10C7A0008001028042808280C28002814281878132
:10C7B000C781038243828382C38281F800C081F8EB
:10C7C00001804C808D808860304603F06AFCD9F887
:10C7D000140009F10809009099E80E003046FAF7B4
:10C7E000EBF85946012004F02FF90B3001D010A0CE
:10C7F000C8E73046FFF7B2FD0028CBD0B4753576D8
:10C800000120C7E75018002018000020526967680F
:10C81000742068616E64206D6F6462757320717539
:10C820006572792074696D656F7574210D0A000059
:10C830004C6566742068616E64206D6F6462757308
:10C840002071756572792074696D656F7574210D3D
:10C850000A000000F8B505461A4B002241F2170104
:10C86000FAF788FB002685F8E061344615E000BF42
:10C87000D5F8A00030F8240003041B0C0BD0642072
:10C880004343114A214628460096FAF70DFFD5F892
:10C89000A41021F81400641CE4B2D5F89C000078C0
:10C8A000A042E5D8D5F8A8000388002B09D0642061
:10C8B0004343064A002128460093FAF7F5FEA5F8FF
:10C8C000AC00F8BD4D6D0008B1150008D56E00082C
:10C8D00070B5054600240BE0D5F8A40030F914002B
:10C8E000F4F744FFD5F8A41021F81400641CE4B256
:10C8F000D5F89C000078A042EED835F9AC0FF4F7DB
:10C9000035FF288070BD00002DE9F8431746DDE9AA
:10C910000896C1EBC102002502EB4202984600EBEB
:10C920008204022E2CD0032E2AD0042E28D0052ECD
:10C9300026D0B4F97400F4F719FF00BFA4F874000E
:10C9400084F82870A4F8308084F8329084F82A6043
:10C9500084F82B506563A56384F85C5084F85D50BF
:10C9600084F85E502566656684F8685084F86950DE
:10C9700084F86A5084F873500020A567BDE8F883F6
:10C98000024B034A0095FAF78FFED7E7E0930400C5
:10C99000417200082DE9F0410B3020F00706104DE0
:10C9A00019E02068B04215D3B0420AD9871B201D78
:10C9B000D4F80480F3F79DFCA019C0E90078286042
:10C9C00004E060682860201DF3F793FC201D2660BA
:10C9D000BDE8F081251D2C68002CE2D10020F7E78E
:10C9E0003C1000207CB504468069002550B304F15A
:10C9F0005800FBF7DCFE04F1600618B93046FBF77F
:10CA0000D6FEF8B1207F10B14FF0FF351AE068462E
:10CA1000FBF7C5FE4FF47A716846FBF7B8FEA168D4
:10CA20002069F9F7E5F9011E0CDD6A46204603F09E
:10CA30006CFC050006D140F6B8313046FBF7A7FE86
:10CA40000120207728467CBD10B50446FFF702FF81
:10CA50002046BDE8104000F0B9BA10B50446FFF713
:10CA600037FF2046BDE8104000F0ECBAC1EBC10131
:10CA700030B501EB410100EB81018C6BA01820283F
:10CA800002D84D6BA84201D9FF2030BD002006E03E
:10CA900025180D4495F83C501D54401CC0B29042DE
:10CAA000F6D3886B10448863002030BD3B4D2C6862
:10CAB000F6F724F9FBF7A4FCF9F7CEFCF4F736FD02
:10CAC000F9F71CFBF9F7C6FBF9F7A4FEF9F7BEFE70
:10CAD000F9F7DEFEF9F760FEF9F77AFE304931A08A
:10CAE000FDF74EFCFAF792FAFAF788FAFAF776FAB7
:10CAF000A00002D52DA0FDF743FC200114D52FA0E6
:10CB0000FDF73EFCFAF752FAFAF760FA30A0FDF7AB
:10CB100037FC42F21070F5F769FFFAF73FFAFAF7BF
:10CB20004DFA31A0FDF72CFCE00002D533A0FDF753
:10CB300027FC002C02DA36A0FDF722FC286840F022
:10CB400080702860F9F724FBF9F7C8FDF9F750FB6E
:10CB5000F8F7F0FDFAF7E0F9FCF7B0F9010003D0BF
:10CB600030A0FDF70DFC02E037A0FDF709FCF9F756
:10CB700067FD3D483B4901600621416040F2E241CA
:10CB80008160F6F77FF808B172B6FEE700F098FA18
:10CB9000F9F7A6FB00F0A6FAFEE7000074380240A1
:10CBA000182A010825730D0A000000004957444760
:10CBB0002072657365740D0A00000000506F776580
:10CBC000722D6F6E2072657365740D0A000000008F
:10CBD00041726D7320706F776572206F6E20737471
:10CBE0006172740D0A00000041726D7320706F77DE
:10CBF0006572206F6E20656E640D0A00536F667457
:10CC0000776172652072657365740D0A000000001B
:10CC10004C6F772D706F7765722072657365740D38
:10CC20000A000000573535303020696E697420667F
:10CC300061696C65642C726573756C742069733AF4
:10CC400025640D0A00000000573535303020696E2C
:10CC50006974207375636365737366756C6C792E84
:10CC60000D0A000000300040441000200EB541F4D1
:10CC7000E061ADF8001001218DF8021000218DF85F
:10CC8000031090F8E1016946FEF792FD0EBD0EB566
:10CC90000023ADF800308DF802308DF80420022317
:10CCA0008DF805108DF8033090F8E1016946FEF724
:10CCB0007FFD0EBDF0B500688FB08068FEF71DFCEB
:10CCC00006007DD01C216846F3F72CFB55A13046A9
:10CCD000FEF7E0FB4069009054A13046FEF7DAFB16
:10CCE000074654A13046FEF7D5FB544C0546BFB16C
:10CCF00053A13846FEF7CEFB4069019053A1384658
:10CD0000FEF7C8FB4069029052A13846FEF7C2FB0D
:10CD10004069002303901A466946E06C00F05CFA13
:10CD2000BDB147A12846FEF7B5FB4069049047A175
:10CD30002846FEF7AFFB4069059046A12846FEF75E
:10CD4000A9FB4069002306901A466946206D00F051
:10CD500043FA182107A8F3F7E5FA40A13046FEF799
:10CD600099FB07463FA13046FEF794FB0546BFB14D
:10CD70003EA13846FEF78EFB4069079030A1384649
:10CD8000FEF788FB406908903BA13846FEF782FB1E
:10CD90004069002309901A4607A9E06D00F01CFACB
:10CDA000CDB132A12846FEF775FB40690A9024A157
:10CDB0002846FEF76FFB40690B902FA1284600E044
:10CDC0002DE0FEF767FB406900230C901A4607A987
:10CDD000206E00F001FA00200D900E9029A130463F
:10CDE000FEF758FB070017D028A1FEF753FB0546B6
:10CDF00028A13846FEF74EFB75B168B169690D91FF
:10CE000040690E90024625A0FDF7BAFA00231A46A3
:10CE10000DA9A06D00F0E0F93046FEF713FB0FB04E
:10CE2000F0BD00006D6F6465000000006C65667405
:10CE3000000000007269676874000000180000209C
:10CE4000706F736974696F6E0000000073706565C0
:10CE500064000000746F7271756500006B696E6329
:10CE60006F0000007A65726F6572720069735F65AA
:10CE70006E61626C6500000076656C6F6369747941
:10CE8000000000006770696F000000007479706531
:10CE90000000000073746174650000004750494F42
:10CEA00020636D6420747970653D25642C20737453
:10CEB0006174653D25640D0A0000000010B598B04E
:10CEC000002852D090F832100DF13C0C90F835400B
:10CED00090F8343090F833208CE81E00D0E90A1224
:10CEE0000DF12C0C90F8314090F830308CE81E0099
:10CEF000D0E907120DF11C0CC48C838C8CE81E0049
:10CF0000818A0DF10C0C448B038BC28A8CE81E00C5
:10CF10000189428903698DE80E004FF4007443686B
:10CF2000144A21461448FDF73BFA002801DBA042D1
:10CF300003D312A0FDF724FA16E000208DF84C0070
:10CF40008DF84D008DF84E000B481590F3F7F5F96C
:10CF50001690124813AA81691148F8F7F9FD0100EB
:10CF600005D010A0FDF70CFA002018B010BD01206C
:10CF7000FBE7000090300108701900204D51545417
:10CF8000204A534F4E207061796C6F6164206F7638
:10CF90006572666C6F77210D0A0000001800002092
:10CFA000601000204D515454207075626C69736894
:10CFB00020537973537461747573206661696C656D
:10CFC000642C2072633D25640D0A000038B50446C8
:10CFD0001A4B002241F20C01F9F7CCFF174B00224B
:10CFE00041F20D012046F9F7C5FFD4F83C01038852
:10CFF000002B21D0D4F84001007800281CD06420F8
:10D0000043430F4A002120460093FAF74DFBA4F852
:10D0100034010020211891F8B4200F2A08D022688A
:10D020001278824204D0D4F84021127881F8442149
:10D03000401CC0B28028EDD338BD0000856D0008CB
:10D04000151B000810B50446B0F93401F4F78EFB47
:10D05000A4F8340110BD10B586B0202204AC0492AF
:10D060000094012205ABCDE90132C1EBC10101EB16
:10D07000410100EB8104039204F13C0394F8322057
:10D08000218EFDF7F3FA002803D104986063002095
:10D09000A06306B010BD10B5EFF3058111B16FF0BC
:10D0A000050403E0002408B103F0CAFE204610BDC9
:10D0B000EFF3058008B105F097BA05F08FBA0000CC
:10D0C000EFF3058010B16FF0050070470448016868
:10D0D00011B14FF0FF30704701210160002070470F
:10D0E0005001002010B5EFF3058010B16FF005007E
:10D0F00010BD08480168012902D04FF0FF3010BD73
:10D10000054A002182F8141D0221016003F0D6FFB8
:10D11000002010BD500100200BE000E0F8B51D46D6
:10D120006FF003026FF002064FF00004EFF3058387
:10D13000A3B1F0B1E9B1E5B9002200926A4604F06A
:10D14000ABFF012817D10098B0B10C494FF08050C7
:10D150000860BFF34F8FBFF36F8F0DE048B141B14F
:10D160002A4604F0FDFE012806D025B16FF0010427
:10D1700002E0144600E034462046F8BD04ED00E02D
:10D18000F8B514464FF00005EFF3058212BB08B363
:10D1900001B3A4B1D4E9023263B1502A1AD322698F
:10D1A000C2B1676900FB01F6B74213D3009504F0E2
:10D1B00002FD07E072B9226962B9626952B90022C0
:10D1C00004F0D8FC050005D00CB1216800E0002176
:10D1D00003F0D4FD2846F8BDF8B51D466FF00302F4
:10D1E0006FF002064FF00004EFF30583ABB100B31C
:10D1F000F9B1F5B90022134600926A4604F002FE26
:10D20000012818D10098B8B10C494FF0805008603F
:10D21000BFF34F8FBFF36F8F0EE050B149B10023C2
:10D220002A4604F03FFD012806D025B16FF0010425
:10D2300002E0144600E034462046F8BD04ED00E06C
:10D24000F8B50D460024211F4E1C002804D000BF55
:10D25000EFF30582A2B10DB10C461BE000216A4636
:10D26000009104F019FF012813D1009890B10A49E8
:10D270004FF080500860BFF34F8FBFF36F8F09E00E
:10D28000294604F057FF012804D015B16FF00104BE
:10D2900000E034462046F8BD04ED00E0F8B5144641
:10D2A00003460E464FF00005EFF3058098BB93B39D
:10D2B0009E423DD84CB1A0680028E06803D05028B9
:10D2C00036D3012002E008B132E00020012B05D066
:10D2D00010B31846A26804F022FC20E040B10320FD
:10D2E0000090002211460120A36804F064FC04E0D1
:10D2F00003220021012004F03DFC050018D086B176
:10D3000000231A46194604F0CDFC012809D028460E
:10D3100003F048FD00250BE0184604F0E3FB050090
:10D3200006D00CB1216800E00021284603F026FD5C
:10D330002846F8BD38B50024E51E00280BD000BFF4
:10D34000EFF30581A9B100210091694604F0B9FD10
:10D35000012815D102E06FF0030412E0009880B1BB
:10D3600009494FF080500860BFF34F8FBFF36F8FB4
:10D3700007E000231A46194604F094FC012800D067
:10D380002C46204638BD000004ED00E005F012B93F
:10D390002DE9FF414FEA01034FF00005EFF305814E
:10D3A000039549BB40B38027182100244AB316686F
:10D3B00006B1344696691EB13146761E382E02D229
:10D3C0001679F60703D0002004B0BDE8F081566955
:10D3D00006B1B708D2F808C0BCF1000F0DD0D5686F
:10D3E0005C2D18D312693AB136B18DE806103A4671
:10D3F000214604F0C2FF03900DE0D6685EB91269C1
:10D400004AB903AACDE90012BAB2214604F088FF56
:10D41000012800D003950398D6E700002DE9FC47CA
:10D420001C469046894607464FF00006EFF30580FC
:10D4300058BB57B3082002F0F9FB050025D0C5E919
:10D440000078B9F1000F12D00122114B002094B1E5
:10D45000216801B10846A16859B1E4682C2C11D3A8
:10D46000CDE900312B46012105F05AFA08E00022EF
:10D47000EBE7E16831B900932B46012105F036FA5C
:10D48000060002D1284603F00BFC3046BDE8FC87BD
:10D490006187000808B5EFF3058212B16FF005004F
:10D4A00008BD58B10022134600920A46042105F037
:10D4B0007FFA012805D06FF0020008BD6FF003006D
:10D4C00008BD002008BD2DE9F04107460025C868C9
:10D4D0000C462E46B0F57A7F5BD2401CE060216896
:10D4E000A068095C5B2954D1401CA0602046FDF770
:10D4F00027FF4CB1D4E90110884203D22268125CA4
:10D500005D2A33D0884203D3A068401EA06040E06B
:10D51000401E04F11008A0604046FDF7E3FF98B3F9
:10D520000DB3306046600646A068401CA0602046EF
:10D53000FDF706FF2146304600F000FA30B32046E2
:10D54000FDF7FEFE14B3D4E90110884203D221682E
:10D55000095C2C29E0D06268904217D22168085CEF
:10D560005D2813D102E005462E46DDE7E068401E47
:10D57000E06005B16E602020C7E90250A068401C41
:10D58000A0600120BDE8F081FFE715B12846FDF756
:10D5900059FF0020F6E7034610B500200246995CCB
:10D5A000A1F13004092C01D830380AE0A1F141047E
:10D5B000052C01D8373804E0A1F16104052C08D806
:10D5C00057380844032A00D20001521C042AE6D32B
:10D5D00010BD002010BD00002DE9F0474FF00009FC
:10D5E0002DED028B82B007460C004FF02E0A484604
:10D5F0004D46C846CDF8009041D02368DBB3D4E94E
:10D60000012122E05E18865D342E1BD00ADCA6F1D3
:10D610002B06092E1CD2DFE806F0151B152F1B1553
:10D6200015151500382E0DD006DC352E0AD0362EF5
:10D6300008D0372E0CD105E0392E03D0452E01D06D
:10D64000652E05D16D1C401C14B10E189642D9D31D
:10D650002169681C8847060011D0A16820682A4605
:10D6600001443046F2F745FE06F80590B8F1000F88
:10D6700013D000200FE002E04FF00108E2E70020A5
:10D6800002B0BDEC028BBDE8F087315C2E2901D1E0
:10D6900006F800A0401CA842F7D369463046FCF7C4
:10D6A000D7FE0098B0EE408AF0EE608A864203D141
:10D6B000616930468847E2E79FED150B87ED068BE1
:10D6C00053EC102B51EC180BF3F750FA02D86FF013
:10D6D00000400FE09FED100B51EC180B53EC102B9A
:10D6E000F3F72CFA02D84FF0004003E051EC180B8E
:10D6F000F3F7ECF978610820F8600099A068891BBD
:10D700000844A0606169304688470120B8E70000FE
:10D710000000C0FFFFFFDF41000000000000E0C18B
:10D720002DE9F04107460026C8680C463546B0F59D
:10D730007A7F7BD2401CE060002C77D0D4E90110C6
:10D74000884273D22168095C7B296FD1401CA0609C
:10D750002046FDF7F5FDD4E90110884203D2226886
:10D76000125C7D2A4FD08842A0F10100A0605DD2FA
:10D7700004F110084046FDF7B5FEE8B30EB328608B
:10D7800045600546CCB3D4E90110401C88424AD21A
:10D79000A0602046FDF7D4FD2146284600F048F859
:10D7A00058B32046FDF7CCFD286928620020286187
:10D7B000D4E90110884236D22168095C3A2932D175
:10D7C00002E006463546DDE7401CA0602046FDF736
:10D7D000B7FD2146284600F0B1F870B12046FDF7AC
:10D7E000AFFDD4E90110884203D22168095C2C29DD
:10D7F000C0D06268904201E014E014E013D22168C6
:10D80000085C7D280FD1E068401EE06006B17560BD
:10D810004020C7E90260A068401CA0600120BDE86C
:10D82000F08103E016B13046FDF70CFE0020F6E76C
:10D830002DE9F84380468B6808684FF00009C4184A
:10D84000CDF8009008680E46651CC15C641C222956
:10D850006ED10022716808E0BCF15C0F04D17F1C1E
:10D860008F4265D2521C641C641C271A8F4204D25A
:10D8700094F800C0BCF1220FEED1271A8F4257D284
:10D880002178222954D11844201A801A3169401C69
:10D89000884707004CD0009737E029785C2905D0ED
:10D8A00000986D1C00F8011B00902EE00220611B07
:10D8B000012939DB6A78662A14D008DC222A12D0C2
:10D8C0002F2A10D05C2A0ED0622A2DD108E06E2AB1
:10D8D0000ED0722A0ED0742A0ED0752A24D10DE0F3
:10D8E000082200E00C22009901F8012B00910BE0C6
:10D8F0000A22F8E70D22F6E70922F4E76A462146F4
:10D90000284603F0D5F878B10544A542C5D300995F
:10D9100081F800901021C8E903173068201A401CD4
:10D92000B0600120BDE8F88317B1716938468847B7
:10D9300015B13068281AB0600020F3E770B50C000C
:10D9400005465ED0206800285BD0A16863680A1D88
:10D950009A4205D80844042231A1F2F710FD78B3A9
:10D96000A0686268411D0126914206D821680522FF
:10D9700008442DA1F2F703FD28B3A0686268011DD9
:10D98000914206D821680422084429A1F2F7F7FC45
:10D99000E8B1D4E90101814203D22268525C222A13
:10D9A0001DD0814221D22268525C2D2A02D0303A09
:10D9B000092A1AD821462846BDE87040FFF70CBE58
:10D9C0000420E86006E0EE60A068401D04E002204C
:10D9D0006E61E860A068001DA060012070BD214656
:10D9E0002846BDE87040FFF723BF814203D222687A
:10D9F000525C5B2A07D0814203D22068405C7B28BE
:10DA000007D0002070BD21462846BDE87040FFF7D2
:10DA10005ABD21462846BDE87040FFF781BE000090
:10DA20006E756C6C0000000066616C736500000030
:10DA3000747275650000000038B5CA78082A0CD1E8
:10DA400011F8042B02F07F0531F8022B11F8013B8D
:10DA50000091D0F838422946A04738BD70B5044639
:10DA600090F87C007F2803D0052801D004283FD1FE
:10DA70004A791AB123681B789A4239D109798029E9
:10DA800025D009DC01291CD0022931D17F2801D001
:10DA900005282DD1042126E081291ED0822927D1F5
:10DAA0002046FEF7FAFAD4F89810054609B1204648
:10DAB00088472168FF2008702946204602F02EFD85
:10DAC00010E07F2801D0042812D105210BE00528A1
:10DAD00001D004280CD17F2105E0D4F8941009B1BD
:10DAE0002046884700212046BDE8704002F0CABDAC
:10DAF00070BD00002DE9FE43044608784FF0000891
:10DB000000F07F068878012818D00879A51900F060
:10DB10007F07D4F84001007885F8440195F8B400F7
:10DB2000B84207D0D4F8DC313A463146204698470F
:10DB300085F8B47095F8B40038B32BE0206800780D
:10DB4000B04220D120684146007800F5E060ADF891
:10DB5000000001208DF803008DF8028094F87C20ED
:10DB60008DF8042094F8E03133B142F080008DF854
:10DB7000040084F8E01101E084F8E00194F8E10188
:10DB80006946FDF715FEBDE8FE83D4F8D82131467D
:10DB90002046904795F8B4000F28F4D000251EE0E9
:10DBA000D4F8A00050F82510C1F30740864214D1E4
:10DBB000D4F8A4008FB230F91500F3F7D7FD642034
:10DBC00007FB00F3094A29462046CDF80080F9F703
:10DBD0006BFDD4F8A41021F815006D1CEDB2D4F83B
:10DBE0009C000078A842DBD8CDE70000B115000802
:10DBF0002DE9F04F894604460222002199F80200DF
:10DC000089B00D4610B101287ED09AE06369A669FB
:10DC10009888B68820B994E0022A04D0042A0FD04C
:10DC2000B042F9D98DE0B9F80020676857F830C0E4
:10DC3000DCF818C0DCF800C094450CD1B04210D814
:10DC4000DF886268F80000EBC50B002652F80B0075
:10DC5000D0F8088046E06D1C401C80B2EDB2B042A6
:10DC6000E4D96EE0002003900490636853F80B2021
:10DC7000182303EB0613D2585FEA020A65D09AF81C
:10DC8000002012F0FF0207922AD00A44069299F867
:10DC90000330B2EBC30F23D803AACDE9002001F073
:10DCA000070209EBD10103460290091D0798F3F71B
:10DCB00095FC07980121401E01EBE000059005AAA4
:10DCC00000200092CDE90101DAF8000003ABC0F3B7
:10DCD0000722010C2046FDF7D7F9B0BB0698C1B268
:10DCE000761CF6B298F80000B042BBD8E068F8B1F4
:10DCF000616851F83710896D0E88CEB130F9150082
:10DD0000F3F734FD002000E00CE00090642006FBF7
:10DD100000F3294620462269F9F7C6FCE16821F89C
:10DD200015000EE06069A26901210089128930B9ED
:10DD300007E001290AD004291BD005293CD09042D4
:10DD4000F7D9002009B0BDE8F08F3BE0B9F800300A
:10DD5000D4F8041051F83060B66936689E4201D19B
:10DD6000042116E06D1C401C80B2EDB29042F1D946
:10DD7000E7E7616851F83010896A0B78FD2B07D00E
:10DD8000D9B2FC2908D0FF291ED0FE291CD019E0E9
:10DD900005219042CFD9D4E7A36805EBC50113F85C
:10DDA0001160F60706D0062000EB4100191894F820
:10DDB000E1012CE09042C4D86A4629462046FDF78E
:10DDC000D7FA08B3FF20BDE7A16805EBC50602201E
:10DDD00000EB4607C85FF3F7C9FCA168C853A16808
:10DDE000042000EB4607C85FF3F7C0FCA168C853E6
:10DDF000A06810F8161021F0010100F8161029464D
:10DE00002046F8F7DDFF9CE794F8E1016946FDF74D
:10DE1000CFFC96E72DE9F04F8DB000268DF8086015
:10DE20000C9604464069A36981460D4600881A880D
:10DE30003146D8B14FF0040C904217D867680CEB0C
:10DE4000C00817F80880B8F1010F72D957F8307080
:10DE5000B5F80080BF693F68474502D101270391AB
:10DE600025E0491C401CC9B280B2E5E7B9F80200C0
:10DE70005A88002100285CD00423904259D8676852
:10DE800003EBC00C17F80CC0BCF1030F51D957F8C5
:10DE90003070B5F800C0BF6A3F68674511D1039183
:10DEA0006168022751F83000806B00780C90E878A8
:10DEB0004FF00069082809D0CDE9006900233A46EF
:10DEC0009CE0491C401CC9B280B2D6E702AB3A467E
:10DED00020460399FEF785F9E8B9012F02D0022FF9
:10DEE0000DD018E09DF80810C1EBC10101EB410114
:10DEF00004EB810191F82A10042921D00BE09DF850
:10DF00000810C1EBC10101EB410104EB810191F863
:10DF10002A10052914D029794909DFF85484DFF83B
:10DF200054A405F108020DF1180B089207296FD2CD
:10DF300000E067E0DFE801F009FDFCFB86FAF9008C
:10DF4000297980297ED00621E7E7012F02D0002819
:10DF500079D051E0E8BB9DF80800C0EBC00000EBB1
:10DF6000400004EB800090F82A10022944D1B0F957
:10DF70007400411C1DD0F3F7F9FB9DF80810FE4B0F
:10DF8000C1EBC10101EB410104EB8101FB4AA1F8A6
:10DF9000740000969DF808102046F9F785FB9DF85F
:10DFA0000810C1EBC10101EB410104EB8101A1F8B3
:10DFB00074009DF80800C0EBC00000EB400004EBCB
:10DFC0008000018E059190F8328090F82B1028790E
:10DFD00000E011E0C0F3001291427DD1C0F3420095
:10DFE000C0F107026B1D0A929DF808102046F9F750
:10DFF00003FA002871D10CE00023FDE320460399C9
:10E00000FDF7D5FF0DB0FF20BDE8F08F059BF4E3D1
:10E01000F4E39DF808002021C0EBC00000EB4000B5
:10E0200004EB800090F82B0041EA00108DF81800F6
:10E03000012059460E54401C0828FBD306AB394634
:10E04000204601E0E3E322E0039A02F09CF99DF808
:10E050000800C0EBC00000EB400004EB800090F82B
:10E060002B1079B15FF0000180F82B102879C007E0
:10E070007DD09DF808102046F9F7A4F920B1CDE92C
:10E080000080C3E70121EFE79DF80810FEE39DF84B
:10E090000800C0EBC00000EB400004EB800090F8EB
:10E0A0002A100329A8D1B0F97400411C20D0F3F73D
:10E0B0005DFB9DF80810B04BC1EBC10101EB4101C4
:10E0C00004EB8101AD4AA1F8740000969DF8081098
:10E0D0002046F9F7E9FA01E09BE09BE09DF8081083
:10E0E000C1EBC10101EB410104EB8101A1F8740016
:10E0F0009DF80800C0EBC00000EB400004EB80007E
:10E10000018E059190F8328090F82B102879C0F399
:10E11000001291427DD1C0F34200C0F107026B1D95
:10E120000A929DF80810204604E0FDE3B6E35AE2A7
:10E130004FE13CE0F9F760F900286BD19DF8080049
:10E14000C0EBC00000EB400004EB800191F82B0015
:10E15000F8B1002081F82B002979C9071BD000BF36
:10E160009DF80800C0EBC00000EB400000E058E361
:10E1700004EB8000B0F97400F3F7F8FA9DF808108A
:10E18000C1EBC10101EB410104EB8101A1F8740075
:10E19000FBE10120DEE7602141EA00108DF8180064
:10E1A000012059460E54401C0828FBD31AE2012FC7
:10E1B0006CD000287FF4CDAE9DF80800C0EBC00005
:10E1C00000EB400004EB800090F82A100229F1D106
:10E1D000B0F97400411C20D0F3F7C8FA9DF808107C
:10E1E000654BC1EBC10101EB410104EB8101634AC5
:10E1F000A1F8740000969DF808102046F9F754FA2B
:10E200009DF80810C1EBC10101EB410104EB810154
:10E2100001E093E0B4E0A1F874009DF80810C1EBB0
:10E22000C10000EB400004EB8000028E059290F8E4
:10E2300032802A7990F82B00C2F3001290427DD1EF
:10E240000AAA2046FDF7ECFF0A98002888D0072884
:10E250009DF80800C0EBC00000EB400004EB80011B
:10E2600091F82B006BD9E8B35FF0000081F82B0028
:10E2700000018DF818009DF808100BF1010307222A
:10E280002046FEF7F3FB00287AD18FE7B5F805109A
:10E29000059195F807A040B102AA39462046FDF73E
:10E2A00084FF28B1CDE900A8B0E6CDE900A8ADE62D
:10E2B0000220CDE900A09DF808102046059B039A96
:10E2C000FEF722FB28794108C90726D09DF80810DF
:10E2D000C0F38100C0F10400C1EBC1010A9001EB61
:10E2E000410100E051E004EB810148639DF8081012
:10E2F0002046089B0A9AF9F77FF820BB9DF8081082
:10E300002046F9F75FF810B1CDE900A07EE69DF850
:10E310000810204601F0AAFE18E0C00716D0287A9F
:10E32000697AEA7A00EB0120A97A090401EB02611B
:10E3300042180A929DF80810204601E0F7E126E015
:10E3400002F092F910B1CDE900A95FE660208DF8E6
:10E35000180005988DF81900000A8DF81A008DF83C
:10E360001BA0042059460E54401C0828FBD339E159
:10E370002100000800000305E0930400417200083A
:10E380009AE020460C9990474BE201206EE7B0B12D
:10E390005FF0000081F82B000A9A0001C2F1070328
:10E3A00040EA4300401C8DF818009DF808100BF15E
:10E3B00001032046FEF75AFB00287DD101E0012031
:10E3C000E8E759460A9800E00E54401C0828FBD3A1
:10E3D00008E1012F4DD000287FF4BBAD9DF8080067
:10E3E000C0EBC00000EB400004EB800090F82A1066
:10E3F0000329F1D1B0F97400411C1DD0F3F7B6F92F
:10E400009DF80810FA4BC1EBC10101EB410104EB8F
:10E410008101F84AA1F8740000969DF80810204682
:10E42000F9F742F99DF80810C1EBC10101EB410178
:10E4300004EB8101A1F874009DF80800C0EBC00056
:10E4400000EB400004EB8000B0F830A090F8328080
:10E4500028794108C9076ED0C0F38100C0F10402D9
:10E460000A929DF808102046089BF8F7C5FFE0BB0C
:10E470006BE0B5F80510ED798A4650B102AA39462D
:10E480002046FDF792FE30B15346CDE900583A469A
:10E49000B4E50B46F9E70320CDE9005053469DF85B
:10E4A00008102046039AFEF72FFA9DF80810204620
:10E4B000FEF7D1FD30B100E077E1CDE900505346E1
:10E4C0003A469BE50AAA9DF808102046FDF7A8FEEB
:10E4D0000A9A042A16D941208DF818008DF819A03F
:10E4E0004FEA1A208DF81A0000E06DE08DF81C202C
:10E4F000100A8DF81D00100C8DF81E008DF81B50B1
:10E50000100E59E2C2F10400432141EA80008DF867
:10E5100018008DF819A04FEA1A208DF81A008DF80E
:10E520001B500BF104039DF808102046FEF79EFADD
:10E5300010B1534658E134E00A985946001D01E0F5
:10E540000E54401C0828FBD339E19DF80800C0EBAD
:10E55000C00000EB400004EB8000B0F97400F3F75A
:10E5600005F99DF80810C1EBC10101EB410104EB75
:10E570008101A1F874009DF808100A98C1EBC1014F
:10E5800001EB410104EB810148639DF80810012073
:10E59000C1EBC10101EB410104EB810181F82A00CB
:10E5A0006DE1C00715D0287A697AEA7A00EB01207C
:10E5B000A97A090401EB026142180A929DF8081039
:10E5C000204602F051F820B153463A46CDE9008981
:10E5D00014E560208DF81800012059460E54401CA7
:10E5E0000828FBD365E2012F5CD000287FF4B1AC92
:10E5F0009DF80800C0EBC00000EB400004EB800079
:10E6000090F82A100229F1D1B0F97400411C1DD0F4
:10E61000F3F7ACF89DF80810754BC1EBC10101EBA5
:10E62000410104EB8101734AA1F8740000969DF842
:10E6300008102046F9F738F89DF80810C1EBC10121
:10E6400001EB410104EB8101A1F874009DF8081071
:10E650000AAAC1EBC10000EB400004EB8000B0F857
:10E66000308090F832502046FDF7DAFD0A9A002AF1
:10E670003FF476AD9DF80810072AC1EBC10000EB0E
:10E68000400004EB800090F82B004FEA00107CD98A
:10E690008DF818000BF1010307222046FEF7E6F97A
:10E6A000E8BB06E20028A1D19DF80800C0EBC0003D
:10E6B00000EB400004EB800090F82A10032995D16C
:10E6C000B0F97400411C1DD0F3F750F89DF8081004
:10E6D000474BC1EBC10101EB410104EB8101454A0C
:10E6E000A1F8740000969DF808102046F8F7DCFFAA
:10E6F0009DF80810C1EBC10101EB410104EB810160
:10E70000A1F874009DF80810C1EBC10000EB4000B7
:10E7100004EB8000028E059290F8328000E062E007
:10E720002A7990F82B00C2F30012904202D0CDE972
:10E73000008A6BE40AAA2046FDF772FD9DF80810D6
:10E740000A9AC1EBC10000EB400004EB8000072AED
:10E7500090F82B004FEA00101AD98DF818000BF131
:10E76000010307222046FEF781F9F0B99DF8080061
:10E77000C0EBC00000EB400004EB800090F82B10D1
:10E7800021B1002180F82B1093E11FE00121F9E76E
:10E79000C2F1070340EA4300401C8DF818000BF15A
:10E7A00001032046FEF762F910B1CDE900892DE49E
:10E7B00059460A9800E00E54401C0828FBD306ABCB
:10E7C00039462046039A01F0DEFD5DE4C2F10703FD
:10E7D00040EA4300401C8DF818000BF1010320466D
:10E7E000FEF744F958B14346CDE900593A4605E4ED
:10E7F000E09304004172000882E0FDE3FDE3594626
:10E800000A9800E00E54401C0828FBD351E1AA7A74
:10E810002989012F62F31F41EA7A41EA026501D09A
:10E8200018B195E20028D0D092E29DF80800C0EB24
:10E83000C00000EB400004EB8000B0F97400F2F778
:10E8400095FF9DF80810C1EBC10101EB410104EBFC
:10E850008101A1F874009DF808108020C1EBC1016E
:10E8600001EB410104EB810181F82A009DF80800C9
:10E87000C0EBC00000EB400004EB8000C5629DF8D7
:10E880000800C0EBC00000EB400000E0A6E004EB95
:10E890008000826F002A7FF474AD59E22979012F3C
:10E8A00001F0030A0BD0BAF1000F7CD0BAF1020FCD
:10E8B00079D0BAF1010F3FF453ACFFF79DBBBAF129
:10E8C000000F09D0BAF1010F79D0BAF1020F6CD064
:10E8D000BAF1030F69D03BE2B5F80510EE7989462D
:10E8E00028B1287A7F2804D9FB480B4637E00B462D
:10E8F00006E002AA39462046FDF757FC20B14B46F8
:10E90000CDE900683A46C3E50520CDE900604B46F5
:10E910009DF808102046039AFDF7F6FF28799DF828
:10E920000810C0F3800000E03EE2C1EBC10101EB42
:10E93000410104EB810181F85C009DF80810287A00
:10E94000C1EBC10101EB410104EB810181F85D00E4
:10E950009DF808102046FEF77EFB20B14B46CDE91E
:10E9600000603A4694E50AAA9DF808102046FDF793
:10E9700057FC9DF808100A98C1EBC10101EB410159
:10E9800004EB81010866C2208DF818008DF81990FB
:10E990004FEA19208DF81A000A988DF81B608DF83F
:10E9A0001C00010A02E0EEE009E01BE08DF81D10FA
:10E9B000010C8DF81E10000E8DF81F008CE300284E
:10E9C0007FF47BAF9DF80810C1EBC10000EB400065
:10E9D00004EB800090F82A000528F1D1204601F0D0
:10E9E00045FBE8E30028EBD19DF80800C0EBC00030
:10E9F00000EB400004EB800090F82A100529DFD1DD
:10EA0000B0F97400411C1DD0F2F7B0FE9DF808105B
:10EA1000B24BC1EBC10101EB410104EB8101B04AF2
:10EA2000A1F8740000969DF808102046F8F73CFE07
:10EA30009DF80810C1EBC10101EB410104EB81011C
:10EA4000A1F874009DF80800BAF1020FC0EBC000F5
:10EA500000EB400004EB8000018E059190F832102D
:10EA60000B9140D1A97980F85D1068790AAA00F06D
:10EA70007F039DF808102046FDF7D2FB0A98C8B91D
:10EA80009DF80800C0EBC00000EB400004EB8000E4
:10EA900090F8681099420DD190F86910C12040EAB1
:10EAA00081008DF81800012059460E54401C08289A
:10EAB000FBD311E39DF80800C3EBC302C0EBC00019
:10EAC00000EB400004EB8000416E114481639DF82F
:10EAD0000800C0EBC00000EB400004EB8000406B7E
:10EAE00081423FF6EAAE9DF808000125C0EBC00068
:10EAF00000EB400004EB8000816B41661EE000BF2C
:10EB000081F868500AAA9DF808102046FDF788FB96
:10EB10000A9807281FD98DF818500BF10103072216
:10EB20009DF808102046FDF7A1FF08BB06AB39464B
:10EB30002046039A01F027FC6D1CEDB29DF80800F9
:10EB4000C0EBC00000EB400004EB800191F85D00D9
:10EB5000A842D5D22FE345F080008DF818005D461D
:10EB60006B1C9DF8081020460A9AFDF77FFF18B12C
:10EB70000B99CDE90019DCE50A9800E02E54401C01
:10EB80000828FBD3FCE000287FF497AE9DF808002E
:10EB9000C0EBC00000EB400004EB800090F82A10AE
:10EBA0000429F1D1018E059190F832100B91B0F942
:10EBB0007400411C1DD0F2F7D9FD9DF80810474B99
:10EBC000C1EBC10101EB410104EB8101444AA1F811
:10EBD000740000969DF808102046F8F765FD9DF832
:10EBE0000810C1EBC10101EB410104EB8101A1F867
:10EBF0007400BAF1000F07D0A8797F2820D93649D0
:10EC00000B98CDE9000194E5287A7F28F7D89DF884
:10EC100008102879C1EBC10101EB410104EB81012E
:10EC2000C0F3800081F85C009DF80810287AC1EBE1
:10EC3000C10101EB410104EB810181F85D0051E06C
:10EC40009DF808100AAAC1EBC10101EB410104EBD8
:10EC5000810181F85D0068799DF8081000F07F035C
:10EC60002046FDF7DDFA0A98C8B99DF80800C0EB08
:10EC7000C00000EB400004EB800090F8681099425F
:10EC80000DD190F86910C12040EA81008DF818007C
:10EC9000012059460E54401C0828FBD31CE29DF865
:10ECA0000800C3EBC302C0EBC00000EB400004EB64
:10ECB0008000416E114481639DF80800C0EBC000E4
:10ECC00000EB400004EB8000406B81420AD90B99B5
:10ECD000CDE900182DE5000002000405E0930400D2
:10ECE000417200089DF808000125C0EBC00000EB50
:10ECF000400004EB8000816B41661DE080F86850A5
:10ED00000AAA9DF808102046FDF78AFA0A980728F3
:10ED10001FD98DF818500BF1010307229DF8081038
:10ED20002046FDF7A3FE08BB06AB39462046039AF2
:10ED300001F029FB6D1CEDB29DF80800C0EBC0008E
:10ED400000EB400004EB800090F85D10A942D5D2A2
:10ED500031E245F080008DF818005D466B1C9DF88F
:10ED6000081020460A9AFDF781FE18B10B98CDE9EC
:10ED70000009DEE40A9800E02E54401C0828FBD36A
:10ED800006AB39462046039A01F0FDFA9DF80810BB
:10ED90000A98C1EBC10101EB410104EB8101C0F113
:10EDA000070081F8690006E24FF0100A012F3CD0FD
:10EDB00000287FF482AD9DF80800C0EBC00000EB96
:10EDC000400004EB8000B0F97400411C1DD0F2F744
:10EDD000CDFC9DF80810C1EBC10101EB410104EB32
:10EDE0008101A1F87400FE4BFE4A00969DF80810C0
:10EDF0002046F8F759FC9DF80810C1EBC10101EB62
:10EE0000410104EB8101A1F874009DF80810C1EBE9
:10EE1000C10000EB400004EB800393F86A00E8B304
:10EE2000012874D0022873D0C5E1C0B3287910F04E
:10EE3000010FBED1B5F805B095F8079002AA394682
:10EE40002046FDF7B2F920B1CDE900985B463A467D
:10EE5000CDE40420CDE900905B469DF808102046E3
:10EE6000039AFDF751FD9DF808100120C1EBC10187
:10EE700001EB410104EB810181F86A009DF8081063
:10EE80002879C1EBC10101EB410104EB8101C0F321
:10EE9000800081F85C002879800701E0EAE027E043
:10EEA00012D5287A697AEA7A00EB0120A97A090456
:10EEB00001EB026108449DF80810C1EBC10101EBB0
:10EEC000410104EB81010866A0208DF818008DF83F
:10EED0001CA08DF819B04FEA1B208DF81F608DF82B
:10EEE0001A008DF81E608DF81B908DF81D60F3E000
:10EEF0009DF80800C0EBC00000EB400004EB800070
:10EF000090F86A10012904D0022940D053E1EAE0C8
:10EF100055E1B0F97400411C1DD0F2F727FC9DF8B3
:10EF20000810AF4BC1EBC10101EB410104EB8101C2
:10EF3000AC4AA1F8740000969DF808102046F8F736
:10EF4000B3FB9DF80810C1EBC10101EB410104EBDB
:10EF50008101A1F87400287900F07F0800069DF86F
:10EF60000800C0EBC00000EB400004EB800090F80C
:10EF7000681001F1010105D5414575D1022180F8E4
:10EF80006A10BEE0414571D180F86880FBE02979C4
:10EF9000C9073FF492ACB0F97400411C1DD0F2F7E0
:10EFA000E5FB9DF808108E4BC1EBC10101EB41015F
:10EFB00004EB81018B4AA1F8740000969DF80810BB
:10EFC0002046F8F771FB9DF80810C1EBC10101EB79
:10EFD000410104EB8101A1F874009DF80810287923
:10EFE000C1EBC10202EB4202C0F3820004EB8203D8
:10EFF000C0F10702204601E03AE016E16C33F8F771
:10F00000FBF990BB9DF80800C0EBC00000EB40008E
:10F0100004EB8000016E11B1826B91427ED1A12080
:10F020008DF81800012059460E54401C0828FBD3C7
:10F0300006AB39462046039A01F0A5F99DF8081061
:10F040002046F8F7BFF900283FF41EA89DF80810E5
:10F05000C1EBC10101EB410104EB810191F83220C8
:10F06000CDE900200B8E03E064E094E0A0E0038E85
:10F070003A4648E42879C00734D1012083F86A0071
:10F080009DF808102879C1EBC10101EB410104EBA7
:10F090008101C0F3800081F85C002879800712D5D7
:10F0A000287A697AEA7A00EB0120A97A090401EB4F
:10F0B000026108449DF80810C1EBC10101EB410158
:10F0C00004EB81010866A3208DF818000120594641
:10F0D0000E54401C0828FBD306AB39462046039A41
:10F0E00001F051F967E0287900F07F08000693F8F5
:10F0F000680000F1010042D540451BD1022083F891
:10F100006A009DF80810C1EBC10101EB410104EB5D
:10F11000810181F868809DF8080000E06FE0C0EB95
:10F12000C00000EB400004EB8000696840F86B1FF2
:10F13000A9684160A2208DF818009DF8080006AB70
:10F14000C0EBC00000EB400004EB8000394690F8B3
:10F1500068008DF819008DF81AA007968DF81B60CD
:10F160002046039A01F00FF99DF80800C0EBC0009B
:10F1700000EB400004EB800080F868601BE0404535
:10F1800016D183F868806B1D07229DF80810204671
:10F19000F8F732F960B19DF80800C0EBC00000EB51
:10F1A000400004EB800090F83220CDE900295EE7B2
:10F1B000B8F1100FBED00DB00020BDE8F08F287957
:10F1C000C2073EF419AFC0F38200C0F10702204627
:10F1D0006C33F8F711F90028DDD19DF8080003E041
:10F1E000E093040041720008C0EBC00000EB400057
:10F1F00004EB8000016E39B1826B914204D090F82B
:10F200003220CDE9002832E7A1208DF81800012036
:10F2100059460E54401C0828FBD306AB39462046FD
:10F22000039A01F0B0F8FEF79BBF0A4920B1CDE97F
:10F23000006100233A460BE69DF80800C0EBC000D1
:10F2400000EB400004EB800090F83220CDE9002173
:10F250000DE700000100040570B5D0F8D011044698
:10F26000884794F88200002809D001212046FBF746
:10F270007DFE0546D4F8D41120468847284670BD47
:10F280002DE9F0410446817D407D02F03FFB0546BB
:10F29000217EE07D02F03AFB0246C0F3C700510731
:10F2A00001D0401CC0B26075032184F89310E11CAA
:10F2B000123000230B5401261846103127E0EF18B6
:10F2C000BFB2D4F898E04FEA171C07F00F073EF8DA
:10F2D0001CC02CFA07FC5FEACC7794F8937006FA0E
:10F2E00000FE17F801C002D04CEA0E0C01E02CEA37
:10F2F0000E0C401CC0B207F801C0072805D994F8CD
:10F30000937000207F1C84F893705B1C9BB2934227
:10F31000D5D3500704D094F89300401C84F8930090
:10F3200094F893502046AD1C01F0A0F868B2BDE8F7
:10F33000F0812DE9F0470446817D407D02F0E6FA38
:10F340008146217EE07D02F0E1FA06460020072397
:10F350000146012524E004EB030C09EB010297B2FE
:10F360009CF813C03A092CFA00FC1CF0010FD4F8E9
:10F3700098C007F00F0705FA07F73CF8128002D093
:10F3800048EA070801E028EA0708401CC0B22CF848
:10F390001280072802D900205B1CDBB2491C89B20D
:10F3A000B142D8D3062084F893000825204601F006
:10F3B0005DF82846BDE8F08770B50446817D407D44
:10F3C00002F0A4FA0546217EE07D02F09FFAC0B269
:10F3D0004100617503212A1884F8931004F1130089
:10F3E0001AE000BFD4F8981094F8933031F8151053
:10F3F000090A195494F89310491CC9B284F893105F
:10F40000D4F8983013F815300B5494F89310491C25
:10F410006D1C84F89310ADB2AA42E3D8CDB2204659
:10F42000AD1C01F023F868B270BD00002DE9F04179
:10F43000134C0F460546E6682068001D01F0A1FB4D
:10F44000681C07D137B12168BDE8F0410D48091D9E
:10F4500001F0E6BB20683544B5424560216805D21D
:10F46000A06BBDE8F041091D01F0C2BB606B091D36
:10F4700001F0BEFBA06A854200D2A562BDE8F08122
:10F4800000010020942500202DE9F041054601F0FF
:10F49000D3FB2D4CA068401CA06020682B4F10B1FE
:10F4A000606930B32BE02560A068012827D10026D1
:10F4B00006EB860007EB800001F08CFB761C382EF3
:10F4C000F6D3234801F086FB2148143001F082FB7B
:10F4D0001F48283001F07EFB1D483C3001F07AFBCC
:10F4E0001B48503001F076FB194860631430A0636C
:10F4F00005E02068E96AC06A884200D82560606A31
:10F50000401C60626864E86A2169884200D9206111
:10F5100000EB800007EB8000291D01F081FB01F06A
:10F52000ABFB606900280CD02068E96AC06A884299
:10F5300007D208494FF080500860BFF34F8FBFF3E8
:10F540006F8FBDE8F081000000010020E420002062
:10F550004425002004ED00E038B501F06DFB104CAF
:10F560002068C0B90F4801F035FB0E48143001F097
:10F5700031FB0C48E0601430206100200A4B009001
:10F5800003F1500210211E2002F015FB206010B183
:10F5900006A101F0F3FBBDE8384001F06DBB0000AF
:10F5A0003C010020D8270020A8250020546D72516E
:10F5B0000000000030B4026C0B46002A0BD0C1687A
:10F5C0001144C1608468A14201D30168C16030BCAC
:10F5D0001846F0F78EBE30BC70472DE9F041856BC0
:10F5E000174604460026026C82B1C7B1E068F0F706
:10F5F00080FEE168206C091AE1602268914202D223
:10F60000A168081AE060022F16D017E02068A8B998
:10F61000A06803F055F806460020A0600EE0606880
:10F62000F0F767FE216C606808446060A16888425A
:10F6300004D32068606001E005B16D1E6D1CA563F8
:10F640003046BDE8F08110B5044690F8590058B135
:10F6500001280CD002280FD0502080F31188BFF36E
:10F660004F8FBFF36F8FFEE7206B01F019FB204631
:10F67000BDE8104001F014BB10BD000010484FF46D
:10F68000C041420706D0C01D0D4920F00700411AB5
:10F69000C1F5C0410B4A00230144C2E90003083907
:10F6A000183A21F0070111604B600B600B1AC0E99A
:10F6B000001393604FF000405360506170470000AA
:10F6C000B82E00206C010020144E154CA6F29C4769
:10F6D0004FF08058DFF84C9012E000BF01F0ACFA18
:10F6E000F068C568281D01F04CFAA068401EA060B3
:10F6F0006068401E606001F0BFFA2846FFF7A3FF74
:10F7000060680028EAD138680128F9D9C9F8008072
:10F71000BFF34F8FBFF36F8FF2E70000802500200B
:10F720000001002004ED00E0002807D000218160E6
:10F7300001600B460A46C16002F0B4BA704700008F
:10F7400070B51D46049C51B1C4F80020C4E90F01F6
:10F750000121204602F062FA84F84C5070BD24600A
:10F76000F4E700002DE9F05F8846DDE90B941546CB
:10F77000834691009A460A9EA522206BF0F7CBFDA6
:10F780006FF00301206B01EB8501084420F00707AF
:10F79000780707D0502080F31188BFF34F8FBFF355
:10F7A0006F8FFEE70025B8F1000F0FD05FF000006B
:10F7B000221818F8001082F8341018F8001011B14F
:10F7C000401C1028F4D384F8435001E084F83450EE
:10F7D000382E00D33726E662C4E91365201D01F0F8
:10F7E00004FA04F1180001F000FA2461C6F13800AF
:10F7F0006462A061656584F858505246594638469F
:10F8000000F0A0FA2060B9F1000F01D0C9F8004063
:10F81000BDE8F09F2DE9F0471E46DDE90894174644
:10F820000D00804615D0002C11D0FFF795FE04F195
:10F830001801C4F8008081E86002201D01F0D5F9AC
:10F84000002F04D014F8280F40F004002070BDE809
:10F85000F087502080F31188BFF34F8FBFF36F8F75
:10F86000FEE7000030B5114900E011460A68824207
:10F87000FBD34B685C18844203D14068184448604D
:10F88000084643681C18944209D1084C183C246867
:10F89000A24209D052681A4442600A6812680260A3
:10F8A000814200D0086030BD0460F9E76C0100209F
:10F8B00070B5002441600B4D0061914206D8D11A09
:10F8C0008269914206D2011D286907E09A4203D25B
:10F8D000994201D3012403E0011DE86801F088F991
:10F8E000204670BD3C01002010B5044601F0A4F98B
:10F8F000A06B28B15FF0000401F0BEF9204610BDF6
:10F900000124F9E730B589B03C4D6EE00498002839
:10F9100006DADDE90601059A90470498002864DBC1
:10F92000069C606910B1201D01F02BF903A800F0BE
:10F93000D7F8024604980A2857D2DFE800F00505F8
:10F94000052D334A05052D3394F8280040F00100B9
:10F9500084F828000599A069059B01442046FFF71B
:10F96000A7FF68B3216A2046884794F8280040071B
:10F970003BD5002000900598A16900234218194644
:10F98000204603F015F8D8B9502080F31188BFF352
:10F990004F8FBFF36F8FFEE714F8280F20F00100A0
:10F9A000207022E094F8280040F0010084F828003C
:10F9B0000598A06128B1811813462046FFF778FF0B
:10F9C00013E0502080F31188BFF34F8FBFF36F8F88
:10F9D000FEE794F82800810703D4204601F060F97F
:10F9E00003E020F0010084F82800002204A9286820
:10F9F00002F0B6FA002889D109B030BD3C010020E0
:10FA00002DE9FC410F46054601F09CFB01A800F0E2
:10FA100067F80446019818B102F006FFBDE8FC81C2
:10FA2000254EAFB130690068D0B30027291B3A4694
:10FA3000306801F0E3F902F0F7FE0028EED11F492B
:10FA40004FF080500860BFF34F8FBFF36F8FE5E733
:10FA5000A542EBD802F0E8FEF0682746C068C4680B
:10FA6000201D01F08EF894F82800410719D5A069EF
:10FA70002B4641193A462046FFF71AFFA8B100204D
:10FA80000346014600902A46204602F091FF60B9E5
:10FA9000502080F31188BFF34F8FBFF36F8FFEE7C5
:10FAA00007E020F0010084F82800216A20468847FA
:10FAB000B4E70127BAE700003C01002004ED00E0B4
:10FAC0000648416B096829B1416BC968C968496832
:10FAD000816270474FF0FF31FAE70000000100201B
:10FAE00070B5054602F07AFD064E0446B0688442C1
:10FAF00003D200F009F8012000E000202860204631
:10FB0000B46070BD3C010020F8B5194D20E0C0681C
:10FB1000C4680668201D01F034F8216A2046884731
:10FB200094F82800400713D5A0693044B04206D9A4
:10FB300024616060211DE86801F05AF808E00020A7
:10FB40000346014600903246204602F031FF38B1AC
:10FB5000E86801680029DAD12969C5E90310F8BD10
:10FB6000502080F31188BFF34F8FBFF36F8FFEE7F4
:10FB70003C01002008484068401C4FF0500080F3D2
:10FB8000118804D0BFF34F8FBFF36F8FFEE7BFF331
:10FB90004F8FBFF36F8FFEE774010020074CE068C2
:10FBA000016841B1C0680021D0F80000FFF728FFCC
:10FBB000FFF7A8FEF3E701210020F7E73C01002052
:10FBC0002DE9F041044601F037F894F9455004F16D
:10FBD000240609E0606A48B1304602F0EDFD08B144
:10FBE00001F0EAF96D1E6DB2002DF3DC4FF0FF3627
:10FBF00084F8456001F040F801F01EF894F9445093
:10FC000004F1100709E0206948B1384602F0D4FD3C
:10FC100008B101F0D1F96D1E6DB2002DF3DC84F84E
:10FC20004460BDE8F04101F027B800002DE9F04143
:10FC30000546002701F086FA324E306808B9FFF712
:10FC40001DFD706905424ED1C5B3083568070ED059
:10FC500005F00700C0F108000544680707D05020F0
:10FC600080F31188BFF34F8FBFF36F8FFEE72DB383
:10FC70007068854237D82348183001460C6801E087
:10FC800020460C466168A94202D221680029F7D1BA
:10FC900031688C4227D007682168016060680837A6
:10FCA000411B10290FD96019420708D0502080F35A
:10FCB0001188BFF34F8FBFF36F8FFEE713E04160F2
:10FCC0006560FFF7CFFD61687068401A7060B268C8
:10FCD000904200D2B060706901430020C4E9000185
:10FCE000F068401CF06002F09FFD780707D05020BC
:10FCF00080F31188BFF34F8FBFF36F8FFEE7384655
:10FD0000BDE8F081540100200449086818B1086872
:10FD1000026D521C02650868704700000001002057
:10FD200010B5040006D000F087FFE46900F0A4FFDE
:10FD3000204610BD502080F31188BFF34F8FBFF3D2
:10FD40006F8FFEE710B5031F4FF080741C601B1F00
:10FD500021F001011960191F044B0B6014390A606E
:10FD6000091F6FF0020244380A6010BD75FB0008DD
:10FD7000016811F8012B01601046704701684A784C
:10FD800011F8023B016002EB032210467047F0B508
:10FD9000054608680026101A17460C4601280CDD97
:10FDA0000846FFF7EBFF686021680A18BA4204D8DA
:10FDB000A9602168012608442060002028603046A0
:10FDC000F0BDFEB50025DDE908468DE87000FBF7C3
:10FDD00040F8FEBD2DE9F84F044600278B463D460E
:10FDE0000846F8F7F1FC0346606D61690122066878
:10FDF000B0470646012847D181465846F8F7E4FC4B
:10FE000001268246B04604E008F10108B8F1040F6B
:10FE100011DC606D53460122D0F800C06946E0470E
:10FE2000012808D19DF8000000F07F0101FB065574
:10FE3000F6010006E8D460692946401CF5F744FE47
:10FE400000EB0906E068801BA84202D26FF00106B1
:10FE50001AE0002D0DDD5846F8F7B6FC0346606940
:10FE60002A468119606D0668B047A84201D0002675
:10FE70000AE06069A169007860F307073E0919B1DB
:10FE800004F16000F8F778FC3046BDE8F88F000018
:10FE90002DE9F04704008A4616D054F8047CD4F8C3
:10FEA00000903E1F564500D956462046FAF7A2FA62
:10FEB00005468846324621465046FCF76BFD40B168
:10FEC000C0F80090BDE8F087BDE8F0470846FAF7B3
:10FED000D3BA44E9017955B129686A18211F8A42C9
:10FEE00002D9611B091F2960C5F80480EAE7024AAC
:10FEF000C2F80080E6E700003C1000202DE9F74F33
:10FF000014460546082803D94FF0FF30BDE8FE8FA0
:10FF1000680101260830F9F731F900F00F000128D7
:10FF200001D0B01FF2E724B341F6086000EB4510A2
:10FF3000F9F724F94FF6FF7101EA8020A04200D2C0
:10FF400004464FF4427000EB451841F60870DFF8A4
:10FF50008CA000EB451B06FA05F92846FCF78AF948
:10FF600006464046F9F70AF9172816D01C2803D090
:10FF70000DE06FF00D00C9E7CEB92846FCF7A0F9F7
:10FF800007465846F9F7FAF8B7EB802F05D128460F
:10FF9000FBF70EFD6FF00600B8E7BAF8021019EA99
:10FFA000010F02D01EB90020B0E7002ED5D0A64226
:10FFB00000D2344622462846019901F02CFA4FF42B
:10FFC000847000EB451005464021F9F73DF92846BD
:10FFD000F9F7D4F80028FAD1204697E780010020ED
:10FFE000054A18B111B1C2E9030170470348D06056
:10FFF0000348106170470000980100201B1501089C
:020000040801F1
:100000001D150108054A18B111B1C2E90501704773
:100010000348506103489061704700009801002038
:100020002915010827150108074A10B513889C05F2
:10003000FDD518B111B1C2E9070110BD0348D06167
:100040000348106210BD0000980100204D17010800
:100050005117010870B5054600242146284600F0D6
:1000600005F8641C14F0FF04F7D070BD7CB50024C3
:100070000D4606460094234622460194FCF744FCB4
:10008000C5EBC50000EB4000002206EB80008118A4
:10009000521C81F83C40202AF9D380F82940C462E0
:1000A0007CBD002180F842117047002180F8411189
:1000B000704700002DE9F74F15460646082803D97A
:1000C0004FF0FF30BDE8FE8F700101240830F9F7D2
:1000D00055F800F00F00012801D0A01FF2E775B11C
:1000E0004FF4427000EB46100746F9F747F86FF0FF
:1000F000060B172806D01C2804D05846E2E76FF0FC
:100100000D00DFE7DFF8E080B440B8F804000442F7
:1001100013D04FF4027000EB46108146F9F72EF829
:1001200000F01F00C10627D548461021F9F78CF8CA
:10013000B8F80410A143A8F8041041F6087000EBC9
:100140004610F9F71BF84FF6FF7101EA802085424F
:1001500000D90546F2F75EFD82463046FCF7B0F85E
:1001600081463846F9F70AF8172808D01C2806D027
:100170003046FBF71DFCC0E7000711D405E0B8F8D6
:100180000200044203D04D4501D900209AE74D45B5
:1001900010D9F2F73FFDA0EB0A00B0F5FA7F05D9C0
:1001A0003046FBF705FC6FF00C008BE70520FCF7F1
:1001B00072FFD2E72A463046019901F05CF94FF40C
:1001C000847000EB461006462021F9F73DF83046D2
:1001D000F8F7D4FF0028FAD1B8F8041028460C43E9
:1001E000A8F804406EE70000800100202DE9FF5FC1
:1001F000044690F88200894600B3A16809EBC9055E
:1002000011F81500C00719D16069018901EB0900D7
:1002100086B2606850F836008069006800280DDBFF
:100220004FF00008CDF80480CDF8088001AA4946B7
:100230002046CDF80C80FBF79BF818B1002004B0E5
:10024000BDE8F09FA068062101EB4501415ABDF8C9
:1002500004204FF00A0B914210D1092101EB450116
:100260009DF80720415C914208D10BEB4501084401
:10027000082202A9F0F776F80028E0D0606850F86C
:100280003600816D806B0E880788A6B1A1680220B8
:1002900000EB450A31F90A00F1F768FA642006FB21
:1002A00000F3164A49462046CDF80080F7F7FCF9DE
:1002B000A26822F80A00D7B1A168042000EB450625
:1002C000885FF1F753FA64204743B7FBFBF30C4A0E
:1002D00049462046CDF80080F7F7E6F9A168885333
:1002E000A06810F8151041F0010100F8151001AADE
:1002F0004946204600F033F80120A0E7C16D000810
:10030000E96D00080021FAF731BE2DE9F041904671
:100310000E4605464FF0FF3700240DE04046F8F743
:1003200053FA0346286932460119686DD0F804C0B3
:10033000E047002807DB0444B44204DA4046F8F7FB
:1003400036FA0028EAD0B44207D105F15800A9696D
:10035000F8F712FA0020BDE8F0813846FBE730B428
:1003600001EBC1010624836804EB410119441368C1
:100370000B6053684B6093688B6090F8E10130BC70
:100380001146FBF715BA3EB590F87C40052C01D01C
:100390007F2C09D10129416908D0498821B1114434
:1003A0008269528891420ED9FF203EBD09880029FA
:1003B000FAD01144826912889142F5D8426852F805
:1003C0003110896A03E0426852F8311089696A463F
:1003D0000988ADF8001000218DF8021008218DF871
:1003E0000310002155185C5C491CC9B22C71082906
:1003F000F8D390F8E1011146FBF7DAF93EBD7CB580
:100400008026DDE906548DF800608DF801301B0A66
:100410008DF802308DF80440230A8DF80530230C46
:100420008DF80630230E8DF807308DF803506B469B
:10043000FFF7A9FF7CBD70B5054600F006F804463D
:100440002846FEF709FF204670BD0EB5D0F8C8114A
:100450000988ADF8001000218DF802108DF8031006
:1004600090F8E1016946FBF7A3F90EBD38B50446E3
:1004700090F8931013300546FBF7C3F894F89320D7
:10048000010A515594F89310491CC9B284F893108D
:10049000485594F89300401C84F89300E06838B104
:1004A0006068F2F7D6FB218A0122E068F2F7ADFB23
:1004B00094F8400194F8932001286068294618D0E8
:1004C000F4F772F8FA21012000F0BEFA60680068C3
:1004D00001684906FCD5E06830B1218A0022F2F7B4
:1004E00094FB6068F2F79CFB20780025042803D079
:1004F0000CE0F4F79FF8E5E702F070F8024600958B
:1005000000230221D4F8B40002F052FA84F8935088
:10051000B4F89E00401CA4F89E0038BD2DE9FF4FA2
:100520004269002912887DD07F297BD8FAB14368BF
:10053000046853F8323024789B6904F5C0651E685E
:10054000AE4201D0FF2C02D101F5C0641C604368AB
:1005500053F83220936A02681D68127802F5B0647D
:10056000A54201D0FF2A02D101F5B0621A603D4DCB
:10057000426905F12006846996E8C0119288A48832
:100580008DE8C01100236F4612BB25E04668D0F805
:10059000008056F8326098F800B0D6F818A0DAF863
:1005A000006026F0604C06F0604957F8236006EBC7
:1005B0000B08E04502D0BBF1FF0F05D106EB010CA3
:1005C0004CEA090CCAF800C05B1C521CDBB292B2A8
:1005D000A24201D8042BD9D3002330354269846963
:1005E00095E8E010128924898DE8E0106D461ABB69
:1005F00026E04668D0F800C056F832609CF800A0AB
:10060000D6F81890D9F8007027F0604607F06048D7
:1006100055F8237007EB0A0CB44502D0BAF1FF0F6E
:1006200006D100E01CE07E1846EA0806C9F8006022
:100630005B1C521CDBB292B2A24201D8042BD8D36D
:100640000268D0F8143212781D6802F18004A542C5
:1006500001D0FF2A02D101F180021A600068017006
:10066000BDE8FF8F0C2D0108202A01D9FF2070471B
:10067000C1EBC10101EB410100EB810042630020AD
:10068000704700007CB5044690F87C00884244D056
:10069000244D31B1042930D005291FD07F293FD105
:1006A0000EE0D5E90001CDE90001002084F87C00CE
:1006B0006946204600F040F9D4F884102046884767
:1006C000D5E90201CDE900017F2084F87C0069466C
:1006D000204600F031F9D4F888101CE000B3D5E9C9
:1006E0000401CDE90001052084F87C00694620461C
:1006F00000F022F9D4F88C100DE088B1D5E906019C
:10070000CDE90001042084F87C006946204600F011
:1007100013F9D4F890102046884794F87C007CBDEB
:10072000FF207CBD0C2D010830B50A4C2268536AAD
:1007300009490D685B1B4D682B444B604FF6FF73F6
:10074000181A086050622068016841F001010160D8
:1007500030BD0000801C0020301000200EB5016864
:100760000122097841F4E061ADF8001000218DF814
:1007700002108DF804108DF8032090F8E10169460D
:10078000FBF716F80EBD00002DE9F8431D4617468D
:100790000E460446082803D94FF0FF30BDE8F88321
:1007A000012E08D0022E0ED0032E0CD0042E0AD01B
:1007B0006FF00400F2E7042269464FF47060F8F726
:1007C00009FD009848B169076FF00500E6D49DB1B6
:1007D000012E05D0022E0FD106E06FF00200DDE7FA
:1007E00015F0210FDAD007E0A90601D52906D5D5E5
:1007F000E90601D52906D1D52046FBF7D9F86001D5
:1008000005F0F0014FF0010831430830F8F71CFD06
:10081000224E57B93788781C80B2A0F57F413080CE
:10082000F03902D14FF4404030804FF48160390AF2
:1008300000EB4410F8F708FD4FF4A160F9B200EBAB
:100840004410F8F701FD4FF4847000EB44100746A4
:100850000121F8F7F9FC3846F8F790FC0028FAD1A6
:1008600008FA04F0718805F001028143A2400A43AE
:100870007280B1888143B1800949002021F81400B9
:100880000649891D08554FF4427000EB441528466F
:10089000F8F774FC0028FAD060B27FE780010020EE
:1008A000B88E002038B50446B0F9C401401C02D00F
:1008B000204600F02BF8134B002241F205012046A0
:1008C000F6F758FB0F4B002241F206012046F6F7DF
:1008D00051FBD4F8C8010068400011D5D4F8CC0110
:1008E000006800280CD00A22B0FBF2F1B0FBF2F352
:1008F0000091054A00212046F6F7D6FEA4F8C4016F
:1009000038BD0000416D0008E183000810B50023E8
:1009100004461A4641F20501F6F72CFB00231A465D
:1009200041F206012046F6F725FBB4F9C401F0F7C1
:100930001DFFA4F8C40110BD2DE9F0410D46044689
:10094000497890F97E000126002719B148B984F84A
:100950007E6006E0012804D184F87E702046FFF70F
:1009600079FBE878002894F8800006D060B984F814
:1009700080602046FFF796FF06E0012804D184F846
:1009800080702046FFF7C2FF2879002894F8810084
:1009900006D060B984F881602046FCF755F806E07F
:1009A000012804D184F881702046FCF756F8A87815
:1009B000002894F87F0006D060B984F87F60204654
:1009C000FBF7E4FA06E0012804D184F87F702046A2
:1009D000FBF7ECFA6879002894F8820006D060B939
:1009E00084F882602046F6F715FA06E0012804D163
:1009F00084F882702046F6F739FA2878002894F8AF
:100A00007D0005D0002801D184F87D60BDE8F0812B
:100A10000128FBD184F87D702046BDE8F041FFF746
:100A20009DBE000072B6BFF34F8F05480168054AAE
:100A300001F4E06111430160BFF34F8F00BFFDE798
:100A40000CED00E00400FA0570B50C46064600F017
:100A5000F3F8154D2868406D80B92968012081F8A8
:100A600058005CB101212046FEF7E0FC0F494FF031
:100A700080500860BFF34F8FBFF36F8F00F0FCF81A
:100A800000F0DAF82868446D002034B116B1296806
:100A9000486502E02A68611E5165296881F858009E
:100AA00000F0EAF8204670BD0001002004ED00E0EF
:100AB0002DE9F04705460027481B164689460628BB
:100AC0005DDBA81CFCF767FD0446A0F55C414FF414
:100AD0008060814253D3A4F55841824651451AD2D1
:100AE000A81DA9EB00014FF00C08062947DB01788F
:100AF0005C2944D14178752941D1801CFCF74BFD1C
:100B0000A0F55C4151453AD2C4F3090161F39F203D
:100B100000F5803002E04FF006082046802801D220
:100B2000012110E0B0F5006F02D20221C0270AE0D7
:100B3000B0F5803F02D20321E02704E0B0F5881F22
:100B40001DD20421F0274A1E08E000BF00F0BF03B9
:100B5000346843F080038009A354521E12F0FF0250
:100B6000F4D1012901D9384301E000F07F00326857
:100B700010703068084430604046BDE8F0870020BF
:100B8000FBE7D0E9013201699A60D0E901235A609C
:100B90004A68824201D182684A6000220261086884
:100BA000401E086008687047034B036003F15C0057
:100BB000086080201060704700280020044B03600C
:100BC00003F15C0008604FF4807010607047000013
:100BD0005C2A002000F108014FF0FF32C0E9011249
:100BE000C16001610021016070470021016170470F
:100BF00030B50B685A1C02D000F1080202E002690D
:100C000004E02246546825689D42FAD953684B6037
:100C100099608A60516008610168491C016030BDBB
:100C200042684A6093688B6093685960916008617C
:100C30000168491C01607047502080F31188BFF3A0
:100C40004F8FBFF36F8F0A494868401C48600128E6
:100C50000CD10848006810F0FF0F07D0502080F337
:100C60001188BFF34F8FBFF36F8FFEE7704700000F
:100C70007401002004ED00E00849486828B1401ED6
:100C8000486001D180F311887047502080F31188AB
:100C9000BFF34F8FBFF36F8FFEE70000740100209A
:100CA00070B500282AD0164DA0F108046068696963
:100CB000084207D1502080F31188BFF34F8FBFF354
:100CC0006F8FFEE722683AB1502080F31188BFF39E
:100CD0004F8FBFF36F8FFEE78843606000F032FAFA
:100CE00060686968084468602046FEF7BBFD2869B3
:100CF000401C2861BDE8704001F096BD70BD000049
:100D0000540100204FF0E02000210161816105497C
:100D10004FF47A720968B1FBF2F1491E4161072173
:100D200001617047FC00002010B5EFF795FA1149FA
:100D300010280ED300F1E02090F8F0030A789042DA
:100D400007D2502080F31188BFF34F8FBFF36F8F0E
:100D5000FEE709480068896800F4E060884207D926
:100D6000502080F31188BFF34F8FBFF36F8FFEE7E2
:100D700010BD0000740100200CED00E010B5084B20
:100D8000002200BF53F832401CB1521C082AF9D38C
:100D900010BD43F8321003EBC201486010BD0000E3
:100DA000A420002010B504000AD000F013F894F835
:100DB000460000280CD12046BDE81040FFF770BF68
:100DC000502080F31188BFF34F8FBFF36F8FFEE782
:100DD00010BD0000084A002102EBC1035B6883429A
:100DE00006D1002042F8310002EBC1014860704793
:100DF000491C0829F0D37047A420002070B515467F
:100E00000E460446FFF718FF94F944100020491CD1
:100E100001D184F8440094F94510491C01D184F8AB
:100E20004500FFF729FFA06B28B92A46314604F197
:100E3000240000F0DFF82046BDE87040FEF7C0BE99
:100E400010B5020014D00F48006B38B1502080F369
:100E50001188BFF34F8FBFF36F8FFEE700F072F979
:100E600000211046FEF7E2FA01F0DEFC002807D16F
:100E700005494FF080500860BFF34F8FBFF36F8F6D
:100E800010BD00000001002004ED00E070B50D462B
:100E900004000BD095B11E4A106BB8B1502080F3FE
:100EA0001188BFF34F8FBFF36F8FFEE7502080F3A1
:100EB0001188BFF34F8FBFF36F8FFEE7502080F391
:100EC0001188BFF34F8FBFF36F8FFEE700F03AF941
:100ED000D26823685919934204D98B420AD99142A6
:100EE00002D807E08B42FAD9881A21600021FEF768
:100EF0009DFA00E0216001F097FC002807D1054928
:100F00004FF080500860BFF34F8FBFF36F8F70BDFD
:100F10000001002004ED00E070B50546FFF78CFEEF
:100F20001E4C05B92568281DFFF72BFEA86A18B1CD
:100F300005F11800FFF725FE606A401C606220681A
:100F4000854207D1291D1648FFF76AFE6068401CDC
:100F5000606007E0A068401EA0602846FEF773FBB3
:100F6000FEF7AEFDFFF788FE6069002814D0206808
:100F7000854211D1206B38B1502080F31188BFF326
:100F80004F8FBFF36F8FFEE706494FF08050086028
:100F9000BFF34F8FBFF36F8F70BD000000010020C3
:100FA0008025002004ED00E002490A6A0260C96859
:100FB000416070470001002001490120C86170476D
:100FC0000001002010B50C4650B1094909681831DC
:100FD000FFF70EFE2046BDE810400121FEF726BABD
:100FE000502080F31188BFF34F8FBFF36F8FFEE760
:100FF0000001002070B514460D4668B10A49096821
:101000001831FFF70DFE0CB14FF0FF352146284691
:10101000BDE87040FEF70ABA502080F31188BFF394
:101020004F8FBFF36F8FFEE70001002070B5040003
:101030003ED0226DA2B1E06C884200D30146E06A46
:10104000884235D0012A33D11A4D2A6894420FD1F3
:10105000502080F31188BFF34F8FBFF36F8FFEE7EF
:10106000502080F31188BFF34F8FBFF36F8FFEE7DF
:10107000E162A269002A02DBC1F13801A1610E4ED2
:1010800000EB8000616906EB8000814210D1201DD9
:10109000FFF777FDE06A2969884200D9286100EBF3
:1010A000800006EB8000211DBDE87040FFF7B8BD51
:1010B00070BD000000010020E420002030B587B0A2
:1010C0000024039405AA04A903A80494FFF76CFD67
:1010D000DDE903010094CDE90110002315A11748B3
:1010E000059A01F04AF9164D0028E8621FD001F078
:1010F0002FFC012809D0401C19D1502080F3118801
:10110000BFF34F8FBFF36F8FFEE7502080F311883E
:10111000BFF34F8FBFF36F8F4FF0FF30A8620120F6
:101120006861EC6007B0BDE8304000F04BBC07B030
:1011300030BD000049444C4500000000C9F60008DD
:10114000000100200248016B491C01637047000048
:1011500000010020164810B5016B11B10121C161D9
:1011600010BD0021C1610169124A01E0B9B1491EF7
:1011700001EB810352F82330002BF7D001EB810300
:1011800002EB830202F1080453685B685360A342D8
:1011900001D15B685360DA680260016110BD5020C4
:1011A00080F31188BFF34F8FBFF36F8FFEE700000E
:1011B00000010020E42000202DE9F8430024124D16
:1011C000804627462E1F1AE055F82400D0F8B0209C
:1011D000424513D10178042907D100970023D0F8A4
:1011E000B4001A46032101F0E3FB55F82400002364
:1011F0000322D0F8AC00194601F0EAF8641C3078FC
:101200008442E1DBBDE8F883D40100202DE9F04100
:101210000D4D002406466FF007082F1F0EE000BF9B
:1012200055F82400D0F8B410B14206D1D0F8AC0083
:1012300000230322414601F0CBF8641C3878844235
:10124000EEDBBDE8F0810000D401002030B504469B
:1012500090F8930004F111010144801E09884DBAF1
:10126000C1B204F11300FAF7CCF9A84205D034F862
:10127000A00F401C2080FC2030BD217D080605D534
:1012800034F8A00F401C2080FB2030BD084A00200D
:10129000135C8B4201D1002030BD401CC0B2082835
:1012A000F6D334F8A00F401C2080012030BD000090
:1012B000942C01082DE9F041044690F8930004F1C4
:1012C00011010144801E09884DBAC1B204F1130016
:1012D000FAF797F9A84206D034F8A00F401C2080F6
:1012E000FC20BDE8F0813F4A217D0020135C8B4249
:1012F0000DD14FF48076052940D012DC012917D09A
:10130000022915D0032953D0042969D150E0401C8B
:10131000C0B20828EAD334F8A00F401C2080012076
:10132000DFE706293BD00F2902D0102958D13FE032
:10133000A17D607D00F0EAFA0709217EE07D00F0E2
:10134000E5FA0509217EE07D00F0E0FA000700D013
:101350006D1CB4F8A4107819884237D8217EE07D3E
:1013600000F0D4FAC508217EE07D00F0CFFA4007F6
:1013700000D06D1C6D1DB54230D831E0A17D607D7F
:1013800000F0C4FA0509A17D607D00F0BFFA0007F6
:1013900000D06D1CB4F8A400A84217D320E0A17DB2
:1013A000607D00F0B3FAB4F8A41081420ED317E0C8
:1013B000A17D607D00F0AAFA0546217EE07D00F067
:1013C000A5FAB4F8A4202918914201D9022088E78F
:1013D000052101EB400080B2B04201D9032080E733
:1013E00000207EE7942C01082DE9F04116460D46B9
:1013F00007464FF0FF343046F7F7D9F940B9314688
:101400003846FAF749FC0446A84201D0002CF2DA2B
:101410002046BDE8F0812DE9F0475FEA02088946E1
:10142000064626D042F6081000EB46152846F7F788
:10143000A5FE074642F6080000EB46142046F7F7E3
:101440009DFE07EB002087B2380200EB46104246B3
:1014500049461830F7F7BEFE07EB080086B2310A9E
:101460002046F7F7F1FEF1B22846BDE8F047F7F75E
:10147000EBBEBDE8F0872DE9F0475FEA0208894638
:10148000064626D042F2085000EB46152846F7F7EC
:1014900075FE074642F2084000EB46142046F7F777
:1014A0006DFE07EB002087B2380200EB4610424683
:1014B00049461030F7F7F8FE07EB080086B2310A0C
:1014C0002046F7F7C1FEF1B22846BDE8F047F7F72E
:1014D000BBBEBDE8F0870078704701707047000020
:1014E0002DE9F041050A00F0F0014FF4A850F7F79C
:1014F000ABFE002401264FF4027700BF06FA04F089
:10150000284204D007EB44101F21F7F79DFE641C0E
:10151000E4B2082CF2D3BDE8F0817047704772B690
:10152000704762B670477047704700000122110390
:101530000148F1F76ABB00000004024010B54FF407
:10154000A850F7F71BFE00F0F0044FF4B850F7F77F
:1015500015FE04EB002080B210BD10B54FF4B05062
:10156000F7F70CFE04464FF4C050F7F707FE04EB04
:10157000002080B210BD000010B5044601460622CE
:101580004FF41060F7F726FE042204F10E019001DB
:10159000F7F720FE042204F10A014FF4A060F7F7E8
:1015A00019FE0422A11D4FF47060F7F713FE0748DF
:1015B0000178A1744178E17481782175C0786075F3
:1015C0000248401E0078A07510BD00009101002067
:1015D0000020F7F7D3BD70B504464FF4D850F7F7A5
:1015E000CDFD20704FF4D050F7F7C8FD05464FF4FD
:1015F000C850F7F7C3FD05EB0020608070BD2DE9F2
:10160000F0410D460646002400F0A3F84FF0FF38E5
:10161000AEB10022B05C204444B2102C17DC521C46
:1016200052B2082AF6DB002441F60877315D07EB59
:101630004410F7F709FE641C64B2082CF6DBCDB148
:10164000002108462A5C114449B2102902DD4046B7
:10165000BDE8F081401C40B20828F3DB002441F6CD
:101660000866295D06EB4410F7F7EEFD641C64B2D2
:10167000082CF6DB0020EBE7F7F70EBD00224FF455
:1016800080510148F1F7C1BA0004024010B5C1B25F
:10169000040A4FF4B050F7F7D7FD2146BDE81040DB
:1016A0004FF4C050F7F7D0BD10B5044601460622EE
:1016B0004FF41060F7F7F8FD042204F10E019001D9
:1016C000F7F7F2FD042204F10A014FF4A060F7F7E6
:1016D000EBFD0422A11D4FF47060F7F7E5FD07480C
:1016E000A17C0170E17C4170217D8170617DC170C0
:1016F0000249A07D491E087010BD00009101002024
:1017000010B5044630F03A0002D04FF0FF3010BD63
:101710000020F7F733FD40EA04010020F7F794FDBD
:10172000002010BD10B5044601784FF4D850F7F7EB
:101730008BFD6088010A4FF4C850F7F785FDA1784A
:10174000BDE810404FF4D050F7F77EBD0020704741
:101750007047F0B585B04FF4106406226946204604
:10176000F7F738FD0422950102A92846F7F732FD64
:101770004FF4A066042203A93046F7F72BFD4FF47F
:101780007067042204A93846F7F724FD8021002061
:10179000F7F75AFD0020F7F7F1FC062269462046CC
:1017A000F7F782FD042202A92846F7F77DFD0422FF
:1017B00003A93046F7F778FD042204A93846F7F765
:1017C00073FD05B0F0BDF7F78DBC10B504464FF4BE
:1017D0003850F7F7D3FCC0F38011217000F03800C7
:1017E00001220021202811D038280FD06170102844
:1017F0000ED018280CD020280AD0A170082809D0B3
:10180000182807D0202805D0E17010BD6270EEE7DF
:10181000A270F3E7E27010BD10B500244FF4385009
:10182000F7F7ACFCC00700D00124204610BD10B56E
:1018300000244FF43850F7F7A1FCC0F3C20006288B
:1018400000D10124204610BD10B54FF43854204675
:10185000F7F794FC20F080012046F7F7F5FC2046CE
:10186000F7F78CFC40F080012046BDE81040F7F708
:10187000EBBC10B502780021012A00D1402142784A
:10188000012A06D0C2788078012A05D001280BD021
:101890000CE041F0380109E0012802D041F00801D4
:1018A00004E041F0180101E041F010014FF438501C
:1018B000F7F7CAFCBDE81040FFF7C6BF70B5044695
:1018C0004FF438563046F7F759FC41064FF0FF35D4
:1018D0001AD520F03800012C10D040F038013046E5
:1018E000F7F7B2FCFFF7B0FF3046F7F747FC012CE3
:1018F00007D000F0380038B1002070BD40F0300152
:10190000EDE700F03000F6E7284670BD61F307020E
:1019100060F30F2290B2704770B504460E46084639
:10192000EEF70BFD05460146204600F00FF82A466B
:1019300031462068EEF7DDFC20682844206070BD49
:10194000026811700168491C0160704710B5CA1720
:10195000046801EB12631A0A22700268521C0260CA
:1019600011700168491C016010BD70B5141E1E463F
:1019700005460BDD1146FFF7E9FF22463146286890
:10198000EEF7B7FC28682044286070BD19B1BDE8A7
:101990007040FFF7C1BFBDE870400021FFF7D6BF20
:1019A000F0B587B00DF1300C4FF0000E9CE8F00060
:1019B0004FF0010CCDE904C78DE87040F9F7E8FB62
:1019C00007B0F0BD1CB537480168374A914207D1CE
:1019D000502080F31188BFF34F8FBFF36F8FFEE766
:1019E00000683149491E884207D1502080F3118890
:1019F000BFF34F8FBFF36F8FFEE72C49087801903C
:101A0000FF20087008788DF800009DF800009DF810
:101A1000002000F0F000904207D0502080F31188A1
:101A2000BFF34F8FBFF36F8FFEE79DF80000204C90
:101A300000F0500020700720A06005E09DF8002015
:101A400052008DF80020401E9DF800201206F5D4AB
:101A5000A060032807D0502080F31188BFF34F8F78
:101A6000BFF36F8FFEE74FF44070A06001980870DD
:101A70000C482030016841F470010160016841F0B8
:101A800070410160FFF73EF900206060EEF7ACFBAB
:101A90000848016841F040410160EEF791FB0020E9
:101AA0001CBD000000ED00E071C20F4100E400E049
:101AB0007401002034EF00E010B5502080F311884D
:101AC000BFF34F8FBFF36F8F00F096FD18B104493D
:101AD0004FF080500860002080F3118810BD000096
:101AE00004ED00E010B50C4648B184420FD95020F7
:101AF00080F31188BFF34F8FBFF36F8FFEE7502045
:101B000080F31188BFF34F8FBFF36F8FFEE7022280
:101B1000002100F02FF8002800D0846310BD38B5F4
:101B20000C4648B184420FD9502080F31188BFF38E
:101B30004F8FBFF36F8FFEE7502080F31188BFF304
:101B40004F8FBFF36F8FFEE70221134600220091F3
:101B5000114600F030F8002800D0846338BD10B57D
:101B600002460021012000F005F80446FDF7DCFDE7
:101B7000204610BDF8B517460E46050013D005FBEC
:101B800006F05030FEF752F804000AD0002084F826
:101B9000460004F150023B46314628460094FDF7CA
:101BA000CFFD2046F8BD502080F31188BFF34F8F42
:101BB000BFF36F8FFEE738B5049D18B153B1CAB1BA
:101BC00081B120E0502080F31188BFF34F8FBFF325
:101BD0006F8FFEE7502080F31188BFF34F8FBFF364
:101BE0006F8FFEE7502080F31188BFF34F8FBFF354
:101BF0006F8FFEE739B1502080F31188BFF34F8F0C
:101C0000BFF36F8FFEE750241C46012384F8463053
:101C10002B460094FDF794FD204638BD70B50D4667
:101C2000040025D0FFF708F8D4E90F20216802FB53
:101C30000011A1600021A163216861600A46D4E916
:101C40000F01401E00FB0121E16021464FF0FF30F3
:101C500001F8440F487004F110008DB1FEF7BAFF8F
:101C600004F12400FEF7B6FFFFF706F8012070BD6F
:101C7000502080F31188BFF34F8FBFF36F8FFEE7C3
:101C800021690029F0D000F097FD0028ECD004492C
:101C90004FF080500860BFF34F8FBFF36F8FE3E7C3
:101CA00004ED00E02DE9FF4782B01D468A464FF063
:101CB0000008040003D0BAF1000F08D011E0502052
:101CC00080F31188BFF34F8FBFF36F8FFEE7206C57
:101CD00038B1502080F31188BFF34F8FBFF36F8F5F
:101CE000FEE7022D0AD1E06B012807D0502080F3D7
:101CF0001188BFF34F8FBFF36F8FFEE700F060FCDA
:101D00003F4F4FF000094FF0805648B9049838B162
:101D1000502080F31188BFF34F8FBFF36F8FFEE722
:101D2000FEF78AFFA06BE16B884207D3022D05D036
:101D30000498D0B1B8F1000F1AD01EE02A465146DF
:101D40002046FDF74AFC616A19B104F1240000F055
:101D500033FD20B13E60BFF34F8FBFF36F8FFEF7AF
:101D60008BFF012006B0BDE8F087FEF785FF22E07B
:101D70006846FFF719F94FF00108FEF77DFFFFF7FE
:101D8000E1F9FEF759FF94F94400401C01D184F8B1
:101D9000449094F94500401C01D184F84590FEF729
:101DA0006BFF04A9684600F081FA30B12046FDF7C8
:101DB00007FF00F039FD0020D4E7FEF73DFFA06BE0
:101DC000E16B884213D1FEF757FF04F1100004992C
:101DD000FFF7F8F82046FDF7F3FE00F025FD002898
:101DE0009ED13E60BFF34F8FBFF36F8F98E7FEF732
:101DF00043FF2046FDF7E4FE00F016FD90E70000EB
:101E000004ED00E02DE9F0471F46904689460400A6
:101E100003D0B9F1000F08D011E0502080F31188F1
:101E2000BFF34F8FBFF36F8FFEE7206C38B15020A8
:101E300080F31188BFF34F8FBFF36F8FFEE7022F40
:101E40000AD1E06B012807D0502080F31188BFF33E
:101E50004F8FBFF36F8FFEE7FEF766FF5020EFF363
:101E6000118680F31188BFF34F8FBFF36F8FA06B84
:101E7000E16B884206D3022F04D0002086F311883C
:101E8000BDE8F08794F94550A06B3A464946204694
:101E9000FDF7A3FB681C04D06D1C84F8455001209D
:101EA000ECE7606A0028FAD004F1240000F084FC1A
:101EB0000028F4D0B8F1000FF1D00121C8F80010CB
:101EC000EDE770B50E46040009D0206C78B15020C3
:101ED00080F31188BFF34F8FBFF36F8FFEE7502061
:101EE00080F31188BFF34F8FBFF36F8FFEE7206839
:101EF00048B9A06838B1502080F31188BFF34F8FE4
:101F0000BFF36F8FFEE7FEF70FFF5020EFF3118551
:101F100080F31188BFF34F8FBFF36F8FA16BE06B1E
:101F2000884218D994F94500491CA163411C04D08A
:101F3000401C84F8450001200EE0606A0028FAD0B9
:101F400004F1240000F038FC0028F4D0002EF2D078
:101F500001203060EFE7002085F3118870BD00009C
:101F60002DE9F747002683B08A46040003D0BAF172
:101F7000000F08D011E0502080F31188BFF34F8F7D
:101F8000BFF36F8FFEE7206C38B1502080F31188CB
:101F9000BFF34F8FBFF36F8FFEE700F011FBDFF849
:101FA000F4804FF000094FF0805748B9059838B1D8
:101FB000502080F31188BFF34F8FBFF36F8FFEE780
:101FC000FEF73AFEA56BC5B151462046FDF7F2FA81
:101FD0006D1EA563206950B104F1100000F0ECFB08
:101FE00028B1C8F80070BFF34F8FBFF36F8FFEF7B3
:101FF00043FE012006B0BDE8F087059808B11EB188
:1020000006E0FEF739FE27E06846FEF7CDFF012621
:10201000FEF732FEFFF796F8FEF70EFE94F9440045
:10202000401C01D184F8449094F94500401C01D132
:1020300084F84590FEF720FE05A9684600F036F9C1
:10204000002820460AD0FDF7BBFD00F0EDFB20463E
:10205000FDF74AFC0028B3D00020CBE7FDF744FC95
:1020600090B104F124000599FEF7ACFF2046FDF77E
:10207000A7FD00F0D9FB0028A2D1C8F80070BFF37B
:102080004F8FBFF36F8F9BE72046FDF799FD00F060
:10209000CBFB95E704ED00E02DE9F047904689463B
:1020A000040003D0B9F1000F08D011E0502080F3F4
:1020B0001188BFF34F8FBFF36F8FFEE7206C38B1ED
:1020C000502080F31188BFF34F8FBFF36F8FFEE76F
:1020D000FEF72AFE5020EFF3118680F31188BFF33C
:1020E0004F8FBFF36F8FA76BF7B194F944504946F8
:1020F0002046FDF75FFA7F1EA763681C04D06D1CA5
:1021000084F84450012010E020690028FAD004F13E
:10211000100000F051FB0028F4D0B8F1000FF1D00E
:102120000121C8F80010EDE7002086F31188BDE812
:10213000F08700002DE9F343002683B00400354604
:1021400009D0206C78B1502080F31188BFF34F8FF5
:10215000BFF36F8FFEE7502080F31188BFF34F8FDE
:10216000BFF36F8FFEE700F02BFADFF83C814FF0F2
:1021700000094FF0805748B9049838B1502080F3D7
:102180001188BFF34F8FBFF36F8FFEE7FEF754FD4B
:10219000A06BC8B1401EA063206810B9FDF7B4FD64
:1021A000A060206950B104F1100000F005FB28B1D7
:1021B000C8F80070BFF34F8FBFF36F8FFEF75CFD61
:1021C000012005B0BDE8F083049808B166B10FE0C6
:1021D0003DB1502080F31188BFF34F8FBFF36F8F55
:1021E000FEE7FEF749FD5DE06846FEF7DDFE0126ED
:1021F000FEF742FDFEF7A6FFFEF71EFD94F9440030
:10220000401C01D184F8449094F94500401C01D150
:1022100084F84590FEF730FD04A9684600F046F8C2
:102220000028204612D0FDF7CBFC00F0FDFA204636
:10223000FDF75AFB0028A9D09DB3FEF7FDFC606AAC
:1022400050B3206B0068C0F1380126E0FDF74CFB6D
:10225000E0B1206838B9FEF7EFFCA06800F070FA32
:102260000546FEF709FD04F124000499FEF7AAFED5
:102270002046FDF7A5FC00F0D7FA002886D1C8F863
:102280000070BFF34F8FBFF36F8F7FE72046FDF7DE
:1022900097FC00F0C9FA79E70021A068FEF7C6FEB6
:1022A0009FE7FFE700208CE704ED00E02DE9F04117
:1022B0000C46050011D0C4B1FEF7BEFC174BDA681E
:1022C0006E682068911B471C17D02F681B6A9F42BD
:1022D00019D0964217D8012410E0502080F31188BD
:1022E000BFF34F8FBFF36F8FFEE7502080F311884D
:1022F000BFF34F8FBFF36F8FFEE70024FEF7BCFCE8
:102300002046BDE8F081884205D9401A2060284661
:10231000FEF74AFEF1E700202060DCE70001002024
:102320002DE9FF5F8346DDE90E87994616468A460A
:102330009000FDF77BFC05001CD05C20FDF776FCCF
:10234000040014D00020256384F85900CDE9024030
:10235000CDE900874B46324651465846FDF702FA12
:102360002046FDF791F8012004B0BDE8F09F284613
:10237000FEF796FC4FF0FF30F6E7F0B585B0DDE9EB
:102380000B640A9DA6B1DCB15C2700972663022688
:1023900084F85960002604AFCDE90246CDE9005724
:1023A000FDF7E0F92046FDF76FF8049805B0F0BDA1
:1023B000502080F31188BFF34F8FBFF36F8FFEE77C
:1023C000502080F31188BFF34F8FBFF36F8FFEE76C
:1023D0002DE9F0411F4690460D46012690B1044676
:1023E000FEF72AFC0FB1606D386094F858000221A6
:1023F00084F85810B8F1050F19D2DFE808F0230B64
:102400000E141200502080F31188BFF34F8FBFF3DA
:102410006F8FFEE7616D294301E0616D491C6165C5
:1024200010E0022801D065650CE0002634E0616D03
:10243000491C07D0502080F31188BFF34F8FBFF3A2
:102440006F8FFEE7012827D1201DFEF79AFB154D5F
:10245000E06A2969884200D92861134900EB8000AD
:1024600001EB8000211DFEF7DBFBA06A38B1502094
:1024700080F31188BFF34F8FBFF36F8FFEE7E06AE1
:102480002968C96A884207D908494FF08050086016
:10249000BFF34F8FBFF36F8FFEF7EEFB3046BDE803
:1024A000F081000000010020E420002004ED00E0A5
:1024B0002DE9F0471F46DDF8209092460D460400B6
:1024C0004FF001081AD0FEF72FFC5020EFF31186D1
:1024D00080F31188BFF34F8FBFF36F8F0FB1606D23
:1024E000386094F85800022184F85810BAF1050FAA
:1024F0001AD2DFE80AF0240B0E141200502080F3E9
:102500001188BFF34F8FBFF36F8FFEE7616D2943D3
:1025100001E0616D491C616511E0022801D065652B
:102520000DE04FF0000839E0616D491C07D05020E4
:1025300080F31188BFF34F8FBFF36F8FFEE7012841
:102540002CD1A06A38B1502080F31188BFF34F8F8F
:10255000BFF36F8FFEE7144D286B18B104F118011B
:1025600012480DE0201DFEF70CFBE06A2969884245
:1025700000D928610E4900EB800001EB8000211D8D
:10258000FEF74EFBE06A2968C96A884206D9012035
:10259000B9F1000F01D0C9F80000E86186F3118895
:1025A0004046BDE8F0870000000100206C250020B7
:1025B000E42000200148006870470000000100206E
:1025C0000548416919B1006B18B10020704701201E
:1025D0007047022070470000000100200148C068D9
:1025E000704700000001002010B5FEF79DFB014878
:1025F000C06810BD000100202DE9F0412E4C0027DD
:10260000206B28B1A069401CA0613846BDE8F0816C
:10261000E668761CE66013D1606B006838B1502024
:1026200080F31188BFF34F8FBFF36F8FFEE7606BAE
:10263000A16B6163A063206A401C2062FDF740FA31
:10264000A06ADFF87880864209D3606B0068A0B189
:10265000606BC068C5686868864211D2A062206855
:10266000C06A00EB800158F82100012800D9012739
:10267000E0690028C9D00127C7E74FF0FF30EDE738
:10268000281DFEF77EFAA86A18B105F11800FEF7BA
:1026900078FAE86A2169884200D9206100EB80015C
:1026A00008EB8100291DFEF7BBFAE86A2168C96AB8
:1026B0008842CAD30127C8E700010020E420002097
:1026C00070B504004FF0000133D01B4D28688442E0
:1026D00007D0502080F31188BFF34F8FBFF36F8F67
:1026E000FEE7206D38B1401E2065E36CE26A9A4235
:1026F0001FD040B11DE0502080F31188BFF34F8FF1
:10270000BFF36F8FFEE7201DFEF73BFAE06CE0623F
:10271000C0F13800A061E06A2969884200D92861C7
:10272000064900EB800001EB8000211DFEF778FADE
:102730000121084670BD000000010020E4200020B7
:1027400070B504004FF000002BD0194DE16A2A68E3
:10275000D26A914226D2A069002804DB2868C06AA8
:10276000C0F13800A061134E01EB8101606906EBF6
:102770008101884211D1201DFEF703FA2868C06A42
:10278000E0622969884200D9286100EB800006EBED
:102790008000211DFEF744FA02E02868C06AE0626A
:1027A000012070BDE16C2A68D26A9142F8D370BDF5
:1027B00000010020E420002070B5C068C46854B156
:1027C00004F118000646FEF7DCF9144D286B50B1F1
:1027D0003146134815E0502080F31188BFF34F8F26
:1027E000BFF36F8FFEE7201DFEF7CBF9E06A296982
:1027F000884200D928610B4900EB800001EB800082
:10280000211DFEF70DFAE06A2968C96A884202D9DB
:102810000120E86170BD002070BD000000010020B3
:102820006C250020E42000202DE9F0472C4D0024E9
:102830002746286B38B1FEF7FFF9286B401E286346
:10284000286B40B146E0502080F31188BFF34F8FD2
:10285000BFF36F8FFEE7A968224E0120D1B3A6F522
:10286000916980463068E0B1F068C46804F11800EE
:10287000FEF787F9201DFEF784F9E06A296988428E
:1028800000D9286100EB800109EB8100211DFEF7D2
:10289000C7F9E06A2968C96A8842E3D3C5F81C8091
:1028A000E0E70CB1FDF70CF9AC694CB14FEA080652
:1028B000FFF7A2FE00B1EE61641EF9D10020A8610D
:1028C000E86938B10849012738070860BFF34F8F1E
:1028D000BFF36F8FFEF7D0F93846BDE8F0870000F0
:1028E000000100206C25002004ED00E02DE9FC47EC
:1028F00081461E46174688462C200A9DFDF796F90C
:1029000004000AD0002084F82800CDE900543346A2
:102910003A4641464846FCF77DFF2046BDE8FC8725
:102920007CB52C26DDE90654009644B1022684F8D5
:102930002860CDE90054FCF76DFF20467CBD502097
:1029400080F31188BFF34F8FBFF36F8FFEE7000056
:1029500010B586B0FCF700FE114C2068B8B100201D
:102960000390049005AA04A903A8FEF727F9DDE95E
:10297000032137208DE8070000230AA10B48059AA0
:10298000FFF7FBFC606010B106B0012010BD5020C5
:1029900080F31188BFF34F8FBFF36F8FFEE7000006
:1029A0003C010020546D7220537663009DFB0008AB
:1029B0002DE9FF411E46134602000A9D4FF000001C
:1029C00016D0144C2768002F0FD0CDE900130292C7
:1029D000062917DAFFF7F4FD02284FF000030FD0A5
:1029E000002269462068FFF75DF904B0BDE8F08178
:1029F000502080F31188BFF34F8FBFF36F8FFEE736
:102A00002A46EEE70023324669463846FFF7FAF9D0
:102A1000EBE700003C01002044575F323032353193
:102A20003230395F68616E64000000000D0A0052A8
:102A300053323332207265636569766564206D7345
:102A4000673A0D0A000000003C3001080000000059
:102A5000000000000000000000000000000800006E
:102A60001800000000000000000000004C300108C9
:102A70000000000000000000000000000000000056
:102A80000008000018000000000000000000000026
:102A90007430010800000000000000000000000089
:102AA0000000000000080000180000000000000006
:102AB000000000001C3001080000000000000000C1
:102AC00000000000000000000004000020000000E2
:102AD00000000000000000002C3001080000000091
:102AE00000000000000000000000000000040000E2
:102AF0002000000000000000000000005C30010821
:102B000000000000000000000000000000000000C5
:102B1000000200001800000000000000000000009B
:102B20006830010800000000000000000000000004
:102B3000000000000002000008000000000000008B
:102B4000000000004D51544300000000040000004C
:102B50000000000000000000000000003C00010038
:102B60004D5154570000000000000000000000001C
:102B70000000000000000000000000000000000055
:102B80000000000000000000000000000000000045
:102B90000000000000000000000000004D51544300
:102BA0000000000004000000000000000000000021
:102BB000000000003C0001004D515457000000008F
:102BC0000000000000000000000000000000000005
:102BD00000000000000000000000000000000000F5
:102BE00000000000000000000000000000000000E5
:102BF000000000000006101600061016000000007D
:102C0000000000000102030406070809000000009C
:102C1000010203040800000000000000080000009A
:102C2000000000000008DC112233C0A8027BFFFF77
:102C3000FF00C0A801010808080801004D515443D5
:102C40000000000004000000000000000000000080
:102C5000000000003C0001004D51545700000000EE
:102C60000000000000000000000000000000000064
:102C70000000000000000000000000000000000054
:102C80000000000000000000000000000000000044
:102C9000000000000102030405060F100C320108B9
:102CA0000000000000000000000000000000000024
:102CB00000000000FC3101080000000000000000DE
:102CC00000000000000000000002000018000000EA
:102CD0000000000000000000203201080000000099
:102CE00000000000000000000000000000040000E0
:102CF0002000000000000000000000003432010845
:102D000000000000000000000000000001000000C2
:102D100000000000000101010100010000010101AB
:102D2000010100000000000001000100000200009D
:102D30000003000000040000000500008001000006
:102D400080020000800300008004000000000000FA
:102D500014020020010000102802002001000110D0
:102D60004402002001000510580200200100061056
:102D70006C020020010007108402002001001410E2
:102D8000B00200200500181010030020040080127B
:102D90006403002007000014E8030020070001146A
:102DA00064040020030000169C04002002000116A9
:102DB000D004002007000018540500200700011867
:102DC000D00500200300001A080600200200011AA6
:102DD0002806002001000020380600200100012004
:102DE0004806002001000220580600200100406033
:102DF0006806002001004160780600200100646040
:102E00008806002001006C609806002001007860B0
:102E1000A806002001007A60B80600200100816049
:102E2000C80600200100FF600000070008000A003B
:102E30000C000E000000070009000B000D000F0041
:102E40001B00000058090020010000106C09002040
:102E50000100011088090020010005109C090020D4
:102E600001000610B009002001000710C809002069
:102E700001001410F409002005001810540A002065
:102E800004008012A80A0020070000142C0B002068
:102E900007000114A80B002003000016E00B00201F
:102EA00002000116140C002007000018980C0020E6
:102EB00007000118140D00200300001A4C0D00201B
:102EC0000200011A6C0D0020010000207C0D002082
:102ED000010001208C0D0020010002209C0D00202B
:102EE00001004160AC0D002001006460BC0D0020B9
:102EF00001006C600000070008000A000C000E00D2
:102F00000000070009000B000D000F001600DDDDBA
:102F1000DDDDDCBBBBDDDDDDDDDDDDDDDDDD9888C0
:102F200088888888888877777777778888888555AC
:102F30005556666666666666666666688888833322
:102F4000333222222222222222222228888D0000AD
:102F50005A65726F4572722063757272656E742065
:102F6000737461747573206973204F5045524154D6
:102F7000494F4E5F454E41424C45442C20656E61A1
:102F8000626C6520636F6D706C657465642E0D0AEC
:102F9000000000004B696E636F2063757272656E8E
:102FA0007420737461747573206973205357495486
:102FB00043485F4F4E5F44495341424C45442C20A7
:102FC00064697361626C6520636F6D706C657465B4
:102FD000642E0D0A000000005A65726F457272205F
:102FE00063757272656E7420737461747573206991
:102FF00073205357495443485F4F4E5F44495341F0
:10300000424C45442C2064697361626C6520636F97
:103010006D706C657465642E0D0A00006C656674D5
:1030200048616E645461736B0000000072696768E8
:103030007448616E645461736B0000006B696E6369
:103040006F4374726C5461736B0000007A65726F29
:103050006572724374726C5461736B006770696F50
:103060005461736B000000006D6F6E69746F725471
:1030700061736B006D7174745461736B00000000B8
:10308000726F626F742F7374617475730000000047
:103090007B226C6566745F67726970706572223A34
:1030A0007B22706F73223A25752C227265616368EA
:1030B0006564223A25752C227761726E696E6722EB
:1030C0003A25757D2C2272696768745F6772697032
:1030D000706572223A7B22706F73223A25752C221A
:1030E00072656163686564223A25752C2277617286
:1030F0006E696E67223A25757D2C227379735F6B3A
:10310000696E636F223A7B227374617475735F77A3
:103110006F7264223A25752C226572726F725F633A
:103120006F6465223A25752C22706F736974696F1C
:103130006E223A256C642C2276656C6F6369747913
:10314000223A256C647D2C227379735F7A65726FE5
:10315000657272223A7B227374617475735F776F44
:103160007264223A25752C226572726F725F636FEA
:103170006465223A25752C22706F736974696F6ECD
:10318000223A256C642C2276656C6F63697479220F
:103190003A256C647D2C226770696F5F696E223AF4
:1031A0005B25642C25642C25642C25642C25642C3B
:1031B00025645D7D000000005B4E6574776F726B67
:1031C000436F6E6E6563745D20636F6E6E656374CE
:1031D000282920726573756C743D25642C20536E0C
:1031E0005F53523D3078253032582C20536E5F4962
:1031F000523D3078253032580D0A00005461736B0F
:103200004D6F64627573536C6176650051756575B9
:10321000654D6F6462757354656C656772616D00AE
:103220005461736B4D6F646275734D617374657235
:10323000000000004D6F64427573537068720000A7
:103240006032010800000020441000005C130008F8
:10325000943601084410002044850000D8A40008DA
:10326000811379A41408F5A3140891FE021C080C1C
:103270001B80300120014C4818525334383541200E
:103280007472616E736D697420746573742E0D0AA7
:10329000180A1542180A104318C132018210037926
:1032A00024F41AAA01510216C050080102573535FC
:1032B00030301E1B1501081D041A29041A27041E8C
:1032C000D7140108DB0401205BFFFF04012B1492DB
:1032D0000102230207320413100282201B0205940C
:1032E000319A2414412280124059305A401C244003
:1032F000420F59140A1154149A684419407918DA83
:10330000805C39162203A3444669885A9E2C69AC16
:10331000DAA010DAA410DAA8105AAC10195F112341
:1033200001065A815869601919498C5930DA04101C
:103330006A081059305A0C10194B113A8141091082
:10334000B4DA5044DA54446A581019453202DA5A51
:1033500020DA5C20DA5E209A60840A158284DAD44E
:1033600084DAD844DADC64DADE20DAE020DAE2203B
:103370005AE410291C1210144160207B6460E08A1A
:10338000043C297C6A5C10598C5A6010292C12204C
:103390007A6C38DA94285A981029E81A01690A11C7
:1033A000FFE8DABC346AC01059209AC48C29ACDA20
:1033B000C620DAC820DACA209ACC840A150284CB47
:1033C0004005846A441059206A48105964DA4A203A
:1033D000DA4C20DA4E205A5010291C2210132020DB
:1033E0007B0120E0D97CDAC8105ACC10292C12209D
:1033F0007A0238196CB9286A04105984CBE4012088
:10340000DAE8106AEC1059305AF0105A02106AF2D9
:1034100010192D2930DAF4106AF8104A03306AFCCA
:103420005059201915C9A0691059206A0810111A9D
:10343000FF01E1E9121A0C2C5E502D0108D8E413AB
:103440007DA31F08282E010834041A40041A4C1CBE
:10345000132D48024C086982720F131FA71B083DE9
:10346000041A31048B8BB16C1A949C1A980413388B
:10347000091B209C0829381A1D240A270F01015610
:103480001AFF011A2F881A7C941A7E04018023FFE8
:10349000FF1A40881A54041A3B981A37041A330446
:1034A0001A35044113D5464C088DB10C4102100168
:1034B00019111A383C1A3C041A24040A2180D45ADF
:1034C000395C011C23020732048B5409504B02055E
:1034D000809A6814411A80C31159305A841C2440C0
:1034E000420F5914AA983059149AAC149A8118DAD8
:1034F000C45C4916D99C59885AE22C69ACDAE410AC
:10350000DAE810DAEC105AF01032031B0106885981
:103510005869605B440A8C5930DA48106A4C10597B
:10352000305A5010194B112A81110911B4DA944400
:10353000DA98446A9C1019453202DA9E20DAA020FB
:10354000DAA2209AA4840A158284CB180B846A1C00
:103550001059206A20105964DA2220DA2420DA2651
:10356000205A2810291C1210144160207B6460E04E
:10357000D97CDAA0105AA4103988117A6C38DAD8BC
:10358000285ADC1029E81A01690A11FFE811CA0C4F
:10359000346A041059206A081059C8DA0A20DA0C73
:1035A00020DA0E205A101029840A150284DA848445
:1035B000DA8844DA8C64DA8E20DA9020DA92205AA3
:1035C0009410291C22101320207B0120E0CA0D7CBE
:1035D000DA0C105A1010292C12207A0238DA4428FA
:1035E0006A48105984CB3A0920DA3C105A40105AE4
:1035F00002306A4410191D3950D9106A4C40111A12
:10360000FF01E1E9121A502C5E442E0108CC9413FC
:103610007DA31B08F410111D2F01080C041A420C85
:10362000134594024C086982720F131FA71B083DB3
:10363000041A31048B8BB16C1AD89C1ADC04132C3D
:10364000101B20E00829381A1D240A270F010156F3
:103650001AFF011A2F881AC0941AC204018023FF8E
:10366000FF1A84881A98041A3B981A37041A3304EC
:103670001A3504411335934C088DB10C41021001E9
:1036800019111A7C3C1A80041A68040A21C4D45AFD
:04369000395C01148C
:040000050800018965
:00000001FF
