:020000040800F2
:100000009894002061020008FD690008D7460008A6
:100010004D68000869150008FD8A0008000000000E
:10002000000000000000000000000000A101000826
:100030007517000800000000FD010008F1810008AC
:100040007B0200087B0200087B0200087B0200089C
:100050007B0200087B0200087B0200087B0200088C
:100060007B0200087B0200087B0200087B0200087C
:100070008916000895160008A1160008AD1600089C
:100080007B0200087B0200087B0200087B0200085C
:100090006D1500087B0200087B0200087B02000847
:1000A0007B0200087B0200087B0200087B0200083C
:1000B0007B0200087B0200087B0200087B0200082C
:1000C0007B0200087B0200087B0200087B0200081C
:1000D0007B020008D98A0008E58A0008F18A000836
:1000E0007B0200087B0200087B0200087B020008FC
:1000F0007B0200087B0200087B0200087B020008EC
:100100007B0200087B020008B58200087B02000821
:10011000F1850008FD850008018300087B020008C6
:100120007B0200087B020008B91600087B02000869
:100130007B0200087B0200087B0200087B020008AB
:10014000791500087B0200087B0200087B0200088A
:100150007B0200087B020008C51600087B0200082D
:100160007B0200087B0200087B0200087B0200087B
:100170007B0200087B0200087B02000800000000F0
:100180007B0200087B020008DFF810D000F0EAFED6
:1001900000480047C5CA0008AFF3008098940020CB
:1001A0002C4B19680868B0E8F04F80F30988BFF35A
:1001B0006F8F4FF0000080F311887047000000003F
:1001C00008480068006880F308884FF0000080F35A
:1001D000148862B661B6BFF34F8FBFF36F8F00DF35
:1001E00000BF00BF08ED00E0DFF80C00016841F43B
:1001F00070010160704700BF88ED00E0EFF30980F7
:10020000BFF36F8F134B1A681EF0100F08BF20ED5D
:10021000108A20E9F04F106009B44FF0500080F3CD
:100220001188BFF34F8FBFF36F8F10F067FF4FF050
:10023000000080F3118809BC19680868B0E8F04F25
:100240001EF0100F08BFB0EC108A80F30988BFF3CE
:100250006F8F704704010020EFF3058070470000A6
:100260000648804706480047FEE7FEE7FEE7FEE750
:10027000FEE7FEE7FEE7FEE7FEE7FEE7A5820008F1
:10028000890100082DE9F05F0546002092469B4653
:1002900088460646814640241BE02846414647469C
:1002A000224600F0A0FC53465A46C01A914110D392
:1002B00011461846224600F087FC2D1A67EB01080C
:1002C0004F4622460120002100F07EFC17EB00097A
:1002D0004E41201EA4F10104DFDC484631462A4687
:1002E0004346BDE8F09FA0F14101192900D8203014
:1002F000704740EA01039B0703D009E008C9121FB9
:1003000008C0042AFAD203E011F8013B00F8013BCF
:10031000521EF9D27047D2B201E000F8012B491EFB
:10032000FBD270470022F6E710B513460A46044692
:100330001946FFF7F0FF204610BD421C10F8011BC4
:100340000029FBD1801A704710B5002200E0521C32
:10035000835C8C5CA34201D1002BF8D1D8B2E1B20E
:10036000401A10BD30B504460020034600E05B1C77
:10037000934203D2E05CCD5C401BF8D030BD30B579
:1003800005460020034600E05B1C934205D2EC5C6E
:10039000C85C201A01D1002CF6D130BD0FB400B5D5
:1003A0008DB010A909900B9000914FF0FF300A908A
:1003B00000200C9005480690054807906A4609A859
:1003C0000F9900F047FC0DB05DF814FB710C0008AC
:1003D0008F0C00082DE9FF5F1D464FF0FF3BD5E96C
:1003E000014691465F464FF00008A9697F1C0198BD
:1003F0008847296A824688470028F6D1BAF1FF3F2C
:100400000CD024F4C064002E19DD600614D5BAF1B6
:100410002B0F09D0BAF12D0F0ED103E0584604B0CE
:10042000BDE8F09F44F48064A9697F1C0198884767
:10043000761E8246002E02DDBAF1300F03D0B9F1EC
:10044000000F26D032E0A969761E44F400747F1CA8
:10045000019888478246002E05DDBAF1780F06D054
:10046000BAF1580F03D0B9F1000F10D01EE0B9F166
:10047000000F02D0B9F1100F18D1A969761E24F42B
:1004800000747F1C019888478246102002E00820F3
:1004900000E00A20814609E008FB0908A969761EE8
:1004A00044F400747F1C019888478246002E05DDC5
:1004B0004946504600F0B9FB0028EDDAE969019899
:1004C0008847A00502D46FF00100A8E7E00725D116
:1004D000600613D5600502D5C8F1000000E0404673
:1004E00029680A1D2A600968220501D5087015E0EF
:1004F000220701D5088011E008600FE02868011D7F
:1005000029600068210502D580F8008006E02107F7
:1005100002D5A0F8008001E0C0F8008038467EE7F0
:100520002DE9FF4F087883B09946FF2805D0491C74
:100530002D2804D00024002008E000200BE0012436
:10054000F9E700EB800003EB4000491C0B78FF2B20
:10055000F7D104B1404200230293147819461D4696
:100560002D2C01D02B2C04D1521C2D2C13D0002467
:100570000294AA461478FF2C0FD00A25A3FB057815
:1005800001FB05814FF0000C03FB0C11521CE31919
:100590004AEB0101EEE70124EAE7814453EA010056
:1005A00002D019F5C87F06DA03980021C0E90011CE
:1005B00007B0BDE8F08F0025AE4E2F46DFF8B882B9
:1005C000184600F08FFCCDE90001B9F1000002DA15
:1005D000C9F1000400E004460023A74A1AEB030B0C
:1005E00042EB045A12E0E00707D02A463346384669
:1005F000414600F0ECF9074688462A463346104645
:10060000194600F0E4F905460E466410002CEAD1C4
:10061000DDE90001B9F1000F5A46534606DA00F051
:10062000F2FB3A46434600F0EEFB05E000F0CFF95E
:100630003A46434600F0CBF9029A0AB181F00041F4
:10064000039AC2E90001B3E72DE9FF4F1F468DB0C1
:10065000D7E901464FF0FF382E2045464FF00009FC
:100660000B90B9696D1C0E988847396A8246884795
:100670000028F6D1BAF1FF3F0AD024F4D064002E4E
:1006800011DDBAF12B0F08D0BAF12D0F0BD102E01A
:10069000404611B08DE744F48064B9696D1C0E9832
:1006A00088478246761E6946600501D52D2000E008
:1006B0002B208DF8000001F1010B0DF1200809E05D
:1006C000B9696D1C0E98884782460F9844F40074EF
:1006D000761E0560002E02DDBAF1300FF0D00B99C6
:1006E0008A453ED144F0800406E00F99681CA9F1C8
:1006F000010944F400740860B9696D1C761E0E98F7
:10070000884782463028F0D02BE00B998A4505D1E6
:10071000200603D444F08004761E18E0504609F009
:1007200007FF08B30DF11301761E44F400748B45E6
:1007300008D2AAF130000BF8010B200607D5A9F169
:10074000010003E0200602D409F101008146A00562
:1007500002D50F99681C0860B9696D1C0E9888470E
:100760008246002ED1DC53E0002E51DDBAF1650F38
:1007700002D0BAF1450F4BD1A00549D5B9696D1C1E
:1007800024F44074761E0E9888478246002E0CDDB5
:100790002B2804D0BAF12D0F07D144F48074B96925
:1007A0006D1C0E9888478246761EE00501D52D21E6
:1007B00000E02B2108F8011BCDF82C8021E00DF181
:1007C0002901761E44F4007488450CD2AAF1300049
:1007D00010F0FF0088F8000002D10B99884509D974
:1007E00008F1010806E0E00501D5244801E042F2E5
:1007F0000F708146B9696D1C0E98884782460F9824
:100800000560002E04DD504609F092FE0028D6D186
:10081000F9690E988847FF208BF8000088F80000DF
:100820000020069007904B466A4608A906A8FFF7E5
:1008300077FEA00502D46FF001002AE714F0240F20
:100840000AD0E00714D1DDE906123868031D3B60C9
:100850000068C0E900120BE0DDE9060100F066FB6C
:100860000146E00704D13868021D3A600068016063
:1008700028460EE7000014400000F03FF1D8FFFFCB
:100880002DE9FE4F804681EA0300C00F0C46009020
:1008900021F0004123F00045B8EB0200A94105D248
:1008A0004046214690461C460B46024623F0004037
:1008B000104347D0270DC7F30A00C3F30A51029033
:1008C000401A019040286BDAC3F3130040F4801BF8
:1008D0000098924620B10023D2EB030A63EB0B0B86
:1008E00001985946C0F14002504600F06DF90646A5
:1008F0000D4650465946019A00F085F910EB080064
:100900006141002487EA115284EAE7731A4340D018
:10091000009A62B3019A012A4FEA075215DC001BC4
:1009200061EB02014FF0004202EA0752CDE90042BA
:10093000001C41F5801132462B4600F016FA03B038
:10094000BDE8F08F40462146F9E7001B61EB02014C
:10095000001C41F5801300185B412018A2F5001718
:1009600047EB030140EAD570B6196D4111E06D08FF
:100970004FEA360645EAC0754FEA0752001B61EBA5
:100980000201001C41F5801149084FEA30000019AE
:10099000514132462B4603B0BDE8F04F00F0D6B9C6
:1009A0000098012240000023D0EB020263EBE073C9
:1009B000009821464FEAE074B8EB000061EB0401B7
:1009C000E9E783F000435BE781F0004158E72DE958
:1009D000FE4F81EA030404F0004421F0004100943A
:1009E0004FF0000B23F0004350EA01045ED052EABE
:1009F00003045BD0C3F30A54C1F30A552C44A4F298
:100A0000F3340194A0FB0254C1F3130141F48011AB
:100A1000C3F3130343F4801301FB024400FB034EB2
:100A2000840A970A44EA815447EA8357A4FB07687B
:100A300002958D0A05FB07854FEA932C04FB0C54A5
:100A40002705029D4FEA065847EA1637B5EB080519
:100A50006EEB070C870E920E47EA811742EA83126B
:100A6000A7FB0201B6EB0B0164EB00042B0D43EA7C
:100A70000C335E1844EB1C50DA465146E7FB02018A
:100A8000C5F313044FEA0B3343EA14534FEA04321D
:100A9000019C43EA0603A4F10C040294009CCDE9F6
:100AA00000B400F062F903B0BDE8F08F0020014609
:100AB000F9E70EB540F2334102910021CDE9001172
:100AC0000A460B4600F051F903B000BD70B5C1F302
:100AD0000A5201F000450024C1F3130140F2FF3334
:100AE00041F480119A4201DA002070BD40F2334394
:100AF0009A42A2F2334203DC524200F074F800E062
:100B000090402C43F1D0404270BDC1F30A5210B561
:100B1000C1F3130140F2FF3341F480119A4201DA2C
:100B2000002010BD40F233439A42A2F2334203DC6C
:100B3000524200F058F810BD904010BD30B5041E70
:100B400071F1000404DB4FF00044404264EB01010A
:100B5000141E73F1000405DB1C464FF000435242A3
:100B600063EB04038B4208BF824230BD30B5041EE4
:100B700071F1000404DB4FF00044404264EB0101DA
:100B8000141E73F1000405DB1C464FF00043524273
:100B900063EB0403994208BF904230BD30B50B4669
:100BA000014600202022012409E021FA02F59D429D
:100BB00005D303FA02F5491B04FA02F52844151E71
:100BC000A2F10102F1DC30BD202A04DB203A00FA58
:100BD00002F1002070479140C2F1200320FA03F394
:100BE000194390407047202A04DB203A21FA02F092
:100BF0000021704721FA02F3D040C2F12002914057
:100C0000084319467047202A06DBCB17203A41FAE1
:100C100002F043EAE07306E041FA02F3D040C2F189
:100C2000200291400843194670473A2800D23038D4
:100C300020F02002412A01D3A2F13700884201D3DB
:100C40004FF0FF30704700000268114413780160D4
:100C500018467047D160044951610449116200216E
:100C60001161114600F096B9490C0008890F00087F
:100C7000426842B1016811F8013B23B1521EC0E93C
:100C80000012184670470121C160881E70474268F3
:100C90005AB1C368016843B983688B4205D0491EC5
:100CA000521CC0E90012002070474FF0FF3070471F
:100CB0000FB4002300B589B00CA900910B996FF017
:100CC0000042CB601E4B06931E4B07930423CDE9D5
:100CD00001321D4A089202466B460020FFF7B4FC21
:100CE00009B05DF814FB70B586B006464FF0FF30D2
:100CF0000091CDE90101002015460C4604903246D2
:100D0000694604A8FFF7D4FF02460498211825B1CC
:100D100008B1084600E020462860049800280DD05D
:100D2000002A02DD0098884208D0081B0094CDE913
:100D300001043246694604A8FFF7BAFF06B070BD49
:100D4000710C00088F0C0008890F000810B5141EE4
:100D500073F1000408DA401C41F1000192185B4174
:100D60001A4301D120F0010010BD2DE9F04D92464B
:100D70009B4611B1B1FA81F202E0B0FA80F2203262
:100D80009046FFF721FF04460F4640EA0A0041EA79
:100D90000B0153465A46084313D0114653EA01004B
:100DA00019D0C8F140025046FFF71DFF05460E4618
:100DB000504659464246FFF707FF084305D0012039
:100DC00004E020463946BDE8F08D0020054346EAA0
:100DD000E0762C4337430A986305E40AA0EB080049
:100DE0000022FD0A44EA47540A3002D50020014699
:100DF000E9E7010510196941DDE908450019694174
:100E0000BDE8F04DA2E72DE9F04D81EA030404F0BE
:100E1000004B21F0004514464FF0000A23F000413A
:100E200050EA050220D054EA01021DD0C5F30A574A
:100E30000246C5F31303C1F31300C1F30A5640F48D
:100E4000801543F48013A7EB0608101BD64608F262
:100E5000FD3873EB050002D308F1010801E0921898
:100E60005B41B8F1000F03DA00200146BDE8F08DC8
:100E700000204FF48011064684460EE0171B73EBEA
:100E8000050705D3121B63EB050306434CEA010C6F
:100E900049084FEA300092185B4150EA0107EDD152
:100EA00052EA030012D082EA040083EA05010843F3
:100EB00005D0101BAB4106D20122002306E0002220
:100EC0004FF0004302E06FF0010253101AEB0600EE
:100ED0004CEB085110EB0A0041EB0B01BDE8F04D63
:100EE000FFF734BF0EB540F2334202920022CDE943
:100EF00000221346FFF739FF03B000BDC1F30A52C9
:100F0000C1F3130140F2FF3341F480119A4202DA37
:100F100000200146704740F233439A42A2F2334226
:100F200002DC5242FFF75FBEFFF74EBE01F0004306
:100F300030B421F0004150EA010206D00A0DA2F5BA
:100F40006072C1F31301002A02DC30BC002070473C
:100F5000440F44EAC104C100E01830BC00EBC250A9
:100F600000F0B0B9064C074D06E0E06840F0010320
:100F700094E8070098471034AC42F6D3FFF708F91D
:100F8000D8310108F8310108C0B24FF4F05100F037
:100F9000D1B900002DE9F34F8BB04FF0000801F1FB
:100FA0000C000C464FF0010B46460DF1080A01906B
:100FB0006269012101989047051E2DD0252D2CD066
:100FC000216A8847C0B16269012101989047216A6E
:100FD00088470028F7D1411E62690198904700E0D8
:100FE000761CA1690B988847216A88470028F7D1A9
:100FF000E1690B988847DBE7A1690B9888470746AA
:10100000A84201D1761CD3E7E1690B9888477F1C81
:1010100002D1B8F1000F6FD047E1002762693D4669
:101020003946019890472A2804D162690121019824
:1010300090470125DFF88892626901210198904765
:10104000A0F130010A290AD24F45E5DC07EB870100
:1010500000EB4107303FDFD445F01005ECE7E9062F
:1010600001D46FF000476C280AD04C2814D06828AF
:1010700015D06A280DD074281CD07A281AD01DE00B
:1010800062690121019890476C2802D045F004055F
:1010900014E045F002050DE045F020050AE0626924
:1010A000012101989047682802D045F0080505E025
:1010B00045F400656269012101989047C4E9015730
:1010C00065283DD019DC58287AD00CDC452837D06B
:1010D00004DC252826D0412831D131E046282FD004
:1010E00047282CD12CE05B2877D0612828D06328B2
:1010F0007CD0642823D15AE0D1E06F2848D008DCA6
:1011000066281DD067281BD0692821D06E2816D1EB
:1011100027E0702845D0732868D0752847D07828F4
:101120000DD14DE0A1690B988847054625283FF46D
:1011300069AFE1690B9888476D1C3FF46AAFB4E072
:1011400023466A466FF001000B99FFF77DFA9FE096
:1011500045F040006060A80723464FF0000236D4F7
:101160003EE0E8077FF447AF2068011D216000687A
:10117000290501D506701BE7290701D5068017E769
:10118000A90703D5F117C0E9006111E706600FE771
:1011900045F040006060A80723464FF0080216D4CF
:1011A0001EE040F60E0125EA0100606016E045F001
:1011B00040006060A80723464FF00A0207D40FE002
:1011C00045F040006060A80708D5234610226FF064
:1011D00001000B99AFF300805AE007E0234610228C
:1011E0006FF001000B99FFF7F5F851E04FF000099F
:1011F0004F464B46632802D05B2807D041E0207958
:10120000C00601D40120A06001273AE062690121F3
:10121000019890475E2805D14FF00109626949465F
:1012200001989047216939B900210A46534643F88D
:101230002120491C0829FADBB0B3216969B9C1171B
:1012400000EBD16253110AEB830122F01F02821AD4
:1012500001200B68904003430B60626901210198F3
:1012600090475D28E8D1B9F1000F09D00020514620
:1012700051F82020D24341F82020401C0828F7DBF9
:1012800002AB224600976FF001000B99AFF300808C
:1012900000280CDA401C08D1BBF1000F05D04FF03C
:1012A000FF300DB0BDE8F08FFFE74046F9E7E907F2
:1012B00001D108F1010806444FF0000B78E6000068
:1012C000CCCCCC0C0029A8BF7047401C490008BFFB
:1012D00020F00100704710B4B0FA80FC00FA0CF066
:1012E00050EA010404BF10BC704749B1CCF120049E
:1012F00021FA04F411FA0CF118BF0121214308432B
:10130000A3EB0C01CB1D4FEA00614FEA102042BF56
:10131000002010BC704700EBC35010440029A4BF4C
:1013200010BC7047401C490008BF20F0010010BCF1
:10133000704700007F2801D9002208E0064A02EB2E
:101340005002C007127800D1120902F00F020120EA
:101350009040084070470000A22E010870B58C181C
:1013600010F8015B15F0070301D110F8013B2A11B9
:1013700006D110F8012B03E010F8016B01F8016BA6
:101380005B1EF9D12B0705D40023521E0DD401F8A2
:10139000013BFAE710F8013BCB1A921C03E013F86B
:1013A000015B01F8015B521EF9D5A142D8D30020A0
:1013B00070BD0000464910B54A6822F440324A60C8
:1013C0004A6843681A434A6001684A6822F4807296
:1013D0004A6001684A68036942EA03224A60016878
:1013E0004A6822F040724A6001684A6883681A437A
:1013F0004A6001688A6822F400628A6001688A682B
:10140000C3681A438A60816A6FF07062D1420168D2
:101410008A6822F070628A6001688A680CD0836AE8
:101420001A438A6001688A6822F040528A60016823
:101430008A68C36A1A4301E022F040528A60016858
:101440008A6822F002028A6001688A68037E42EAA2
:1014500043028A6090F82010002901684A680FD082
:1014600042F400624A6001684A6822F460424A60BD
:1014700001684A68174C436A04EB43331A4301E09E
:1014800022F400624A600168CA6A22F47002CA62E9
:101490000168CA6A838B104C04EB03531A43CA6277
:1014A00001688A6822F400728A6001688A6890F88C
:1014B000303042EA43228A6001688A6822F48062FE
:1014C0008A6001688A68406942EA8020886010BDAD
:1014D0000023014000E0FFFF0000F0FF0122910225
:1014E000014801F094BB00000010024001225102AB
:1014F000014801F08CBB00000010024001221102E3
:10150000014801F084BB00000010024001220421C8
:10151000014801F07CBB0000001002400122D10212
:10152000014801F074BB00000010024010B5FFF745
:10153000E5FF4FF49674204601F05AFAFFF7D6FF04
:10154000204601F055FAFFF7C9FF204601F050FA96
:10155000FFF7E4FF204601F04BFAFFF7D7FF2046E4
:10156000BDE8104001F044BAFEE70000014800F079
:10157000A8BD0000E41A0020014800F0A2BD000050
:101580000C1B002010B54FF48071044801F03AFBA9
:1015900008B1002010BD012010BD0000000802406D
:1015A00010B54FF48051044801F02CFB08B1002025
:1015B00010BD012010BD00000000024030B4D0F882
:1015C000A020D0F8A4404FF0FF3352F8212024F897
:1015D0001130C2F307420121831883F8B410D0F808
:1015E000B03030BC114618472DE9F04F9946DDE97F
:1015F0000A5A4FF0FF3BDDF824C041E0AB1A5BB262
:101600000C78002B03DD00BF04FA03F403E0C3F100
:10161000000324FA03F4E6B202DDC5F1080301E099
:10162000C2F10803DCB2844200D9044605EB040889
:10163000FF2707FA08F3C5F10805EF403B439CF884
:1016400000509E431D4035432244D2B28CF80050D6
:10165000072A07D90022B9F1000F01D05B4600E04C
:101660000123194408F0FF05072D07D90025BAF119
:10167000000F01D05B4600E001239C44001BC0B278
:101680000028BBD1BDE8F08F014801F03FB8000051
:10169000A81E0020014801F039B80000281D0020D4
:1016A000014801F033B80000081F0020014801F094
:1016B0002DB80000881D0020014801F027B8000067
:1016C000E81D0020014801F021B80000481E00205C
:1016D00001681823CAB2103AB2FBF3F2054B6FF35C
:1016E0000901032A9B5CC36500D9091D8165084671
:1016F00070470000882B010810B5014600208B6957
:101700008A6A4FF0C07453B1B3F5005F15D072B15F
:10171000012A0CD0022A0AD0032A09D104E01AB106
:10172000012A06D0022A03D1C96AC90100D50120C5
:1017300010BDC96AA142FAD010BD002AF7D0012A13
:10174000F2D0022AF3D0032AF3D010BD30B50468DA
:10175000256825F480252560046863608368402B34
:10176000036803D099600068C26030BD9A60006869
:10177000C16030BD70470000411C0CD00749B1F971
:101780000020904201D1521E0A80054A00EB400021
:10179000002102F830104FF0FF307047E0010020C8
:1017A000D48D002072B6FEE770B504464FF4027087
:1017B00000EB44101F2107F04DFC4FF4847000EB48
:1017C0004410102107F046FC4FF44270002500EB56
:1017D00044160A200BF037FC304607F0D5FB020018
:1017E00008D06D1C322DF4DB2146BDE8704004A00A
:1017F00008F0CEBC2146BDE870400DA008F0C8BC82
:10180000536F636B657420256420636C6F73652070
:1018100074696D656F75742C206C617374207374BA
:101820006174653D3078253032580D0A00000000A3
:10183000536F636B657420256420434C4F534544BC
:101840000D0A0000F0B50346406942889869448853
:1018500042B10020042611E05D6806EBC207EF5D8F
:10186000032F01D8FF20F0BD55F83250AD6B2D7815
:101870008D42F8D0521C401C92B2C0B2A242EBD9A9
:10188000FE20F0BD024908B14878704708787047DB
:10189000140000202DE9F05F0127384C02260325B3
:1018A0004FF004084FF005094FF0060A4FF0070B00
:1018B00000B333480EF093FD01200BF0C4FB314818
:1018C000008810F04F0F47D000F04F01402945D05D
:1018D00000F06F00212843D0232843D0272844D08C
:1018E000072845D00F2946D0082901D1082060706B
:1018F000BDE8F09F24480EF072FD01200BF0A3FB21
:101900002248008810F04F0F14D000F04F014029FA
:1019100012D000F06F00212810D0232810D02728E3
:1019200011D0072812D00F2913D00829E0D10820A0
:101930002070DDE72770DBE72670D9E72570D7E751
:1019400084F80080D4E784F80090D1E784F800A000
:10195000CEE784F800B0CBE76770C9E76670C7E7E9
:101960006570C5E784F80180C2E784F80190BFE79D
:1019700084F801A0BCE784F801B0B9E714000020A6
:10198000F40D00204809002000070020F601002087
:101990001CB52C4D2C4C4FF0FF36334600226946C7
:1019A000E86D0BF093FB30B90099D1B1012934D027
:1019B00026A008F0EDFBFFF7E5FD84F83000FFF707
:1019C000EFFD84F8310008B103F060FEFFF7E8FD99
:1019D00084F8320008B103F059FE32200BF033FBDB
:1019E000DBE721A0019908F0D3FB019848B1012859
:1019F0000DD00228DFD123A008F0CAFB03F01EFEA1
:101A0000D9E726A008F0C4FB03F040FED3E729A0E5
:101A100008F0BEFB03F06CFECDE72CA0019908F0A6
:101A2000B7FB019838B10128C5D12FA008F0B0FB51
:101A300007F080FBBFE732A008F0AAFB07F072FBBB
:101A4000B9E7000018000020441800205B47504907
:101A50004F5D20556E6B6E6F776E20747970653DAB
:101A600025640D0A000000005B4750494F2D4C498A
:101A70004654494E475D2073746174653D25640D7D
:101A80000A0000004C696674696E67205455524E16
:101A90005F444F574E207365740D0A004C6966749D
:101AA000696E6720484F4C445F4F4E207365740D3C
:101AB0000A0000004C696674696E67205455524EE6
:101AC0005F5550207365740D0A0000005B47504954
:101AD0004F2D5741524E494E475D207374617465D6
:101AE0003D25640D0A000000576172696E67204C45
:101AF000494748545F4F4E207365740D0A0000003B
:101B0000576172696E67204C494748545F4F46469B
:101B1000207365740D0A000070B50546D0F83C01CD
:101B2000008818B300242E1996F8B4000F2818D096
:101B300028680078A04214D096F8440140B9D5F83E
:101B4000382112B1214628469047012086F8B4007A
:101B500096F844012146401E86F8440128460BF0C1
:101B60005DF8641CE4B2802CDDD370BDB5F934019E
:101B7000FFF702FEA5F8340170BD000078B500241F
:101B8000009490F83C20012A19D0012280F83C20D2
:101B90000A6807230568092A13D9EE680A3A02EB96
:101BA000420293409E43EE600B788A680A3B03EB47
:101BB00043039A400368DD682A43DA6010E002209C
:101BC00078BD2E6902EB420293409E432E610B7852
:101BD0008A6803EB43039A4003681D692A431A612C
:101BE0004A681F23072A13D205686E6B521E02EB48
:101BF000820293409E436E630B790A885B1E92B209
:101C000003EB83039A4003685D6B2A435A6327E022
:101C100005680D2A12D22E6BD21F02EB820293406E
:101C20009E432E630B790A88DB1F92B203EB83037A
:101C30009A4003681D6B2A431A6311E0EE6A0D3A5D
:101C400002EB820293409E43EE620B790A880D3BC1
:101C500092B203EB83039A400368DD6A2A43DA6297
:101C6000164B0568144A9D4206D10D68122D03D10A
:101C7000556845F48005556005689D4218D10B688C
:101C8000102B01D0112B13D1536843F40003536080
:101C9000096810290CD10A490A4A0968B1FBF2F116
:101CA00001EB8101490000E0491E00910029FBD1B0
:101CB00080F83C40002078BD002301400020014016
:101CC0000001002040420F0070B504004FF00005F5
:101CD00003D0206C002610B107E0012070BD204623
:101CE00000F01CF8666484F83C60206CC00610D4D8
:101CF000206C20F4885040F0020020642046FFF75A
:101D000059FB6664206C20F0020040F00100206462
:101D100000E0012584F83C60284670BD30B587B0EE
:101D2000044614216846FEF7FDFA184920688842E7
:101D30002AD117480025016841F4807101600068CC
:101D400000F48070059012481438016841F00401D5
:101D50000160016801F004010591016841F0020190
:101D600001600068032400F00200059008208DE85F
:101D700031006946074800F04DFE00946946064868
:101D8000CDE9014500F046FE07B030BD002001401E
:101D900044380240000802400004024090F820202D
:101DA000012A07D0022A05D0416A41F4802141620C
:101DB00001207047006842690A4342610020704771
:101DC000F0B590F820500468A468012D05D0022DCC
:101DD00003D0416A41F480215DE014F0406F01D1ED
:101DE000E50055D5C4F30164022C03D9416A41F4DE
:101DF000000150E00125A5401D608D684FF4C073BF
:101E00009DB1CE6835434E6845EAC605066803EBCA
:101E10000417F5514FF4C275076805EB04150E69F8
:101E20007E51097D012905D009E00E88CD6845EA7B
:101E30004655EBE701684E5946F480764E511179CC
:101E4000D579567941EA056195792D0445EA06254B
:101E500029434FF4C676056806EB0416A95111789C
:101E6000D57841EA0561957852782D0445EA022239
:101E700011434FF4C475026805EB04155151006815
:101E800003EB0411425842F0010242500020F0BD21
:101E9000416A41F4001141620120F0BD10B590F893
:101EA0002020012A07D0022A05D0416A41F480216E
:101EB0004162012010BD3B48D0F8002242F00102EF
:101EC000C0F80022D0F8002222F47C52C0F8002290
:101ED000D0F800224B6A42EA0322C0F800220A7DB1
:101EE00002F01F0301229A40D0F81C329343C0F83D
:101EF0001C32CB69B3B9D0F80C329343C0F80C3222
:101F00008C894B6864F31F434C6900EBC404C4F82C
:101F100040320C890B6864F31F434C6900EBC40426
:101F2000C4F84432CB69012B16D1D0F80C321343DC
:101F3000C0F80C320C884B6864F31F434C6900EB0B
:101F4000C404C4F840320C89CB6864F31F434C6965
:101F500000EBC404C4F844328B69002BD0F804327F
:101F60000ED01343C0F804320B69002BD0F81432A2
:101F700008D01343C0F81432096A012904D008E0DC
:101F80009343EFE79343F5E7D0F81C121143C0F8F1
:101F90001C12D0F8001221F00101C0F8001200203C
:101FA00010BD0000006400407047406A704730B5C3
:101FB00090F82040012C05D0022C03D0416A41F456
:101FC00080215DE00468002955D02469A40754D01D
:101FD0004FF4D874056804EB01142D5915F004056D
:101FE000956005682D594ED0ED08556005682C594F
:101FF00004F00204D4604FF4DA74056804EB0114B1
:102000002D5905F00F05156105682D59C5F30725F4
:10201000956105682C59240C54614FF4DC720468F6
:1020200002EB0112A4581C700468A458240A5C70C6
:102030000468A458240C9C700468A258120EDA702C
:102040004FF4DE72046802EB0112A4581C7104689C
:10205000A458240A5C710468A458240C9C71046878
:10206000A258120EDA71006881B1016941F02001B5
:102070000161002030BDE468A8E7416A41F4001125
:102080004162012030BD6D0D1560AFE7C16841F0C0
:102090002001C160EDE70246002092F820100129DE
:1020A00001D002290CD111688A68520100D50120A3
:1020B0008A68120100D5401C8968C90000D5401CFF
:1020C00070472DE9F05F0546006800244669D0F8A6
:1020D00004908768D0F80CB0D0F810A0D0F8188021
:1020E000F10748D0F90714D001218160B80703D562
:1020F000284600F0AAFA0CE0780702D54FF40064F5
:1021000007E0380702D54FF4805402E0284600F07B
:102110009BFAF80516D529684FF480708860B805D9
:1021200003D5284600F093FA0CE0780502D544F474
:10213000005407E0380502D544F4804402E0284604
:1021400000F084FAF80316D529684FF480308860CF
:10215000B80303D5284600F07CFA0CE0780302D5DA
:1021600044F4004407E0380302D544F4803402E02C
:10217000284600F06DFA300707D55FEACB6004D53A
:102180002968102044F40074C86070074FF00807F5
:1021900007D55FEA0B7004D52868C760284600F0B1
:1021A00099F9B00706D52868C068800702D028468C
:1021B00000F092F9700607D55FEACA6004D5296875
:1021C000102044F480640861B00607D55FEA0A7005
:1021D00004D528680761284600F006FAF00606D5FF
:1021E00028680069800702D0284600F0FEF9B00395
:1021F00008D55FEAC96005D52968102048602846DF
:1022000000F0F4F9F00307D55FEA097004D52868F7
:102210004760284600F01EFA300446D55FEA497050
:1022200040D5F00504D55FEAC87001D044F0010440
:10223000B00504D55FEA887001D544F0020470054A
:1022400004D55FEA487001D544F00404300529D56F
:1022500018F0700F26D008F07000402815D006DC6A
:10226000102809D020280AD0302816D10AE050289A
:102270000ED0602811D10EE044F008040DE044F0C7
:1022800010040AE044F0200407E044F0400404E0B5
:1022900044F0800401E044F480742868816921F0EE
:1022A00070018161296804204860002C05D0686AAB
:1022B000204368622846FFF777FEBDE8F09F70B5BF
:1022C000040003D094F8200010B104E0012070BD98
:1022D000204600F081F82068016841F001010160AA
:1022E00000F09AFC0546052604E000F095FC401B32
:1022F0000A2811D820684068C007F6D02068016815
:1023000021F00201016000F087FC05460BE000F0BF
:1023100083FC401B0A2806D9606A40F400306062E2
:1023200084F82060D2E7206840688007EFD4207EE0
:102330000128206801683DD021F080010160607EA5
:1023400001282068016838D021F040010160A07E9A
:1023500001282068016833D021F020010160E07E6F
:102360000128206801682ED041F010010160207F13
:1023700001282068016829D021F008010160607FF0
:1023800001282068016824D021F004010160D4E90B
:1023900002010843D4E90412114308436168491E4D
:1023A00008432168C86100206062012084F8200091
:1023B000002070BD41F08001C0E741F04001C5E759
:1023C00041F02001CAE721F01001CFE741F00801F8
:1023D000D4E741F00401D9E7F0B587B004461421F1
:1023E0006846FDF79FFF364B3648DFF8D0E0596866
:1023F000D4F800C0334A03250226092710300024F0
:10240000491CF44522D15960012907D1016841F0E6
:1024100000710160006800F000700590106840F0E5
:10242000080010601068CDE9005600F00800CDE902
:10243000047069462448CDE9024500F0EBFA002219
:102440000521142000F0DAFC142032E0DFF87CE0F3
:10245000F44530D1D0F800C04CF0806CC0F800C01A
:10246000D0F800C001290CF0806CCDF814C0596080
:1024700007D1016841F000710160006800F0007050
:102480000590106840F002001060106802AB00F088
:10249000020005906020CDE9000683E8B00069469F
:1024A0000B4800F0B7FA00220521402000F0A6FCFE
:1024B000402000F095FC07B0F0BD00000064004033
:1024C000E800002030380240000C02400068004064
:1024D000000402407047000070B500683C490024C9
:1024E00001253C4E8CB0884235D11C2103A8FDF754
:1024F00019FF0A940B94009401940AAB03AA0021DB
:1025000035480294FFF753FD00285DD10598042853
:102510005AD00398ADF800000698022819D0002080
:102520008DF8020007988DF8030002460AA901A859
:10253000FDF7DFFE28480399203802C0079900F80C
:10254000011B0AA9079AFDF7D4FE35706946234896
:1025500038E00120E4E72249884235D11C2103A854
:10256000FDF7E0FE1C480A940B94009401940AAB1A
:1025700003AA002128300294FFF719FD002823D177
:102580000598042820D00398ADF80000069802288A
:102590001CD000208DF8020007988DF80300024639
:1025A0000AA901A8FDF7A5FE0B480399103802C03F
:1025B000079900F8011B0AA9079AFDF79AFE7570A2
:1025C0006946084808F0BEFF0CB070BD0120E1E785
:1025D00000640040E8000020E41A0020000700200A
:1025E00000680040F40D00207047704770470000FD
:1025F00070B5044690F82000012804D0606A40F4C9
:102600000020606218E0022084F820002068016841
:1026100021F00101016000F0FFFA05460EE000BF65
:1026200000F0FAFA401B0A2808D9606A40F400302A
:102630006062052084F82000012070BD2068406899
:10264000C007EDD1606270BD70477047704770473A
:102650007047704770472DE9F0410446876D00F0E0
:10266000DBFA064694F835000025022806D08020C3
:10267000606584F834500120BDE8F081206801686D
:1026800021F0160101602068416921F0800141615B
:10269000206C08B9A06C20B12068016821F0080105
:1026A00001602068016821F0010101600CE000F088
:1026B000B3FA801B052807D920206065032084F821
:1026C000350084F83450D7E720680068C007EED1A1
:1026D00094F85C103F208840B860012084F83500F1
:1026E00084F834500020C7E790F83510022903D051
:1026F0008021416501207047052180F83510006870
:10270000016821F001010160002070472DE9F843C4
:1027100004464FF00009CDF8009063484FF416517D
:10272000A56D0068B0FBF1F72E6894F85C100820E6
:1027300000FA01F131420FD021680A6852070BD527
:102740000A6822F004020A6094F85C108840A860CD
:10275000606D40F00100606594F85C104FF0010876
:1027600008FA01F0304208D021684969090604D509
:10277000A860606D40F00200606594F85C10042071
:102780008840304208D021680968890704D5A860CC
:10279000606D40F00400606594F85C101020884083
:1027A000304218D021680968090714D5A86020684C
:1027B0000168490304D50068000308D5A16C07E04F
:1027C0000168C90503D4016821F008010160216C8A
:1027D00009B12046884794F85C1020208840304298
:1027E00031D021680968C9062DD5A86094F8350054
:1027F00005282068016806D0490347D50068000312
:102800001DD4616C1CE021F0160101602068416953
:1028100021F080014161206C08B9A06C20B12068D2
:10282000016821F00801016094F85C103F208840A5
:10283000A86084F8358084F83490216D1FE0E16B46
:1028400009B120468847606D00282BD0606DC00715
:1028500014D0052084F835002068016821F00101BA
:1028600001600098401C0090B84203D820680068BE
:10287000C007F6D184F8358084F83490E16C0029E3
:1028800010D001B02046BDE8F04308470168C905F3
:10289000D5D4016821F01001016084F8358084F8F6
:1028A0003490CCE7BDE8F883000100202DE9F04129
:1028B000044600F0B1F906465CB1022084F8350008
:1028C000002584F834502068016821F0010101607E
:1028D0000DE00120BDE8F08100F09EF9801B052885
:1028E00005D920206065032084F83500F2E72068D0
:1028F0000068C007F0D12268116820480140D4E97F
:1029000001031843D4E9033633431843636918437A
:10291000A3691843E3691843236A18430843616AAB
:10292000042903D1D4E90B1319430843106020682C
:102930004069666A20F0070130460E4301270428EB
:102940000CD1A06A0643E06A40B12046FEF7D4FEEF
:1029500020B14020606584F83570BAE72068466190
:102960002046FEF7B5FE94F85C203F21914081603F
:10297000656584F835700020ACE700003F8010F0FA
:102980002DE9F0410446866D90F8340000250128B9
:102990000DD0012084F8340094F835700020012F08
:1029A00007D084F8340002252846BDE8F0810220D3
:1029B000FBE7022784F8357060652046FEF7C6FE07
:1029C00094F85C103F208840B0602068016841F0B6
:1029D00016010160206C20B12068016841F00801F7
:1029E00001602068016841F001010160DCE700003E
:1029F00070B5044600F010F90546601C02D004488A
:102A00000078044400F008F9401BA042FAD370BDDE
:102A1000F40000202DE9F84FDFF8BCA100220125C9
:102A20000AF1040B03264FF00F090BF1040E00BF4F
:102A30000B6805FA02F42340A34270D10F7907F026
:102A40000307012F01D0022F16D187684FEA4208F1
:102A500006FA08FC27EA0C07D1F80CC00CFA08FCAF
:102A60004CEA070CC0F808C04768A7430C79C4F3C8
:102A7000001494403C4344600C79E443A4070AD01A
:102A8000C4684FEA420C06FA0CF7BC438F6807FA99
:102A90000CF72743C7600C7904F00304022C12D111
:102AA000D40800EB840CDCF820405707FF0E09FA2D
:102AB00007F824EA0804D1F8108008FA07F848EA71
:102AC0000408CCF8208004684FEA420C06FA0CF7A0
:102AD000BC430F7907F0030707FA0CF72743076099
:102AE0004C6814F4403F70D03C4C276847F4804752
:102AF0002760246822F0030704F480440094384CD3
:102B000007EB040CDCF8084897074FEA177809FA36
:102B100008F7BC43334FB84202D1002724E054E009
:102B2000314FB84201D101271EE0304FB84201D1E8
:102B3000022719E02E4FB84201D1032714E02D4F90
:102B4000B84201D104270FE02B4FB84201D105272D
:102B50000AE02A4FB84201D1062705E0284FB842C3
:102B600001D1072700E0082707FA08F72743CCF828
:102B70000878DAF800405746D1F804C09C435FEA71
:102B8000CC3C00D51C433C60DBF800405F46D1F8EC
:102B900004C09C435FEA8C3C00D51C433C60DEF8DB
:102BA00000407746D1F804C09C435FEACC2C00D5A6
:102BB0001C433C60084F0C373C68D1F804C09C4370
:102BC0005FEA8C2C00D51C433C60521C102AFFF499
:102BD0002FAFBDE8F88F0000003C014044380240B0
:102BE00000300140000002400004024000080240A2
:102BF000000C024000100240001402400018024085
:102C0000001C02400069084000D0012070470AB152
:102C1000816170470904FBE7014880687047000044
:102C2000F400002090F83C10012912D0012100F896
:102C30003C1F2421417050F83C1CCA6822F00C0251
:102C400042F00402CA602021417000210170084650
:102C500070470220704790F83C10012912D00121E2
:102C600000F83C1F2421417050F83C1CCA6822F037
:102C70000C0242F00802CA6020214170002101705C
:102C8000084670470220704770B5040011D02168D3
:102C90004CF6CC400860216845F255500860D4E9F4
:102CA000000141602168A0688860FFF7B5FF054614
:102CB0000DE0012070BD00BFFFF7AEFF401B3128C3
:102CC00005D92068C068800701D0032070BD206846
:102CD000C0688007F0D121684AF6AA200860002069
:102CE00070BD00684AF6AA2101600020704700000C
:102CF000024881680278114481607047F400002026
:102D00000B4810B5016841F400710160016841F49D
:102D100080610160016841F480710160032000F06E
:102D20008DF80F2000F006F800F03EF8002010BDEE
:102D3000003C024010B5014688B00022362000F069
:102D40005DF8362000F04CF813480024016841F08B
:102D500010010160006805A900F0100006906846A7
:102D600000F018F900F036F90C494000B0FBF1F121
:102D70000C480B4A491E026040F2E732C0E90324C6
:102D8000C0E9011400F0F2FC10B1012008B010BD40
:102D9000044800F037FDF9E74038024040420F0098
:102DA00000100040681F00200C4882B0016841F408
:102DB00080410160006800F4804000900748001FD7
:102DC000016841F0805101600068002200F08050ED
:102DD00000900F21901E02B000F010B8443802405D
:102DE000002809DB00F01F0201219140400980000A
:102DF00000F1E020C0F8001170470000F0B40E4B65
:102E00001B680C46C3F30223C3F10705042D00D948
:102E10000425191D072901D2002300E0DB1E01262D
:102E200006FA05F1491E214099409E40761E164043
:102E30003143F0BC07F0D6B90CED00E0064900F0D4
:102E4000070208684FF6FF03184040EA0220034AD1
:102E500010430860704700000CED00E00000FA0528
:102E60002DE9F0470E46050065D0DFF81481D8F84B
:102E70000000F7B200F00700B04207D288F80070F7
:102E8000D8F8000000F00700B04254D128683D4C4B
:102E9000810712D5400703D5206840F4E050206038
:102EA0002878000703D5206840F46040206020683F
:102EB000A96820F0F000084320602878C0072DD0D2
:102EC000304968680839012812D0022813D0032835
:102ED00011D00968890700292DDA216821F0030142
:102EE00001432160FFF798FE814641F2883A0EE0E7
:102EF00009688903EFE709688901ECE7FFF78CFEB1
:102F0000A0EB0901514502D90320BDE8F0872068F4
:102F1000696800F00C00B0EB810FEFD1D8F8001019
:102F2000404601F00701B14207D90770006800F080
:102F30000700B04201D00120E7E72878400705D517
:102F40002068E96820F4E0500843206028780007F2
:102F500006D52068296920F4604040EAC10020605D
:102F600000F058F82168084AC1F30311515CC840C9
:102F70000649086006480068FFF7DCFE0020C4E749
:102F8000003C024008380240902B0108000100205C
:102F9000F80000200F2202600C4A136803F00303BC
:102FA0004360136803F0F0038360136803F4E05395
:102FB000C36012684FF4E05303EAD202026104488E
:102FC000006800F007000860704700000838024001
:102FD000003C02400448054900680968044AC1F3FE
:102FE0008221515CC840704700010020083802402F
:102FF000A02B01080448054900680968044AC1F388
:103000004231515CC840704700010020083802403E
:10301000A02B0108104810B5006810F00C010F48F3
:1030200018D0042916D0082914D10B4C241F21686C
:1030300001F03F02216821680023C1F38811A1FB40
:103040000001FDF71FF92168C1F30141491C490046
:10305000B0FBF1F010BD0000083802400024F4007D
:103060002DE9F84F04006ED02078DFF84C93C007AC
:10307000A9F104054AD009F104000168C1F38101F6
:10308000012908D00068C0F3810002280AD1D9F8CC
:103090000000400206D52868800337D56068002804
:1030A000E1D033E06068B0F5803F10D0B0F5A02FDC
:1030B000286810D020F480302860286820F4802010
:1030C00028606068A8B1FFF7A7FD06460DE02868F4
:1030D00040F48030F4E740F480202860F7E700BF38
:1030E000FFF79AFD801B642873D828688003F7D502
:1030F0000CE0FFF791FD064605E000BFFFF78CFDF1
:10310000801B6428F0D828688003F7D42078DFF883
:10311000AC8280074FF0000A3ED5A748001D016829
:1031200011F00C0F08D00068C0F3810002280BD109
:10313000D9F80000400207D42868800716D5E06857
:10314000012800D112E033E1E068B8B10120C8F8ED
:103150000000FFF761FD064605E000BFFFF75CFDDC
:10316000801B0228C0D828688007F7D52868216905
:1031700020F0F80040EAC10028600DE0C8F800A087
:10318000FFF74AFD064604E0FFF746FD801B0228D4
:103190001FD828688007F7D42078000722D5864FEB
:1031A00087486169703771B101210160FFF734FD13
:1031B000064604E0FFF730FD801B022809D8386876
:1031C0008007F7D50EE0C0F800A0FFF725FD064602
:1031D00005E082E0FFF720FD801B02287DD83868DB
:1031E0008007F7D42078400768D5DFF8CCB10027F6
:1031F0000BF13C0BDBF80000C0000BD4DBF8001037
:1032000041F08051CBF80010DBF80000012700F0FE
:10321000805000906B4E3068C00510D4306840F488
:1032200080703060FFF7F8FC009005E0FFF7F4FCD9
:103230000099401A022850D83068C005F6D55E4E75
:10324000A0686C3601280FD00528306810D020F017
:1032500001003060306820F004003060A068B8B130
:10326000FFF7DAFC00900FE0306840F00100F4E76F
:1032700040F004003060F7E7FFF7CEFC0099411AF8
:1032800041F28830814266D830688007F4D50EE07C
:10329000FFF7C2FC009007E0FFF7BEFC0099411A5F
:1032A00041F28830814256D830688007F4D42FB17B
:1032B000DBF8001021F08051CBF80010A069C8B3F2
:1032C0003D49091D0968C1F3810102294AD002283C
:1032D000504607D0C8F8600000E03CE0FFF79CFCD7
:1032E00004463BE04746C8F86000FFF795FC0646F9
:1032F00005E000BFFFF790FC801B02282BD8286850
:103300008001F7D4D4E907010843A16A2E4A49088D
:1033100002EB0141626A41EA8211084394F82C10E1
:1033200040EA0161C9F8001001203866FFF774FC1B
:10333000044606E03EE000BFFFF76EFC001B0228DB
:1033400009D828688001F7D534E000BFFFF764FC96
:10335000001B022802D90320BDE8F88F28688001ED
:10336000F4D427E00128F7D0D9F80000E26900F48E
:10337000800191421CD1226A00F03F01914217D195
:1033800047F6C071626A0140B1EB821F10D1A26A98
:103390004FF0FF3300F4403103EB5202B1EB024F28
:1033A00006D194F82C1000F07060B0EB016F01D0E2
:1033B0000120D1E70020CFE7043802400000474257
:1033C000800E4742007000400000FFFF70B504000F
:1033D00009D0606A002540B125616561A56294F855
:1033E000510040B10CE0012070BD6068B0F5827FF3
:1033F000F4D0E561F2E784F85050204600F044F83C
:10340000022084F851002068016821F04001016029
:10341000A088218900F4827001F404410843A18945
:1034200001F400610843217C01F002010843217D81
:1034300001F001010843218B01F400710843217F51
:1034400001F03801084394F8201001F0800108438E
:10345000218D01F40051084321680860A06904210E
:1034600001EA104094F8241001F01001084321688B
:1034700048602068C16921F40061C161656501206F
:1034800084F85100002070BD10B586B004461421A8
:103490006846FCF747FF14492068884221D1134849
:1034A0000021026842F480420260006800F480401B
:1034B00005900E481038026842F00202026000686F
:1034C00000F0020005904FF4604000900220CDE92A
:1034D0000101032003900520049069460448FFF78A
:1034E00099FA06B010BD0000003800404038024094
:1034F000000402402DE9F84F044690F850000027E0
:103500000A9E1D4692468B464FF0010901280ED0B7
:10351000012084F85000FFF77FFB804694F85100AB
:10352000616801280CD0B1F5827F07D102E002204A
:10353000BDE8F88FA16809B9042801D00227C2E0CC
:10354000BBF1000F27D0BAF1000F24D01DB394F8BF
:103550005100042802D0052084F851000020606545
:10356000C4F838A0E587A587C4F830B0E586A586FD
:103570002064606420680168490603D4016841F052
:1035800040010160E068B0F5006F606805D0E8B305
:10359000012D46D07FE0012795E008B1012D39D1FA
:1035A000206B21680088C860206B801C2063E08E3F
:1035B000401EE0862EE02068816889070FD5E18EE5
:1035C00069B1B9F1010F0AD1216B0988C160206B83
:1035D000801C2063E08E401EE0864FF000092068CA
:1035E0008168C9070CD0E18F51B1C068A16B088018
:1035F000A06B801CA063E08F401EE0874FF00109A4
:10360000FFF70AFBA0EB0800B04200E009E001D39D
:10361000701C50D1E08E0028CDD1E08F0028CAD197
:103620003FE0206B216800780873206B401C20630A
:10363000E08E401EE0862EE02068816889070FD565
:10364000E18E69B1B9F1010F0AD1216B09780173DB
:10365000206B401C2063E08E401EE0864FF0000986
:1036600020688168C9070CD0E18F51B1C068A16B97
:103670000870A06B401CA063E08F401EE0874FF0F5
:103680000109FFF7C9FAA0EB0800B04202D3701C91
:1036900001D010E07EB1E08E0028CDD1E08F00286F
:1036A000CAD142463146204603F0E6FD28B1012743
:1036B0002020606507E0032705E0A06818B92068AE
:1036C000C16880680090012084F85100002084F8CF
:1036D000500038462CE770477047000070B590F8EE
:1036E0003C20012A32D0012480F83C40022280F89C
:1036F0003D2003685A689D6822F070060A683243CC
:103700005A60134B02689A4214D0B2F1804F11D024
:10371000104B9A420ED0104B9A420BD00F4B9A424C
:1037200008D00F4B9A4205D00E4B9A4202D00E4B56
:103730009A4204D1496825F080031943916080F8CA
:103740003D40002180F83C10084670BD022070BD4D
:10375000000001400004004000080040000C004050
:1037600000040140004001400018004010B5040072
:1037700003D094F83D0010B107E0012010BD0020F7
:1037800084F83C00204600F01FF8022084F83D0039
:10379000211D206804F0BAFD012084F8460084F859
:1037A0003E0084F83F0084F8400084F8410084F82B
:1037B000420084F8430084F8440084F8450084F80B
:1037C0003D00002010BD000008B500680B4988428C
:1037D00012D10B48016841F0080101600068002225
:1037E00000F00800009005213220FFF707FBBDE83C
:1037F00008403220FFF7F4BA08BD0000000C00407A
:103800004038024090F83D10012901D00120704756
:10381000022180F83D100168CA6842F00102CA60C6
:1038200000681149884214D0B0F1804F11D00F497F
:1038300088420ED00E4988420BD00E49884208D0EB
:103840000D49884205D00D49884202D00C49884272
:1038500004D1816801F00701062903D0016841F015
:103860000101016000207047000001400004004099
:1038700000080040000C00400004014000400140EE
:103880000018004070B5044690F83C00002501285F
:1038900017D0012684F83C60022084F83D0020689F
:1038A000826822F0770222F47F4282600868502802
:1038B00038D00DDC20284FD005DC90B3102811D172
:1038C0004AE0022070BD302846D040280AD13BE0B3
:1038D00060282FD070280DD0B0F5805F03D0B0F5F0
:1038E000005F12D0012584F83D60002084F83C0080
:1038F000284670BDCB68D1E90121206804F06AFD3B
:103900002068816841F0770109E0CB68D1E90121A5
:10391000206804F05FFD2068816841F48041816087
:10392000E1E719E0CA684968206804F065FD5021A4
:10393000206806E0CA684968206804F06EFD6021CE
:10394000206804F051FDCEE7CA684968206804F099
:1039500053FD40212068F4E7226801461046F0E755
:10396000704770B50446006801694FF00005C9430F
:10397000890715D4C168C943890711D4E91E0161BB
:1039800001202077206880698007204602D0FFF759
:10399000E7FF04E000F098F8204600F0C2F8257731
:1039A00020680169C943490717D4C168C943490759
:1039B00013D46FF004010161022020772068806930
:1039C00010F4407F204602D0FFF7CAFF04E000F069
:1039D0007BF8204600F0A5F8257720680169C943E7
:1039E000090716D4C168C943090712D46FF008014A
:1039F0000161042020772068C0698007204602D03A
:103A0000FFF7AEFF04E000F05FF8204600F089F811
:103A1000257720680169C943C90617D4C168C9431D
:103A2000C90613D46FF010010161082020772068C7
:103A3000C06910F4407F204602D0FFF791FF04E0F8
:103A400000F042F8204600F06CF825772068016904
:103A5000C943C90708D1C168C943C90704D1891E30
:103A60000161204600F05EF820680169C94309063B
:103A700009D4C168C943090605D46FF0800101610A
:103A80002046FFF728FE20680169C943490609D48A
:103A9000C168C943490605D46FF040010161204661
:103AA00000F05CF820680169C94389060BD4C1683D
:103AB000C943890607D46FF0200101612046BDE8A3
:103AC0007040FFF709BE70BD704770B50D46040029
:103AD00003D094F83D0010B107E0012070BD002034
:103AE00084F83C00204600F01BF8022084F83D00DA
:103AF000211D206804F00AFC2068016821F00801FB
:103B0000016054F8460B016829430160012004F864
:103B10001F09E0752076E0762077A075002070BD43
:103B20007047704710B5044600680949884205D1BE
:103B3000084800210160416004F0B4FC0649206897
:103B4000884203D1BDE81040FFF7D2B810BD000095
:103B5000000C00403410002000100040704738B5C1
:103B6000044690F83E00202822D181B17AB194F821
:103B70003C0001281CD0012084F83C002063204632
:103B800004F00AFF002803D1216B012901D0012094
:103B900038BD21680A684968009121680C3151E8F4
:103BA000002F42F0100241E80023002BF5D138BD70
:103BB000022038BD7CB50022254B01921446234DCE
:103BC0001B7835E055F82460766886422FD155F889
:103BD000240090F84031042B2CD139B380F83E11E9
:103BE00055F8240080F83F2102E000BF00F082F881
:103BF00055F82430802203F1BC015868FFF7AFFF6D
:103C0000002855F824004068F0D1806B00680168F6
:103C100021F00801016001A8009055F8240000235C
:103C20000322D0F8AC0019460EF016FC02E0641C2A
:103C30009C42C7DB0198002807D006494FF080500E
:103C40000860BFF34F8FBFF36F8F7CBDD80100209A
:103C5000D401002004ED00E07047000070B5044678
:103C600020680C3050E8001F21F4907140E80012E9
:103C7000002AF5D12068143050E8001F21F001011E
:103C800040E80012002AF5D1206B012809D12068F4
:103C90000C3050E8001F21F0100140E80012002A0B
:103CA000F5D1206840694FF0200241064FF0000036
:103CB00015D52168143151E8003F23F0400341E855
:103CC0000035002DF5D1A16B49B109480865A06BFD
:103CD000FEF70AFD50B1A06B016D884706E0E08554
:103CE00084F83E2020632046FFF7B6FF002070BD19
:103CF000FF86000810B504460068406994F83D103E
:103D0000C0F3C010212911D180B12068143050E8CF
:103D1000001F21F0800140E80012002AF5D1606BFD
:103D200008B1FEF798FC204604F041FD2068406988
:103D300094F83E10C0F38010222911D180B1206880
:103D4000143050E8001F21F0400140E80012002A22
:103D5000F5D1A06B08B1FEF77EFC204604F000FD13
:103D6000002010BD70B516490024144D097822E0DA
:103D700055F82420526882421CD155F8240090F84E
:103D80004001042802D070BDFFF7B4FF55F824307D
:103D9000802203F1BC015868FFF7E1FE002855F8C6
:103DA00024004068F0D1806B0068016821F00801B0
:103DB000016070BD641C8C42DADB70BDD80100204C
:103DC000D401002010F83D1F4078084370470000E0
:103DD000F8B5016804460868CA684B6910F00F0F0F
:103DE0004FF0000559D003F0010602F490773743F5
:103DF00065D0C10705D0D10503D5216C41F0010183
:103E00002164410705D5D90703D0216C41F0020197
:103E10002164810705D5D90703D0216C41F0040145
:103E20002164010707D502F02001314303D0216C42
:103E300041F008012164216C00293AD0800604D5A4
:103E4000900602D5204604F0C0FC20684069216C31
:103E5000C0F38010090700D460B3204604F080FC52
:103E600020684069400621D52068143050E8001FC2
:103E700021F0400140E80012002AF5D1A06BA8B162
:103E80006C490165A06BFEF72FFC002811D0A06BD8
:103E9000016D01B0BDE8F040084783060FD59306D9
:103EA0000DD52046BDE8F84004F08FBC2046FFF752
:103EB00059FFF8BD2046FFF755FF2564F8BD266B76
:103EC0002023012E79D1C60677D5D60675D5086888
:103ED000486800904869400640D5A16B0868406872
:103EE0000004000CEAD0A28D8242E7D9E085C869BF
:103EF000B0F5807F2DD020680C3050E8001F21F4F1
:103F0000807140E80012002AF5D12068143050E892
:103F1000001F21F0010140E80012002AF5D12068BD
:103F2000143050E8001F21F0400140E80012002A40
:103F3000F5D184F83E30256320680C3050E8001F2E
:103F400021F0100140E80012002AF5D1A06BFEF725
:103F500082FBA08DE18D401A81B229E0A08DE18D18
:103F6000401A81B2E08D0028A8D00029A6D0206890
:103F70000C3050E8002F22F4907240E80026002E0A
:103F8000F5D12068143050E8002F22F0010240E8FB
:103F90000026002EF5D184F83E30256320680C30D1
:103FA00050E8002F22F0100240E80023002BF5D14A
:103FB0002046FFF7FFFDF8BDFFE705062BD51506E8
:103FC00029D594F83D002128F5D1A068B0F5805F8F
:103FD00001D12069B0B1206A411C216221680078BA
:103FE0004860E08C401E0004000CE084E3D12068AF
:103FF000C16821F08001C1602068C16841F04001C2
:10400000C160D8E7206A0088C0F308004860206AD1
:10401000801C2062E5E74006CDD55006CBD5CA68A6
:10402000204622F04002CA6084F83D3000F024FBB4
:10403000C1E700000986000870B5040004D094F8B8
:104040003D00002510B106E0012070BD84F83C5011
:10405000204600F023F8242084F83D002068C16841
:1040600021F40051C160204604F010FC2068016971
:1040700021F4904101612068416921F02A014161E8
:104080002068C16841F40051C1602564202084F893
:104090003D0084F83E00002070BD00002DE9F04F87
:1040A00087B0044614216846FCF73CF9D848D84943
:1040B000D64B10382268DFF85CE300264F05051563
:1040C0004FF002084FF003094FF0080C4FF0400B7F
:1040D0009A425CD10A68B24642F400220A6009683A
:1040E00001F400210591016841F0040101600068BC
:1040F00002AA00F0040005904FF44060CDE90008EA
:1041000082E8401269467046FEF784FCDFF80C83B3
:10411000C1494046C8F80010C0E90176C0E903650E
:10412000C8F81460C8F81860C8F81C60C8F82060A7
:10413000C8F82460FEF7BAFB08B1FDF733FBB74EB1
:10414000B548C4F8388060363030C8F8384086E862
:104150008108C6E903A5C6F814A0C6F818A0C6F8D9
:104160001CA0C6F820A03046C6F824A0FEF79EFB8F
:1041700008B1FDF717FB6663002205213420B46304
:10418000FEF73CFE3420FEF72BFEA548A6E0A54B2B
:104190009A4233D10A6842F480120A60096801F435
:1041A00080110591016841F004010160016801F08E
:1041B00004010591016841F0080101600068029660
:1041C00000F0080005909814CDE90008CDE9039CA3
:1041D000644669467046FEF71DFC0420CDE90008E0
:1041E0000296CDE9039469468F48FEF713FC00223E
:1041F00005213520FEF702FE35209AE08B4B4FF06B
:10420000070C4FF0010A9A4271D181490026091D1D
:104210000A6842F010020A60096801F01001059175
:10422000016841F001010160006801AA00F001008D
:104230000590581500900220CDF810C082E8410288
:10424000E04669467A48FEF7E5FB0220CDE90050DA
:10425000CDF808A0CDE9039869467548FEF7DAFB6A
:10426000DFF8B881734908F1C0084046C8F800106B
:10427000C0E90176C0E90365C8F81460C8F81860A1
:10428000C8F81C60C8F82060C8F82460FEF70EFB70
:1042900008B1FDF787FA6748674EC4F83880783070
:1042A000C8F8384086E881080020C6E90305706137
:1042B000B061F061306270623046FEF7F7FA08B123
:1042C000FDF770FA6663002205212520B463FEF72E
:1042D00095FD2520FEF784FD514888300068C168AF
:1042E00041F01001C16007B0BDE8F08FFFE7534B0C
:1042F0009A4221D10A6842F400320A60096801F446
:1043000000310591016841F00801016000686946CB
:1043100000F00800059060208DE80105CDE9039CC0
:104320004148FEF777FB002205212620FEF766FDB7
:104330002620FEF755FDD6E7414B9A42D3D10A68B5
:10434000002642F480220A60096801F48021059168
:10435000016841F008010160006801AA00F008004E
:104360000590981500900220CDF810C082E8410217
:10437000E04669462C48FEF74DFB4FF40070009074
:104380000220CDE9010ACDE9039869462648FEF7E7
:1043900041FBDFF8A480204908F160081839404645
:1043A000C8F80010C0E90176C0E90365C8F81460D8
:1043B000C8F81860C8F81C60C8F82060C8F8246005
:1043C000FEF774FA08B1FDF7EDF91B4E1248C4F878
:1043D0003880C0361830C8F8384086E88108002098
:1043E000C6E903057061B061F06130627062304609
:1043F000FEF75CFA08B1FDF7D5F9666300220521E6
:104400002720B463FEF7FAFC272092E7004C004017
:10441000403802400008024040600240281D002051
:10442000D41B002000500040000C0240001001404E
:104430000000024040640240481E0020004400404A
:104440000048004090F83E30202B0ED159B152B1B7
:1044500090F83C30012B08D0012380F83C30002339
:10446000036304F0E1BA01207047022070470000A6
:104470007CB500261D49019634461B4D097825E080
:1044800055F82420526882421FD155F8240090F834
:10449000401101291CD190F8A610BC3002F09CFDFF
:1044A00055F82430012203F1A6015868FFF7CAFF2E
:1044B0000EF06EF80246009655F8240001AB072175
:1044C000D0F8B0000EF048FA02E0641C8C42D7DB52
:1044D0000198002807D006494FF080500860BFF3CC
:1044E0004F8FBFF36F8F7CBDD8010020D401002017
:1044F00004ED00E0704700002DE9F843044690F811
:104500003D001F4616460D4620284CD1C5B1BEB110
:1045100094F83C00012846D0012084F83C004FF07C
:104520000008C4F84080212084F83D00FEF774FBA9
:10453000A6848146E684A068B0F5805F03D004E0DD
:104540000120BDE8F883206928B12E465FF0000500
:1045500084F83C800EE00026FAE78021204604F033
:104560007EFAA0B9AEB116F8010B21684860E08C64
:10457000401EE084E08C4B464FF00002009700287C
:10458000EBD14FF04001204604F069FA30B103202E
:10459000D7E735F8020BC0F30800E6E7202084F8DF
:1045A0003D000020CDE70220CBE7000070B50446B7
:1045B00090F83D00202836D191B38AB394F83C009E
:1045C000012830D0012084F83C002162A284E284DA
:1045D00000252564212084F83D00636B1348D863CF
:1045E000636B13481864636B1248D864606B13469E
:1045F00005652668606B321DFEF7C2F921686FF011
:104600004000086084F83C502068143050E8001FD7
:1046100041F0800140E80012002AF5D1002070BD71
:10462000FFE70120FBE70220F9E7000015870008FB
:10463000578700081986000890F83D30202B18D1C4
:10464000A9B1A2B190F83C30012B12D00162828452
:10465000C28400210164212280F83D2080F83C10B2
:104660000068C16841F08001C160002070470120EE
:1046700070470220704700001CB5144B00210191C7
:10468000114A1B7812E000BF52F82140646884424E
:104690000BD101A8009052F8210000231A46D0F84F
:1046A000AC0019460DF0D8FE02E0491C9942EBDB44
:1046B0000198002807D006494FF080500860BFF3EA
:1046C0004F8FBFF36F8F1CBDD8010020D401002095
:1046D00004ED00E07047FEE741F60103C81A994275
:1046E00070D034DC41F21803A1EB030099426BD087
:1046F00015DC41F20603A1EB030099425CD009DC12
:10470000B1F5805F52D06FF48050081850D0042863
:1047100048D14FE0012851D00E2843D150E0B0F5E8
:10472000BD6F59D00ADCB0F51A7F4FD0B0F57A7F53
:104730004ED0A0F54070E93834D14BE0A0F5A06030
:10474000E9384BD0A0F58070FF382BD148E044F613
:104750004003C11A984253D016DCB0F5006F49D01F
:1047600009DCA0F58070FF383ED001283ED0B0F5BE
:10477000C06F17D13CE0A0F5006001383CD03E3856
:10478000B0F5804F0ED139E0392941D006DC23291C
:1047900038D02B2938D0372904D137E0402939D0F7
:1047A000BE2939D02048106000207047002034E036
:1047B000012032E0022030E003202EE004202CE033
:1047C00005202AE00EE0FFE7062026E0072024E08F
:1047D000082022E0092020E00A201EE00B201CE037
:1047E0000C201AE00D2018E00E2016E00F2014E037
:1047F000102012E0112010E012200EE013200CE037
:1048000014200AE0152008E0162006E0172004E036
:10481000182002E0192000E01A200021116003494D
:1048200001EBC0007047000000000206E42C010804
:104830009F2803D1087808B10148704700207047CD
:10484000300009062DE9FF472B4DA87800284FF0CE
:10485000020027D1294F03900620388000240DF153
:104860000C08CDE900844FF400593B4622464946E6
:104870002348029406F010FB21480BF017FD002698
:10488000322008F0E0FB0020FDF704F82878032828
:104890000BD0761C0A2EF3DB1AA005F079FCAC7065
:1048A0006FF0020004B0BDE8F087052008F0CBFBF4
:1048B0003C80CDE90084114B002249461048029407
:1048C00006F0EAFA0E480BF0F1FC00260020FCF797
:1048D000E1FF2878022809D0761C0A2EF6DB15A005
:1048E00005F056FCAC706FF00100DBE71E4805F0E8
:1048F0004FFC0020D6E7000014000020E801002053
:10490000000700204B696E636F20656E61626C6505
:10491000206661696C65642C2052454144595F539F
:1049200057495443485F4F4E5F4641494C45442EDA
:104930000D0A00004B696E636F20656E61626C65E5
:10494000206661696C65642C205357495443485F65
:104950004F4E5F44495341424C45445F4641494CA8
:1049600045442E0D0A000000282F01082DE9FF5FA5
:10497000504CA07800284FF001003DD10026A070D7
:1049800035460020FCF786FF2078002837D04A4FB4
:1049900006200DF10C0A38804FF00209CDE900A580
:1049A000CDE902594FF4005B56463B46002259467A
:1049B000424806F071FA4248414B0022056004204B
:1049C000CDE90250CDE9006542F201013B4806F015
:1049D00063FA3A480BF06AFC00260020FCF75AFF05
:1049E0002078032815D0761C0A2EF6DB35A005F0BA
:1049F000CFFBA5706FF0020004B0BDE8F09F761CFD
:104A00000A2EBEDB3BA005F0C3FBA5704FF0FF30C4
:104A1000F2E7052008F017FB07213980CDE900A552
:104A2000CDE90259B8465746234B00225946234840
:104A300006F032FA21480BF039FC00260020FCF782
:104A400029FF2078042809D0761C0A2EF6DB34A032
:104A500005F09EFBA5706FF00300CDE7052008F080
:104A6000F2FA0F21A8F80010CDE90075124B0022D0
:104A700059461248029506F00FFA10480BF016FC42
:104A80000026322008F0DFFA0020FCF703FF207830
:104A9000052809D0761C0A2EF3DB2CA005F078FB44
:104AA000A5706FF00400A7E735A005F071FBA570B5
:104AB0000020A1E714000020E801002000070020EA
:104AC000EC0100204B696E636F20656E61626C655E
:104AD000206661696C65642C2052454144595F53DE
:104AE00057495443485F4F4E5F4641494C45442E19
:104AF0000D0A00004B696E636F20656E61626C6524
:104B0000206661696C65642C204745545F535441AD
:104B10005455535F4641494C45442E0D0A00000050
:104B20004B696E636F20656E61626C6520666169BA
:104B30006C65642C2053574954434845445F4F4E9D
:104B40005F4641494C45442E0D0A00004B696E6397
:104B50006F20656E61626C65206661696C65642CAE
:104B6000204F5045524154494F4E5F454E41424CB3
:104B700045445F4641494C45442E0D0A0000000063
:104B80004B696E636F2063757272656E7420737407
:104B900061747573206973204F5045524154494FD9
:104BA0004E5F454E41424C45442C20656E61626C1F
:104BB0006520636F6D706C657465642E0D0A00006E
:104BC00010B5022114480BF07DFC1349012081F837
:104BD000E101002110480BF029FD7F210E480BF068
:104BE00025FD05210C480BF021FD022201210A4878
:104BF00008F025F882220121074808F020F8C82093
:104C000008F021FA80220121034808F018F8BDE8D5
:104C10001040322008F017BA000700202DE9FF41AC
:104C20001C4E80462F2030800024022003ADCDE9A9
:104C30000240CDE900540703334622463946164860
:104C400006F02AF9154904200B46C1F80080CDE989
:104C50000240CDE900540022791C0F4806F01CF9EF
:104C60000D480BF023FB3F203080CDE90054334644
:104C7000002239460848029406F00EF906480BF067
:104C800015FB05480BF0ABFB052008F0DCF9BDE88F
:104C9000FF810000E801002000070020EC01002057
:104CA0003EB505460020ADF80800062102A8CDE972
:104CB0000001002346F23F020121074802F022FAD8
:104CC000040004D005A005F063FA20463EBDBDF8FF
:104CD00008002880F9E70000000700204B696E6398
:104CE0006F2053444F2072656164204552524F52E9
:104CF0005F434F44455F494E444558204661696CC7
:104D000065640D0A000000001FB504210391FBF744
:104D1000D0FE9FED0E1B53EC112BFBF758FEFBF75B
:104D2000F4FE0C490B4B0860002003A9CDE90010EC
:104D30000246029042F20201074806F0ADF806482A
:104D40000BF0B4FA04480BF04AFB1FBD2D7AA70202
:104D5000EE79D14008020020000700202DE9F04F35
:104D600087B04FF001088DF81480052705ACCDE918
:104D7000004746F2600500232A464146B84802F043
:104D800014FA10B1B7A005F003FA00268DF81460EC
:104D9000CDE9004733462A460121B14802F0B2F975
:104DA00010B1BCA005F0F4F99DF81400012802D060
:104DB000C4A005F0EDF9CC48072403ADCDE90054BB
:104DC000029046F28109039000234A460121A4483B
:104DD00002F0EBF910B1C5A005F0DAF9CDE9005405
:104DE00000234A4601219E48039602F08BF910B138
:104DF000CBA005F0CDF9DDE90201814204D04FF4EA
:104E0000FA71D3A005F0C4F94DF2B710CDE9005402
:104E1000029046F28309039000234A4601219048FC
:104E200002F0C3F910B1D6A005F0B2F9CDE90054F3
:104E300000234A4601218A48039602F063F910B123
:104E4000DAA005F0A5F9DDE90201814203D03221A3
:104E5000E1A005F09DF9ED48CDE90054029046F23D
:104E60008409039000234A4601217D4802F09DF900
:104E700010B1E7A005F08CF9CDE9005400234A46B3
:104E800001217748039602F03DF910B1EBA005F03F
:104E90007FF9DDE90201814203D0C821F2A005F0CB
:104EA00077F90DF10809FD48CDE90094012302903E
:104EB0004FF4A05219466A4802F077F910B1F8A0F1
:104EC00005F066F945468DF810800DF11008CDE922
:104ED000008702234FF4A0520121614802F065F9D6
:104EE00010B1EFA005F054F9CDE900874FF4B05BA5
:104EF0008DF8106000235A460121594802F055F9F7
:104F000010B1F2A005F044F9FC48CDF80090CDE9CD
:104F1000014001235A461946514802F046F910B1A2
:104F2000EAA005F035F9F648A246CDF80090CDE9A3
:104F300001A04C4602234FF4B0520121484802F030
:104F400034F910B1E1A005F023F90220CDE9008782
:104F50008DF81000B946C34600234FF4B05201212A
:104F60003F4802F022F910B1D8A005F011F940F243
:104F700001200094CDE901A0012357464FF4A0522F
:104F80001946374802F011F910B1C5A005F000F933
:104F9000C24802A9CDE90017401C01230290BA467D
:104FA00041F2014219462E4802F0FFF810B1D5A097
:104FB00005F0EEF8CDE900B9A8468DF810504C4642
:104FC0005D46022341F201420121254802F0EDF83D
:104FD00010B1CCA005F0DCF8CDE9005441F2016B32
:104FE000B1468DF8106000235A4601211C4802F09A
:104FF000DCF810B1CEA005F0CBF8D94802AF00978D
:10500000CDE901A0012356465A461946144802F03C
:10501000CCF810B1C6A005F0BBF8CDE900548DF86E
:10502000108000235A4601210D4802F0BEF810B14D
:10503000BFA005F0ADF840F202200097CDE9016075
:10504000012341F201421946054802F0AEF810B1C1
:10505000ACA005F09DF8C34801234FF4C05A83E18A
:10506000000700204B696E636F2053444F20577236
:1050700069746520534552564F5F574F524B5F4DF1
:105080004F44455F494E444558204661696C65640C
:105090000D0A00004B696E636F2053444F20726508
:1050A000616420534552564F5F574F524B5F4D4FEF
:1050B00044455F494E444558204661696C65640D1E
:1050C0000A0000004B696E636F2073657420706F77
:1050D000736974696F6E206D6F6465204661696CD9
:1050E00065640D0A00000000938888004B696E63B8
:1050F0006F2053444F2057726974652050524F46B9
:10510000494C45445F56454C4F434954595F494EBD
:10511000444558204661696C65640D0A0000000032
:105120004B696E636F2053444F2072656164205059
:10513000524F46494C45445F56454C4F434954599C
:105140005F494E444558204661696C65640D0A000C
:105150004B696E636F207365742070726F66696C43
:1051600065642076656C6F6369747920746F20259F
:10517000642072706D204661696C65640D0A0000E0
:105180004B696E636F2053444F20577269746520DA
:1051900050524F46494C45445F4143435F494E445A
:1051A0004558204661696C65640D0A004B696E6361
:1051B0006F2053444F20726561642050524F46491E
:1051C0004C45445F4143435F494E44455820466146
:1051D000696C65640D0A00004B696E636F2073652E
:1051E000742070726F66696C656420616363656CBE
:1051F00065726174696F6E20746F2025642072700F
:105200006D204661696C65640D0A0000DC46030090
:105210004B696E636F2053444F2057726974652049
:1052200050524F46494C45445F4445435F494E44C4
:105230004558204661696C65640D0A004B696E63D0
:105240006F2053444F20726561642050524F46498D
:105250004C45445F4445435F494E444558204661B0
:10526000696C65640D0A00004B696E636F2073659D
:10527000742070726F66696C656420646563656C28
:1052800065726174696F6E20746F2025642072707E
:105290006D204661696C65640D0A000021000008FC
:1052A0004B696E636F2053444F20577269746520B9
:1052B0005250444F315F504152414D5F494E444539
:1052C00058204661696C65640D0A00004B696E6385
:1052D0006F2053444F205772697465205250444FD9
:1052E000315F4D415050494E475F494E444558202B
:1052F0004661696C65640D0A0000000010004060A2
:1053000020007A604B696E636F2053444F205772C0
:10531000697465205250444F325F504152414D5F95
:10532000494E444558204661696C65640D0A000089
:105330004B696E636F2053444F2057726974652028
:105340005250444F325F4D415050494E475F494E95
:10535000444558204661696C65640D0A00000000F0
:1053600020008160810100800097CDE901605246F4
:105370001946614801F019FF10B160A004F008FF60
:10538000CDE900548DF810800223D3465246012106
:10539000594801F00AFF10B158A004F0F9FECA46BE
:1053A0008DF81090CDE900544FF4D05900234A46AF
:1053B0000121514801F0F9FE10B15BA004F0E8FEB4
:1053C00065480097CDE9016001234A4619464A48DD
:1053D00001F0EBFE10B154A004F0DAFE5F48009734
:1053E000CDE9016002234A460121434801F0DDFE78
:1053F00010B14DA004F0CCFE0220CDE900548DF890
:10540000100000234A4601213B4801F0CEFE10B1B6
:1054100045A004F0BDFE40F281100097CDE9016087
:1054200001235A461946344801F0BFFE10B133A09B
:1054300004F0AEFE4A480097CDE90160012341F631
:10544000010BB9465A4619462B4801F0AEFE10B181
:1054500044A004F09DFECDE9005447468DF810802D
:1054600002235A460121244801F09FFE10B13DA0BD
:1054700004F08EFE8DF810A0CDE9005441F6012A0B
:105480000023524601211C4801F08FFE10B135A0C7
:1054900004F07EFE3E48B046CDF80090CDE9018094
:1054A00001234E4652461946134801F07EFE10B1C4
:1054B0002CA004F06DFECDE900548DF8107000238F
:1054C000524601210C4801F070FE10B125A004F0F5
:1054D0005FFE4FF4C1700096CDE9018001235A466A
:1054E0001946054801F061FE002802D01DA004F015
:1054F0004FFE07B0BDE8F08F000700204B696E63D8
:105500006F2053444F205772697465205450444FA4
:10551000315F504152414D5F494E444558204661EC
:10552000696C65640D0A00004B696E636F2053441B
:105530004F205772697465205450444F315F4D417C
:105540005050494E475F494E444558204661696C6A
:1055500065640D0A000000001000416020006360D7
:10556000820100804B696E636F2053444F20577255
:10557000697465205450444F325F504152414D5F31
:10558000494E444558204661696C65640D0A000027
:1055900020006C601C4D88B0287828B91BA004F04E
:1055A000F7FD00200BF08CFC00273E4607F058FD6D
:1055B00004460021A86E07F01BFE88B900231A4696
:1055C00001A9286D07F082FD50B9002000900DF16F
:1055D000080C18489CE80E0006F090FF04F1C8067D
:1055E000E01B64280CD3B4420AD30021E86E07F014
:1055F000FFFD28B9002210490E4807F04BF8274656
:105600000A2007F020FDD1E71800002041637175E2
:10561000697265206C656674526563765261774481
:10562000617461507472206661696C6564210D0A51
:1056300000000000CC1400204418002030B585B0D4
:1056400014216846FAF76EFE4FF400700025CDE98C
:10565000000569460B48FDF7DDF94FF400640120B1
:10566000CDE900400220CDE90250074D69462846A9
:10567000FDF7D0F9002221462846FDF7C8FA05B00B
:1056800030BD000000080240000002402DE9F04358
:1056900085B014216846FAF745FE4FF400740125E1
:1056A000002602278DE8F000DFF83C906946484666
:1056B000FDF7B0F94FF4006801A8CDF8008080E84C
:1056C000E0000A4D69462846FDF7A4F9002241464C
:1056D0002846FDF79CFA002221464846FDF797FA36
:1056E00005B0BDE8F0830000000802400000024061
:1056F00070B586B014216846FAF714FE4FF40074B2
:105700000120CDE9004000250220CDE90250094EDC
:1057100069463046FDF77EF9A000CDE900056946EF
:105720000548FDF777F9002221463046FDF76FFA6C
:1057300006B070BD000802400000024000210A4689
:1057400000EBC103491C9A620529F9DB7047000090
:105750002DE9F0410446DDE90765069F416500211A
:105760004FEA010004EBC10C491CCCF828000529C4
:10577000F8DB206266616062C4E90127C4E9035373
:10578000207720650120206004F1580002F00DFF11
:1057900004F16000BDE8F04102F007BF002101778D
:1057A0000162416A002901D0FFF7C8BF704708B500
:1057B0006A4600F001F808BD2DE9F04198B01646A0
:1057C0000F4604464FF0FF384546582220496846A8
:1057D000FAF78FFD206A80BB16A802F0E6FE16A835
:1057E000616802F0DAFE07B96F46398BA161B87EB5
:1057F000606204F1600002F0C5FE3A46A1682069CB
:1058000000F00AFA011E1EDD16AA20460AF051FD1C
:10581000050018D116AA022120460BF0B9FD022876
:105820000AD10027377077703146701CE3686269CF
:1058300000F034F8012801D0454604E0357815B968
:1058400001202062277718B02846BDE8F0810000CB
:10585000D02B01082DE9FC41074615460E460024D1
:10586000684600930AF05CFA60F30704C4F3C000D2
:1058700030702009387001A9009800F0F9F80099FB
:10588000019A014400910A44511A022904DB684636
:105890000AF04CFA28800120BDE8FC812DE9FC418A
:1058A000074600240E462546684600920AF038FA5C
:1058B0000146204661F307000009022819D101A919
:1058C000009800F0D5F80099054608440199009029
:1058D0000144081A02280CDB68460AF021FA60F33A
:1058E000070404F00100387068460AF019FA3070B5
:1058F00001252846BDE8FC812DE9FC5F8046DDE9F5
:105900000EA00024CDE90004994617460E46254610
:10591000DDF834B068460AF003FA60F307042009A2
:1059200003282CD1C4F3C00188F80010C4F341004F
:10593000306004F00100387001A9009800F098F878
:10594000009905460844019900904418224669468A
:105950000C980AF0F4F990B10098201A0FD430682E
:10596000002804DD68460AF0E1F9A9F80000009873
:10597000211ACAF8001000990125CBF8001028461A
:10598000BDE8FC9F2DE9FC4781460A980024009061
:105990009A4616468846254668460AF0C1F90146E9
:1059A000204661F307000009092826D101A90098C3
:1059B00000F05EF8009905460844019900904718E8
:1059C000381A022819DB68460AF0B0F9A9F8000075
:1059D00034600EE03168414502DD4FF0FF350CE0E8
:1059E00068460AF09DF931688B00491C31604AF81D
:1059F00003000098B842EDD301252846BDE8FC8796
:105A00007CB504464FF0FF35684602F0CEFD68468F
:105A1000616802F0C2FDA168206900F0C4F9011EAE
:105A200004DD6A4620460AF044FC05462046FFF79E
:105A3000B5FE28467CBD006A7047F8B501250024F4
:105A40000E4607460C60641C042C0FDC01216846DE
:105A5000B84701280AD19DF80000316800F07F02A4
:105A600002FB0511ED0131600006ECD42046F8BDC3
:105A7000024A10600248FFF7E0BF0000D00100209A
:105A80002DB1000810B503460020CA1701EB52647F
:105A900024F07F02891ACAB2E111002902DD00BF99
:105AA00042F080021A5400F10100EEDC10BD70B526
:105AB00004680E4624B12046FAF73FFC054601E093
:105AC000D0E901543046FAF738FC854205D12A4620
:105AD00031462046FAF753FC08B1002070BD012082
:105AE00070BD0000401C802801DA401C7047B0F5F2
:105AF000804F01DA801C70470349884201DAC01CDC
:105B00007047001D70470000FFFF1F002DE9F043A4
:105B100006464FF0FF37006A89B015463C464FF005
:105B20000009884678B307A802F03FFD07A871680E
:105B300002F033FD2878012801D0022803D1304635
:105B400006F0A8F9A880D5E90201CDE90501CDE963
:105B50000289CDF81090A9886878CDE900012B78EA
:105B60000022B168306900F024F9011E29DD07AA7E
:105B700030460AF09EFB040021D12878012803D08A
:105B8000022813D01BE01CE007AA042130460BF0CA
:105B9000FFFB042811D1F068009001AA02A903A814
:105BA0007369FFF757FE012807D108E007AA07210C
:105BB00030460BF0EDFB0728EDD03C4601E0601CC1
:105BC00002D13046FFF7EAFD09B02046BDE8F08378
:105BD000F8B50024069E05460090042901DAA01EAF
:105BE000F8BD62F3071463F3C304062A24F0060029
:105BF00000D1801CC1B268460BF076FE02210098ED
:105C0000FFF740FF009908440090314668460BF0CA
:105C100071FE0098401BF8BD2DE9F843074600903F
:105C2000884614460025104600F082F88146FFF7AA
:105C300059FF404502DDA81EBDE8F8832E463146D7
:105C400066F30701684610310BF04EFE4946009896
:105C5000FFF718FF009908440090207A04281DD00F
:105C60002FA168460BF02CFE032168460BF03CFE8A
:105C7000A07E66F3070560F34105E07E08B145F0BC
:105C80000405680707D594F83D0060F3C40594F84F
:105C90003C0060F34515206C40B905E022A1684640
:105CA0000BF00EFE0421E0E7A06C08B145F0800582
:105CB000E06C08B9606D08B145F0400529466846BA
:105CC0000BF012FE218B68460BF014FE04F10C0160
:105CD00068460EC90BF01DFEE07E68B124346846AC
:105CE00094E80E00243C0BF014FE3034684694E82F
:105CF0000E00303C0BF00DFE280605D504F14001E6
:105D000068460EC90BF005FE680605D54C3468469A
:105D100094E80E000BF0FDFD0098C01B8CE700001E
:105D20004D514973647000004D51545400000000FF
:105D300070B50446007A0025032802D0042802D05A
:105D400002E00C2500E00A2504F10C0007C800F071
:105D5000ABF90544E07EAD1C78B1243494E807002B
:105D6000243C00F0A1F93034064694E80700303CAA
:105D700000F09AF9304405442D1D206C08B9A16C3F
:105D800029B1D4E9111200F08FF90544AD1CE06C83
:105D900008B9616D29B1D4E9141200F085F9054400
:105DA000AD1C284670BD0E2200F0B3B80C2200F0E6
:105DB000B0B82DE9FC5F1C46129ECDE90060DDF80D
:105DC00038B09046DDF830A0DDE90F23894607465C
:105DD0005946204600F030F80546FFF783FE484557
:105DE00003DD6FF00100BDE8FC9F302168F3C301C3
:105DF00064F342016AF3000101A80BF075FD294626
:105E00000198FFF73FFE019908440190DDE90F2357
:105E1000594601A80BF07DFD002C03DD01A80D996A
:105E20000BF068FD324611990198FAF762FA019871
:105E300030440190C01BD6E770B50E4611460446AB
:105E40001A463046049D00F02FF92844801C002C8F
:105E500000DD801C70BD00002DE9FF4F83B00646B9
:105E600010A8894690E880090024924625464146BC
:105E70003846009600F036F80190FFF733FE4845AB
:105E800003DDA01E07B0BDE8F08F64F30704803483
:105E90006AF3C30424F00600801CC1B268460BF00C
:105EA00023FDDDE90001FFF7EDFD009908440090B6
:105EB000684606990BF01EFD0FE000BF05EB45019B
:105EC00008EB810090E80E0068460BF022FD1BF8FD
:105ED000251068460BF008FD6D1CBD42EEDB0098F6
:105EE000801BCFE72DE9F04102250F46064600242E
:105EF0000AE000BF04EB440007EB800007C800F095
:105F0000D3F80544641CED1CB442F3DB2846BDE81D
:105F1000F08138B5002304460090022901DA981E6A
:105F200038BD194663F3070162F3071168460BF0A9
:105F3000DBFC00210098FFF7A5FD009908440090C4
:105F4000001B38BD2DE9F0471746894606464FF03D
:105F5000FF35002406EBC408D8F8280018B14946DC
:105F6000FAF7F2F930B1641C052CF3DB17B3681CA7
:105F70000DD01FE0002F06D106EBC4014FF000004A
:105F80008862C8F82C004FF000050DD112E04FF0E8
:105F9000000400BF06EBC400806A20B104F10104D4
:105FA000052CF7DB06E00025052C03DA06EBC40020
:105FB000C0E90A972846BDE8F0871CB501AC0094FB
:105FC00000F001F81CBD2DE9FF478CB00026054606
:105FD0000796089606914FF0FF38189F006A9A4678
:105FE0008946444620B309A802F0DFFA09A8696887
:105FF00002F0D3FA284605F04DFF83B20EAA06A997
:1060000001208DE807000022A9682869FFF724FF16
:10601000011E27DD09AA28460AF04BF904001FD10A
:1060200009AA092128460BF0B3F9092801D04446F2
:1060300018E002963E70E9686869CDE900013B46C8
:1060400002AA012103A8FFF79DFC012808D1387896
:10605000802805D0524649462846FFF773FF04467C
:10606000601C02D12846FFF799FB10B02046BDE81E
:10607000F0877CB506460D460024684602F095FA86
:106080002946684602F089FA6946304605F00CFD5B
:10609000002802DA4FF0FF3404E0684602F08DFA7F
:1060A0000028F1D020467CBD10B510B1FAF745F9B3
:1060B0000146084610BD00007FB50021214800912F
:1060C000019102911E4A0391026001244FF4803233
:1060D0000461C0E90121047680F820101A4AC0E961
:1060E0000A210325C561C16080F830104461FBF7C7
:1060F000EBFD08B1FBF756FB0820CDE900040720B3
:10610000029069460F48FBF739FD08B1FBF74AFBDF
:10611000092000900220019069460A48FBF72EFDF5
:1061200008B1FBF73FFB0D20CDE9000569460548A6
:10613000FBF724FD002801D0FBF734FB7FBD0000F6
:10614000002001407C1A00200100000F10B5164805
:106150008AB01449016006210024C0E90114090431
:10616000C0E903414FF4A00141610476447684768E
:10617000C47604774477FCF7A2F808B1FBF712FB6A
:106180000E200990012001940294CDE90640039469
:10619000009408900594694604940348FBF77EFE3A
:1061A0000AB010BD00640040E41A002010B5174882
:1061B0008AB01549016003210024C0E901144FF49D
:1061C0002021C0E903414FF48011416104764476F7
:1061D0008476C47604774477FCF771F808B1FBF74E
:1061E000E1FA02940E200121009401940394079196
:1061F0000990CDE905040891049469460348FBF72A
:106200004DFE0AB010BD0000006800400C1B0020CD
:10621000214808B5016841F480010160016801F47A
:1062200080010091016841F40011016000680022C2
:1062300000F40010009005210C20FCF7DFFD0C207D
:10624000FCF7CEFD002205210D20FCF7D7FD0D2027
:10625000FCF7C6FD002205210E20FCF7CFFD0E2025
:10626000FCF7BEFD002205210F20FCF7C7FD0F2023
:10627000FCF7B6FD002205213A20FCF7BFFD3A20CD
:10628000FCF7AEFD002205214620FCF7B7FDBDE876
:1062900008404620FCF7A4BD3038024070B505F038
:1062A00081FA02F00DF800221146012006F0CEFF1F
:1062B0004B4C00221146A066012006F0C7FF0022C9
:1062C000E0661146012006F0C1FF0022206711465A
:1062D000012006F0BBFF002360671A4601214148F8
:1062E00007F074F80023A0671A4601213E4807F022
:1062F0006DF80023E0671A4601213C4807F066F874
:1063000004F18005002328601A460121384807F06F
:106310005DF8686000221C210A2006F009FF206554
:1063200000221C210A2006F003FF606500220C21D8
:106330000A2006F0FDFEA06500221821142006F0B8
:10634000F7FE206600221821142006F0F1FE606698
:10635000002208210A2006F0EBFEE0650A21A06F6A
:1063600007F070F8C821E06F07F06CF80A21286880
:1063700007F068F8C821686807F064F81D4A002132
:106380001D4806F0DDFF1B4A6063243200211B48D4
:1063900006F0D6FF174AA06348320021184806F0DD
:1063A000CFFF144AE0636C320021164806F0C8FFA4
:1063B000104A606490320021134806F0C1FF0D4A74
:1063C000A064B4320021114806F0BAFF094AE06423
:1063D000D83200210E4806F0B3FF206470BD0000E3
:1063E000180000203D8500085585000849850008F3
:1063F00061850008DC2901087D75000841800008DE
:10640000A977000895550008216F00089119000828
:10641000217700082DE9F04786B014216846F9F786
:1064200081FF62480024016841F0100101600168A9
:1064300001F010010591016841F0800101600168DF
:1064400001F080010591016841F0040101600168DB
:1064500001F004010591016841F00101016001684A
:1064600001F001010591016841F00201016001683C
:1064700001F002010591016841F008010160006826
:106480004B4E00F00800059000224BF68471304618
:10649000FCF7BDFBDFF81C8100224FF40E61404683
:1064A000FCF7B5FBDFF8109100224FF42C71484641
:1064B000FCF7ADFB414F002231153846FCF7A7FB36
:1064C000012211033846FCF7A2FBDFF8F4A00022FA
:1064D00008215046FCF79BFB40F684700090012594
:1064E000CDE90154694630460394FCF793FAE02065
:1064F0000090CDE90154694640460394FCF78AFABE
:1065000030200090CDE90154694648460394FCF7D9
:1065100081FA4FF44050CDE9000569463046CDE997
:106520000245FCF777FAE803CDE900050320CDE941
:10653000024069463046FCF76DFA4FF4A0500090D7
:10654000CDE90154694638460394FCF763FA4FF4E9
:1065500020700226CDE90005CDE90246694648468D
:10656000FCF758FA28028DE8310069464846FCF7E6
:1065700051FA4FF488508DE8310069464046FCF7E7
:1065800049FAE802CDE90005CDE9024669464046F0
:10659000FCF740FA08200090CDE9015469465046C6
:1065A0000394FCF737FA06B0BDE8F08730380240B4
:1065B00000100240000002400008024000040240B7
:1065C000000C02402DE9F0412048042420490470C9
:1065D0000025416005724FF47A76A0F8A26000F5BC
:1065E0005277C0F898704FF00808C560A0F8A480F2
:1065F00080F8404100F02CF9144800F0B3F9A7F5F9
:10660000E2701449047041600572A0F8A260C0F8FD
:106610009870C560A0F8A48080F8404100F018F997
:10662000A7F5E27000F09EF9084805F0DFFE0A4C7D
:106630000125206100B12570084805F0D7FE606192
:10664000002800D06570BDE8F0810000CC14002067
:106650005C1C0020E41C00201800002050160020C4
:106660000F4810B50D4901604FF48271416000215F
:106670008160C1604FF400720161C0E90512C1611F
:106680000162416281620A21C162FCF79FFE00281B
:1066900003D0BDE81040FBF785B810BD00380040BE
:1066A000341B002010B586B000241B4800940194D0
:1066B00002940394049417490594016040F2473111
:1066C000C0E901144FF6FF71C0E903148461FDF7BE
:1066D0004DF808B1FBF766F84FF48050009069461A
:1066E0000D48FDF7CFF808B1FBF75CF808210A4820
:1066F000FDF7EBF908B1FBF755F8049404A9064837
:106700000594FCF7EBFF002801D0FBF74BF806B02F
:1067100010BD0000000C00408C1B00200C4810B580
:106720000A4901604FF4E1314160002181600C228F
:10673000C160C0E904128161C161FDF77DFC0028E0
:1067400003D0BDE81040FBF72DB810BD004C004051
:10675000D41B00200E4810B50C4901604FF4E13104
:106760004160002181600C22C160C0E90412816196
:10677000C161FDF761FC08B1FBF714F8BDE81040FA
:10678000012204490248FDF75DBE000000500040B0
:10679000181C0020F00000200C4810B50A490160C8
:1067A0004FF4E1314160002181600C22C160C0E9F9
:1067B00004128161C161FDF73FFC002803D0BDE8F0
:1067C0001040FAF7EFBF10BD001001405C1C002024
:1067D0000E4810B50C4901604FF4E13141600021D1
:1067E00081600C22C160C0E904128161C161FDF7C2
:1067F00023FC08B1FAF7D6FFBDE810400122044996
:106800000248FDF71FBE000000440040A01C00200D
:10681000F00000200C4810B50A4901604FF4E13146
:106820004160002181600C22C160C0E904128161D5
:10683000C161FDF701FC002803D0BDE81040FAF764
:10684000B1BF10BD00480040E41C0020FEE700007E
:1068500038B52D4D04462878022853D204F1BC00E7
:1068600000F0D9FB2078032802D0042808D0FEE7E6
:10687000264A2146264806F063FDC4F8AC001EE017
:10688000224A21462432234806F05AFD44F8AC0F30
:106890002148009034F80A1C002220A0A3680BF0C5
:1068A000F9FFA060AC3C40B3184A1021183A02200E
:1068B00006F03EFCC4F8A80000B3D4F8AC00F0B178
:1068C0001A4800900022052119A0D4F8B0300BF02E
:1068D000E1FFC4F8B00098B10C4A012148320846E3
:1068E00006F0B4FCC4F8B80058B107492878091D6F
:1068F00041F82040401C287038BDFEE7FEE7FEE767
:10690000FEE7FEE7FEE70000D4010020482C010866
:10691000A97E0008457D0008B51101087854696D0D
:10692000657254696D656F7574000000611101082E
:1069300054696D6572543335000000000FB410B512
:1069400004460078042800D0FEE706F0F7FC069025
:1069500000231A4603A9D4F8A8000BF077F910BC5D
:106960005DF814FB10B5044690F84001012806D0EC
:10697000032839D0022837D0042800D0FEE7E06889
:1069800018B1218A0022FCF742F92078032802D1AD
:10699000D4F8980080B16068FDF714FA2028FAD185
:1069A00094F840010428606807D0012204F1A60190
:1069B000FDF748FD78B1FEE7FEE7802204F1BC0157
:1069C000FDF7CDF800B1FEE76068806B00680168F4
:1069D00021F008010160207A0028207802D00428E4
:1069E00002D1FEE7032808D0002084F8930004F8C1
:1069F000940FA0816081208110BDFEE7FEE70000BA
:106A00002DE9F04F87B0044693468A46084605A90B
:106A100004AACDE9002102AD06AE2A4645A12B1DF0
:106A2000F9F7BCFC042804D04FF0FF3007B0BDE8F4
:106A3000F08F002015F820103154401C0428F9DB99
:106A40004FF0050901254FF4427629463CA003F09A
:106A50009FFB207B04F0B4FE0BF094FD07464FF43F
:106A6000FA7812E00BF08EFDC01B40450AD9E068B1
:106A700006EB401002F088FA02463EA0E16803F0FF
:106A800087FB09E00A2006F0DEFAE06806EB40101A
:106A900002F07AFA0028E5D1207B00235A46012132
:106AA00009F046FEE168884203D03EA003F070FB87
:106AB0002DE05A46514644A003F06AFB207B5A461B
:106AC00006A904F0D1FE0746E06806EB401002F08C
:106AD0005BFA8046E0684FF4027101EB401002F06F
:106AE00053FA00F01F0342463946424803F050FB78
:106AF000012F02D1B8F1170F14D03FA0E16803F0C5
:106B000047FB207B04F05CFEC82006F09CFA6D1C5D
:106B100048464D4599DD014646A003F039FB6FF02C
:106B2000010083E75B46524650A0E16803F030FB6A
:106B300000207BE725642E25642E25642E25640025
:106B40005B4E6574776F726B436F6E6E6563745DD9
:106B500020617474656D70742025643A206F7065CF
:106B60006E696E6720736F636B65742E2E2E0D0A2F
:106B7000000000005761726E696E673A20736F63A0
:106B80006B657420256420636C6F73652074696D78
:106B9000656F75742C2053523D3078253032580D76
:106BA0000A0000005B4E6574776F726B436F6E6E08
:106BB0006563745D20736F636B657428292066615B
:106BC000696C65640D0A00005B4E6574776F726BCB
:106BD000436F6E6E6563745D20636F6E6E65637484
:106BE000696E6720746F2025733A25642E2E2E0D52
:106BF0000A000000503101085B4E6574776F726BBC
:106C0000436F6E6E6563745D20536F636B657420B4
:106C1000256420636F6E6E656374696F6E206661B4
:106C2000696C65642C20636C6F73696E672E2E2E01
:106C30000D0A00005B4E6574776F726B436F6E6E6A
:106C40006563745D204661696C656420746F2063C0
:106C50006F6E6E65637420616674657220256420B2
:106C6000617474656D7074730D0A00005B4E657419
:106C7000776F726B436F6E6E6563745D20536F63E5
:106C80006B657420256420636F6E6E656374656444
:106C900020746F2025733A25640D0A00007B04F0F0
:106CA000F3BF00000021C160034901600349416056
:106CB0000349816070470000378F00085F8F00082C
:106CC000318F000810B509F0C1FD002010BD000093
:106CD00038B50446B0F9AC00A834FAF74DFDA080F1
:106CE00054F8A809008850B164214843002300905B
:106CF000044A1946204600F0F9FBA4F8AC00002035
:106D000038BD0000596E000810B5044606F072F94F
:106D1000204606F033F9002010BD0000D0F808121C
:106D2000097869B900210A4606E000BFD0F80C32A4
:106D300043F82120491CC9B290F805328B42F5D89E
:106D40000020704730B401EBC102846802254FF087
:106D5000FF3305EB4205635300238468062505EBEA
:106D60004202A35230BCC9B209F014BA30B401EBEC
:106D7000C102846804254FF0FF3305EB42056353DD
:106D80008368C9B213F8124024F0010403F81240DA
:106D900030BC09F0FFB900002DE9F8430646406910
:106DA0004FF4C0550489B0690789CCB1DFF83C8045
:106DB000BC4215D8D6F8E4316A4629463046984791
:106DC000009941B90268C2F82C800268C2F83C8080
:106DD0000068C0F85C806D1C641CADB2A4B2E7E72B
:106DE0003046BDE8F843002103F0C8BF3F840008E7
:106DF0002DE9F0470446406900260589A069B0F8EE
:106E0000088035BBBDE8F087A16806EBC607022005
:106E100000EB470931F90900FAF7AEFCA26822F845
:106E20000900A168042000EB470931F90900FAF7CD
:106E3000A3FCA268761CF6B222F80900A168002023
:106E4000062201F81700A16802EB47026D1C885268
:106E5000ADB24545D8D9D5E73EB50446D0F8A8002F
:106E60000088A8B120686946007800F5E060ADF8B8
:106E7000000001208DF8030000208DF8020094F836
:106E80007C008DF8040094F8E10104F099FB3EBD0C
:106E900034F9AC0FFAF770FC20803EBD00B587B026
:106EA00014216846F9F73EFA0C480021026842F0C6
:106EB00008020260006800F00800059008200090B9
:106EC0000120CDE901010220039069460448FBF747
:106ED000A1FD022000F006F807B000BD30380240E6
:106EE000000C0240022804D1002208210148FBF7CF
:106EF0008EBE7047000C024038B51D461446D0F8CF
:106F0000E4316A469847009939B90179A14204D918
:106F100000680C2101EB04114550009838BD0000B9
:106F2000204D88B0687828B91FA003F031F90020FF
:106F300009F0C6FF00273E4606F092F804460021FD
:106F4000286F06F055F988B900231A4601A9686D23
:106F500006F0BCF850B9012000900DF1140C1C484B
:106F60009CE80E0005F0CAFA04F1C806E01B64288C
:106F700013D3B44211D30021686F06F039F918B168
:106F80000BE0052006F05FF8A8780028F9D101226F
:106F900010490F4805F07EFB27460A2006F053F8FB
:106FA000CAE700001800002041637175697265200E
:106FB000726967687452656376526177446174617F
:106FC000507472206661696C6564210D0A000000CE
:106FD000501600205018002090F88120815490F81D
:106FE0008110491C01F07F0180F8811090F8821017
:106FF000802906D0002280F88320491C80F8821066
:107000007047012180F8831010F8801F491C01F09F
:107010007F0101707047002100F8801F417081706E
:10702000C170704790F88220AFF3008010B590F8DF
:10703000823013B10AB1802A01D9002010BD00238B
:107040000DE000BF90F88040045DCC5490F8804083
:10705000641C04F07F045B1C80F88040DBB2934228
:1070600003D290F882409C42ECD890F88210C91A62
:1070700080F88210002180F88310FFF7CCFF1846BB
:1070800010BD00002DE9FC41054640690F464088CF
:10709000002833D0C7EBC70101EB410105EB8104A8
:1070A000A96994F8282049881044884226D869683C
:1070B000134E51F83000806B90F800804FF0FF3095
:1070C000A4F87400852084F82A0094F83200CDE9F1
:1070D0000006238E94F82910284609F064F9E66228
:1070E000A26F2AB1414628469047E06AB04205D1D6
:1070F000F9B22846BDE8FC4108F090BFBDE8FC812C
:10710000000004052DE9F04786B08946DDE90E64EC
:107110008246052C11D0062C11D0072C11D000204E
:10712000029080B100255046CDE9004508F021FECF
:1071300060B1A81E06B0BDE8F0870120F0E702208C
:10714000EEE70420ECE74FF0FF30F3E704950395FA
:1071500000254FF4FA7804AF0DE0012005F073FF2D
:107160006D1C454507D902224946504604F062FB92
:107170006FF00300DEE702AB03AA494650460097D2
:1071800004F096FE0128E8D1052C04D0062C05D089
:10719000072C08D105E00398307004E00398308094
:1071A00001E0039830600020C4E7F0B585B00E46DA
:1071B000DDE90A140746052C07D0062C07D0072C5A
:1071C00007D04FF0FF3005B0F0BD012002E00220F3
:1071D00000E00420002500900395CDE901413146EF
:1071E00038460AF0B1FB08B1A81EECE7049502E0AE
:1071F000012005F028FF04AA3146384604F08EFF2E
:107200000128F5D10020DEE71FB5C1EBC10101EB7C
:10721000410100EB81014A6B0AB98A6B4A63039210
:10722000012203ABCDE90032029201F13C0391F857
:107230003220098E03F030FE04B010BD70B5C1EBF2
:10724000C10101EB410100EB81018C6BA0182028EA
:1072500001D9FF2070BD002006E026181D5C0E44F9
:10726000401C86F83C50C0B29042F6D3886B104464
:107270008863002070BD000038B504461248134BE7
:107280000068B0FBF3F04FF47A73584300906068E5
:10729000B0F5827F0DD10B4600920022802120465E
:1072A00000F016F870B1606D40F0200060650320BA
:1072B00038BD009830B1401E009020688068C043FF
:1072C0000006F6D5002038BD0001002000366E0112
:1072D0002DE9F8431E46914688460446089DFBF773
:1072E0009BFC401B351AFBF797FC074625480068B6
:1072F000C0F3CB30684338E0701C37D0FBF78CFC10
:10730000C01BA84203D215B1009860B32CE02068DE
:10731000416821F0E00141606068B0F5827F0BD1E7
:10732000A068B0F5004F02D0B0F5806F04D120689E
:10733000016821F040010160A06AB0F5005F09D149
:107340002068016821F4005101602068016841F45F
:1073500000510160012084F85100002084F85000A1
:107360000320BDE8F8830025401E00902068816856
:1073700038EA010004D000214945BDD10020F0E7E2
:107380000121F9E7000100202DE9F0410F460446F4
:10739000002690461D46D0F8B800711E0AF09EFEE9
:1073A000207A00B1FF2694F8A70000B1FE2617F05E
:1073B000FF0001D0F72801D9F72600E05EB175B2D1
:1073C0000023A5741A461946D4F8B8000AF03EFC0A
:1073D0002846BDE8F081C4F89850E074C7F307234D
:1073E000380C2375010A61751FFA88F2A075170A17
:1073F00006210026D0B2052B16D008DC012B11D0B7
:10740000022B0FD0032B0DD0042B5FD10AE0062BEB
:1074100013D04FF0070C04F113010F2B13D0102BD6
:1074200054D133E0E7750CE0288800B1FF20E07507
:1074300084F8186084F8931048E02888000AE07502
:1074400028782076F6E713095B061B0E120701D099
:107450005B1CDBB2E7752076637684F893C000206E
:1074600011E0C20720F0010201D0AA5C01E0AA5A93
:10747000120A94F893707A5494F89320521C401C8A
:1074800084F8932080B29842EBD31FE0E775207612
:107490005000607684F893C0002015E035F8103075
:1074A00094F893701B0A7B5494F893305B1CDBB206
:1074B00084F8933015F810705F5494F893305B1C87
:1074C000401C84F8933080B28242E7D8204608F00E
:1074D000A1FF00231A461946D4F8B8000AF0B6FBFB
:1074E000012084F8A700A674002072E72DE9F05F60
:1074F0008B46214982460026B1F900001C46914680
:107500001C4D401C08E000BFB9F1000F01D02A78E3
:1075100052B1761C36B21835864201DC082EF3DBF8
:107520004FF0FF30BDE8F09F8846864201D1A8F8B1
:10753000000004F09DFC07464FF6FF7120468C4288
:1075400000D30846D8F80420BA4207D9D21B824299
:1075500004D93A18C8F8042009F0BAF8E019C5E9C6
:1075600003B0C5E901A90A98686101202870304676
:10757000D8E70000D48D0020E001002088B0464903
:10758000464803F063FF28B945A002F001FE002041
:1075900009F096FCFDF714FBFDF7E0FB3F4809F00E
:1075A00089F9012211463D4805F049FB0AF0EAFF3E
:1075B000404D414C4FF6FF76069000231A4669462F
:1075C000206E05F083FD002833D1009801281BD1DF
:1075D0000020FAF757F905280ED00027FDF7C6F965
:1075E00038B10A2005F02FFD7F1C0A2FF6DB33A0EF
:1075F00000E038A002F0CCFD0098012804D10198E9
:10760000B04201D0FDF70AFB029840F6B731401EA8
:10761000884202D20298FDF777FB009848B9002013
:10762000FAF730F9052804D12FA002F0B1FDFDF7DB
:1076300009F9206A0A21B0FBF1F201FB120058B9E6
:10764000164808F0CCFE2C48008828832B48006898
:10765000E8612B4800682862206A4FF4FA71B0FB99
:10766000F1F201FB120070B913480A30FDF718FB64
:1076700008B1668101E0608918B1618921A002F03A
:1076800087FD60896883206A0A21401C206206A861
:1076900009F0D0FB91E7000020A1070000070020BF
:1076A00043414E3120696E6974206661696C65647E
:1076B0000D0A000044180020180000204B696E637A
:1076C0006F20454E41424C455F4641494C45440D73
:1076D0000A0000004B696E636F20454E41424C45E5
:1076E0005F4F4B0D0A00000044697361626C6520B6
:1076F0006B696E636F0D0A00F6010020F80100202F
:10770000FC0100204B696E636F206572726F725FBF
:10771000636F64652069733A307825780D0A00003C
:1077200008B5114C4FF47A751048FBF7DAFA0AF0F5
:1077300029FF014620890090E388A2880CA002F06E
:1077400027FDA0881E2805D2E088322802D2208991
:10775000322804D30CA002F01BFD09F037F92846AB
:1077600005F071FCE0E70000180000204810002040
:10777000743A256C75206D7320653A256420256464
:107780002025640D0A00000053797374656D205242
:10779000657365742064756520746F206572726FFF
:1077A0007273210D0A0000009AB004F023FE012834
:1077B00002D080A002F0ECFC8848FFF773FA874DF6
:1077C000874C4FF47A774FF00008287BF9F7ECFFED
:1077D0004FF4FA7608E083A002F0DAFCE088401C5F
:1077E000E080304605F02FFC01F054FAC007F2D0DB
:1077F00040F25B7282A17948FFF702F9002812D0AB
:1078000083A002F0C5FCE0880A30E08001F05CFA59
:10781000010001D08AA02DE092A002F0B9FC384608
:1078200005F011FCD1E796494FF40070CDE9000155
:10783000A1F50073694902904FF4FA6201F110005A
:10784000FDF786FF58228F4903A8F8F752FD042060
:107850008DF814008CA006903C20ADF82400012087
:107860008DF826005D4803A91030FDF7A0FF010048
:1078700003D089A002F08CFCD1E791A002F088FC33
:107880005648A4F80680934B002293A11030FEF7CF
:1078900094FB010003D094A002F07AFC02E09DA0CA
:1078A00002F076FC4D488B4B0022A1A11030FEF770
:1078B00084FB010003D0A3A002F06AFC02E0ACA0AC
:1078C00002F066FC4548834B0022B1A11030FEF760
:1078D00074FB010003D0B2A002F05AFC02E0BBA08E
:1078E00002F056FC0AF04EFEBDF82400BF495FF0DE
:1078F00000064843B0FBF7F901F0CCF9C0070BD004
:10790000E8684FF4427101EB401001F03DFB014685
:1079100017280FD0B6A03FE0C1A002F039FC2F48D5
:107920001030FEF76DF82D48FFF7B8F9C54981F81A
:1079300000804AE7294864211030FEF79AFB0100D5
:1079400006D5C1A002F024FCE088401CE08025E0C0
:107950000AF018FE824621481030FEF76CF850B14C
:107960000AF010FEA0EB0A01494506D9C3A000BFEA
:1079700002F00EFC12E0CFA0FAE7DB4805F076FA41
:1079800008B1002612E0761C3146D8A002F000FCB7
:10799000032E0BDB3146E0A002F0FAFB0F4810305B
:1079A000FEF72EF80D48FFF779F90EE70A2005F0EB
:1079B0004AFBA1E7573535303020696E697420667F
:1079C00061696C65642C204D515454207461736B53
:1079D00020696E76616C69642E0D0A0054100020D7
:1079E0001800002057616974696E6720666F722005
:1079F000504859204C696E6B2E2E2E0D0A00000047
:107A00003139322E3136382E312E3130000000001F
:107A10004D515454204E6574776F726B20636F6EB6
:107A20006E656374206661696C65642C2072657490
:107A3000727920573535303020696E69740D0A002F
:107A4000573535303020696E6974206661696C6520
:107A5000642C726573756C742069733A25640D0A21
:107A600000000000573535303020696E697420738E
:107A700075636365737366756C6C792E0D0A00000F
:107A8000CC120020302B010853544D33325F436C2D
:107A900069656E74000000004D51545420436F6EB0
:107AA0006E656374206661696C65642C2072633D49
:107AB00025642C2072657472792031730D0A0000E0
:107AC0004D51545420436F6E6E6563746564210D8F
:107AD0000A00000065CC0008726F626F742F677037
:107AE000696F2F636D64000053756273637269621E
:107AF0006520726F626F742F6770696F2F636D649A
:107B0000206661696C65642C2072633D25640D0AF2
:107B100000000000537562736372696265642072CD
:107B20006F626F742F6770696F2F636D640D0A0049
:107B3000726F626F742F677269707065722F636DF8
:107B40006400000053756273637269626520726F2E
:107B5000626F742F677269707065722F636D642035
:107B60006661696C65642C2072633D25640D0A00B2
:107B70005375627363726962656420726F626F74B9
:107B80002F677269707065722F636D640D0A000053
:107B9000726F626F742F736572766F2F636D6400FE
:107BA00053756273637269626520726F626F742FBE
:107BB000736572766F2F636D64206661696C6564AE
:107BC0002C2072633D25640D0A000000537562731A
:107BD00063726962656420726F626F742F7365727D
:107BE000766F2F636D640D0A0000000080841E0014
:107BF000536F636B6574206C6F73742028737461AA
:107C00007475733D307825303258292C20726563A5
:107C10006F6E6E656374696E672E2E2E0D0A0000FE
:107C2000504859204C696E6B20446F776E2C20723F
:107C300065636F6E6E656374696E672E2E2E0D0A16
:107C400000000000C80100204D5154545969656C72
:107C5000642072657475726E6564206572726F72ED
:107C60002072633D25642C207265636F6E6E6563C0
:107C700074696E672E2E2E0D0A0000004E6F207361
:107C800075636365737366756C204D5154545969FF
:107C9000656C6420666F7220746F6F206C6F6E6706
:107CA0002C207265636F6E6E656374696E672E2E2D
:107CB0002E0D0A004D5154544973436F6E6E656327
:107CC0007465642072657475726E65642066616C9B
:107CD00073652C207265636F6E6E656374696E6781
:107CE0002E2E2E0D0A000000441800205075626CE4
:107CF00069736820726F626F742073797320737474
:107D000061747573206661696C65642028636E74A4
:107D10003D2564290D0A00005075626C6973682066
:107D20006661696C65642025642074696D65732CD7
:107D3000207265636F6E6E656374696E672E2E2E9A
:107D40000D0A000086B004464FF0FF394FF00008DE
:107D50004E464A4601A9D4F8A8000AF0D5F804987E
:107D600000900DF1040C20469CE80E00FFF70CFB80
:107D70003146012008F03CFE454684F8128020B1CF
:107D800084F8A7506FF007010AE0204604F0EAF8F3
:107D900094F8930006280AD284F8A7506FF00501E2
:107DA000A174B4F8A000401CA4F8A00010E0009555
:107DB0000023A8461A460321D4F8B4000AF0CCFDEB
:107DC000204609F017FA41B231B184F8A780A174B6
:107DD00000230322049864E0A1743146D4F8B8006B
:107DE0000AF07CF9207D052849DA012806D002280E
:107DF00004D0032820D0042841D11DE0032600250B
:107E000016E0E807D4F8980025F0010704D0C15D1A
:107E1000AA191019C07C04E0AA19C05B1119000A44
:107E2000C97C09F047FDD4F898106D1CEDB2C85319
:107E3000607DA842E5D822E0607D0326400884F8F2
:107E40004201002514E0A719397DF87C09F032FDC4
:107E50000146D4F89800B61CF6B220F81510B7F811
:107E6000130004EB450140BA6D1CA1F84401EDB2CA
:107E7000607DB5EB500FE6D3012184F8411184F801
:107E8000A780A07C00287FF463AF00231A46194620
:107E9000D4F8B80009F0DAFE002303226FF00A01DB
:107EA00004980AF069FA53E704464FF0010B4FF0CB
:107EB000080900274FF0060AA77494F8400101282A
:107EC00001D0042809D14FF0FF31012008F090FDC6
:107ED000204604F047F8C01C0BD094F89300072804
:107EE00009D2FA20A074B4F8A000401CA4F8A000A5
:107EF000E2E7FD20F6E7E07C217A8842DCD12046EB
:107F000009F0ACF905000DD0207D217AE1748030B4
:107F100020756575032084F89300204608F07AFAEE
:107F2000A574C9E7A7744FF0FF31D4F8B8000AF080
:107F3000D5F8207D05281AD008DC01280DD00228AC
:107F40000BD003280DD004282ED10AE006283DD0FE
:107F50000F284DD0102827D14EE0204607F068F9B1
:107F600002E0204607F000FA84F8A7001CE0A17D9B
:107F7000607D09F09FFC0146E27D000901F00F01E0
:107F8000FF2A19D0D4F898200BFA01F332F81050D8
:107F90009D4322F8105000BF84F893A04D46204620
:107FA00008F038FA84F8A75000231A461946D4F886
:107FB000B80009F04BFE7FE7D4F898300BFA01F5D2
:107FC00033F810202A4323F81020E5E7A17D607DD7
:107FD00009F070FC0546217EE07D09F06BFCD4F8C9
:107FE000981021F8150084F893A04D462046D7E755
:107FF000204607F076F9B7E7B4F81500002590FAA7
:1080000090F8B4F81700E77546BA267684F893A07E
:108010000FE000BF04EB4500C17E807E09F04AFC02
:10802000014608EB0500D4F898206D1CADB222F88B
:108030001010B542EED394F893502046AD1CAFE734
:1080400088B04649464803F03FFA28B945A002F0F7
:108050009FF8002008F034FF40F6B83004F0F3FF3A
:1080600001F0CAFA01F004FC3D4808F023FC0122AB
:1080700011463B4804F0E3FD0AF084FA3E4D3F4CC4
:108080004FF6FF76069000231A466946606E05F0AB
:108090001DF800282FD10398012810D1F9F7F2FB21
:1080A00005280CD05FF0000701F076F920B17F1CA5
:1080B0000A2FF9DB32A000E037A002F069F805983A
:1080C000401E1D2802D8059801F0A8FB039801283E
:1080D00008D10498B0420ED000EE100AB8EEC00AE3
:1080E00001F0B8FA039830B930A002F051F801F06D
:1080F00005FB01F0B9F8606A0A21B0FBF1F201FB5F
:10810000120058B9164808F06AF92D480088A8846A
:108110002C480068A8622C480068E862616A4FF445
:10812000FA70B1FBF0F200FB121070B913480C307A
:1081300001F040FB08B1A68101E0A08918B1A18936
:1081400022A002F025F8A089E884606A0A21401C78
:10815000606206A808F06EFE95E7000040420F003E
:10816000F40D002043414E3220696E69742066612F
:10817000696C65640D0A0000441800201800002096
:108180005A65726F45727220454E41424C455F46BA
:1081900041494C45440D0A005A65726F4572722080
:1081A000454E41424C455F4F4B0D0A004469736197
:1081B000626C65207A65726F6572720D0A0000004C
:1081C000480900204C090020500900205A65726FB0
:1081D000657272206572726F725F636F6465206989
:1081E000733A307825780D0A0000000008F0F7B8DF
:1081F00010B54FF0E02000690AF0B6F9012803D06D
:10820000BDE8104009F02CBC10BD000030B593B0A3
:1082100030216846F8F786F814210CA8F8F782F8A0
:108220001E480025016841F080510160006800F09F
:10823000805011901A48016841F480410160006843
:10824000022400F48040119001200090000401906D
:108250008001CDE90640102008904FF4A870CDE9C8
:10826000090404200B906846FAF7FAFE08B172B6CA
:10827000FEE70CA90F2081E831004FF4A0500F90C9
:108280004FF48050109005210CA8FAF7E9FD002862
:1082900001D072B6FEE713B030BD00004038024096
:1082A000007000400248016841F4700101607047AD
:1082B00088ED00E00148FBF754BB00008C1B002058
:1082C00010B5FEF7EFF90D4840F2473102689162B0
:1082D00002684FF6FF71D162C160026801215162EC
:1082E0000268C91E11610068C16841F00101C160E6
:1082F000BDE810400148FBF785BA00008C1B002048
:108300000148FBF72EBB0000681F0020F0B5026893
:10831000254C264D264E274F274B4FF0804CA04230
:1083200009D0604507D0A84205D0B04203D0B8427A
:1083300001D0984204D122F0700E4A6842EA0E023F
:10834000A0421BD0604519D0A84217D0B04215D02A
:10835000B84213D0984211D0184DA8420ED0184DF3
:10836000A8420BD0174DA84208D0174DA84205D0FF
:10837000164DA84202D0164DA84203D122F44075F2
:10838000CA682A434D6922F080022A4302608A6843
:10839000C2620A688262A04201D0984201D1096992
:1083A000016301214161F0BD000001400004004073
:1083B00000080040000C0040000401400040014063
:1083C000004401400048014000180040001C0040EB
:1083D0000020004010B5846842EA032224F47F4460
:1083E0000A432243826010BD826822F070020A4371
:1083F00042F007018160704710B5036A046A24F0F7
:1084000001040462846924F0F00444EA021423F0B5
:108410000A020A438461026210BD10B5036A23F0A8
:10842000100303628369046A23F4704343EA02324F
:1084300024F0A00343EA01118261016210BD2DE91D
:10844000F041044690F8820048B3022A03D0032A80
:1084500001D0052A23D16269A088127A00EBC200FC
:10846000081AC0F3C705A16805EBC506022000EB9A
:108470004607C85FF9F780F9A168C853A1680420CE
:1084800000EB4607C85FF9F777F9A168C853A16800
:10849000002001F8160029462046FEF753FC002074
:1084A000BDE8F0812DE9F0414FF6FF7403F0E0FCE8
:1084B000204D02466868831800211F4815E00678A1
:1084C000F6070FD006699E421DD84669C6B1B2FBB9
:1084D000F6F706FB1727F61B032706610770A6426F
:1084E00000D23446491C09B21830B5F90060B142D7
:1084F000E5DD20466C6008F0EBF800260E4C13E03A
:1085000002260670EEE7F61A0661E8E72078810792
:1085100007D520F002002070A26812B1E1686068FF
:108520009047761C36B21834B5F900008642EDDD6E
:10853000BDE8F081E0010020D48D00200148806E6C
:1085400004F0D0BE180000200148006F04F0CABE3D
:10855000180000200148C06E04F0C4BE18000020BE
:108560000148406F04F0BEBE1800002010B507F0AF
:10857000AFFB002805D0D0E90021BDE81040084637
:10858000104710BD70B505464FF47A7001FB00F43A
:1085900009F0F8FFC5E9000470BD70B50D4604464A
:1085A00009F0F0FFC4E9000570BD10B5044609F0FC
:1085B000E9FF20600020606010BD10B5044609F09E
:1085C000E1FF2168401A6168884201D3012010BD93
:1085D000002010BD10B5044609F0D4FF2168401AF0
:1085E0006168884201D3002010BD081A10BD000048
:1085F0000148FBF7EDBB0000D41B00200148FBF74E
:10860000E7BB0000181C002010B5806B0021C1855D
:10861000C184FBF7A7FB10BD70B5846B206840696F
:1086200094F83D10C0F3C0100025212904D118B1E1
:10863000E584204600F0BBF82068406994F83E10BD
:10864000C0F38010222904D118B1E585204600F03E
:1086500087F8206C40F0100020642046FBF782FB76
:1086600070BD10B50146806B09680968C9052FD433
:108670000021C18501680C3151E8002F22F480727D
:1086800041E80023002BF5D10168143151E8002F97
:1086900022F0010241E80023002BF5D101681431DA
:1086A00051E8002F22F0400241E80023002BF5D1D1
:1086B000202180F83E10016B012909D101680C319D
:1086C00051E8002F22F0100241E80023002BF5D1E1
:1086D000016B012902D0FBF7CBFE10BD818DFBF7AA
:1086E00069FA10BD10B5806B016B012902D0FBF750
:1086F00001FF10BD818D4908FBF75CFA10BD10B574
:10870000806B0021C185202280F83E200163FBF7A9
:10871000A3FA10BD10B50146806B09680968C90548
:1087200016D40021C1840168143151E8002F22F0D1
:10873000800241E80023002BF5D101680C3151E89B
:10874000002F42F0400241E80023002BF5D110BD7C
:10875000FBF792FF10BD10B5806BFBF7BBFF10BDA0
:1087600001680C3151E8002F22F4907241E8002397
:10877000002BF5D10168143151E8002F22F00102DD
:1087800041E80023002BF5D1016B012909D10168D3
:108790000C3151E8002F22F0100241E80023002B99
:1087A000F5D1202180F83E10002101637047016857
:1087B0000C3151E8002F22F0C00241E80023002BC9
:1087C000F5D1202180F83D10704708B590F83E1093
:1087D000222901D0022008BD82684FF480539A42BA
:1087E00001D1016921B1816A9A421BD04AB10AE0E4
:1087F0000268816A5268C2F308020A80816A891C91
:1088000008E0026972B10268526802F07F020A70E1
:10881000816A491C8162C18D491E0904090CC18508
:1088200003D019E002685268F1E70168CA6822F0D3
:108830002002CA600168CA6822F48072CA600168B6
:108840004A6922F001024A61202180F83E10016B42
:10885000012903D0FBF70CFE002008BD00210163B5
:1088600001680C3151E8002F22F0100241E800238A
:10887000002BF5D101680A68D20602D50A6849685A
:108880000091818DFBF796F9E6E7000070B504468C
:1088900000680169E26821F44051114301612169D6
:1088A000A068E26908436169114308432168CA6806
:1088B00049F20C639A430243CA6020684169A26985
:1088C00021F440711143416131492068884202D04E
:1088D0003049884202D1FAF78DFB01E0FAF77AFBC2
:1088E000E2690023192164253226B2F5004F62683F
:1088F00028D0A0FB0101930F9200F7F7C3FC0146BB
:10890000B0FBF5F06FF01802504301EB800006EB6E
:108910000010B0FBF5F000F0F002B1FBF5F002EB57
:108920000012B1FBF5F06FF01803584301EB800023
:1089300006EB0010B0FBF5F000F00F0021681044CA
:10894000886070BDA0FB010192185B41F7F79AFCAB
:108950000146B0FBF5F00201B1FBF5F06FF0180332
:10896000584301EB800006EBC000B0FBF5F000F0CF
:10897000F80002EB4002B1FBF5F0584301EB800038
:1089800006EBC000B0FBF5F000F00700D6E70000F2
:10899000001001400014014038B581628285002535
:1089A000134604460564222084F83E00A26B1B484F
:1089B000D063A26B1A481064A26B1A48D064A06BF3
:1089C0000A4605652168A06B091DF9F7D9FF2068E3
:1089D00001684068009084F83C5020680C3050E8F2
:1089E000001F41F4807140E80012002AF5D1206890
:1089F000143050E8001F41F0010140E80012002A45
:108A0000F5D12068143050E8001F41F0400140E8E3
:108A10000012002AF5D1002038BD0000638600084E
:108A2000E58600081986000881628285C2850021DA
:108A30000164222280F83E2080F83C100168CA6858
:108A400042F48072CA6001684A6942F001024A61D8
:108A50000068C16841F02001C160002070472DE925
:108A6000F041984617460E460446069D27E0681CCE
:108A700025D02DB1FAF7D0F8A0EB0800A8421ED9F6
:108A800020680C3050E8001F21F4D07140E800123B
:108A9000002AF5D12068143050E8001F21F00101B0
:108AA00040E80012002AF5D1202084F83D0084F827
:108AB0003E00002084F83C000320BDE8F0812068DF
:108AC000006836EA000004D00020B842CFD0002071
:108AD000F3E70120F9E700000148FBF779B900004E
:108AE0005C1C00200148FBF773B90000A01C0020AB
:108AF0000148FBF76DB90000E41C0020FEE7000010
:108B000030B587B0012008F0FEFF39494860394987
:108B1000394807F04FFA3949394807F05DFA3949C1
:108B2000394807F035FA394D4FF480640022214668
:108B30002846FAF76CF80A20F9F75AFF0122214675
:108B40002846FAF764F84FF49670F9F751FF304B66
:108B500001AC0FCB84E80F0001A9012002F02EFF29
:108B6000401C1DD04FF4645000F00EFA014629A0BD
:108B700001F00EFB01218DF8141000208DF8150076
:108B80008DF816008DF8171005A90A2002F016FFBF
:108B900060B126A001F0FCFA6FF0010007B030BD13
:108BA00029A001F0F5FA4FF0FF30F7E70024C820C4
:108BB000F9F71EFF69460F2002F000FF0546034645
:108BC000641C22469DF8001025A001F0E1FA9DF8F2
:108BD000000008B9322CEAD325B910F0FF0F01D0FC
:108BE0000020DBE726A001F0D3FA6FF00200D5E702
:108BF000C8010020D5140108251601086F170108C7
:108C000021160108CB140108C71401080004024012
:108C1000A82B010857353530302056657273696FBF
:108C20006E3A203078253032580D0A005365742092
:108C300050485920636F6E666967206661696C658C
:108C400064210D0A0000000057495A43484950204A
:108C5000496E6974206661696C65642E0D0A0000B6
:108C60004C696E6B3A2025642C63686B5F636E748D
:108C70003A25642C726573756C743A25640D0A008C
:108C80004C696E6B206F6E206661696C6564210DA6
:108C90000A00000038B500208DF800002E218DF864
:108CA00001108DF8020008F0BDFC00246D46285D1F
:108CB00000F01EF9641C032CF9DB00F0F3F8044605
:108CC00008F008FC204638BD70B50F4D0020012289
:108CD000287011030D48F9F79AFFFFF711FF040000
:108CE00004D001460AA001F053FA0AE011A001F0F5
:108CF0004FFA0120287000F02BF800F039F800F04E
:108D0000BDF8204670BD0000C801002000040240EC
:108D1000573535303020696E6974206661696C653D
:108D2000642C726573756C742069733A25640D0A3E
:108D300000000000573535303020696E69742073AB
:108D400075636365737366756C6C792E0D0A00002C
:108D500000B587B0182205496846F7F7CAFA694690
:108D6000002002F005FE07B000BD0000B82B01088E
:108D700000B589B003A9012002F0FAFD9DF80F00AB
:108D80009DF811209DF810108DE807009DF80E3019
:108D90009DF80D209DF80C101AA001F0F9F99DF82E
:108DA000150000909DF814309DF813209DF81210C6
:108DB0001EA001F0EDF99DF8190000909DF8183003
:108DC0009DF817209DF816101DA001F0E1F99DF8FF
:108DD0001D0000909DF81C309DF81B209DF81A1076
:108DE0001CA001F0D5F99DF8210000909DF82030DD
:108DF0009DF81F209DF81E101BA001F0C9F909B0B5
:108E000000BD00004D41433A20253032583A25300C
:108E100032583A253032583A253032583A253032D5
:108E2000583A253032580D0A000000004950203AC7
:108E30002025642E25642E25642E25640D0A00004D
:108E4000534E203A2025642E25642E25642E256459
:108E50000D0A00004757203A2025642E25642E2550
:108E6000642E25640D0A0000444E533A2025642EDA
:108E700025642E25642E25640D0A0000084801682B
:108E80000A6822F040020A6001680A6822F038028B
:108E90000A600068016841F040010160704700000D
:108EA000341B00200EB5FF208DF8080000208DF83F
:108EB000040014200090012301AA02A90448FAF733
:108EC00019FB10B103A001F063F99DF804000EBD79
:108ED000341B0020573535303020535049207265FF
:108EE00061642074696D656F75740D0A000000007F
:108EF00001B582B014200090012301AA02A9044800
:108F0000FAF7F8FA002802D002A001F041F90EBDEC
:108F1000341B0020573535303020535049207772AC
:108F20006974652074696D656F75740D0A000000C1
:108F3000007B02F0A9BE70B5054614460E46007BC4
:108F400003F0A0F8002809D0A04200DD204682B23C
:108F5000287B3146BDE8704006F0A8BF70BD2DE902
:108F6000F04115460E460746002408E0281B82B251
:108F70003119387B07F072F8002802DD0444AC4256
:108F8000F4DB2046BDE8F081F8B5144C0546E068F6
:108F9000804760698047616AC5F30740C5F30726CB
:108FA00099B1A26A8AB18DF800008DF801608DF840
:108FB0000250032168469047E06980470546A06952
:108FC0008047206980472846F8BD216A8847216A82
:108FD00030468847216AE8B28847EDE79C010020C7
:108FE0002DE9F8431A4C05461746E0688846804745
:108FF00060698047616AC5F30740C5F30726A1B1E0
:10900000A26A92B18DF800008DF801608DF80250CF
:10901000032168469047626A394640469047A069F6
:10902000804720698047BDE8F883216A8847216A24
:1090300030468847216AE8B28847002505E0E069A4
:10904000804708F805006D1CADB2BD42F7D3E6E7D6
:109050009C010020F8B5164C05460E46E068804796
:1090600060698047A26A45F004058AB1280C8DF832
:109070000000280A8DF801008DF802508DF8036079
:10908000042168469047A069804720698047F8BD61
:10909000216AC5F307408847216AC5F3072088473E
:1090A000216AE8B28847216A30468847EBE700002A
:1090B0009C010020F8B51A4C05461646E0680F469C
:1090C000804760698047A26A45F004059AB1280C80
:1090D0008DF80000280A8DF801008DF80250032158
:1090E00068469047A26A314638469047A069804753
:1090F00020698047F8BD216AC5F307408847216A87
:10910000C5F307208847216AE8B28847002504E0B4
:10911000216A785D88476D1CADB2B542F8D3E5E7AA
:109120009C010020002280210148F9F770BD000059
:1091300000080240012280210148F9F768BD0000C3
:109140000008024041F20163C81A994262D023DC50
:1091500041F21403A1EB030099424FD009DCA1F5C1
:10916000805108293CD2DFE801F03F413B3B3B43C3
:109170004547B0F57B7F47D005DC042840D0B0F5EB
:109180001B7F2DD13EE0A0F54070ED383ED0A0F51C
:109190008070FF3824D13BE0B0F5206F46D013DC5F
:1091A00040F2FF33A0F2FF31984239D006DCA0F53F
:1091B0008070FF3830D0012812D12FE0012931D042
:1091C000B1F5C06F0CD12FE0A0F5206001382FD091
:1091D0003F38B0F580402DD023282DD02B282DD01E
:1091E0001A48106000207047002028E0012026E087
:1091F000022024E0032022E0042020E005201EE0DD
:1092000006201CE007201AE0082018E0092016E0DC
:109210000A2014E00B2012E00C2010E00D200EE0DC
:109220000E200CE00F200AE0102008E0112006E0DC
:10923000122004E0132002E0142000E01520002199
:109240001160034901EBC0007047000000000206F6
:10925000D82D01089F2803D1087808B1014870472C
:1092600000207047300009062DE9FF472C4DE878B3
:1092700000284FF0020027D12A4F039006203880A3
:1092800000240DF10C08CDE900844FF400593B4651
:10929000224649462448029401F0FEFD224807F088
:1092A00005F80026322003F0CEFE0120F8F7F2FA8E
:1092B000687803280BD0761C0A2EF3DB1BA000F085
:1092C00067FFEC706FF0020004B0BDE8F087052086
:1092D00003F0B9FE3C80CDE90084124B00224946E0
:1092E0001148029401F0D8FD0F4806F0DFFF002678
:1092F000642003F0A8FE0120F8F7CCFA6878022871
:1093000009D0761C0A2EF3DB15A000F041FFEC70AB
:109310006FF00100D8E71F4800F03AFF0020D3E7C4
:10932000140000203E090020F40D00205A65726FE1
:1093300045727220656E61626C65206661696C655C
:10934000642C2052454144595F5357495443485F68
:109350004F4E5F4641494C45442E0D0A0000000027
:109360005A65726F45727220656E61626C65206627
:1093700061696C65642C205357495443485F4F4ED4
:109380005F44495341424C45445F4641494C454442
:109390002E0D0A006C2F01082DE9FF5F544CE07878
:1093A00018B1012004B0BDE8F09F00263546012029
:1093B000F8F770FA607800283AD0C0B2022801D0DD
:1093C00005283FD04B4F06200DF10C0A38804FF096
:1093D0000209CDE900A5CDE902594FF4005B5646DC
:1093E0003B4600225946444801F056FD4348434B52
:1093F000002205600420CDE90250CDE9006542F26B
:1094000001013D4801F048FD3B4806F04FFF0026B2
:109410000120F8F73FFA6078032817D0761C0A2E4F
:10942000F6DB37A000F0B4FEE5706FF00200B9E79C
:10943000761C0A2EBBDB3FA000F0AAFEE5704FF0C1
:10944000FF30AFE746A000F0A3FE4EE0052003F09A
:10945000FAFD07213980CDE900A5CDE90259B846CA
:109460005746244B00225946234801F015FD224857
:1094700006F01CFF00260120F8F70CFA607804289B
:1094800009D0761C0A2EF6DB41A000F081FEE570C3
:109490006FF0030086E7052003F0D5FD0F21A8F843
:1094A0000010CDE90075134B002259461248029571
:1094B00001F0F2FC104806F0F9FE0026322003F01D
:1094C000C2FD0120F8F7E6F96078052809D0761C7E
:1094D0000A2EF3DB3AA000F05BFEE5706FF00400AB
:1094E00060E7444800F054FEE57000205AE70000B1
:1094F000140000203E090020F40D00204009002047
:109500005A65726F45727220656E61626C65206685
:1095100061696C65642C2052454144595F53574939
:109520005443485F4F4E5F4641494C45442E0D0A17
:10953000000000005A65726F45727220656E6162AC
:109540006C65206661696C65642C204745545F53E7
:1095500054415455535F4641494C45442E0D0A0031
:109560005A65726F4572722063757272656E7420EF
:10957000737461747573206973204F504552415460
:10958000494F4E5F454E41424C45440D0A00000094
:109590005A65726F45727220656E61626C652066F5
:1095A00061696C65642C2053574954434845445FB6
:1095B0004F4E5F4641494C45442E0D0A00000000C5
:1095C0005A65726F45727220656E61626C652066C5
:1095D00061696C65642C204F5045524154494F4E8F
:1095E0005F454E41424C45445F4641494C45442EFF
:1095F0000D0A0000E42E010810B50321144806F0FE
:1096000061FF1349022081F8E1010021104807F0B1
:109610000DF87F210E4807F009F805210C4807F0E6
:1096200005F8022201210A4803F009FB82220121E8
:10963000074803F004FBC82003F005FD8022012148
:10964000034803F0FCFABDE81040322003F0FBBCF5
:10965000F40D0020F0B5244E2F202DED028B85B0A7
:1096600030800024022003ADCDE90240CDE9005452
:109670000703B0EE408A3346224639461B4801F0C4
:109680000BFC9FED1B0ADFED1B0A1B4828EE000AAE
:10969000194B0022791C80EE201ABCEEC10A80ED25
:1096A000000A0420CDE90240CDE900540F4801F042
:1096B000F3FB0E4806F0FAFD3F203080CDE9005460
:1096C0003346002239460948029401F0E5FB074879
:1096D00006F0ECFD054806F082FE052003F0B3FC21
:1096E00005B0BDEC028BF0BD3E090020F40D00205A
:1096F000000000490000B44340090020FEB50020EE
:10970000062402ADCDE90054ADF80800034646F248
:109710004006324601210D48FDF7F4FC10B10CA0C3
:1097200000F036FDBDF80800CDE9005420F004003B
:10973000ADF808000023324601210448FDF735FD4D
:10974000002802D00EA000F023FDFEBDF40D002085
:109750005A65726F6572722053444F20726561645E
:1097600020534552564F5F4354524C5F574F52441B
:109770005F494E444558204661696C65640D0A0096
:109780005A65726F4572722053444F205772697444
:109790006520534552564F5F4354524C5F574F52CA
:1097A000445F494E444558204661696C65640D0A22
:1097B000000000003EB504460020ADF80800062178
:1097C00002A8CDE90001002346F23F02012107482B
:1097D000FDF798FC28B106A000F0DAFC6FF001005C
:1097E0003EBDBDF80800208000203EBDF40D0020E5
:1097F0005A65726F6572722053444F2072656164BE
:10980000204552524F525F434F44455F494E4445B5
:1098100058204661696C65640D0A00001FB504217B
:109820000391F7F746F99FED0E1B53EC112BF7F759
:10983000CEF8F7F76AF90C490B4B0860002003A932
:10984000CDE900100246029042F20201074801F001
:1098500023FB064806F02AFD044806F0C0FD1FBDA4
:109860003D0AD7A370C1964044090020F40D0020A2
:109870002DE9F04F87B04FF0010A8DF814A00524B0
:1098800005AECDE9006446F2600700233A46514632
:10989000AC48FDF78AFC10B1ABA000F079FC0025C4
:1098A0008DF81450CDE90064A1462B463A460121BB
:1098B000A448FDF727FC10B1B0A000F069FC9DF8AA
:1098C0001400012802D0B9A000F062FC43F6E300C6
:1098D000072403AECDE90064029046F281070390AD
:1098E00000233A4601219748FDF75FFC10B1B8A06C
:1098F00000F04EFCCDE9006400233A460121914876
:109900000395FDF7FFFB10B1BEA000F041FCDDE9BF
:109910000201814203D00A21C7A000F039FC47F2BE
:10992000C717CDE9006446F2830802970023424638
:10993000012184480397FDF738FC10B1CBA000F05B
:1099400027FCCDE900640023424601217D480395B0
:10995000FDF7D8FB10B1D1A000F01AFCDDE902013F
:10996000814203D01421D9A000F012FC0297039782
:10997000CDE9006446F2840700233A46012171488C
:10998000FDF713FC10B1DFA000F002FCCDE900648C
:1099900000233A4601216B480395FDF7B3FB10B154
:1099A000E4A000F0F5FBDDE90201814203D01421BF
:1099B000ECA000F0EDFB02AE80200096CDE9014066
:1099C000002341F2050201215E48FDF7EEFB10B1D4
:1099D000F2A000F0DDFB4FF47A700096CDE9014073
:1099E000002341F2060201215648FDF7DEFB10B1CB
:1099F000F3A000F0CDFBFE480096CDE90140012325
:109A0000B0464FF4C05219464E48FDF7CEFB10B198
:109A1000F8A000F0BDFB0DF1100BCDE900B95746E1
:109A20008DF810A04E4602234FF4C0520121454844
:109A3000FDF7BBFB10B1EFA000F0AAFBAA468DF822
:109A400010505D46CDE900564FF4D05BB14600237F
:109A50005A4601213B48FDF7A8FB10B1F1A000F0E8
:109A600097FBFC48CDF80080CDE901400123464634
:109A70005A4619463348FDF798FB10B1E9A000F0AB
:109A800087FBF5480096CDE90140B04602234FF42C
:109A9000D05201212B48FDF788FB10B1E1A000F066
:109AA00077FB4E46CDE900564FF0020B8DF810B013
:109AB000A94600234FF4D05201212248FDF775FB3F
:109AC00010B1D8A000F064FB40F28110CDF8008006
:109AD000CDE90140012345464FF4C05219461948CB
:109AE000FDF763FB10B1C3A000F052FBC048009526
:109AF000401CCDE90140012341F6010219461148FD
:109B0000FDF753FB10B1D5A000F042FBCDE9009664
:109B1000B8468DF810704F46022341F6010201212C
:109B20000848FDF742FB10B1CCA000F031FBD14654
:109B30008DF810A0002341F6012A52460121014868
:109B4000A4E10000F40D00205A65726F4572722086
:109B500053444F20577269746520534552564F5FE6
:109B6000574F524B5F4D4F44455F494E4445582037
:109B70004661696C65640D0A000000005A65726FE9
:109B80004572722053444F207265616420534552E0
:109B9000564F5F574F524B5F4D4F44455F494E44C0
:109BA0004558204661696C65640D0A005A65726FFC
:109BB0004572722073657420706F736974696F6E7B
:109BC000206D6F6465204661696C65640D0A000054
:109BD0005A65726F6572722053444F2057726974D0
:109BE000652050524F46494C45445F56454C4F43C3
:109BF0004954595F494E444558204661696C656433
:109C00000D0A00005A65726F6572722053444F202E
:109C1000726561642050524F46494C45445F564539
:109C20004C4F434954595F494E4445582046616959
:109C30006C65640D0A0000005A65726F65727220CF
:109C40007365742070726F66696C65642076656CEC
:109C50006F6369747920746F2025642064707320A9
:109C60004661696C65640D0A000000005A65726FF8
:109C70004572722053444F205772697465205052C8
:109C80004F46494C45445F4143435F494E44455824
:109C9000204661696C65640D0A0000005A65726FA8
:109CA0004572722053444F20726561642050524FB8
:109CB00046494C45445F4143435F494E4445582023
:109CC0004661696C65640D0A000000005A65726F98
:109CD000457272207365742070726F66696C65647A
:109CE00020616363656C65726174696F6E20746F67
:109CF0002025642064707373204661696C65640D6F
:109D00000A0000005A65726F4572722053444F205A
:109D100057726974652050524F46494C45445F4420
:109D200045435F494E444558204661696C65640D62
:109D30000A0000005A65726F4572722053444F202A
:109D4000726561642050524F46494C45445F44451A
:109D5000435F494E444558204661696C65640D0A6D
:109D6000000000005A65726F45727220736574209E
:109D700070726F66696C656420646563656C65729A
:109D80006174696F6E20746F202564206470737332
:109D9000204661696C65640D0A0000005A65726FA7
:109DA0004572722053444F2064697361626C652070
:109DB00053594E43204661696C65640D0A000000EA
:109DC0005A65726F4572722053444F206469736103
:109DD000626C6520636F6D6D206379636C652070C4
:109DE0006572696F64204661696C65640D0A0000E4
:109DF000810100805A65726F4572722053444F2072
:109E00005772697465205450444F315F504152413C
:109E10004D5F494E444558204661696C65640D0AA2
:109E2000000000005A65726F4572722053444F2043
:109E30005772697465205450444F315F4D41505002
:109E4000494E475F494E444558204661696C6564F8
:109E50000D0A000010004160200064605A65726FB6
:109E60004572722053444F205772697465205450D4
:109E7000444F325F504152414D5F494E4445582056
:109E80004661696C65640D0A00000000CDE900764A
:109E9000FDF78BF910B17BA000F07AF985480095A9
:109EA000CDE901400123524619468348FDF77DF96B
:109EB00010B174A000F06CF9CDE900768DF8108037
:109EC0000023524601217C48FDF76FF910B16DA0C7
:109ED00000F05EF94FF4C1700095CDE90140012317
:109EE00041F6010219467448FDF75FF918B1AFF267
:109EF000FC0000F04DF971480095CDE901400123C7
:109F00004FF4A05219466C48FDF74FF910B16CA000
:109F100000F03EF9CDE900768DF8108002234FF471
:109F2000A05201216448FDF740F910B164A000F08F
:109F30002FF9CDE900764FF4B05A8DF81090002338
:109F4000524601215C48FDF730F910B168A000F0DD
:109F50001FF973480095CDE9014001235246194687
:109F60005548FDF722F910B161A000F011F96D48D4
:109F70000095CDE901400223524601214E48FDF7EC
:109F800014F910B15AA000F003F9CDE900768DF86C
:109F900010B00023524601214748FDF706F910B1E1
:109FA00053A000F0F5F840F201200095CDE9014002
:109FB00001234FF4A05219463F48FDF7F6F810B1BF
:109FC0003FA000F0E5F83D480095401CCDE9014078
:109FD000012341F2014A524619463748FDF7E5F898
:109FE00010B151A000F0D4F8CDE900768DF81080C2
:109FF0000223524601213048FDF7D7F810B14AA09C
:10A0000000F0C6F88DF81090CDE9007641F20169B4
:10A0100000234A4601212848FDF7C7F810B14EA099
:10A0200000F0B6F858480095CDE9014001234A46B2
:10A0300019462148FDF7B9F810B147A000F0A8F87B
:10A04000CDE900768DF8108000234A4601211A4898
:10A05000FDF7ABF810B140A000F09AF840F20220F2
:10A060000095CDE901400123524619461248FDF7FB
:10A070009CF8002802D02CA000F08AF807B0BDE8B8
:10A08000F08F00005A65726F4572722053444F2062
:10A090005772697465205450444F325F4D4150509F
:10A0A000494E475F494E444558204661696C656496
:10A0B0000D0A000020006C60F40D002001020080F9
:10A0C0005A65726F4572722053444F2057726974FB
:10A0D00065205250444F315F504152414D5F494ECF
:10A0E000444558204661696C65640D0A0000000013
:10A0F0005A65726F4572722053444F2057726974CB
:10A1000065205250444F315F4D415050494E475F9A
:10A11000494E444558204661696C65640D0A00004B
:10A120001000406020007A605A65726F457272209C
:10A1300053444F205772697465205250444F325F28
:10A14000504152414D5F494E444558204661696C2B
:10A1500065640D0A000000005A65726F4572722036
:10A1600053444F205772697465205250444F325FF8
:10A170004D415050494E475F494E44455820466135
:10A18000696C65640D0A0000200081607047000062
:10A190000FB4054B10B503A9044A029800F0DEF98C
:10A1A00010BC5DF814FB000059BE00083C100020F4
:10A1B0000FB47CB50C0009AD01D0611E00E0002198
:10A1C000CDE90001064B6A462946089800F0C6F919
:10A1D000002C02D0009A002111707CBC5DF814FBA9
:10A1E00085AF00080907090E002804DB00F1E02014
:10A1F00080F80014704700F00F0000F1E02080F8B4
:10A20000141D704730B528B1144C031F002021687D
:10A210000A4605E0084630BD9A4203D81046526807
:10A22000002AF9D1002800D041680BD00468A3EBC4
:10A230000005A54204D11B681C440346046002E0EB
:10A24000436000E023603AB11C68D51AA54203D1EF
:10A2500015682C441C6052685A6030BD40100020C4
:10A2600000B583B09FED060B0A4601468DED000B4D
:10A270006846F6F738FD9DED000B03B000BD000009
:10A2800000000000000000002DE9F04782460F4C5E
:10A2900010480D4E0E4F001B4FF0000820F0070530
:10A2A0004FF0010900221146504602F07FFB0028C2
:10A2B00002D1306810B10020BDE8F0873C60C4E9ED
:10A2C0000058C6F80090EDE7441000209C8E002056
:10A2D000401000209890002002E008C8121F08C11A
:10A2E000002AFAD170477047002001E001C1121F17
:10A2F000002AFBD1704700002DE9FF5F82B00021EA
:10A30000DDE90430020DDDF840B0034318D044F617
:10A310001050A2F2FF3242431514119801281FD0A9
:10A32000A5EB0B00401C5FEA000A4FF000064E4F01
:10A33000DFF83891B046504615D5CAF1000413E055
:10A34000119801244AA3012801D16FEA0B01029858
:10A35000119AC0E90031C0E9024206B0BDE8F09FA1
:10A36000CBF10000DFE704460021404A491842EBE8
:10A370000450CDE9001012E0E00707D032463B461A
:10A3800040464946F6F723FB8046894632463B461F
:10A3900010461946F6F71BFB06460F466410002CC4
:10A3A000EAD1DDE90401DDE90023BAF1000F06DAA4
:10A3B000F6F70DFB42464B46F6F709FB05E0F6F7CC
:10A3C00022FD42464B46F6F71EFD04460E4600228D
:10A3D000284BF6F7CBFB03D84FF0FF30014607E0E0
:10A3E0000022254B20463146F6F74AFAF6F786FD5D
:10A3F000102409E0002C0ADB0A220023F5F742FFB3
:10A40000039B30321A55641E50EA0102F2D1641CDB
:10A41000039AC4F111031444119A012A03D00122B2
:10A4200008430DD10AE0084304D000204FF0110B7F
:10A43000119072E7A3EB0B056D1E0DE05B4504DD8B
:10A440004FF0000205F1010504E003DA4FF00002CD
:10A45000A5F10105002AECD002981199C0E902315A
:10A46000C0E9004579E70000000014400000F03F1B
:10A47000300000000000F0430000E03F2DE9F84FFD
:10A480009946DDE90BA51746D0F8E4310A9E6A46E5
:10A49000984704460098002803D12079B84202D892
:10A4A0001F48BDE8F88F3DB1206800EB0710007829
:10A4B000C00701D01B48F4E7B9F1000F0BD004200E
:10A4C000216800EB0718326851F80800904205D95E
:10A4D00030601548E5E74FF00060E2E7012000EB4F
:10A4E0000710095C8AF800102068082101EB0711A9
:10A4F00050F8085041582A464846F5F7FAFE9AF8AF
:10A500000000092809D1216851F808003168884203
:10A5100003D2002109F805106D1C00203560C0E74A
:10A520001100090601000106050004057047704787
:10A5300030380A2801D20120704700207047704748
:10A54000704770477047704770477047016A0978D5
:10A55000002902D1812202F072BB70472DE9FF4F22
:10A5600095B09A46884606460025EEE1252877D123
:10A5700000242746F94A0121039400E0044316F819
:10A58000013F203B01FA03F01042F7D130782A282E
:10A5900011D06FF02F033078A0F13002092A16D8BD
:10A5A000039A44F0020402EB820203EB42021044DD
:10A5B000761C0390EFE758F8042B0392002A03DA85
:10A5C000504244F40054039044F00204761C307866
:10A5D0002E2816D116F8010F44F004042A280DD0B5
:10A5E0006FF02F023078A0F13003092B09D807EB68
:10A5F000870302EB4303C718761CF3E758F8047B84
:10A60000761C30786C280FD006DC4C2817D06828D0
:10A610000DD06A2814D104E0742810D07A280FD104
:10A620000DE044F400140AE044F4801401E044F422
:10A6300040147278824202D104F58014761C761C94
:10A64000307866280BD013DC582877D009DC002836
:10A6500075D04528F6D04628F4D047281AD193E182
:10A6600018E0632835D0642879D0652812D18BE1B1
:10A67000702873D008DC6728F1D069286FD06E2865
:10A680000DD06F2806D1ACE073282CD0752874D07B
:10A69000782853D05246179990476D1C54E1C4F363
:10A6A0000250022809D003280DD0D8F80010042841
:10A6B0000DD00D6008F1040846E1D8F80010EA1743
:10A6C000C1E90052F6E7D8F800100D80F2E70D70EE
:10A6D000F0E718F8041B8DF8001000208DF8010039
:10A6E000EB46012003E058F804BB4FF0FF30610750
:10A6F0004FF0000102D40DE009F101018946B94291
:10A700000FDA8145F8DB1BF809100029F4D108E0C5
:10A7100009F1010189468142FADB1BF80910002981
:10A72000F6D103985346A0EB090721463846179AFD
:10A7300000F080FA284400EB090507E044E008E156
:10A740000DE01BF8010B524617999047B9F101092A
:10A75000F7D2534621463846179AF2E039E00A21EB
:10A76000C4F302524FF0000B0091022A06D058F8B1
:10A77000040BC117032A09D00AE023E008F10700FF
:10A7800020F00702F2E80201904605E000B2C1178E
:10A79000042A01D140B2C117002906DA0A46002175
:10A7A000404261EB02012D2202E0220504D52B225A
:10A7B0008DF80420012203E0E20701D02022F7E710
:10A7C000914657E00A2100E010214FF0000B009164
:10A7D0000BE010214FF0000B44F004040827009117
:10A7E00003E008204FF0000B0090C4F30252022A4D
:10A7F00005D058F8040B0021032A08D008E008F11E
:10A80000070020F00702F2E80201904603E080B260
:10A81000042A00D1C0B24FF0000922072AD53278AD
:10A82000702A07D0DDF800C08CF0100C5CEA0B0C2D
:10A8300005D00EE040228DF80420012208E050EA05
:10A84000010306D030238DF804308DF80520022254
:10A850009146009B83F0080353EA0B030AD150EAA8
:10A86000010201D1620705D530228DF804204FF096
:10A8700001097F1E3278582A04D039A20C920CAA02
:10A8800002920BE03BA2F9E75B46009AF5F7FAFC6F
:10A890000C9B9B5C029A521E0292137050EA0102BA
:10A8A000F2D1029804A9081A00F1200B600702D522
:10A8B00024F4803400E001275F4502DDA7EB0B00A4
:10A8C00000E0002000EB0B01009003984944401A7F
:10A8D0000390E00306D453462146179A039800F0EC
:10A8E000A9F90544002706E001A85246C05D179962
:10A8F00090476D1C7F1C4F45F6DBE0030CD553469B
:10A900002146179A039800F095F9054404E0302099
:10A910005246179990476D1C0099481E00900029D7
:10A92000F5DC08E00298029952460078491C029131
:10A93000179990476D1CBBF10001ABF1010BF1DCE5
:10A940005BE100F065F90544761C307800287FF45F
:10A950000DAE19B02846BDE8F08F000009280100AF
:10A960003031323334353637383961626364656685
:10A970000000000030313233343536373839414247
:10A980004344454600000000600700D4062708F154
:10A99000070020F00700F0E80223804603F0004C97
:10A9A0005FEA0C0001D097A009E0200501D596A030
:10A9B00005E0E00701D095A001E0AFF24C00139054
:10A9C000307823F0004365280CD006DC452809D0F8
:10A9D00046281DD047287FD13BE0662818D067283D
:10A9E0007AD136E00021112F01DB112000E0781C24
:10A9F000CDE9000104A90CA8FFF77EFCDDE90D01FB
:10AA00000C9A4FF0000B07F10109109200914EE0F3
:10AA10004FF000400097CDE9011004A90CA8FFF702
:10AA20006BFCDDE90D020C9B0F994FF0000B91467A
:10AA30001093009211B9791C00EB0109B7EB0900E2
:10AA400003D4C0F1FF3B07F10109A9EB0700019016
:10AA500042E0012F00DA01270021112F01DD112032
:10AA600000E03846CDE9000104A90CA8FFF744FC3A
:10AA7000DDE90D010C9A00914FF0000BB9461092E0
:10AA800021070FD4009A4A4503DA914601E0A9F163
:10AA90000109B9F1010F05DD109AA9F10101515C1D
:10AAA0003029F4D0B84202DA10F1040F03DA0121A0
:10AAB000CDE9011010E0002803DC8344A9EB00017C
:10AAC00002E0411C494500DD8946A0EB0B00401C1B
:10AAD00001904FF000400290200705D401984845AE
:10AAE00002DB4FF0FF30019000208DF84B00029800
:10AAF0000DF14B07B0F1004F25D002200C902B2018
:10AB00000D90029800280CDA404202902D200D9002
:10AB100007E00A210298F6F741F83031029007F871
:10AB2000011D0C99481E0C900029F2DC02980028A7
:10AB3000EFD1791E0D980870307800F0200040F0B9
:10AB4000450007F8020D11A8C01BC01D0290139804
:10AB5000007800B1012000EB0901019801EBE071E0
:10AB6000029801440398401A401E0390E00306D463
:10AB700053462146179A039800F05CF80544139851
:10AB8000007818B15246179990476D1CE00323D501
:10AB900053462146179A039800F04CF805441BE0F1
:10ABA000BBF1000F07DB0098584504DD109817999A
:10ABB00010F80B0001E01799302052469047019899
:10ABC0000BF1010B401E05F10105019004D12E206F
:10ABD0005246179990476D1CB9F10001A9F101097E
:10ABE000DEDC05E017F8010B5246179990476D1C03
:10ABF0000299481E02900029F4DC53462146179A18
:10AC000003989EE62D0000002B00000020000000AD
:10AC10002DE9F041044600251E461746880404D459
:10AC200005E039462020B0476D1C641EF9D5284642
:10AC3000BDE8F0812DE9F041044600251E4690460E
:10AC4000C80301D5302700E02027880404D505E09B
:10AC500041463846B0476D1C641EF9D52846BDE80C
:10AC6000F0812DE9F04F85B01C4692460646DDF88E
:10AC700038B0DDF84080F6F7E5FD0546FE280DD238
:10AC8000014602AB0222304601F0B3F928B102AA14
:10AC90000221304601F091F918B1FF2005B0BDE85E
:10ACA000F08F0AF0FF094FEA1A27B8F1000F28D0F9
:10ACB0000520CDE9004053462A469DF8081030464D
:10ACC00001F02EFE9DF80810A020C1EBC10101EBA0
:10ACD000410106EB810103AA81F873B08DF80C00E5
:10ACE00010208DF80D908DF810008DF80E70052055
:10ACF0008DF80F4000211154401CC0B20828FAD32F
:10AD000024E00320CDE9004053462A469DF8081070
:10AD1000304601F005FE9DF808104020C1EBC1014E
:10AD200001EB410106EB810103AA81F873B08DF8B4
:10AD30000C008DF80D908DF80E7004208DF80F40EA
:10AD400000211154401CC0B20828FAD39DF8081005
:10AD50000F98C1EBC10101EB410106EB81011346E4
:10AD600088672A460221304605F0E1FA002895D08E
:10AD70009DF80810304605F051F98EE72DE9FE4F99
:10AD800004464069002589460689A069078994F828
:10AD9000820000280ED0002E6AD0A846CDF8008090
:10ADA000CDF80480CDF8088060E005286ED00B282F
:10ADB00058D0FF20BDE8FE8F606850F836008169EA
:10ADC0000968002901DA0B2024E0806AB9F1000F3C
:10ADD00023D00178E9B3F02925D8A26805EBC50195
:10ADE00012F811305B1CDBB202F81130027893428A
:10ADF00019D1A268204602F81180CDF80080CDF864
:10AE000004806A462946CDF8088000F0B9F9002888
:10AE1000D9D10520BE42C8D92AE00078FF2829D020
:10AE2000FE2827D01CE00078FC2818D105EBC50AC5
:10AE30000622A16802EB4A000A182946204600F0C3
:10AE40009FF90028A06810F81A1003D021F0010221
:10AE500002E016E041F0010200F81A20B3E780B1E9
:10AE6000BE4205D86D1C761CEDB2B6B2BE42A3D967
:10AE700000209FE7A06805EBC50110F81100C0078E
:10AE8000EDE72946204605F085F99CE76A46294604
:10AE9000204605F038FA96E72DE9FF4F81B01546B8
:10AEA000DDE90E76D0F8E43180466A46029998478B
:10AEB00004460098002803D12079A84203D82E48E0
:10AEC00005B0BDE8F08F2EB1206800EB05100078CA
:10AED000022828D00121206801EB051110F801A0FB
:10AEE000042101EB051146580C2101EB051150F826
:10AEF0000190386808B1B0423AD8D8F824205046BA
:10AF00000499904700900028DAD10820216800EBCE
:10AF1000051B3A6851F80B000499F5F7EAF9BAF104
:10AF2000090F02D009E01548CAE73868B04204D2D8
:10AF30002368002253F80B100A543E60B9F1000F49
:10AF400007D02A46214640464B46984700900028A5
:10AF5000B6D1206800EB05100078400706D5D8F878
:10AF6000E83140462A4602999847A9E70020A7E71A
:10AF700003483E60A4E70000110009060200010634
:10AF8000100007064A68002A06D00A68531C0B60A6
:10AF900010704868401E4860704770470020704736
:10AFA0002DE9F04F85B090460EAADDF84C9092E85E
:10AFB000100C1F460546202C11D8F6F743FC064618
:10AFC000FE280DD2014602AB0222284601F011F8FC
:10AFD00028B102AA0221284600F0EFFF18B1FF2095
:10AFE00005B0BDE8F08FB9F1000F13D00420CDE912
:10AFF0000070434632469DF80810284601F090FC48
:10B000009DF80800C0EBC00000EB400005EB80009D
:10B01000046609E00220CDE90070434632469DF8FF
:10B020000810284601F07CFC9DF80800C0EBC00029
:10B0300000EB400005EB800044639DF80810002001
:10B04000C1EBC10101EB410105EB810181F873A066
:10B050000EE000BF9DF808201BF80010C2EBC202F2
:10B0600002EB420205EB82020244401C82F83C10D3
:10B07000A042EFD303A9B9F1000F0DD0C2208DF883
:10B080000C000020C30024FA03F20B18401CC0B2CD
:10B090001A710428F6D328E0042C19D8C4F104004E
:10B0A000232242EA80009DF808208DF80C00C2EBB4
:10B0B000C20202EB4202042005EB8202131893F84D
:10B0C00038300B54401CC0B20828F7D394630CE00E
:10B0D00021208DF80C000020C30024FA03F20B1885
:10B0E000401CC0B21A710428F6D39DF808108DF8E0
:10B0F0000D804FEA1820C1EBC1018DF80E0001EB65
:10B10000410105EB81018DF80F701198886703AB41
:10B1100032460221284605F00AF900283FF460AFC4
:10B120009DF80810284604F079FF58E730B504462A
:10B1300006480023026803E012F8015B25705B1CDF
:10B140008B42F9DB0260084630BD0000D0010020D0
:10B1500010B530B1036823B1D0E90121914201D289
:10B1600004E0002010BD491C816020B1914202D250
:10B170005C5C202CF7D99142F4D1491E816010BD4E
:10B180002DE9F04F43698346914618895B89C000D9
:10B1900000EBC102DBF80400DB0003EBC1010F1878
:10B1A0000244386889B00026D0F808A010683546F7
:10B1B00080690088C0F30A01A9F8001089F80260CC
:10B1C00000200490059018213A6801EB06115258AE
:10B1D0001368190C13F0FF042ED02B190793402B82
:10B1E0002AD8A4F1010C012303EBDC0CCDF818C024
:10B1F0001288CDE902030DF1200C0DF11808CDE9FC
:10B20000008CC2F3072204AB5846FFF737F918B198
:10B21000FF2009B0BDE8F08F09EBD502121D0092A6
:10B22000002005F00701CDE90110002320461A4651
:10B2300004A9F6F7D9F9079D761C9AF80000F6B232
:10B24000B042BDD801206D1E00EBD50089F8030087
:10B250000020DEE72DE9F04104460027104E1BE0F8
:10B26000A0892568C0050BD4A06820B1FFF7F2FFC4
:10B27000A089C00504D4206910B17168884727618E
:10B28000A089800504D4206A10B1716888472762BC
:10B290007168204688472C46002CE1D1BDE8F0813A
:10B2A00008000020002200F064BF000030B50D4C03
:10B2B0000D4A0E4B0E4988B10A60056805B10D6054
:10B2C0004B60406800B14860002088600868904288
:10B2D00003D14868984200D18C6030BD81E81C00E1
:10B2E00030BD000041FE000889A2000805A2000848
:10B2F0000800002010B5016828208847040002D00B
:10B300002821F5F70FF8204610BD0022114600F065
:10B310006FB800002DE9F04788B00F4604469A4602
:10B3200016461C216846F4F7FDFF2F480025002C27
:10B330000560456055D08146E7B3CDE900470295E9
:10B34000D9E90212D9F810000491CDE9052009F1DC
:10B350000800FFF7CFFF5FEA00082BD000986F4688
:10B3600008B1029808B100270BE00198042808D919
:10B3700003221EA10098F5F702F810B90298C01C2C
:10B3800002903846FFF7E4FE0146404602F0AEFA6E
:10B3900068B1BAF1000F13D06846FFF7D9FEDDE9B6
:10B3A0000101814203D202990098405C40B14046BD
:10B3B000FFF750FFDDE9011088420AD205460BE095
:10B3C0001EB10299009808443060404608B0BDE8BC
:10B3D000F087081E00D0451E0EB160193060C9E923
:10B3E00000450020F2E7000000000020EFBBBF0096
:10B3F00070B515460E46040009D0F4F79EFF411CB7
:10B400002B4632462046BDE87040FFF783BF002040
:10B4100070BD70B54FF6FF7200234AF201050EE0D1
:10B42000C45C6240012412F0010F4FEA520200D0C6
:10B430006A40641CE4B2082CF5D95B1CDBB28B4279
:10B44000EED3100A40EA022080B270BD10B5094860
:10B45000F7F7CEF808B108A005E002210548F6F795
:10B460009DFC20B10FA0FEF793FE002010BD01202F
:10B4700010BD0000E41A002043414E312073746176
:10B480007274206661696C65642C73746F702053EC
:10B490007461727443616E546573745461736B218B
:10B4A0000D0A0000456E61626C652043414E3120FB
:10B4B0006E6F74696669636174696F6E2066616935
:10B4C0006C6564210D0A000010B50948F7F790F883
:10B4D00008B108A005E002210548F6F75FFC20B19D
:10B4E0000FA0FEF755FE002010BD012010BD00008A
:10B4F0000C1B002043414E3220737461727420662D
:10B5000061696C65642C73746F702053746172741C
:10B5100043616E546573745461736B210D0A0000AE
:10B52000456E61626C652043414E32206E6F7469D6
:10B530006669636174696F6E206661696C65642118
:10B540000D0A000030B40A88D3090F2B35D2DFE88A
:10B5500003F02D081818181818181818181F1F3479
:10B560002600802A06D090F87F20002A25D030BC03
:10B5700002F03ABA90F8801000291ED030BC03F0D7
:10B5800043BE90F88220002A17D030BC02F008BBDE
:10B5900090F87E20002A10D030BC02F013BC90F846
:10B5A0008120002A09D030BC02F07CBA026A1278ED
:10B5B000002A02D030BC02F029BA30BC704700002B
:10B5C00030B50C463C4987B091F8E1210021824218
:10B5D0002FD12088CDE900010291A07800B102208E
:10B5E0000390E07804908DF81410F7F715FB0546EA
:10B5F00008E000BFF7F710FB401B642802D9218840
:10B600002EA032E03548F6F746FD0028F2D006AB12
:10B61000221D69463148F6F7D3FB040043D02F487A
:10B62000F6F7C3FC02462D480068836821462CA02B
:10B6300034E03B4A92F8E121824239D12088CDE9B9
:10B6400000010291A07800B102200390E0780490FC
:10B650008DF81410F7F7E0FA054609E0F7F7DCFA81
:10B66000401B642804D921882EA0FEF791FD17E025
:10B670003448F6F710FD0028F0D006AB221D6946CD
:10B680003048F6F79DFB04000DD02E48F6F78DFCF0
:10B6900002462C480068836821462BA0FEF778FDFF
:10B6A000012007B030BD0A2001F0CDFC0020F8E7F2
:10B6B000014635A0D9E700000007002043414E3184
:10B6C0002054582074696D656F75742C20434F4267
:10B6D0002D49443D307825580D0A0000E41A002019
:10B6E00043414E31205458204552524F523A20483F
:10B6F000414C207374617475733D25642C2048415E
:10B700004C5F43414E206572726F723D3078256CFC
:10B71000782C205453523D3078256C780D0A000067
:10B72000F40D002043414E322054582074696D6559
:10B730006F75742C20434F422D49443D3078255875
:10B740000D0A00000C1B002043414E3220545820AB
:10B750004552524F523A2048414C207374617475DF
:10B76000733D25642C2048414C5F43414E20657257
:10B77000726F723D3078256C782C205453523D30D6
:10B7800078256C780D0A0000496E76616C6964203A
:10B7900043414E2068616E646C653A2025640D0A51
:10B7A000000000001CB50448009004480190684661
:10B7B000FFF77CFD1CBD0000DDFB0008490C010803
:10B7C00070B50446082802D94FF0FF3070BD4FF421
:10B7D000847000EB441005461021FDF73BFC284621
:10B7E000FDF7D2FB0028FAD14FF4027000EB4410B1
:10B7F0001F21FDF72FFC0D490120A0404A888243FC
:10B800004A808A8882438A800949002021F81400EE
:10B810000649891D08554FF4427000EB4414204638
:10B82000FDF7B2FB0028FAD1012070BD8401002091
:10B83000C48D002038B514460546F6F703F80146D6
:10B84000FE2801D3852038BD6B462246284600F0ED
:10B85000FCFB08B1FF2038BD9DF80010284604F01D
:10B86000DDFB002038BD00002DE9F04117460E46F3
:10B870000446082803D94FF0FF30BDE8F08160018D
:10B880004FF001080830FDF77FFB00F00F000128A2
:10B8900002D06FF00400F0E74FF4427000EB441068
:10B8A0000546FDF771FB132802D06FF00200E4E7B4
:10B8B0003078717801EB0020B17801EB0020F1784D
:10B8C00001EB0020411C2CD058B36FB340F6084068
:10B8D00000EB441004223146FDF7ECFB41F2080076
:10B8E000390A00EB4410FDF7B5FB41F20810F9B23C
:10B8F00000EB4410FDF7AEFB4FF4847000EB4410F6
:10B9000006460421FDF7A6FB3046FDF73DFB002867
:10B91000FAD1164908FA04F0498808421AD00020E2
:10B92000ABE76FF00B00A8E76FF00A00A5E7204631
:10B93000FDF72AFB000706D520460821FDF78AFB04
:10B940006FF00C0099E72846FDF71EFB30B96FF049
:10B95000030092E74FF4027000EB44142846FDF711
:10B9600013FB1728E3D1012087E7000084010020A2
:10B9700010B50C4606281ED2DFE800F003070B10B6
:10B980001418204605F064FE13E0204605F0C8FDBB
:10B990000FE02078BDE8104005F086BE05F0ECFD14
:10B9A000207006E0204605F091FE02E0204605F0FA
:10B9B000E6FD002010BD4FF0FF3010BD2DE9F04135
:10B9C0000C46002102464F1E08464FF498554FF48E
:10B9D000A056102A63D2DFE802F0080B17131A1ED4
:10B9E000222C3645484C5950555C05F086FE4DE0FA
:10B9F00014B1204604F10801BDE8F04105F0D3BDC3
:10BA0000208805F041FD41E005F06CFD05E020884F
:10BA100005F010FE3AE005F074FD208036E0208845
:10BA2000010A2846FDF716FB21783046FDF712FB88
:10BA30002CE03046FDF7A8FA06462846FDF7A4FAA2
:10BA400006EB0020E9E7174882782270C27862701E
:10BA50000279A2704279E27082792271C0796071B4
:10BA6000A17113E005F0C4FE10E0204605F0D5FEFC
:10BA70000CE0204605F07DFE08E02078BDE8F041AE
:10BA800005F0F0BE05F0A7FE05E020700020BDE83F
:10BA9000F08105F095FEC0B241B2491CF5D138469F
:10BAA000F5E700009C0100202DE9F0418EB08846AA
:10BAB0000546002404F066F900214F1E06460E28B4
:10BAC00008D2DFE800F06B076B096B48486B076B27
:10BAD000076B076A044669E0089108AA6969E86883
:10BAE0000292CDE9031007AB0AA8CDE9000305A82F
:10BAF000031D421C09A9801CF9F7FEFE01285FD135
:10BB000009988DF8140005AA0AA9284600F064F8DF
:10BB10009DF81400F0B3012802D0022808D037E0C5
:10BB2000BDF81800009000230422A968286906E0E7
:10BB3000BDF81800009000230522A9682869FAF7CB
:10BB400047F8011E24DD4246284604F0B2FB0446B5
:10BB5000401C2CD022E0E868009001AA02A903A8AA
:10BB60006B69F9F777FE012812D1BDF80400009047
:10BB7000052E10D007220023A9682869FAF728F8B3
:10BB8000011E05DD4246284604F093FB040005D063
:10BB90003C460CE002E00622EDE72977284600F05B
:10BBA0002DFF18B107A0FEF7F3FAF1E744B1286AB8
:10BBB00010B12846F9F7F2FD0EB02046BDE8F0813D
:10BBC0003446F9E76B656570616C6976652066617E
:10BBD000696C65640D0A00002DE9FC4791468846B2
:10BBE00006464FF0FF34002506EBC507B96AD1B30E
:10BBF0004046F9F75CFF70BBD8E901100A18BB6A30
:10BC000020E000BF90F800C0BCF12F0F0AD02B2914
:10BC10000BD0232913D0614518D12B2905D0232916
:10BC20000DD00DE02F2911D10AE0411C01E0811C4B
:10BC3000401C914204D209782F29F8D100E0501E0F
:10BC4000401C5B1C197809B19042DBD390420AD1A9
:10BC500011F0FF0F07D1F86A28B1CDE90098F96A11
:10BC60006846884700246D1C052DBDDB601C07D18C
:10BC7000306D28B1CDE90098316D684688470024C1
:10BC80002046BDE8FC8700002DE9F047044608285F
:10BC900003D94FF0FF30BDE8F0876001012508307F
:10BCA000FDF772F900F00F00012801D0A81FF2E79C
:10BCB0004FF4847000EB441006460821FDF7CAF9E2
:10BCC000F6F7AAFF074608E0F6F7A6FFC01BC8284C
:10BCD00003D91EA0FEF75CFA04E03046FDF754F9E4
:10BCE0000028F1D12048A5408188A943818040885F
:10BCF000054201D00020CEE7F6F78EFF07464FF44D
:10BD0000027000EB44164FF442706FF00C094FF4D0
:10BD1000FA7800EB441512E03046FDF735F90007DC
:10BD200004D52046FFF74CFD4846B4E7F6F774FF0C
:10BD3000C01B404503D90DA0FEF72AFAF1E72846BB
:10BD4000FDF722F90028E7D10120A4E764697363B5
:10BD50006F6E6E6563743A20536E5F435220746950
:10BD60006D656F75740D0A0084010020646973634A
:10BD70006F6E6E6563743A20534F434B5F434C4F75
:10BD80005345442074696D656F75742C20666F721D
:10BD9000636520636C6F73650D0A000010B504467F
:10BDA000054B002241F20301FBF7A6F8D4F8081274
:10BDB0000020087010BD00001D6D000870472DE9BF
:10BDC000FE439946DDE90A7615468846044602ABED
:10BDD00000F00FF990BB012D04D19DF8081020460A
:10BDE00004F01CF9022D29D19DF80800C0EBC00019
:10BDF00000EB400004EB8000B0F97400F5F7BCFCE8
:10BE00009DF80810C1EBC10101EB410104EB810178
:10BE1000A1F874009DF808108520C1EBC10101EB69
:10BE2000410104EB810181F82A009DF80800C0EB74
:10BE3000C00000EB400004EB8000C662CDE9007654
:10BE40004B4642462946204604F0ADFA002800D071
:10BE5000FF20BDE8FE83000013B54FF0FF33012241
:10BE600069460248F8F748FB00981CBDA01C00205A
:10BE700006480068406A06490A68904202D24FF6B6
:10BE8000FF7318444968801A084470478C1B0020CF
:10BE9000341000200168A1F57F42FF3A03D0491C0D
:10BEA0000160084670470121FAE700680078704792
:10BEB0002DE9F8430025089F1C46904606463D6044
:10BEC000F5F7C0FC0146FE2805D26B46022230463B
:10BED00000F08FF818B185202560BDE8F8839DF843
:10BEE0000000C0EBC00000EB400006EB800090F8C3
:10BEF0002A10012909D0802901D0852902D1C16ADF
:10BF00003960256090F82A00E7E7416B09B9816B39
:10BF100041639DF800002168C0EBC00000EB4000C9
:10BF200006EB8000406B814202D28A202560D4E774
:10BF3000206000200CE000BFC1EBC10101EB41011A
:10BF400006EB8101014491F83C2008F80020401CD8
:10BF5000216881429DF80010EED8304604F05EF86A
:10BF60000120BAE770B5044690F84001012802D1DB
:10BF70006068F7F773FE94F83F1104F1BC0021B13B
:10BF8000FBF749F86FF002050BE004F11301FBF732
:10BF900049F884F89300B4F89C100546491CA4F8AD
:10BFA0009C1094F84001012805D1012204F1A6015A
:10BFB0006068F8F747FA284670BD10B50023C3EB58
:10BFC000C30404EB440400EB840494F82A402CB12D
:10BFD0005B1C13F0FF03F2D0FF2010BD1370C3EB06
:10BFE000C30202EB420200EB820080F8291000201D
:10BFF00010BD70B50024C4EBC40505EB450500EB8E
:10C00000850595F82A606EB1852E0BD095F82860CD
:10C010008E4207D195F82950954203D103B11C7087
:10C02000002070BD641C14F0FF04E4D0FF2070BD3C
:10C03000C1EBC10101EB410100EB8101486B08B18B
:10C04000896B401A10600020704770B50024C4EB63
:10C05000C40505EB450500EB850595F82A605EB142
:10C0600095F828608E4207D195F82950954203D162
:10C0700003B11C70002070BD641C14F0FF04E6D0F6
:10C08000FF2070BD2DE9F04142F2086101EB40153F
:10C0900042F20871002601EB40142846FCF774FFB9
:10C0A00007462046FCF770FF00EB072007043F0C13
:10C0B00009D02846FCF768FF06462046FCF764FFD7
:10C0C00000EB062086B2BE42E7D13046BDE8F081E3
:10C0D0002DE9F04142F2080101EB401542F208114E
:10C0E000002601EB40142846FCF74EFF0746204689
:10C0F000FCF74AFF00EB072007043F0C09D0284655
:10C10000FCF742FF06462046FCF73EFF00EB062008
:10C1100086B2BE42E7D13046BDE8F08138B505466B
:10C1200000208DF80000106014462846F5F78AFBC1
:10C130000146FE2805D26B4602222846FFF759FF2A
:10C1400008B1852038BD9DF80010C1EBC10000EB9F
:10C15000400005EB8000C26A226090F82A000128A6
:10C16000F0D1284603F05AFF012038BD90F8410174
:10C1700070472DE9F0418846A8B3B8F1000F33D0DD
:10C1800084680AB90AE024686CB3216A59B340464E
:10C19000F4F7DAF80028F6D120E024681CB3266A08
:10C1A0005FEA0805F9D0002EF7D0B54218D002E0BA
:10C1B00098B16D1C761C2878F4F795F8074630780E
:10C1C000F4F791F887422878F2D0F4F78CF8054616
:10C1D0003078F4F788F88542DFD124B1206A10B1B5
:10C1E0002046BDE8F081FFE70020FAE72DE9F8439B
:10C1F00080462B4E012003232A4C0D4640F2026C50
:10C20000871E02B304F1300108704B70A1F802C020
:10C210008880404603F01DFFE06B3034009094E8C6
:10C220000E004046FAF78AFB3946012004F0E0FB95
:10C23000014610F10B0F29D01BA000BFFDF7A8FF8E
:10C240000020BDE8F8831749203108704B70A1F831
:10C2500002C08880404603F0FCFEE06A2034009073
:10C2600094E80E004046FAF769FB3946012004F0D5
:10C27000BFFB014610F10B0F01D013A0DEE74046D3
:10C28000FFF774FF0028DCD0306905E04046FFF777
:10C290006DFF0028D5D07069408828800120D0E744
:10C2A00018000020D41700205220726561642052CB
:10C2B000454143484544206E6F7469667956616C08
:10C2C0003A25640D0A0000004C207265616420521A
:10C2D000454143484544206E6F7469667956616CE8
:10C2E0003A25640D0A0000002DE9F8430D462F4E53
:10C2F00003212F4C81464FF0010840F209634FF0B3
:10C30000020C0F1F0AB304F1300080F80080417066
:10C310004380A0F804C0484603F09BFEE06B303435
:10C32000009094E80E004846FAF708FB39460120D1
:10C3300004F05EFB014610F10B0F2AD01DA000BFD8
:10C34000FDF726FF0020BDE8F8831948203080F86B
:10C35000008041704380A0F804C0484603F079FE95
:10C36000E06A2034009094E80E004846FAF7E6FAB6
:10C370003946012004F03CFB014610F10B0F01D0BF
:10C3800013A0DDE74846FFF7F1FE0028DBD0306957
:10C3900005E04846FFF7EAFE0028D4D07069D0F8DF
:10C3A00002004FEA304028600120CCE7180000204E
:10C3B000D417002052207265616420504F53206EC4
:10C3C0006F7469667956616C3A25640D0A00000045
:10C3D0004C207265616420504F53206E6F74696603
:10C3E0007956616C3A25640D0A00000000F5A170D1
:10C3F000704700000148007870470000C801002025
:10C400002DE9F84380462B4E012003232A4C0D468C
:10C4100040F2126C871E02B304F1300108704B70B9
:10C42000A1F802C08880404603F013FEE06B303470
:10C43000009094E80E004046FAF780FA3946012051
:10C4400004F0D6FA014610F10B0F29D01BA000BF53
:10C45000FDF79EFE0020BDE8F883174920310870E3
:10C460004B70A1F802C08880404603F0F2FDE06AFC
:10C470002034009094E80E004046FAF75FFA3946FF
:10C48000012004F0B5FA014610F10B0F01D013A002
:10C49000DEE74046FFF76AFE0028DCD0306905E0A1
:10C4A0004046FFF763FE0028D5D070694088288099
:10C4B0000120D0E718000020D41700205220726518
:10C4C0006164205741524E494E47206E6F74696631
:10C4D0007956616C3A25640D0A0000004C207265A3
:10C4E0006164205741524E494E47206E6F74696611
:10C4F0007956616C3A25640D0A0000002DE9FF4F62
:10C5000081B0080C1FFA82FC9EB21022DFF82CA129
:10C510004B4C0E9D89B24FF4817704234FF0060BEC
:10C520004FF001084FF4FA790DB3012D7DD10AF1D6
:10C53000100528806980A5F804C0EE8005F120066A
:10C5400086F8008072707780B380B560DAF83C00BE
:10C5500057460090D7E90C122B460198FAF7EEF9EE
:10C560004946012004F044FA00283ED043E0334D10
:10C5700028806980A5F804C0EE8005F1200686F8C1
:10C58000008072707780B380B560DAF82C0057466F
:10C590000090D7E908122B460198FAF7CFF94946DF
:10C5A000012004F025FA0B3005D026A0FDF7F0FDA0
:10C5B000A088401CA080A5F8008086F801B04FF448
:10C5C00084717180A6F80480B560F86A0090D7E99C
:10C5D00008122B460198FAF7B1F94946012004F0F8
:10C5E00007FA002827D117A01EE020A0FDF7D0FDF4
:10C5F000A088401CA080A5F8008086F801B04FF408
:10C6000084717180A6F80480B560F86B0090D7E95A
:10C610000C122B460198FAF791F94946012004F0D3
:10C62000E7F90B3007D011A000E004E0FDF7B0FD02
:10C63000A088401CA08005B0BDE8F08FD417002072
:10C64000180000204C65667420677269707065720E
:10C65000206D6F64627573207175657279207469DD
:10C660006D656F7574210D0A0000000052696768DE
:10C67000742067726970706572206D6F6462757383
:10C680002071756572792074696D656F7574210DFF
:10C690000A0000002DE9FE4380460020471E364C6C
:10C6A0000D460090ADF80400ADF808003E0CE2B174
:10C6B00001202870024669464046FFF715FE002813
:10C6C00042D000986860012201A94046FFF78EFD24
:10C6D000002841D0BDF804002881012202A940466B
:10C6E000FFF78EFE00283FD017E028700022694631
:10C6F0004046FFF7F9FDA8B100986860002201A943
:10C700004046FFF773FDA8B1BDF804002881002260
:10C7100002A94046FFF774FEA0B1BDF80800688189
:10C72000BDE8FE8315A0FDF733FD6F60A088401CB7
:10C73000A080E3E71BA0FDF72BFD2E81A088401C05
:10C74000A080E4E721A010E02AA0FDF721FD6F60A2
:10C75000A088401CA080B6E730A0FDF719FD2E810F
:10C76000A088401CA080B8E736A0FDF711FD6E81BF
:10C77000A088401CA080D3E71800002052656164A7
:10C78000206C656674205245475F5245414C5449C0
:10C790004D455F504F53206661696C6564210D0AF9
:10C7A000000000004C2072656164206C6566742096
:10C7B0005245475F504F535F5245414348454420DF
:10C7C0006661696C6564210D0A0000004C20726589
:10C7D0006164206C656674205245475F5741524E34
:10C7E000494E475F494E464F206661696C6564213A
:10C7F0000D0A0000522072656164207269676874D6
:10C80000205245475F5245414C54494D455F504F7A
:10C8100053206661696C6564210D0A0052207265BF
:10C820006164207269676874205245475F504F53B6
:10C830005F52454143484544206661696C65642107
:10C840000D0A000052207265616420726967687485
:10C85000205245475F5741524E494E475F494E4629
:10C860004F206661696C6564210D0A00F8B50546C4
:10C870001A4B002241F21701FAF73EFB002685F819
:10C88000E061344615E000BFD5F8A00030F8240080
:10C8900003041B0C0BD064204343114A2146284655
:10C8A0000096FAF723FED5F8A41021F81400641CB2
:10C8B000E4B2D5F89C000078A042E5D8D5F8A800ED
:10C8C0000388002B09D064204343064A00212846F0
:10C8D0000093FAF70BFEA5F8AC00F8BDD16C000888
:10C8E000BD150008596E000870B5054600240BE020
:10C8F000D5F8A40030F91400F4F73EFFD5F8A410E1
:10C9000021F81400641CE4B2D5F89C000078A04221
:10C91000EED835F9AC0FF4F72FFF288070BD00007A
:10C920002DE9F8431746DDE90896C1EBC102002561
:10C9300002EB4202984600EB8204022E2CD0032E1A
:10C940002AD0042E28D0052E26D0B4F97400F4F78E
:10C9500013FF00BFA4F8740084F82870A4F8308096
:10C9600084F8329084F82A6084F82B506563A563BC
:10C9700084F85C5084F85D5084F85E5025666566E6
:10C9800084F8685084F8695084F86A5084F87350C9
:10C990000020A567BDE8F883024B034A0095FAF72B
:10C9A000A5FDD7E7E0930400857000082DE9F0416C
:10C9B0000B3020F00706104D19E02068B04215D367
:10C9C000B0420AD9871B201DD4F80480F3F791FCEC
:10C9D000A019C0E90078286004E060682860201D84
:10C9E000F3F787FC201D2660BDE8F081251D2C682B
:10C9F000002CE2D10020F7E7401000207CB504466F
:10CA00008069002550B304F15800FBF7D6FD04F10E
:10CA1000600618B93046FBF7D0FDF8B1207F10B1A1
:10CA20004FF0FF351AE06846FBF7BFFD4FF47A710F
:10CA30006846FBF7B2FDA1682069F9F7B7F9011E56
:10CA40000CDD6A46204603F034FC050006D140F6B2
:10CA5000B8313046FBF7A1FD0120207728467CBD88
:10CA600010B50446FFF702FF2046BDE8104000F075
:10CA700085BA10B50446FFF737FF2046BDE81040E1
:10CA800000F0B8BAC1EBC10130B501EB410100EBD8
:10CA900081018C6BA018202802D84D6BA84201D9C7
:10CAA000FF2030BD002006E025180D4495F83C50CD
:10CAB0001D54401CC0B29042F6D3886B104488636A
:10CAC000002030BD2F4D2C68F6F71AF9FBF79EFBBE
:10CAD000F9F7A0FCF9F7F0FAF9F79AFBF9F75CFE21
:10CAE000F9F776FEF9F796FEF9F718FEF9F732FE38
:10CAF000A00002D524A0FDF74BFB200102D526A003
:10CB0000FDF746FBE00002D528A0FDF741FB002C15
:10CB100002DA2BA0FDF73CFB286840F0807028600B
:10CB2000F9F714FBF9F79CFDF9F740FBF8F7AEFDB8
:10CB3000FAF7B4F94FF47A70F5F75AFFF4F7F6FC08
:10CB4000FCF7C2F8010003D022A0FDF721FB02E0B0
:10CB500029A0FDF71DFBF9F735FD2F482D49016090
:10CB60000621416040F2E2418160F6F78DF808B19C
:10CB700072B6FEE700F07CFAF9F790FB00F08AFA53
:10CB8000FEE700007438024049574447207265733D
:10CB900065740D0A00000000506F7765722D6F6E8E
:10CBA0002072657365740D0A00000000536F66748F
:10CBB000776172652072657365740D0A000000006C
:10CBC0004C6F772D706F7765722072657365740D89
:10CBD0000A000000573535303020696E69742066D0
:10CBE00061696C65642C726573756C742069733A45
:10CBF00025640D0A00000000573535303020696E7D
:10CC00006974207375636365737366756C6C792ED4
:10CC10000D0A000000300040481000200EB541F41D
:10CC2000E061ADF8001001218DF8021000218DF8AF
:10CC3000031090F8E1016946FEF7C2FC0EBD0EB587
:10CC40000023ADF800308DF802308DF80420022367
:10CC50008DF805108DF8033090F8E1016946FEF774
:10CC6000AFFC0EBDF0B500688FB08068FEF74DFBDD
:10CC700006007DD01C216846F3F754FB55A13046D1
:10CC8000FEF710FB4069009054A13046FEF70AFB06
:10CC9000074654A13046FEF705FB544C0546BFB18C
:10CCA00053A13846FEF7FEFA4069019053A1384679
:10CCB000FEF7F8FA4069029052A13846FEF7F2FA00
:10CCC0004069002303901A466946206D00F05CFA23
:10CCD000BDB147A12846FEF7E5FA4069049047A197
:10CCE0002846FEF7DFFA4069059046A12846FEF780
:10CCF000D9FA4069002306901A466946606D00F033
:10CD000043FA182107A8F3F70DFB40A13046FEF7C0
:10CD1000C9FA07463FA13046FEF7C4FA0546BFB13F
:10CD20003EA13846FEF7BEFA4069079030A138466A
:10CD3000FEF7B8FA406908903BA13846FEF7B2FA10
:10CD40004069002309901A4607A9206E00F01CFADA
:10CD5000CDB132A12846FEF7A5FA40690A9024A178
:10CD60002846FEF79FFA40690B902FA1284600E065
:10CD70002DE0FEF797FA406900230C901A4607A9A8
:10CD8000606E00F001FA00200D900E9029A130464F
:10CD9000FEF788FA070017D028A1FEF783FA0546A8
:10CDA00028A13846FEF77EFA75B168B169690D9120
:10CDB00040690E90024625A0FDF7EAF900231A46C5
:10CDC0000DA9E06D00F0E0F93046FEF743FA0FB030
:10CDD000F0BD00006D6F6465000000006C65667456
:10CDE00000000000726967687400000018000020ED
:10CDF000706F736974696F6E000000007370656511
:10CE000064000000746F7271756500006B696E6379
:10CE10006F0000007A65726F6572720069735F65FA
:10CE20006E61626C6500000076656C6F6369747991
:10CE3000000000006770696F000000007479706581
:10CE40000000000073746174650000004750494F92
:10CE500020636D6420747970653D25642C207374A3
:10CE60006174653D25640D0A0000000010B598B09E
:10CE7000002852D090F832100DF13C0C90F835405B
:10CE800090F8343090F833208CE81E00D0E90A1274
:10CE90000DF12C0C90F8314090F830308CE81E00E9
:10CEA000D0E907120DF11C0CC48C838C8CE81E0099
:10CEB000818A0DF10C0C448B038BC28A8CE81E0016
:10CEC0000189428903698DE80E004FF400744368BC
:10CED000144A21461448FDF76BF9002801DBA042F3
:10CEE00003D312A0FDF754F916E000208DF84C0092
:10CEF0008DF84D008DF84E000B481590F3F71DFA94
:10CF00001690124813AAC1691148F8F7FFFD0100F5
:10CF100005D010A0FDF73CF9002018B010BD01208D
:10CF2000FBE70000283001087C1800204D515454C4
:10CF3000204A534F4E207061796C6F6164206F7688
:10CF40006572666C6F77210D0A00000018000020E2
:10CF5000641000204D515454207075626C697368E0
:10CF600020537973537461747573206661696C65BD
:10CF7000642C2072633D25640D0A000038B5044618
:10CF80001A4B002241F20C01F9F7B6FF174B0022B1
:10CF900041F20D012046F9F7AFFFD4F83C010388B8
:10CFA000002B21D0D4F84001007800281CD0642048
:10CFB00043430F4A002120460093FAF797FAA4F85A
:10CFC00034010020211891F8B4200F2A08D02268DB
:10CFD0001278824204D0D4F84021127881F844219A
:10CFE000401CC0B28028EDD338BD0000096D000898
:10CFF000191B000810B50446B0F93401F4F7BCFB66
:10D00000A4F8340110BD10B586B0202204AC0492FF
:10D010000094012205ABCDE90132C1EBC10101EB66
:10D02000410100EB8104039204F13C0394F83220A7
:10D03000218EFDF723FA002803D1049860630020B5
:10D04000A06306B010BD10B5EFF3058111B16FF00C
:10D05000050403E0002408B103F0C6FE204610BD1D
:10D06000EFF3058008B105F093BA05F08BBA000024
:10D07000EFF3058010B16FF00500704704480168B8
:10D0800011B14FF0FF30704701210160002070475F
:10D090005401002010B5EFF3058010B16FF00500CA
:10D0A00010BD08480168012902D04FF0FF3010BDC3
:10D0B000054A002182F8141D0221016003F0D2FF0D
:10D0C000002010BD540100200BE000E0F8B51D4623
:10D0D0006FF003026FF002064FF00004EFF30583D8
:10D0E000A3B1F0B1E9B1E5B9002200926A4604F0BB
:10D0F000A7FF012817D10098B0B10C494FF080501C
:10D100000860BFF34F8FBFF36F8F0DE048B141B19F
:10D110002A4604F0F9FE012806D025B16FF001047B
:10D1200002E0144600E034462046F8BD04ED00E07D
:10D13000F8B514464FF00005EFF3058212BB08B3B3
:10D1400001B3A4B1D4E9023263B1502A1AD32269DF
:10D15000C2B1676900FB01F6B74213D3009504F032
:10D16000FEFC07E072B9226962B9626952B9002215
:10D1700004F0D4FC050005D00CB1216800E00021CA
:10D1800003F0D0FD2846F8BDF8B51D466FF0030248
:10D190006FF002064FF00004EFF30583ABB100B36C
:10D1A000F9B1F5B90022134600926A4604F0FEFD7B
:10D1B000012818D10098B8B10C494FF08050086090
:10D1C000BFF34F8FBFF36F8F0EE050B149B1002313
:10D1D0002A4604F03BFD012806D025B16FF001047A
:10D1E00002E0144600E034462046F8BD04ED00E0BD
:10D1F000F8B50D460024211F4E1C002804D000BFA6
:10D20000EFF30582A2B10DB10C461BE000216A4686
:10D21000009104F015FF012813D1009890B10A493C
:10D220004FF080500860BFF34F8FBFF36F8F09E05E
:10D23000294604F053FF012804D015B16FF0010412
:10D2400000E034462046F8BD04ED00E0F8B5144691
:10D2500003460E464FF00005EFF3058098BB93B3ED
:10D260009E423DD84CB1A0680028E06803D0502809
:10D2700036D3012002E008B132E00020012B05D0B6
:10D2800010B31846A26804F01EFC20E040B1032051
:10D290000090002211460120A36804F060FC04E025
:10D2A00003220021012004F039FC050018D086B1CA
:10D2B00000231A46194604F0C9FC012809D0284663
:10D2C00003F044FD00250BE0184604F0DFFB0500E9
:10D2D00006D00CB1216800E00021284603F022FDB1
:10D2E0002846F8BD38B50024E51E00280BD000BF45
:10D2F000EFF30581A9B100210091694604F0B5FD65
:10D30000012815D102E06FF0030412E0009880B10B
:10D3100009494FF080500860BFF34F8FBFF36F8F04
:10D3200007E000231A46194604F090FC012800D0BB
:10D330002C46204638BD000004ED00E005F00EB993
:10D340002DE9FF414FEA01034FF00005EFF305819E
:10D35000039549BB40B38027182100244AB31668BF
:10D3600006B1344696691EB13146761E382E02D279
:10D370001679F60703D0002004B0BDE8F0815669A5
:10D3800006B1B708D2F808C0BCF1000F0DD0D568BF
:10D390005C2D18D312693AB136B18DE806103A46C1
:10D3A000214604F0BEFF03900DE0D6685EB9126915
:10D3B0004AB903AACDE90012BAB2214604F084FFAB
:10D3C000012800D003950398D6E700002DE9FC471B
:10D3D0001C469046894607464FF00006EFF305804D
:10D3E00058BB57B3082002F0F9FB050025D0C5E96A
:10D3F0000078B9F1000F12D00122114B002094B136
:10D40000216801B10846A16859B1E4682C2C11D3F8
:10D41000CDE900312B46012105F056FA08E0002243
:10D42000EBE7E16831B900932B46012105F032FAB0
:10D43000060002D1284603F007FC3046BDE8FC8711
:10D440006D85000808B5EFF3058212B16FF0050095
:10D4500008BD58B10022134600920A46042105F087
:10D460007BFA012805D06FF0020008BD6FF00300C1
:10D4700008BD002008BD2DE9F04107460025C86819
:10D480000C462E46B0F57A7F5BD2401CE0602168E6
:10D49000A068095C5B2954D1401CA0602046FDF7C0
:10D4A00057FE4CB1D4E90110884203D22268125CC5
:10D4B0005D2A33D0884203D3A068401EA06040E0BC
:10D4C000401E04F11008A0604046FDF713FF98B31A
:10D4D0000DB3306046600646A068401CA060204640
:10D4E000FDF736FE2146304600F000FA30B3204604
:10D4F000FDF72EFE14B3D4E90110884203D221684F
:10D50000095C2C29E0D06268904217D22168085C3F
:10D510005D2813D102E005462E46DDE7E068401E97
:10D52000E06005B16E602020C7E90250A068401C91
:10D53000A0600120BDE8F081FFE715B12846FDF7A6
:10D5400089FE0020F6E7034610B500200246995CEC
:10D55000A1F13004092C01D830380AE0A1F14104CE
:10D56000052C01D8373804E0A1F16104052C08D856
:10D5700057380844032A00D20001521C042AE6D37B
:10D5800010BD002010BD00002DE9F0474FF000094C
:10D590002DED028B82B007460C004FF02E0A484654
:10D5A0004D46C846CDF8009041D02368DBB3D4E99E
:10D5B000012122E05E18865D342E1BD00ADCA6F124
:10D5C0002B06092E1CD2DFE806F0151B152F1B15A4
:10D5D00015151500382E0DD006DC352E0AD0362E46
:10D5E00008D0372E0CD105E0392E03D0452E01D0BE
:10D5F000652E05D16D1C401C14B10E189642D9D36E
:10D600002169681C8847060011D0A16820682A4655
:10D6100001443046F2F76DFE06F80590B8F1000FB0
:10D6200013D000200FE002E04FF00108E2E70020F5
:10D6300002B0BDEC028BBDE8F087315C2E2901D130
:10D6400006F800A0401CA842F7D369463046FCF714
:10D6500007FE0098B0EE408AF0EE608A864203D161
:10D66000616930468847E2E79FED150B87ED068B31
:10D6700053EC102B51EC180BF3F778FA02D86FF03B
:10D6800000400FE09FED100B51EC180B53EC102BEA
:10D69000F3F754FA02D84FF0004003E051EC180BB6
:10D6A000F3F714FA78610820F8600099A068891BE4
:10D6B0000844A0606169304688470120B8E700004F
:10D6C0000000C0FFFFFFDF41000000000000E0C1DC
:10D6D0002DE9F04107460026C8680C463546B0F5EE
:10D6E0007A7F7BD2401CE060002C77D0D4E9011017
:10D6F000884273D22168095C7B296FD1401CA060ED
:10D700002046FDF725FDD4E90110884203D22268A6
:10D71000125C7D2A4FD08842A0F10100A0605DD24A
:10D7200004F110084046FDF7E5FDE8B30EB32860AC
:10D7300045600546CCB3D4E90110401C88424AD26A
:10D74000A0602046FDF704FD2146284600F048F879
:10D7500058B32046FDF7FCFC2869286200202861A8
:10D76000D4E90110884236D22168095C3A2932D1C5
:10D7700002E006463546DDE7401CA0602046FDF786
:10D78000E7FC2146284600F0B1F870B12046FDF7CD
:10D79000DFFCD4E90110884203D22168095C2C29FE
:10D7A000C0D06268904201E014E014E013D2216816
:10D7B000085C7D280FD1E068401EE06006B175600E
:10D7C0004020C7E90260A068401CA0600120BDE8BD
:10D7D000F08103E016B13046FDF73CFD0020F6E78E
:10D7E0002DE9F84380468B6808684FF00009C4189B
:10D7F000CDF8009008680E46651CC15C641C2229A7
:10D800006ED10022716808E0BCF15C0F04D17F1C6E
:10D810008F4265D2521C641C641C271A8F4204D2AA
:10D8200094F800C0BCF1220FEED1271A8F4257D2D4
:10D830002178222954D11844201A801A3169401CB9
:10D84000884707004CD0009737E029785C2905D03D
:10D8500000986D1C00F8011B00902EE00220611B57
:10D86000012939DB6A78662A14D008DC222A12D012
:10D870002F2A10D05C2A0ED0622A2DD108E06E2A01
:10D880000ED0722A0ED0742A0ED0752A24D10DE043
:10D89000082200E00C22009901F8012B00910BE016
:10D8A0000A22F8E70D22F6E70922F4E76A46214644
:10D8B000284603F0D1F878B10544A542C5D30099B4
:10D8C00081F800901021C8E903173068201A401C25
:10D8D000B0600120BDE8F88317B171693846884708
:10D8E00015B13068281AB0600020F3E770B50C005D
:10D8F00005465ED0206800285BD0A16863680A1DD9
:10D900009A4205D80844042231A1F2F738FD78B3D1
:10D91000A0686268411D0126914206D8216805224F
:10D9200008442DA1F2F72BFD28B3A0686268011D01
:10D93000914206D821680422084429A1F2F71FFD6C
:10D94000E8B1D4E90101814203D22268525C222A63
:10D950001DD0814221D22268525C2D2A02D0303A59
:10D96000092A1AD821462846BDE87040FFF70CBEA8
:10D970000420E86006E0EE60A068401D04E002209C
:10D980006E61E860A068001DA060012070BD2146A6
:10D990002846BDE87040FFF723BF814203D22268CA
:10D9A000525C5B2A07D0814203D22068405C7B280E
:10D9B00007D0002070BD21462846BDE87040FFF723
:10D9C0005ABD21462846BDE87040FFF781BE0000E1
:10D9D0006E756C6C0000000066616C736500000081
:10D9E000747275650000000038B5CA78082A0CD139
:10D9F00011F8042B02F07F0531F8022B11F8013BDE
:10DA00000091D0F838422946A04738BD70B5044689
:10DA100090F87C007F2803D0052801D004283FD14E
:10DA20004A791AB123681B789A4239D10979802939
:10DA300025D009DC01291CD0022931D17F2801D051
:10DA400005282DD1042126E081291ED0822927D145
:10DA50002046FEF72AFAD4F89810054609B1204668
:10DA600088472168FF2008702946204602F02AFDD9
:10DA700010E07F2801D0042812D105210BE00528F1
:10DA800001D004280CD17F2105E0D4F8941009B10D
:10DA90002046884700212046BDE8704002F0C6BD00
:10DAA00070BD00002DE9FE43044608784FF00008E1
:10DAB00000F07F068878012818D00879A51900F0B1
:10DAC0007F07D4F84001007885F8440195F8B40048
:10DAD000B84207D0D4F8DC313A4631462046984760
:10DAE00085F8B47095F8B40038B32BE0206800785E
:10DAF000B04220D120684146007800F5E060ADF8E2
:10DB0000000001208DF803008DF8028094F87C203D
:10DB10008DF8042094F8E03133B142F080008DF8A4
:10DB2000040084F8E01101E084F8E00194F8E101D8
:10DB30006946FDF745FDBDE8FE83D4F8D82131469E
:10DB40002046904795F8B4000F28F4D000251EE039
:10DB5000D4F8A00050F82510C1F30740864214D134
:10DB6000D4F8A4008FB230F91500F3F705FE642055
:10DB700007FB00F3094A29462046CDF80080F9F753
:10DB8000B5FCD4F8A41021F815006D1CEDB2D4F842
:10DB90009C000078A842DBD8CDE70000BD15000846
:10DBA0002DE9F04F894604460222002199F802002F
:10DBB00089B00D4610B101287ED09AE06369A6694C
:10DBC0009888B68820B994E0022A04D0042A0FD09D
:10DBD000B042F9D98DE0B9F80020676857F830C035
:10DBE000DCF818C0DCF800C094450CD1B04210D865
:10DBF000DF886268F80000EBC50B002652F80B00C6
:10DC0000D0F8088046E06D1C401C80B2EDB2B042F6
:10DC1000E4D96EE0002003900490636853F80B2071
:10DC2000182303EB0613D2585FEA020A65D09AF86C
:10DC3000002012F0FF0207922AD00A44069299F8B7
:10DC40000330B2EBC30F23D803AACDE9002001F0C3
:10DC5000070209EBD10103460290091D0798F3F76B
:10DC6000C3FC07980121401E01EBE000059005AAC6
:10DC700000200092CDE90101DAF8000003ABC0F307
:10DC80000722010C2046FDF707F9B0BB0698C1B288
:10DC9000761CF6B298F80000B042BBD8E068F8B144
:10DCA000616851F83710896D0E88CEB130F91500D2
:10DCB000F3F762FD002000E00CE00090642006FB1A
:10DCC00000F3294620462269F9F710FCE16821F8A3
:10DCD00015000EE06069A26901210089128930B93E
:10DCE00007E001290AD004291BD005293CD0904225
:10DCF000F7D9002009B0BDE8F08F3BE0B9F800305B
:10DD0000D4F8041051F83060B66936689E4201D1EB
:10DD1000042116E06D1C401C80B2EDB29042F1D996
:10DD2000E7E7616851F83010896A0B78FD2B07D05E
:10DD3000D9B2FC2908D0FF291ED0FE291CD019E039
:10DD400005219042CFD9D4E7A36805EBC50113F8AC
:10DD50001160F60706D0062000EB4100191894F870
:10DD6000E1012CE09042C4D86A4629462046FDF7DE
:10DD700007FA08B3FF20BDE7A16805EBC50602203E
:10DD800000EB4607C85FF3F7F7FCA168C853A1682A
:10DD9000042000EB4607C85FF3F7EEFCA168C85308
:10DDA000A06810F8161021F0010100F8161029469D
:10DDB0002046F8F7C7FF9CE794F8E1016946FDF7B4
:10DDC000FFFB96E72DE9F04F8DB000268DF8086037
:10DDD0000C9604464069A36981460D4600881A885E
:10DDE0003146D8B14FF0040C904217D867680CEB5D
:10DDF000C00817F80880B8F1010F72D957F83070D1
:10DE0000B5F80080BF693F68474502D101270391FB
:10DE100025E0491C401CC9B280B2E5E7B9F8020010
:10DE20005A88002100285CD00423904259D86768A2
:10DE300003EBC00C17F80CC0BCF1030F51D957F815
:10DE40003070B5F800C0BF6A3F68674511D10391D3
:10DE50006168022751F83000806B00780C90E878F8
:10DE60004FF00069082809D0CDE9006900233A463F
:10DE70009CE0491C401CC9B280B2D6E702AB3A46CE
:10DE800020460399FEF7B5F8E8B9012F02D0022F1A
:10DE90000DD018E09DF80810C1EBC10101EB410164
:10DEA00004EB810191F82A10042921D00BE09DF8A0
:10DEB0000810C1EBC10101EB410104EB810191F8B4
:10DEC0002A10052914D029794909DFF85484DFF88C
:10DED00054A405F108020DF1180B089207296FD21E
:10DEE00000E067E0DFE801F009FDFCFB86FAF900DD
:10DEF000297980297ED00621E7E7012F02D000286A
:10DF000079D051E0E8BB9DF80800C0EBC00000EB01
:10DF1000400004EB800090F82A10022944D1B0F9A7
:10DF20007400411C1DD0F3F727FC9DF80810FE4B30
:10DF3000C1EBC10101EB410104EB8101FB4AA1F8F6
:10DF4000740000969DF808102046F9F7CFFA9DF866
:10DF50000810C1EBC10101EB410104EB8101A1F803
:10DF600074009DF80800C0EBC00000EB400004EB1B
:10DF70008000018E059190F8328090F82B1028795E
:10DF800000E011E0C0F3001291427DD1C0F34200E5
:10DF9000C0F107026B1D0A929DF808102046F9F7A0
:10DFA0004DF9002871D10CE00023FDE320460399D0
:10DFB000FDF705FF0DB0FF20BDE8F08F059BF4E3F2
:10DFC000F4E39DF808002021C0EBC00000EB400006
:10DFD00004EB800090F82B0041EA00108DF8180047
:10DFE000012059460E54401C0828FBD306AB394685
:10DFF000204601E0E3E322E0039A02F098F99DF85D
:10E000000800C0EBC00000EB400004EB800090F87B
:10E010002B1079B15FF0000180F82B102879C00730
:10E020007DD09DF808102046F9F7EEF820B1CDE933
:10E030000080C3E70121EFE79DF80810FEE39DF89B
:10E040000800C0EBC00000EB400004EB800090F83B
:10E050002A100329A8D1B0F97400411C20D0F3F78D
:10E060008BFB9DF80810B04BC1EBC10101EB4101E6
:10E0700004EB8101AD4AA1F8740000969DF80810E8
:10E080002046F9F733FA01E09BE09BE09DF8081089
:10E09000C1EBC10101EB410104EB8101A1F8740066
:10E0A0009DF80800C0EBC00000EB400004EB8000CE
:10E0B000018E059190F8328090F82B102879C0F3EA
:10E0C000001291427DD1C0F34200C0F107026B1DE6
:10E0D0000A929DF80810204604E0FDE3B6E35AE2F8
:10E0E0004FE13CE0F9F7AAF800286BD19DF8080051
:10E0F000C0EBC00000EB400004EB800191F82B0066
:10E10000F8B1002081F82B002979C9071BD000BF86
:10E110009DF80800C0EBC00000EB400000E058E3B1
:10E1200004EB8000B0F97400F3F726FB9DF80810AB
:10E13000C1EBC10101EB410104EB8101A1F87400C5
:10E14000FBE10120DEE7602141EA00108DF81800B4
:10E15000012059460E54401C0828FBD31AE2012F17
:10E160006CD000287FF4CDAE9DF80800C0EBC00055
:10E1700000EB400004EB800090F82A100229F1D156
:10E18000B0F97400411C20D0F3F7F6FA9DF808109E
:10E19000654BC1EBC10101EB410104EB8101634A15
:10E1A000A1F8740000969DF808102046F9F79EF932
:10E1B0009DF80810C1EBC10101EB410104EB8101A5
:10E1C00001E093E0B4E0A1F874009DF80810C1EB01
:10E1D000C10000EB400004EB8000028E059290F835
:10E1E00032802A7990F82B00C2F3001290427DD140
:10E1F0000AAA2046FDF71CFF0A98002888D00728A5
:10E200009DF80800C0EBC00000EB400004EB80016B
:10E2100091F82B006BD9E8B35FF0000081F82B0078
:10E2200000018DF818009DF808100BF1010307227A
:10E230002046FEF727FC00287AD18FE7B5F80510B5
:10E24000059195F807A040B102AA39462046FDF78E
:10E25000B4FE28B1CDE900A8B0E6CDE900A8ADE64E
:10E260000220CDE900A09DF808102046059B039AE6
:10E27000FEF756FB28794108C90726D09DF80810FB
:10E28000C0F38100C0F10400C1EBC1010A9001EBB1
:10E29000410100E051E004EB810148639DF8081062
:10E2A0002046089B0A9AF8F7C9FF20BB9DF8081082
:10E2B0002046F8F7A9FF10B1CDE900A07EE69DF851
:10E2C0000810204601F0AAFE18E0C00716D0287AF0
:10E2D000697AEA7A00EB0120A97A090401EB02616C
:10E2E00042180A929DF80810204601E0F7E126E066
:10E2F00002F08EF910B1CDE900A95FE660208DF83B
:10E30000180005988DF81900000A8DF81A008DF88C
:10E310001BA0042059460E54401C0828FBD339E1A9
:10E320002100000800000305E09304008570000848
:10E330009AE020460C9990474BE201206EE7B0B17D
:10E340005FF0000081F82B000A9A0001C2F1070378
:10E3500040EA4300401C8DF818009DF808100BF1AE
:10E3600001032046FEF78EFB00287DD101E001204D
:10E37000E8E759460A9800E00E54401C0828FBD3F1
:10E3800008E1012F4DD000287FF4BBAD9DF80800B7
:10E39000C0EBC00000EB400004EB800090F82A10B6
:10E3A0000329F1D1B0F97400411C1DD0F3F7E4F951
:10E3B0009DF80810FA4BC1EBC10101EB410104EBE0
:10E3C0008101F84AA1F8740000969DF808102046D3
:10E3D000F9F78CF89DF80810C1EBC10101EB410180
:10E3E00004EB8101A1F874009DF80800C0EBC000A7
:10E3F00000EB400004EB8000B0F830A090F83280D1
:10E4000028794108C9076ED0C0F38100C0F1040229
:10E410000A929DF808102046089BF8F70FFFE0BB12
:10E420006BE0B5F80510ED798A4650B102AA39467D
:10E430002046FDF7C2FD30B15346CDE900583A46BB
:10E44000B4E50B46F9E70320CDE9005053469DF8AB
:10E4500008102046039AFEF763FA9DF8081020463C
:10E46000FEF7D1FD30B100E077E1CDE90050534631
:10E470003A469BE50AAA9DF808102046FDF7D8FD0C
:10E480000A9A042A16D941208DF818008DF819A08F
:10E490004FEA1A208DF81A0000E06DE08DF81C207C
:10E4A000100A8DF81D00100C8DF81E008DF81B5001
:10E4B000100E59E2C2F10400432141EA80008DF8B8
:10E4C00018008DF819A04FEA1A208DF81A008DF85F
:10E4D0001B500BF104039DF808102046FEF7D2FAFA
:10E4E00010B1534658E134E00A985946001D01E046
:10E4F0000E54401C0828FBD339E19DF80800C0EBFE
:10E50000C00000EB400004EB8000B0F97400F3F7AA
:10E5100033F99DF80810C1EBC10101EB410104EB97
:10E520008101A1F874009DF808100A98C1EBC1019F
:10E5300001EB410104EB810148639DF808100120C3
:10E54000C1EBC10101EB410104EB810181F82A001B
:10E550006DE1C00715D0287A697AEA7A00EB0120CC
:10E56000A97A090401EB026142180A929DF8081089
:10E57000204602F04DF820B153463A46CDE90089D5
:10E5800014E560208DF81800012059460E54401CF7
:10E590000828FBD365E2012F5CD000287FF4B1ACE2
:10E5A0009DF80800C0EBC00000EB400004EB8000C9
:10E5B00090F82A100229F1D1B0F97400411C1DD045
:10E5C000F3F7DAF89DF80810754BC1EBC10101EBC8
:10E5D000410104EB8101734AA1F8740000969DF893
:10E5E00008102046F8F782FF9DF80810C1EBC10122
:10E5F00001EB410104EB8101A1F874009DF80810C2
:10E600000AAAC1EBC10000EB400004EB8000B0F8A7
:10E61000308090F832502046FDF70AFD0A9A002A11
:10E620003FF476AD9DF80810072AC1EBC10000EB5E
:10E63000400004EB800090F82B004FEA00107CD9DA
:10E640008DF818000BF1010307222046FEF71AFA95
:10E65000E8BB06E20028A1D19DF80800C0EBC0008D
:10E6600000EB400004EB800090F82A10032995D1BC
:10E67000B0F97400411C1DD0F3F77EF89DF8081026
:10E68000474BC1EBC10101EB410104EB8101454A5C
:10E69000A1F8740000969DF808102046F8F726FFB0
:10E6A0009DF80810C1EBC10101EB410104EB8101B0
:10E6B000A1F874009DF80810C1EBC10000EB400008
:10E6C00004EB8000028E059290F8328000E062E058
:10E6D0002A7990F82B00C2F30012904202D0CDE9C3
:10E6E000008A6BE40AAA2046FDF7A2FC9DF80810F8
:10E6F0000A9AC1EBC10000EB400004EB8000072A3E
:10E7000090F82B004FEA00101AD98DF818000BF181
:10E71000010307222046FEF7B5F9F0B99DF808007D
:10E72000C0EBC00000EB400004EB800090F82B1021
:10E7300021B1002180F82B1093E11FE00121F9E7BE
:10E74000C2F1070340EA4300401C8DF818000BF1AA
:10E7500001032046FEF796F910B1CDE900892DE4BA
:10E7600059460A9800E00E54401C0828FBD306AB1B
:10E7700039462046039A01F0DAFD5DE4C2F1070351
:10E7800040EA4300401C8DF818000BF101032046BD
:10E79000FEF778F958B14346CDE900593A4605E409
:10E7A000E09304008570000882E0FDE3FDE3594634
:10E7B0000A9800E00E54401C0828FBD351E1AA7AC5
:10E7C0002989012F62F31F41EA7A41EA026501D0EB
:10E7D00018B195E20028D0D092E29DF80800C0EB75
:10E7E000C00000EB400004EB8000B0F97400F2F7C9
:10E7F000C3FF9DF80810C1EBC10101EB410104EB1F
:10E800008101A1F874009DF808108020C1EBC101BE
:10E8100001EB410104EB810181F82A009DF8080019
:10E82000C0EBC00000EB400004EB8000C5629DF827
:10E830000800C0EBC00000EB400000E0A6E004EBE5
:10E840008000826F002A7FF474AD59E22979012F8C
:10E8500001F0030A0BD0BAF1000F7CD0BAF1020F1D
:10E8600079D0BAF1010F3FF453ACFFF79DBBBAF179
:10E87000000F09D0BAF1010F79D0BAF1020F6CD0B4
:10E88000BAF1030F69D03BE2B5F80510EE7989467D
:10E8900028B1287A7F2804D9FB480B4637E00B467D
:10E8A00006E002AA39462046FDF787FB20B14B4619
:10E8B000CDE900683A46C3E50520CDE900604B4646
:10E8C0009DF808102046039AFEF72AF828799DF84B
:10E8D0000810C0F3800000E03EE2C1EBC10101EB93
:10E8E000410104EB810181F85C009DF80810287A51
:10E8F000C1EBC10101EB410104EB810181F85D0035
:10E900009DF808102046FEF77EFB20B14B46CDE96E
:10E9100000603A4694E50AAA9DF808102046FDF7E3
:10E9200087FB9DF808100A98C1EBC10101EB41017A
:10E9300004EB81010866C2208DF818008DF819904B
:10E940004FEA19208DF81A000A988DF81B608DF88F
:10E950001C00010A02E0EEE009E01BE08DF81D104A
:10E96000010C8DF81E10000E8DF81F008CE300289E
:10E970007FF47BAF9DF80810C1EBC10000EB4000B5
:10E9800004EB800090F82A000528F1D1204601F020
:10E9900045FBE8E30028EBD19DF80800C0EBC00080
:10E9A00000EB400004EB800090F82A100529DFD12D
:10E9B000B0F97400411C1DD0F2F7DEFE9DF808107E
:10E9C000B24BC1EBC10101EB410104EB8101B04A43
:10E9D000A1F8740000969DF808102046F8F786FD0F
:10E9E0009DF80810C1EBC10101EB410104EB81016D
:10E9F000A1F874009DF80800BAF1020FC0EBC00046
:10EA000000EB400004EB8000018E059190F832107D
:10EA10000B9140D1A97980F85D1068790AAA00F0BD
:10EA20007F039DF808102046FDF702FB0A98C8B93D
:10EA30009DF80800C0EBC00000EB400004EB800034
:10EA400090F8681099420DD190F86910C12040EA01
:10EA500081008DF81800012059460E54401C0828EA
:10EA6000FBD311E39DF80800C3EBC302C0EBC00069
:10EA700000EB400004EB8000416E114481639DF87F
:10EA80000800C0EBC00000EB400004EB8000406BCE
:10EA900081423FF6EAAE9DF808000125C0EBC000B8
:10EAA00000EB400004EB8000816B41661EE000BF7C
:10EAB00081F868500AAA9DF808102046FDF7B8FAB8
:10EAC0000A9807281FD98DF818500BF10103072267
:10EAD0009DF808102046FDF7D5FF08BB06AB394668
:10EAE0002046039A01F023FC6D1CEDB29DF808004E
:10EAF000C0EBC00000EB400004EB800191F85D002A
:10EB0000A842D5D22FE345F080008DF818005D466D
:10EB10006B1C9DF8081020460A9AFDF7B3FF18B148
:10EB20000B99CDE90019DCE50A9800E02E54401C51
:10EB30000828FBD3FCE000287FF497AE9DF808007E
:10EB4000C0EBC00000EB400004EB800090F82A10FE
:10EB50000429F1D1018E059190F832100B91B0F992
:10EB60007400411C1DD0F2F707FE9DF80810474BBA
:10EB7000C1EBC10101EB410104EB8101444AA1F861
:10EB8000740000969DF808102046F8F7AFFC9DF839
:10EB90000810C1EBC10101EB410104EB8101A1F8B7
:10EBA0007400BAF1000F07D0A8797F2820D9364920
:10EBB0000B98CDE9000194E5287A7F28F7D89DF8D5
:10EBC00008102879C1EBC10101EB410104EB81017F
:10EBD000C0F3800081F85C009DF80810287AC1EB32
:10EBE000C10101EB410104EB810181F85D0051E0BD
:10EBF0009DF808100AAAC1EBC10101EB410104EB29
:10EC0000810181F85D0068799DF8081000F07F03AC
:10EC10002046FDF70DFA0A98C8B99DF80800C0EB28
:10EC2000C00000EB400004EB800090F868109942AF
:10EC30000DD190F86910C12040EA81008DF81800CC
:10EC4000012059460E54401C0828FBD31CE29DF8B5
:10EC50000800C3EBC302C0EBC00000EB400004EBB4
:10EC60008000416E114481639DF80800C0EBC00034
:10EC700000EB400004EB8000406B81420AD90B9905
:10EC8000CDE900182DE5000002000405E093040022
:10EC9000857000089DF808000125C0EBC00000EB5E
:10ECA000400004EB8000816B41661DE080F86850F5
:10ECB0000AAA9DF808102046FDF7BAF90A98072815
:10ECC0001FD98DF818500BF1010307229DF8081089
:10ECD0002046FDF7D7FE08BB06AB39462046039A0F
:10ECE00001F025FB6D1CEDB29DF80800C0EBC000E3
:10ECF00000EB400004EB800090F85D10A942D5D2F3
:10ED000031E245F080008DF818005D466B1C9DF8DF
:10ED1000081020460A9AFDF7B5FE18B10B98CDE908
:10ED20000009DEE40A9800E02E54401C0828FBD3BA
:10ED300006AB39462046039A01F0F9FA9DF808100F
:10ED40000A98C1EBC10101EB410104EB8101C0F163
:10ED5000070081F8690006E24FF0100A012F3CD04D
:10ED600000287FF482AD9DF80800C0EBC00000EBE6
:10ED7000400004EB8000B0F97400411C1DD0F2F794
:10ED8000FBFC9DF80810C1EBC10101EB410104EB54
:10ED90008101A1F87400FE4BFE4A00969DF8081010
:10EDA0002046F8F7A3FB9DF80810C1EBC10101EB69
:10EDB000410104EB8101A1F874009DF80810C1EB3A
:10EDC000C10000EB400004EB800393F86A00E8B355
:10EDD000012874D0022873D0C5E1C0B3287910F09F
:10EDE000010FBED1B5F805B095F8079002AA3946D3
:10EDF0002046FDF7E2F820B1CDE900985B463A469F
:10EE0000CDE40420CDE900905B469DF80810204633
:10EE1000039AFDF785FD9DF808100120C1EBC101A3
:10EE200001EB410104EB810181F86A009DF80810B3
:10EE30002879C1EBC10101EB410104EB8101C0F371
:10EE4000800081F85C002879800701E0EAE027E093
:10EE500012D5287A697AEA7A00EB0120A97A0904A6
:10EE600001EB026108449DF80810C1EBC10101EB00
:10EE7000410104EB81010866A0208DF818008DF88F
:10EE80001CA08DF819B04FEA1B208DF81F608DF87B
:10EE90001A008DF81E608DF81B908DF81D60F3E050
:10EEA0009DF80800C0EBC00000EB400004EB8000C0
:10EEB00090F86A10012904D0022940D053E1EAE019
:10EEC00055E1B0F97400411C1DD0F2F755FC9DF8D6
:10EED0000810AF4BC1EBC10101EB410104EB810113
:10EEE000AC4AA1F8740000969DF808102046F8F787
:10EEF000FDFA9DF80810C1EBC10101EB410104EBE3
:10EF00008101A1F87400287900F07F0800069DF8BF
:10EF10000800C0EBC00000EB400004EB800090F85C
:10EF2000681001F1010105D5414575D1022180F834
:10EF30006A10BEE0414571D180F86880FBE0297914
:10EF4000C9073FF492ACB0F97400411C1DD0F2F730
:10EF500013FC9DF808108E4BC1EBC10101EB410180
:10EF600004EB81018B4AA1F8740000969DF808100B
:10EF70002046F8F7BBFA9DF80810C1EBC10101EB80
:10EF8000410104EB8101A1F874009DF80810287973
:10EF9000C1EBC10202EB4202C0F3820004EB820328
:10EFA000C0F10702204601E03AE016E16C33F8F7C1
:10EFB00045F990BB9DF80800C0EBC00000EB400095
:10EFC00004EB8000016E11B1826B91427ED1A120D1
:10EFD0008DF81800012059460E54401C0828FBD318
:10EFE00006AB39462046039A01F0A1F99DF80810B6
:10EFF0002046F8F709F900283FF41EA89DF80810EC
:10F00000C1EBC10101EB410104EB810191F8322018
:10F01000CDE900200B8E03E064E094E0A0E0038ED5
:10F020003A4648E42879C00734D1012083F86A00C1
:10F030009DF808102879C1EBC10101EB410104EBF7
:10F040008101C0F3800081F85C002879800712D527
:10F05000287A697AEA7A00EB0120A97A090401EB9F
:10F06000026108449DF80810C1EBC10101EB4101A8
:10F0700004EB81010866A3208DF818000120594691
:10F080000E54401C0828FBD306AB39462046039A91
:10F0900001F04DF967E0287900F07F08000693F849
:10F0A000680000F1010042D540451BD1022083F8E1
:10F0B0006A009DF80810C1EBC10101EB410104EBAE
:10F0C000810181F868809DF8080000E06FE0C0EBE6
:10F0D000C00000EB400004EB8000696840F86B1F43
:10F0E000A9684160A2208DF818009DF8080006ABC1
:10F0F000C0EBC00000EB400004EB8000394690F804
:10F1000068008DF819008DF81AA007968DF81B601D
:10F110002046039A01F00BF99DF80800C0EBC000EF
:10F1200000EB400004EB800080F868601BE0404585
:10F1300016D183F868806B1D07229DF808102046C1
:10F14000F8F77CF860B19DF80800C0EBC00000EB58
:10F15000400004EB800090F83220CDE900295EE702
:10F16000B8F1100FBED00DB00020BDE8F08F2879A7
:10F17000C2073EF419AFC0F38200C0F10702204677
:10F180006C33F8F75BF80028DDD19DF8080003E048
:10F19000E093040085700008C0EBC00000EB400065
:10F1A00004EB8000016E39B1826B914204D090F87B
:10F1B0003220CDE9002832E7A1208DF81800012087
:10F1C00059460E54401C0828FBD306AB394620464E
:10F1D000039A01F0ACF8FEF79BBF0A4920B1CDE9D4
:10F1E000006100233A460BE69DF80800C0EBC00022
:10F1F00000EB400004EB800090F83220CDE90021C4
:10F200000DE700000100040570B5D0F8D0110446E8
:10F21000884794F88200002809D001212046FBF796
:10F22000ADFD0546D4F8D41120468847284670BD68
:10F230002DE9F0410446817D407D02F03BFB05460F
:10F24000217EE07D02F036FB0246C0F3C700510785
:10F2500001D0401CC0B26075032184F89310E11CFA
:10F26000123000230B5401261846103127E0EF1806
:10F27000BFB2D4F898E04FEA171C07F00F073EF82A
:10F280001CC02CFA07FC5FEACC7794F8937006FA5E
:10F2900000FE17F801C002D04CEA0E0C01E02CEA87
:10F2A0000E0C401CC0B207F801C0072805D994F81D
:10F2B000937000207F1C84F893705B1C9BB2934278
:10F2C000D5D3500704D094F89300401C84F89300E1
:10F2D00094F893502046AD1C01F09CF868B2BDE84C
:10F2E000F0812DE9F0470446817D407D02F0E2FA8D
:10F2F0008146217EE07D02F0DDFA064600200723EC
:10F300000146012524E004EB030C09EB010297B24E
:10F310009CF813C03A092CFA00FC1CF0010FD4F839
:10F3200098C007F00F0705FA07F73CF8128002D0E3
:10F3300048EA070801E028EA0708401CC0B22CF898
:10F340001280072802D900205B1CDBB2491C89B25D
:10F35000B142D8D3062084F893000825204601F056
:10F3600059F82846BDE8F08770B50446817D407D98
:10F3700002F0A0FA0546217EE07D02F09BFAC0B2C1
:10F380004100617503212A1884F8931004F11300D9
:10F390001AE000BFD4F8981094F8933031F81510A3
:10F3A000090A195494F89310491CC9B284F89310AF
:10F3B000D4F8983013F815300B5494F89310491C76
:10F3C0006D1C84F89310ADB2AA42E3D8CDB22046AA
:10F3D000AD1C01F01FF868B270BD00002DE9F041CE
:10F3E000134C0F460546E6682068001D01F09DFBA2
:10F3F000681C07D137B12168BDE8F0410D48091DEF
:10F4000001F0E2BB20683544B5424560216805D271
:10F41000A06BBDE8F041091D01F0BEBB606B091D8A
:10F4200001F0BAFBA06A854200D2A562BDE8F08176
:10F4300004010020A02400202DE9F041054601F040
:10F44000CFFB2D4CA068401CA06020682B4F10B152
:10F45000606930B32BE02560A068012827D1002621
:10F4600006EB860007EB800001F088FB761C382E47
:10F47000F6D3234801F082FB2148143001F07EFBD3
:10F480001F48283001F07AFB1D483C3001F076FB24
:10F490001B48503001F072FB194860631430A063C0
:10F4A00005E02068E96AC06A884200D82560606A81
:10F4B000401C60626864E86A2169884200D9206162
:10F4C00000EB800007EB8000291D01F07DFB01F0BF
:10F4D000A7FB606900280CD02068E96AC06A8842EE
:10F4E00007D208494FF080500860BFF34F8FBFF339
:10F4F0006F8FBDE8F081000004010020F01F0020A4
:10F500005024002004ED00E038B501F069FB104CF8
:10F510002068C0B90F4801F031FB0E48143001F0EB
:10F520002DFB0C48E0601430206100200A4B009055
:10F5300003F1500210211E2002F011FB206010B1D7
:10F5400006A101F0EFFBBDE8384001F069BB000007
:10F5500040010020E4260020B4240020546D7251A4
:10F560000000000030B4026C0B46002A0BD0C168CA
:10F570001144C1608468A14201D30168C16030BCFC
:10F580001846F0F7B6BE30BC70472DE9F041856BE8
:10F59000174604460026026C82B1C7B1E068F0F756
:10F5A000A8FEE168206C091AE1602268914202D24B
:10F5B000A168081AE060022F16D017E02068A8B9E9
:10F5C000A06803F051F806460020A0600EE06068D5
:10F5D000F0F78FFE216C606808446060A168884283
:10F5E00004D32068606001E005B16D1E6D1CA56349
:10F5F0003046BDE8F08110B5044690F8590058B186
:10F6000001280CD002280FD0502080F31188BFF3BE
:10F610004F8FBFF36F8FFEE7206B01F015FB204685
:10F62000BDE8104001F010BB10BD000010484FF4C1
:10F63000C041420706D0C01D0D4920F00700411A05
:10F64000C1F5C0410B4A00230144C2E90003083957
:10F65000183A21F0070111604B600B600B1AC0E9EA
:10F66000001393604FF000405360506170470000FA
:10F67000C42D002070010020144E154CA6F29C47AA
:10F680004FF08058DFF84C9012E000BF01F0A8FA6C
:10F69000F068C568281D01F048FAA068401EA06007
:10F6A0006068401E606001F0BBFA2846FFF7A3FFC8
:10F6B00060680028EAD138680128F9D9C9F80080C3
:10F6C000BFF34F8FBFF36F8FF2E700008C24002051
:10F6D0000401002004ED00E0002807D00021816033
:10F6E00001600B460A46C16002F0B0BA70470000E4
:10F6F00070B51D46049C51B1C4F80020C4E90F0147
:10F700000121204602F05EFA84F84C5070BD24605E
:10F71000F4E700002DE9F05F8846DDE90B9415461B
:10F72000834691009A460A9EA522206BF0F7F3FDCE
:10F730006FF00301206B01EB8501084420F00707FF
:10F74000780707D0502080F31188BFF34F8FBFF3A5
:10F750006F8FFEE70025B8F1000F0FD05FF00000BB
:10F76000221818F8001082F8341018F8001011B19F
:10F77000401C1028F4D384F8435001E084F834503E
:10F78000382E00D33726E662C4E91365201D01F048
:10F7900000FA04F1180001F0FCF92461C6F1380008
:10F7A0006462A061656584F85850524659463846EF
:10F7B00000F0A0FA2060B9F1000F01D0C9F80040B4
:10F7C000BDE8F09F2DE9F0471E46DDE90894174695
:10F7D0000D00804615D0002C11D0FFF795FE04F1E6
:10F7E0001801C4F8008081E86002201D01F0D1F901
:10F7F000002F04D014F8280F40F004002070BDE85A
:10F80000F087502080F31188BFF34F8FBFF36F8FC5
:10F81000FEE7000030B5114900E011460A68824257
:10F82000FBD34B685C18844203D14068184448609D
:10F83000084643681C18944209D1084C183C2468B7
:10F84000A24209D052681A4442600A6812680260F3
:10F85000814200D0086030BD0460F9E770010020EB
:10F8600070B5002441600B4D0061914206D8D11A59
:10F870008269914206D2011D286907E09A4203D2AB
:10F88000994201D3012403E0011DE86801F084F9E5
:10F89000204670BD4001002010B5044601F0A0F9DB
:10F8A000A06B28B15FF0000401F0BAF9204610BD4A
:10F8B0000124F9E730B589B03C4D6EE0049800288A
:10F8C00006DADDE90601059A90470498002864DB12
:10F8D000069C606910B1201D01F027F903A800F013
:10F8E000D7F8024604980A2857D2DFE800F0050549
:10F8F000052D334A05052D3394F8280040F001000A
:10F9000084F828000599A069059B01442046FFF76B
:10F91000A7FF68B3216A2046884794F8280040076B
:10F920003BD5002000900598A16900234218194694
:10F93000204603F011F8D8B9502080F31188BFF3A6
:10F940004F8FBFF36F8FFEE714F8280F20F00100F0
:10F95000207022E094F8280040F0010084F828008C
:10F960000598A06128B1811813462046FFF778FF5B
:10F9700013E0502080F31188BFF34F8FBFF36F8FD8
:10F98000FEE794F82800810703D4204601F05CF9D3
:10F9900003E020F0010084F82800002204A9286870
:10F9A00002F0B2FA002889D109B030BD4001002030
:10F9B0002DE9FC410F46054601F098FB01A800F037
:10F9C00067F80446019818B102F002FFBDE8FC8117
:10F9D000254EAFB130690068D0B30027291B3A46E5
:10F9E000306801F0DFF902F0F3FE0028EED11F4984
:10F9F0004FF080500860BFF34F8FBFF36F8FE5E784
:10FA0000A542EBD802F0E4FEF0682746C068C4685F
:10FA1000201D01F08AF894F82800410719D5A06943
:10FA20002B4641193A462046FFF71AFFA8B100209D
:10FA30000346014600902A46204602F08DFF60B939
:10FA4000502080F31188BFF34F8FBFF36F8FFEE715
:10FA500007E020F0010084F82800216A204688474A
:10FA6000B4E70127BAE700004001002004ED00E000
:10FA70000648416B096829B1416BC968C968496882
:10FA8000816270474FF0FF31FAE700000401002067
:10FA900070B5054602F076FD064E0446B068844215
:10FAA00003D200F009F8012000E000202860204681
:10FAB000B46070BD40010020F8B5194D20E0C06869
:10FAC000C4680668201D01F030F8216A2046884786
:10FAD00094F82800400713D5A0693044B04206D9F5
:10FAE00024616060211DE86801F056F808E00020FC
:10FAF0000346014600903246204602F02DFF38B101
:10FB0000E86801680029DAD12969C5E90310F8BD60
:10FB1000502080F31188BFF34F8FBFF36F8FFEE744
:10FB20004001002008484068401C4FF0500080F31E
:10FB3000118804D0BFF34F8FBFF36F8FFEE7BFF381
:10FB40004F8FBFF36F8FFEE778010020074CE0680E
:10FB5000016841B1C0680021D0F80000FFF728FF1C
:10FB6000FFF7A8FEF3E701210020F7E7400100209E
:10FB70002DE9F041044601F033F894F9455004F1C1
:10FB8000240609E0606A48B1304602F0E9FD08B198
:10FB900001F0E6F96D1E6DB2002DF3DC4FF0FF367B
:10FBA00084F8456001F03CF801F01AF894F94450EB
:10FBB00004F1100709E0206948B1384602F0D0FD91
:10FBC00008B101F0CDF96D1E6DB2002DF3DC84F8A3
:10FBD0004460BDE8F04101F023B800002DE9F04198
:10FBE0000546002701F082FA324E306808B9FFF767
:10FBF0001DFD706905424ED1C5B3083568070ED0AA
:10FC000005F00700C0F108000544680707D0502040
:10FC100080F31188BFF34F8FBFF36F8FFEE72DB3D3
:10FC20007068854237D82348183001460C6801E0D7
:10FC300020460C466168A94202D221680029F7D10A
:10FC400031688C4227D007682168016060680837F6
:10FC5000411B10290FD96019420708D0502080F3AA
:10FC60001188BFF34F8FBFF36F8FFEE713E0416042
:10FC70006560FFF7CFFD61687068401A7060B26818
:10FC8000904200D2B060706901430020C4E90001D5
:10FC9000F068401CF06002F09BFD780707D0502010
:10FCA00080F31188BFF34F8FBFF36F8FFEE73846A5
:10FCB000BDE8F081580100200449086818B10868BF
:10FCC000026D521C026508687047000004010020A4
:10FCD00010B5040006D000F083FFE46900F0A0FF37
:10FCE000204610BD502080F31188BFF34F8FBFF323
:10FCF0006F8FFEE710B5031F4FF080741C601B1F51
:10FD000021F001011960191F044B0B6014390A60BE
:10FD1000091F6FF0020244380A6010BD25FB00087D
:10FD2000016811F8012B01601046704701684A789C
:10FD300011F8023B016002EB032210467047F0B558
:10FD4000054608680026101A17460C4601280CDDE7
:10FD50000846FFF7EBFF686021680A18BA4204D82A
:10FD6000A9602168012608442060002028603046F0
:10FD7000F0BDFEB50025DDE908468DE87000FAF714
:10FD800070FFFEBD2DE9F84F044600278B463D4627
:10FD90000846F8F71FFC0346606D6169012206689A
:10FDA000B0470646012847D181465846F8F712FC6D
:10FDB00001268246B04604E008F10108B8F1040FBC
:10FDC00011DC606D53460122D0F800C06946E0475F
:10FDD000012808D19DF8000000F07F0101FB0655C5
:10FDE000F6010006E8D460692946401CF5F74AFE92
:10FDF00000EB0906E068801BA84202D26FF0010602
:10FE00001AE0002D0DDD5846F8F7E4FB0346606963
:10FE10002A468119606D0668B047A84201D00026C5
:10FE20000AE06069A169007860F307073E0919B12B
:10FE300004F16000F8F7A6FB3046BDE8F88F00003B
:10FE40002DE9F04704008A4616D054F8047CD4F813
:10FE500000903E1F564500D956462046FAF7D2F983
:10FE600005468846324621465046FCF79FFD40B184
:10FE7000C0F80090BDE8F087BDE8F0470846FAF703
:10FE800003BA44E9017955B129686A18211F8A42E9
:10FE900002D9611B091F2960C5F80480EAE7024AFC
:10FEA000C2F80080E6E70000401000202DE9F74F7F
:10FEB00014460546082803D94FF0FF30BDE8FE8FF1
:10FEC000680101260830F9F75FF800F00F000128FB
:10FED00001D0B01FF2E724B341F6086000EB4510F3
:10FEE000F9F752F84FF6FF7101EA8020A04200D2E4
:10FEF00004464FF4427000EB451841F60870DFF8F5
:10FF00008CA000EB451B06FA05F92846FCF7BAF869
:10FF100006464046F9F738F8172816D01C2803D0B3
:10FF20000DE06FF00D00C9E7CEB92846FCF7D0F818
:10FF300007465846F9F728F8B7EB802F05D1284631
:10FF4000FBF73EFC6FF00600B8E7BAF8021019EABA
:10FF5000010F02D01EB90020B0E7002ED5D0A64276
:10FF600000D2344622462846019901F028FA4FF47F
:10FF7000847000EB451005464021F9F76BF82846E0
:10FF8000F9F702F80028FAD1204697E7840100200B
:10FF9000054A18B111B1C2E9030170470348D060A6
:10FFA00003481061704700009C010020C314010841
:10FFB000C5140108054A18B111B1C2E9050170471D
:10FFC0000348506103489061704700009C01002085
:10FFD000D1140108CF140108074A10B513889C05F5
:10FFE000FDD518B111B1C2E9070110BD0348D061B8
:10FFF0000348106210BD00009C010020F5160108A6
:020000040801F1
:10000000F916010870B5054600242146284600F07F
:1000100005F8641C14F0FF04F7D070BD7CB5002413
:100020000D4606460094234622460194FCF778FCD0
:10003000C5EBC50000EB4000002206EB80008118F4
:10004000521C81F83C40202AF9D380F82940C46230
:100050007CBD002180F84111704700002DE9F74F69
:1000600015460646082803D94FF0FF30BDE8FE8F3D
:10007000700101240830F8F787FF00F00F00012815
:1000800001D0A01FF2E775B14FF4427000EB4610AB
:100090000746F8F779FF6FF0060B172806D01C28E3
:1000A00004D05846E2E76FF00D00DFE7DFF8E080AC
:1000B000B440B8F80400044213D04FF4027000EBCF
:1000C00046108146F8F760FF00F01F00C10627D5F3
:1000D00048461021F8F7BEFFB8F80410A143A8F86D
:1000E000041041F6087000EB4610F8F74DFF4FF68C
:1000F000FF7101EA8020854200D90546F2F78CFDA8
:1001000082463046FBF7E4FF81463846F8F73CFF6D
:10011000172808D01C2806D03046FBF751FBC0E753
:10012000000711D405E0B8F80200044203D04D45A1
:1001300001D900209AE74D4510D9F2F76DFDA0EBEB
:100140000A00B0F5FA7F05D93046FBF739FB6FF0AE
:100150000C008BE70520FCF776FFD2E72A463046F5
:10016000019901F05CF94FF4847000EB46100646EB
:100170002021F8F76FFF3046F8F706FF0028FAD184
:10018000B8F8041028460C43A8F804406EE70000B5
:10019000840100202DE9FF5F044690F88200894623
:1001A00000B3A16809EBC90511F81500C00719D102
:1001B0006069018901EB090086B2606850F8360079
:1001C0008069006800280DDB4FF00008CDF804803E
:1001D000CDF8088001AA49462046CDF80C80FAF7F0
:1001E000CFFF18B1002004B0BDE8F09FA068062141
:1001F00001EB4501415ABDF804204FF00A0B914232
:1002000010D1092101EB45019DF80720415C914285
:1002100008D10BEB45010844082202A9F0F7A2F827
:100220000028E0D0606850F83600816D806B0E8841
:100230000788A6B1A168022000EB450A31F90A003F
:10024000F1F79AFA642006FB00F3164A4946204665
:10025000CDF80080F7F74AF9A26822F80A00D7B172
:10026000A168042000EB4506885FF1F785FA642059
:100270004743B7FBFBF30C4A49462046CDF80080C4
:10028000F7F734F9A1688853A06810F8151041F009
:10029000010100F8151001AA4946204600F033F884
:1002A0000120A0E7456D00086D6D00080021FAF7F8
:1002B00065BD2DE9F04190460E4605464FF0FF37EB
:1002C00000240DE04046F8F785F9034628693246D8
:1002D0000119686DD0F804C0E047002807DB04442A
:1002E000B44204DA4046F8F768F90028EAD0B4428C
:1002F00007D105F15800A969F8F744F90020BDE8D5
:10030000F0813846FBE730B401EBC1010624836875
:1003100004EB4101194413680B6053684B60936808
:100320008B6090F8E10130BC1146FBF749B93EB54E
:1003300090F87C40052C01D07F2C09D1012941691E
:1003400008D0498821B111448269528891420ED95E
:10035000FF203EBD09880029FAD011448269128825
:100360009142F5D8426852F83110896A03E0426838
:1003700052F8311089696A460988ADF800100021E9
:100380008DF8021008218DF80310002155185C5CCF
:10039000491CC9B22C710829F8D390F8E101114623
:1003A000FBF70EF93EBD7CB58026DDE906548DF8DD
:1003B00000608DF801301B0A8DF802308DF8044082
:1003C000230A8DF80530230C8DF80630230E8DF8A6
:1003D00007308DF803506B46FFF7A9FF7CBD70B561
:1003E000054600F006F804462846FEF70DFF2046B5
:1003F00070BD0EB5D0F8C8110988ADF80010002105
:100400008DF802108DF8031090F8E1016946FBF7B2
:10041000D7F80EBD38B5044690F893101330054652
:10042000FAF7F7FF94F89320010A515594F89310C6
:10043000491CC9B284F89310485594F89300401CA5
:1004400084F89300E06838B16068F2F704FC218A10
:100450000122E068F2F7DBFB94F8400194F8932066
:1004600001286068294618D0F4F7A0F8FA21012085
:1004700000F0BEFA6068006801684906FCD5E068D3
:1004800030B1218A0022F2F7C2FB6068F2F7CAFBA2
:1004900020780025042803D00CE0F4F7CDF8E5E738
:1004A00002F070F80246009500230221D4F8B4004F
:1004B00002F052FA84F89350B4F89E00401CA4F85D
:1004C0009E0038BD2DE9FF4F4269002912887DD07A
:1004D0007F297BD8FAB14368046853F83230247816
:1004E0009B6904F5C0651E68AE4201D0FF2C02D1A5
:1004F00001F5C0641C60436853F83220936A0268B7
:100500001D68127802F5B064A54201D0FF2A02D11D
:1005100001F5B0621A603D4D426905F1200684691B
:1005200096E8C0119288A4888DE8C01100236F4618
:1005300012BB25E04668D0F8008056F8326098F883
:1005400000B0D6F818A0DAF8006026F0604C06F08B
:10055000604957F8236006EB0B08E04502D0BBF179
:10056000FF0F05D106EB010C4CEA090CCAF800C0DC
:100570005B1C521CDBB292B2A24201D8042BD9D32D
:10058000002330354269846995E8E0101289248996
:100590008DE8E0106D461ABB26E04668D0F800C032
:1005A00056F832609CF800A0D6F81890D9F8007080
:1005B00027F0604607F0604855F8237007EB0A0CF7
:1005C000B44502D0BAF1FF0F06D100E01CE07E185E
:1005D00046EA0806C9F800605B1C521CDBB292B206
:1005E000A24201D8042BD8D30268D0F81432127872
:1005F0001D6802F18004A54201D0FF2A02D101F159
:1006000080021A6000680170BDE8FF8FA02C01080D
:10061000202A01D9FF207047C1EBC10101EB410144
:1006200000EB810042630020704700007CB5044667
:1006300090F87C00884244D0244D31B1042930D058
:1006400005291FD07F293FD10EE0D5E90001CDE972
:100650000001002084F87C006946204600F040F943
:10066000D4F8841020468847D5E90201CDE900017D
:100670007F2084F87C006946204600F031F9D4F8E8
:1006800088101CE000B3D5E90401CDE90001052084
:1006900084F87C006946204600F022F9D4F88C10DA
:1006A0000DE088B1D5E90601CDE90001042084F808
:1006B0007C006946204600F013F9D4F890102046DB
:1006C000884794F87C007CBDFF207CBDA02C0108ED
:1006D00030B50A4C2268536A09490D685B1B4D68A6
:1006E0002B444B604FF6FF73181A08605062206865
:1006F000016841F00101016030BD00008C1B002049
:10070000341000200EB501680122097841F4E0613F
:10071000ADF8001000218DF802108DF804108DF84E
:10072000032090F8E1016946FAF74AFF0EBD000088
:100730002DE9F8431D4617460E460446082803D9FE
:100740004FF0FF30BDE8F883012E08D0022E0ED006
:10075000032E0CD0042E0AD06FF00400F2E704221E
:1007600069464FF47060F8F73BFC009848B16907A0
:100770006FF00500E6D49DB1012E05D0022E0FD1F9
:1007800006E06FF00200DDE715F0210FDAD007E098
:10079000A90601D52906D5D5E90601D52906D1D561
:1007A0002046FBF70DF8600105F0F0014FF001085D
:1007B00031430830F8F74EFC224E57B93788781C81
:1007C00080B2A0F57F413080F03902D14FF4404033
:1007D00030804FF48160390A00EB4410F8F73AFC9E
:1007E0004FF4A160F9B200EB4410F8F733FC4FF47A
:1007F000847000EB441007460121F8F72BFC3846C3
:10080000F8F7C2FB0028FAD108FA04F0718805F065
:1008100001028143A2400A437280B1888143B180C2
:100820000949002021F814000649891D08554FF494
:10083000427000EB44152846F8F7A6FB0028FAD0D2
:1008400060B27FE784010020C48D002038B50446E3
:10085000B0F9C401401C02D0204600F02BF8134B25
:10086000002241F205012046F6F746FB0F4B00221D
:1008700041F206012046F6F73FFBD4F8C8010068B4
:10088000400011D5D4F8CC01006800280CD00A2211
:10089000B0FBF2F1B0FBF2F30091054A00212046D3
:1008A000F6F724FEA4F8C40138BD0000C56C0008AA
:1008B000ED81000810B5002304461A4641F20501F7
:1008C000F6F71AFB00231A4641F206012046F6F716
:1008D00013FBB4F9C401F0F74FFFA4F8C40110BD35
:1008E0002DE9F0410D460446497890F97E00012635
:1008F000002719B148B984F87E6006E0012804D1C8
:1009000084F87E702046FFF77DFBE878002894F895
:10091000800006D060B984F880602046FFF796FF1B
:1009200006E0012804D184F880702046FFF7C2FF5A
:100930002879002894F8810006D060B984F8816095
:100940002046FCF78DF806E0012804D184F8817078
:100950002046FCF78EF8A878002894F87F0006D08F
:1009600060B984F87F602046FBF718FA06E001289A
:1009700004D184F87F702046FBF720FA68790028BC
:1009800094F8820006D060B984F882602046F6F7B9
:1009900003FA06E0012804D184F882702046F6F7B5
:1009A00027FA2878002894F87D0005D0002801D186
:1009B00084F87D60BDE8F0810128FBD184F87D706A
:1009C0002046BDE8F041FFF79DBE000072B6BFF3C0
:1009D0004F8F05480168054A01F4E0611143016049
:1009E000BFF34F8F00BFFDE70CED00E00400FA05F8
:1009F00070B50C46064600F0F3F8154D2868406DBA
:100A000080B92968012081F858005CB10121204695
:100A1000FEF7E4FC0F494FF080500860BFF34F8FA2
:100A2000BFF36F8F00F0FCF800F0DAF82868446D2F
:100A3000002034B116B12968486502E02A68611EB9
:100A40005165296881F8580000F0EAF8204670BD29
:100A50000401002004ED00E02DE9F04705460027E1
:100A6000481B1646894606285DDBA81CFCF76BFD73
:100A70000446A0F55C414FF48060814253D3A4F555
:100A80005841824651451AD2A81DA9EB00014FF0EA
:100A90000C08062947DB01785C2944D14178752987
:100AA00041D1801CFCF74FFDA0F55C4151453AD285
:100AB000C4F3090161F39F2000F5803002E04FF09C
:100AC00006082046802801D2012110E0B0F5006F11
:100AD00002D20221C0270AE0B0F5803F02D20321F2
:100AE000E02704E0B0F5881F1DD20421F0274A1E3C
:100AF00008E000BF00F0BF03346843F080038009C2
:100B0000A354521E12F0FF02F4D1012901D9384337
:100B100001E000F07F0032681070306808443060F7
:100B20004046BDE8F0870020FBE7D0E901320169CB
:100B30009A60D0E901235A604A68824201D18268F2
:100B40004A60002202610868401E08600868704719
:100B5000034B036003F15C00086080201060704765
:100B60000C270020044B036003F15C0008604FF485
:100B700080701060704700006829002000F10801B3
:100B80004FF0FF32C0E90112C16001610021016034
:100B9000704700210161704730B50B685A1C02D0C4
:100BA00000F1080202E0026904E022465468256868
:100BB0009D42FAD953684B6099608A605160086120
:100BC0000168491C016030BD42684A6093688B60CF
:100BD00093685960916008610168491C0160704721
:100BE000502080F31188BFF34F8FBFF36F8F0A49F6
:100BF0004868401C486001280CD10848006810F083
:100C0000FF0F07D0502080F31188BFF34F8FBFF341
:100C10006F8FFEE7704700007801002004ED00E0D0
:100C20000849486828B1401E486001D180F3118806
:100C30007047502080F31188BFF34F8FBFF36F8F41
:100C4000FEE700007801002070B500282AD0164D7C
:100C5000A0F1080460686969084207D1502080F358
:100C60001188BFF34F8FBFF36F8FFEE722683AB151
:100C7000502080F31188BFF34F8FBFF36F8FFEE7D3
:100C80008843606000F032FA606869680844686010
:100C90002046FEF7BFFD2869401C2861BDE8704072
:100CA00001F096BD70BD0000580100204FF0E0201B
:100CB00000210161816105494FF47A720968B1FB35
:100CC000F2F1491E416107210161704700010020D6
:100CD00010B5EFF7C1FA114910280ED300F1E0204A
:100CE00090F8F0030A78904207D2502080F31188E0
:100CF000BFF34F8FBFF36F8FFEE709480068896825
:100D000000F4E060884207D9502080F31188BFF3D7
:100D10004F8FBFF36F8FFEE710BD000078010020FA
:100D20000CED00E010B5084B002200BF53F8324034
:100D30001CB1521C082AF9D310BD43F8321003EB42
:100D4000C201486010BD0000B01F002010B50400B3
:100D50000AD000F013F894F8460000280CD1204681
:100D6000BDE81040FFF770BF502080F31188BFF33B
:100D70004F8FBFF36F8FFEE710BD0000084A0021C0
:100D800002EBC1035B68834206D1002042F83100C8
:100D900002EBC10148607047491C0829F0D3704735
:100DA000B01F002070B515460E460446FFF718FF29
:100DB00094F944100020491C01D184F8440094F9AE
:100DC0004510491C01D184F84500FFF729FFA06BAD
:100DD00028B92A46314604F1240000F0DFF8204605
:100DE000BDE87040FEF7C4BE10B5020014D00F4835
:100DF000006B38B1502080F31188BFF34F8FBFF3E1
:100E00006F8FFEE700F072F900211046FEF7E6FA58
:100E100001F0DEFC002807D105494FF08050086042
:100E2000BFF34F8FBFF36F8F10BD00000401002090
:100E300004ED00E070B50D4604000BD095B11E4ADC
:100E4000106BB8B1502080F31188BFF34F8FBFF300
:100E50006F8FFEE7502080F31188BFF34F8FBFF3F1
:100E60006F8FFEE7502080F31188BFF34F8FBFF3E1
:100E70006F8FFEE700F03AF9D26823685919934260
:100E800004D98B420AD9914202D807E08B42FAD9A1
:100E9000881A21600021FEF7A1FA00E0216001F02C
:100EA00097FC002807D105494FF080500860BFF338
:100EB0004F8FBFF36F8F70BD0401002004ED00E081
:100EC00070B50546FFF78CFE1E4C05B92568281D38
:100ED000FFF72BFEA86A18B105F11800FFF725FEF1
:100EE000606A401C60622068854207D1291D16484F
:100EF000FFF76AFE6068401C606007E0A068401E63
:100F0000A0602846FEF777FBFEF7B2FDFFF788FEEC
:100F10006069002814D02068854211D1206B38B157
:100F2000502080F31188BFF34F8FBFF36F8FFEE720
:100F300006494FF080500860BFF34F8FBFF36F8FAB
:100F400070BD0000040100208C24002004ED00E0AE
:100F500002490A6A0260C9684160704704010020C2
:100F600001490120C86170470401002010B50C46FA
:100F700050B1094909681831FFF70EFE2046BDE857
:100F800010400121FEF72ABA502080F31188BFF3E8
:100F90004F8FBFF36F8FFEE70401002070B514463A
:100FA0000D4668B10A4909681831FFF70DFE0CB10A
:100FB0004FF0FF3521462846BDE87040FEF70EBAD7
:100FC000502080F31188BFF34F8FBFF36F8FFEE780
:100FD0000401002070B504003ED0226DA2B1E06C87
:100FE000884200D30146E06A884235D0012A33D1D5
:100FF0001A4D2A6894420FD1502080F31188BFF314
:101000004F8FBFF36F8FFEE7502080F31188BFF33F
:101010004F8FBFF36F8FFEE7E162A269002A02DB08
:10102000C1F13801A1610E4E00EB8000616906EB51
:101030008000814210D1201DFFF777FDE06A296909
:10104000884200D9286100EB800006EB8000211D5A
:10105000BDE87040FFF7B8BD70BD0000040100207E
:10106000F01F002030B587B00024039405AA04A91E
:1010700003A80494FFF76CFDDDE903010094CDE9BA
:101080000110002315A11748059A01F04AF9164DE1
:101090000028E8621FD001F02FFC012809D0401C75
:1010A00019D1502080F31188BFF34F8FBFF36F8F9A
:1010B000FEE7502080F31188BFF34F8FBFF36F8F8F
:1010C0004FF0FF30A86201206861EC6007B0BDE816
:1010D000304000F04BBC07B030BD000049444C45E7
:1010E0000000000079F60008040100200248016BAE
:1010F000491C01637047000004010020164810B528
:10110000016B11B10121C16110BD0021C1610169F3
:10111000124A01E0B9B1491E01EB810352F82330B4
:10112000002BF7D001EB810302EB830202F10804EC
:1011300053685B685360A34201D15B685360DA680F
:101140000260016110BD502080F31188BFF34F8F02
:10115000BFF36F8FFEE7000004010020F01F0020A6
:101160002DE9F8430024124D804627462E1F1AE031
:1011700055F82400D0F8B020424513D10178042955
:1011800007D100970023D0F8B4001A46032101F0DC
:10119000E3FB55F8240000230322D0F8AC001946E5
:1011A00001F0EAF8641C30788442E1DBBDE8F883A2
:1011B000D80100202DE9F0410D4D002406466FF0C6
:1011C00007082F1F0EE000BF55F82400D0F8B41018
:1011D000B14206D1D0F8AC0000230322414601F011
:1011E000CBF8641C38788442EEDBBDE8F081000067
:1011F000D801002030B5044690F8930004F11101A5
:101200000144801E09884DBAC1B204F11300FAF7F7
:1012100000F9A84205D034F8A00F401C2080FC2023
:1012200030BD217D080605D534F8A00F401C208074
:10123000FB2030BD084A0020135C8B4201D1002006
:1012400030BD401CC0B20828F6D334F8A00F401CB3
:101250002080012030BD0000282C01082DE9F0413C
:10126000044690F8930004F111010144801E09889E
:101270004DBAC1B204F11300FAF7CBF8A84206D078
:1012800034F8A00F401C2080FC20BDE8F0813F4ACC
:10129000217D0020135C8B420DD14FF4807605290F
:1012A00040D012DC012917D0022915D0032953D0D0
:1012B000042969D150E0401CC0B20828EAD334F8B0
:1012C000A00F401C20800120DFE706293BD00F291A
:1012D00002D0102958D13FE0A17D607D00F0EAFAEC
:1012E0000709217EE07D00F0E5FA0509217EE07D19
:1012F00000F0E0FA000700D06D1CB4F8A4107819D3
:10130000884237D8217EE07D00F0D4FAC508217EDE
:10131000E07D00F0CFFA400700D06D1C6D1DB54296
:1013200030D831E0A17D607D00F0C4FA0509A17DCF
:10133000607D00F0BFFA000700D06D1CB4F8A40077
:10134000A84217D320E0A17D607D00F0B3FAB4F885
:10135000A41081420ED317E0A17D607D00F0AAFAAF
:101360000546217EE07D00F0A5FAB4F8A4202918F6
:10137000914201D9022088E7052101EB400080B2AB
:10138000B04201D9032080E700207EE7282C010825
:101390002DE9F04116460D4607464FF0FF34304622
:1013A000F7F70BF940B931463846FAF77DFB0446AA
:1013B000A84201D0002CF2DA2046BDE8F0812DE9E8
:1013C000F0475FEA02088946064626D042F6081032
:1013D00000EB46152846F7F7D7FD074642F608000A
:1013E00000EB46142046F7F7CFFD07EB002087B24D
:1013F000380200EB4610424649461830F7F7F0FD38
:1014000007EB080086B2310A2046F7F723FEF1B257
:101410002846BDE8F047F7F71DBEBDE8F0872DE987
:10142000F0475FEA02088946064626D042F2085095
:1014300000EB46152846F7F7A7FD074642F208409D
:1014400000EB46142046F7F79FFD07EB002087B21C
:10145000380200EB4610424649461030F7F72AFEA4
:1014600007EB080086B2310A2046F7F7F3FDF1B228
:101470002846BDE8F047F7F7EDBDBDE8F0870078F6
:1014800070470170704700002DE9F041050A00F037
:10149000F0014FF4A850F7F7DDFD002401264FF4CA
:1014A000027700BF06FA04F0284204D007EB44108C
:1014B0001F21F7F7CFFD641CE4B2082CF2D3BDE87E
:1014C000F0817047704772B6704762B670477047D8
:1014D00070470000012211030148F1F798BB00009A
:1014E0000004024010B54FF4A850F7F74DFD00F08E
:1014F000F0044FF4B850F7F747FD04EB002080B23A
:1015000010BD10B54FF4B050F7F73EFD04464FF450
:10151000C050F7F739FD04EB002080B210BD000089
:1015200010B50446014606224FF41060F7F758FD47
:10153000042204F10E019001F7F752FD042204F198
:101540000A014FF4A060F7F74BFD0422A11D4FF4F0
:101550007060F7F745FD07480178A1744178E174A0
:1015600081782175C07860750248401E0078A075AA
:1015700010BD0000950100200020F7F705BD70B5F3
:1015800004464FF4D850F7F7FFFC20704FF4D050CA
:10159000F7F7FAFC05464FF4C850F7F7F5FC05EBF2
:1015A0000020608070BD2DE9F0410D460646002404
:1015B00000F0A3F84FF0FF38AEB10022B05C204439
:1015C00044B2102C17DC521C52B2082AF6DB00245D
:1015D00041F60877315D07EB4410F7F73BFD641CDB
:1015E00064B2082CF6DBCDB1002108462A5C114418
:1015F00049B2102902DD4046BDE8F081401C40B2EE
:101600000828F3DB002441F60866295D06EB441048
:10161000F7F720FD641C64B2082CF6DB0020EBE732
:10162000F7F740BC00224FF480510148F1F7EFBAC0
:101630000004024010B5C1B2040A4FF4B050F7F7ED
:1016400009FD2146BDE810404FF4C050F7F702BD38
:1016500010B50446014606224FF41060F7F72AFD44
:10166000042204F10E019001F7F724FD042204F195
:101670000A014FF4A060F7F71DFD0422A11D4FF4ED
:101680007060F7F717FD0748A17C0170E17C41709D
:10169000217D8170617DC1700249A07D491E087065
:1016A00010BD00009501002010B5044630F03A004E
:1016B00002D04FF0FF3010BD0020F7F765FC40EA84
:1016C00004010020F7F7C6FC002010BD10B5044649
:1016D00001784FF4D850F7F7BDFC6088010A4FF449
:1016E000C850F7F7B7FCA178BDE810404FF4D050D0
:1016F000F7F7B0BC002070477047F0B585B04FF4E5
:101700001064062269462046F7F76AFC0422950118
:1017100002A92846F7F764FC4FF4A066042203A947
:101720003046F7F75DFC4FF47067042204A9384691
:10173000F7F756FC80210020F7F78CFC0020F7F724
:1017400023FC062269462046F7F7B4FC042202A9CE
:101750002846F7F7AFFC042203A93046F7F7AAFCA6
:10176000042204A93846F7F7A5FC05B0F0BDF7F749
:10177000BFBB10B504464FF43850F7F705FCC0F373
:101780008011217000F0380001220021202811D0A2
:1017900038280FD0617010280ED018280CD02028BF
:1017A0000AD0A170082809D0182807D0202805D011
:1017B000E17010BD6270EEE7A270F3E7E27010BD59
:1017C00010B500244FF43850F7F7DEFBC00700D007
:1017D0000124204610BD10B500244FF43850F7F70F
:1017E000D3FBC0F3C200062800D10124204610BD5F
:1017F00010B54FF438542046F7F7C6FB20F08001AF
:101800002046F7F727FC2046F7F7BEFB40F08001A3
:101810002046BDE81040F7F71DBC10B50278002146
:10182000012A00D140214278012A06D0C27880786E
:10183000012A05D001280BD00CE041F0380109E065
:10184000012802D041F0080104E041F0180101E054
:1018500041F010014FF43850F7F7FCFBBDE81040A1
:10186000FFF7C6BF70B504464FF438563046F7F759
:101870008BFB41064FF0FF351AD520F03800012CC4
:1018800010D040F038013046F7F7E4FBFFF7B0FF27
:101890003046F7F779FB012C07D000F0380038B15B
:1018A000002070BD40F03001EDE700F03000F6E7B9
:1018B000284670BD61F3070260F30F2290B27047B3
:1018C00070B504460E460846EEF737FD054601465C
:1018D000204600F00FF82A4631462068EEF709FD51
:1018E00020682844206070BD026811700168491C9E
:1018F0000160704710B5CA17046801EB12631A0A39
:1019000022700268521C026011700168491C01605B
:1019100010BD70B5141E1E4605460BDD1146FFF7BF
:10192000E9FF224631462868EEF7E3FC28682044A8
:10193000286070BD19B1BDE87040FFF7C1BFBDE8B8
:1019400070400021FFF7D6BFF0B587B00DF1300C25
:101950004FF0000E9CE8F0004FF0010CCDE904C7F9
:101960008DE87040F9F71CFB07B0F0BD1CB5374897
:101970000168374A914207D1502080F31188BFF3A4
:101980004F8FBFF36F8FFEE700683149491E8842D1
:1019900007D1502080F31188BFF34F8FBFF36F8FB3
:1019A000FEE72C4908780190FF20087008788DF830
:1019B00000009DF800009DF8002000F0F00090422B
:1019C00007D0502080F31188BFF34F8FBFF36F8F84
:1019D000FEE79DF80000204C00F05000207007202A
:1019E000A06005E09DF8002052008DF80020401E08
:1019F0009DF800201206F5D4A060032807D05020DF
:101A000080F31188BFF34F8FBFF36F8FFEE74FF462
:101A10004070A060019808700C482030016841F4C3
:101A200070010160016841F070410160FFF73EF90B
:101A300000206060EEF7D8FB0848016841F04041A3
:101A40000160EEF7BDFB00201CBD000000ED00E0D2
:101A500071C20F4100E400E07801002034EF00E0A3
:101A600010B5502080F31188BFF34F8FBFF36F8FF5
:101A700000F096FD18B104494FF080500860002036
:101A800080F3118810BD000004ED00E010B50C4695
:101A900048B184420FD9502080F31188BFF34F8F93
:101AA000BFF36F8FFEE7502080F31188BFF34F8F95
:101AB000BFF36F8FFEE70222002100F02FF800280D
:101AC00000D0846310BD38B50C4648B184420FD9AC
:101AD000502080F31188BFF34F8FBFF36F8FFEE765
:101AE000502080F31188BFF34F8FBFF36F8FFEE755
:101AF0000221134600220091114600F030F8002820
:101B000000D0846338BD10B502460021012000F0EA
:101B100005F80446FDF7E0FD204610BDF8B5174670
:101B20000E46050013D005FB06F05030FEF756F8C0
:101B300004000AD0002084F8460004F150023B461D
:101B4000314628460094FDF7D3FD2046F8BD5020CD
:101B500080F31188BFF34F8FBFF36F8FFEE738B567
:101B6000049D18B153B1CAB181B120E0502080F377
:101B70001188BFF34F8FBFF36F8FFEE7502080F3C4
:101B80001188BFF34F8FBFF36F8FFEE7502080F3B4
:101B90001188BFF34F8FBFF36F8FFEE739B150202D
:101BA00080F31188BFF34F8FBFF36F8FFEE7502490
:101BB0001C46012384F846302B460094FDF798FD1F
:101BC000204638BD70B50D46040025D0FFF708F853
:101BD000D4E90F20216802FB0011A1600021A1635C
:101BE000216861600A46D4E90F01401E00FB012113
:101BF000E16021464FF0FF3001F8440F487004F1D6
:101C000010008DB1FEF7BAFF04F12400FEF7B6FF15
:101C1000FFF706F8012070BD502080F31188BFF354
:101C20004F8FBFF36F8FFEE721690029F0D000F0DE
:101C300097FD0028ECD004494FF080500860BFF3B6
:101C40004F8FBFF36F8FE3E704ED00E02DE9FF470F
:101C500082B01D468A464FF00008040003D0BAF156
:101C6000000F08D011E0502080F31188BFF34F8F90
:101C7000BFF36F8FFEE7206C38B1502080F31188DE
:101C8000BFF34F8FBFF36F8FFEE7022D0AD1E06BDA
:101C9000012807D0502080F31188BFF34F8FBFF386
:101CA0006F8FFEE700F060FC3F4F4FF000094FF0F0
:101CB000805648B9049838B1502080F31188BFF39A
:101CC0004F8FBFF36F8FFEE7FEF78AFFA06BE16BCC
:101CD000884207D3022D05D00498D0B1B8F1000F87
:101CE0001AD01EE02A4651462046FDF74EFC616A96
:101CF00019B104F1240000F033FD20B13E60BFF3C0
:101D00004F8FBFF36F8FFEF78BFF012006B0BDE84A
:101D1000F087FEF785FF22E06846FFF719F94FF0DC
:101D20000108FEF77DFFFFF7E1F9FEF759FF94F98F
:101D30004400401C01D184F8449094F94500401CB3
:101D400001D184F84590FEF76BFF04A9684600F0C6
:101D500081FA30B12046FDF70BFF00F039FD00207D
:101D6000D4E7FEF73DFFA06BE16B884213D1FEF78D
:101D700057FF04F110000499FFF7F8F82046FDF72B
:101D8000F7FE00F025FD00289ED13E60BFF34F8F87
:101D9000BFF36F8F98E7FEF743FF2046FDF7E8FE9D
:101DA00000F016FD90E7000004ED00E02DE9F0479B
:101DB0001F4690468946040003D0B9F1000F08D0B1
:101DC00011E0502080F31188BFF34F8FBFF36F8F66
:101DD000FEE7206C38B1502080F31188BFF34F8F9D
:101DE000BFF36F8FFEE7022F0AD1E06B012807D007
:101DF000502080F31188BFF34F8FBFF36F8FFEE742
:101E0000FEF766FF5020EFF3118680F31188BFF3D1
:101E10004F8FBFF36F8FA06BE16B884206D3022F09
:101E200004D0002086F31188BDE8F08794F945506E
:101E3000A06B3A4649462046FDF7A7FB681C04D034
:101E40006D1C84F845500120ECE7606A0028FAD048
:101E500004F1240000F084FC0028F4D0B8F1000F55
:101E6000F1D00121C8F80010EDE770B50E4604006E
:101E700009D0206C78B1502080F31188BFF34F8FC8
:101E8000BFF36F8FFEE7502080F31188BFF34F8FB1
:101E9000BFF36F8FFEE7206848B9A06838B15020C3
:101EA00080F31188BFF34F8FBFF36F8FFEE7FEF70C
:101EB0000FFF5020EFF3118580F31188BFF34F8F90
:101EC000BFF36F8FA16BE06B884218D994F945007E
:101ED000491CA163411C04D0401C84F8450001202A
:101EE0000EE0606A0028FAD004F1240000F038FC0B
:101EF0000028F4D0002EF2D001203060EFE700205F
:101F000085F3118870BD00002DE9F747002683B0E6
:101F10008A46040003D0BAF1000F08D011E0502027
:101F200080F31188BFF34F8FBFF36F8FFEE7206CF4
:101F300038B1502080F31188BFF34F8FBFF36F8FFC
:101F4000FEE700F011FBDFF8F4804FF000094FF0DE
:101F5000805748B9059838B1502080F31188BFF3F5
:101F60004F8FBFF36F8FFEE7FEF73AFEA56BC5B14B
:101F700051462046FDF7F6FA6D1EA563206950B163
:101F800004F1100000F0ECFB28B1C8F80070BFF3BA
:101F90004F8FBFF36F8FFEF743FE012006B0BDE801
:101FA000F087059808B11EB106E0FEF739FE27E07C
:101FB0006846FEF7CDFF0126FEF732FEFFF796F8E2
:101FC000FEF70EFE94F94400401C01D184F84490C1
:101FD00094F94500401C01D184F84590FEF720FE9D
:101FE00005A9684600F036F9002820460AD0FDF71A
:101FF000BFFD00F0EDFB2046FDF74EFC0028B3D0FE
:102000000020CBE7FDF748FC90B104F124000599CE
:10201000FEF7ACFF2046FDF7ABFD00F0D9FB002832
:10202000A2D1C8F80070BFF34F8FBFF36F8F9BE74B
:102030002046FDF79DFD00F0CBFB95E704ED00E0A9
:102040002DE9F04790468946040003D0B9F1000F0E
:1020500008D011E0502080F31188BFF34F8FBFF3F9
:102060006F8FFEE7206C38B1502080F31188BFF3EA
:102070004F8FBFF36F8FFEE7FEF72AFE5020EFF37E
:10208000118680F31188BFF34F8FBFF36F8FA76B5B
:10209000F7B194F9445049462046FDF763FA7F1E94
:1020A000A763681C04D06D1C84F84450012010E024
:1020B00020690028FAD004F1100000F051FB00283C
:1020C000F4D0B8F1000FF1D00121C8F80010EDE70D
:1020D000002086F31188BDE8F08700002DE9F34366
:1020E000002683B00400354609D0206C78B150201A
:1020F00080F31188BFF34F8FBFF36F8FFEE750203F
:1021000080F31188BFF34F8FBFF36F8FFEE700F0AE
:102110002BFADFF83C814FF000094FF0805748B9A7
:10212000049838B1502080F31188BFF34F8FBFF36C
:102130006F8FFEE7FEF754FDA06BC8B1401EA06391
:10214000206810B9FDF7B8FDA060206950B104F116
:10215000100000F005FB28B1C8F80070BFF34F8FE6
:10216000BFF36F8FFEF75CFD012005B0BDE8F08383
:10217000049808B166B10FE03DB1502080F311889A
:10218000BFF34F8FBFF36F8FFEE7FEF749FD5DE0B2
:102190006846FEF7DDFE0126FEF742FDFEF7A6FFCC
:1021A000FEF71EFD94F94400401C01D184F84490D0
:1021B00094F94500401C01D184F84590FEF730FDAC
:1021C00004A9684600F046F80028204612D0FDF722
:1021D000CFFC00F0FDFA2046FDF75EFB0028A9D0F9
:1021E0009DB3FEF7FDFC606A50B3206B0068C0F140
:1021F000380126E0FDF750FBE0B1206838B9FEF762
:10220000EFFCA06800F070FA0546FEF709FD04F146
:1022100024000499FEF7AAFE2046FDF7A9FC00F071
:10222000D7FA002886D1C8F80070BFF34F8FBFF3EC
:102230006F8F7FE72046FDF79BFC00F0C9FA79E736
:102240000021A068FEF7C6FE9FE7FFE700208CE7AD
:1022500004ED00E02DE9F0410C46050011D0C4B1B9
:10226000FEF7BEFC174BDA686E682068911B471CAE
:1022700017D02F681B6A9F4219D0964217D80124A5
:1022800010E0502080F31188BFF34F8FBFF36F8FA2
:10229000FEE7502080F31188BFF34F8FBFF36F8F9D
:1022A000FEE70024FEF7BCFC2046BDE8F081884232
:1022B00005D9401A20602846FEF74AFEF1E70020C3
:1022C0002060DCE7040100202DE9FF5F8346DDE9A3
:1022D0000E87994616468A469000FDF77FFC05005A
:1022E0001CD05C20FDF77AFC040014D0002025638C
:1022F00084F85900CDE90240CDE900874B463246CB
:1023000051465846FDF706FA2046FDF795F801209C
:1023100004B0BDE8F09F2846FEF796FC4FF0FF3072
:10232000F6E7F0B585B0DDE90B640A9DA6B1DCB136
:102330005C2700972663022684F85960002604AFC4
:10234000CDE90246CDE90057FDF7E4F92046FDF757
:1023500073F8049805B0F0BD502080F31188BFF3E6
:102360004F8FBFF36F8FFEE7502080F31188BFF3CC
:102370004F8FBFF36F8FFEE72DE9F0411F46904668
:102380000D46012690B10446FEF72AFC0FB1606DA0
:10239000386094F85800022184F85810B8F1050FFD
:1023A00019D2DFE808F0230B0E141200502080F33E
:1023B0001188BFF34F8FBFF36F8FFEE7616D294325
:1023C00001E0616D491C616510E0022801D065657E
:1023D0000CE0002634E0616D491C07D0502080F3EA
:1023E0001188BFF34F8FBFF36F8FFEE7012827D10E
:1023F000201DFEF79AFB154DE06A2969884200D935
:102400002861134900EB800001EB8000211DFEF7DD
:10241000DBFBA06A38B1502080F31188BFF34F8FE7
:10242000BFF36F8FFEE7E06A2968C96A884207D95F
:1024300008494FF080500860BFF34F8FBFF36F8F94
:10244000FEF7EEFB3046BDE8F081000004010020FD
:10245000F01F002004ED00E02DE9F0471F46DDF8F5
:10246000209092460D4604004FF001081AD0FEF766
:102470002FFC5020EFF3118680F31188BFF34F8FAC
:10248000BFF36F8F0FB1606D386094F85800022170
:1024900084F85810BAF1050F1AD2DFE80AF0240BBD
:1024A0000E141200502080F31188BFF34F8FBFF33A
:1024B0006F8FFEE7616D294301E0616D491C616525
:1024C00011E0022801D065650DE04FF0000839E009
:1024D000616D491C07D0502080F31188BFF34F8FE6
:1024E000BFF36F8FFEE701282CD1A06A38B15020CE
:1024F00080F31188BFF34F8FBFF36F8FFEE7144D4A
:10250000286B18B104F1180112480DE0201DFEF7E8
:102510000CFBE06A2969884200D928610E4900EB6A
:10252000800001EB8000211DFEF74EFBE06A296868
:10253000C96A884206D90120B9F1000F01D0C9F853
:102540000000E86186F311884046BDE8F08700008E
:102550000401002078240020F01F002001480068BA
:1025600070470000040100200548416919B1006B63
:1025700018B100207047012070470220704700000A
:10258000040100200148C0687047000004010020D9
:1025900010B5FEF79DFB0148C06810BD0401002086
:1025A0002DE9F0412E4C0027206B28B1A069401C7A
:1025B000A0613846BDE8F081E668761CE66013D17C
:1025C000606B006838B1502080F31188BFF34F8FE3
:1025D000BFF36F8FFEE7606BA16B6163A063206A3E
:1025E000401C2062FDF744FAA06ADFF8788086423A
:1025F00009D3606B0068A0B1606BC068C56868688B
:10260000864211D2A0622068C06A00EB800158F8AF
:102610002100012800D90127E0690028C9D001273D
:10262000C7E74FF0FF30EDE7281DFEF77EFAA86AF6
:1026300018B105F11800FEF778FAE86A21698842B6
:1026400000D9206100EB800108EB8100291DFEF715
:10265000BBFAE86A2168C96A8842CAD30127C8E779
:1026600004010020F01F002070B504004FF00001AD
:1026700033D01B4D2868844207D0502080F3118846
:10268000BFF34F8FBFF36F8FFEE7206D38B1401E51
:102690002065E36CE26A9A421FD040B11DE05020F1
:1026A00080F31188BFF34F8FBFF36F8FFEE7201DBC
:1026B000FEF73BFAE06CE062C0F13800A061E06A2E
:1026C0002969884200D92861064900EB800001EBA6
:1026D0008000211DFEF778FA0121084670BD000038
:1026E00004010020F01F002070B504004FF000002E
:1026F0002BD0194DE16A2A68D26A914226D2A0698C
:10270000002804DB2868C06AC0F13800A061134EBD
:1027100001EB8101606906EB8101884211D1201D26
:10272000FEF703FA2868C06AE0622969884200D986
:10273000286100EB800006EB8000211DFEF744FAC3
:1027400002E02868C06AE062012070BDE16C2A687E
:10275000D26A9142F8D370BD04010020F01F00201E
:1027600070B5C068C46854B104F118000646FEF79D
:10277000DCF9144D286B50B13146134815E0502058
:1027800080F31188BFF34F8FBFF36F8FFEE7201DDB
:10279000FEF7CBF9E06A2969884200D928610B4924
:1027A00000EB800001EB8000211DFEF70DFAE06ACE
:1027B0002968C96A884202D90120E86170BD0020F9
:1027C00070BD00000401002078240020F01F0020CC
:1027D0002DE9F0472C4D00242746286B38B1FEF731
:1027E000FFF9286B401E2863286B40B146E050205B
:1027F00080F31188BFF34F8FBFF36F8FFEE7A96897
:10280000224E0120D1B3A6F5916980463068E0B12F
:10281000F068C46804F11800FEF787F9201DFEF780
:1028200084F9E06A2969884200D9286100EB8001B7
:1028300009EB8100211DFEF7C7F9E06A2968C96A22
:102840008842E3D3C5F81C80E0E70CB1FDF710F92E
:10285000AC694CB14FEA0806FFF7A2FE00B1EE6189
:10286000641EF9D10020A861E86938B10849012740
:1028700038070860BFF34F8FBFF36F8FFEF7D0F9B3
:102880003846BDE8F08700000401002078240020CD
:1028900004ED00E02DE9FC4781461E4617468846B8
:1028A0002C200A9DFDF79AF904000AD0002084F834
:1028B0002800CDE9005433463A4641464846FCF7E5
:1028C00081FF2046BDE8FC877CB52C26DDE9065457
:1028D000009644B1022684F82860CDE90054FCF744
:1028E00071FF20467CBD502080F31188BFF34F8FCD
:1028F000BFF36F8FFEE7000010B586B0FCF704FE53
:10290000114C2068B8B100200390049005AA04A9D6
:1029100003A8FEF727F9DDE9032137208DE807003A
:1029200000230AA10B48059AFFF7FBFC606010B179
:1029300006B0012010BD502080F31188BFF34F8FE7
:10294000BFF36F8FFEE7000040010020546D72203E
:10295000537663004DFB00082DE9FF411E461346E8
:1029600002000A9D4FF0000016D0144C2768002F7B
:102970000FD0CDE900130292062917DAFFF7F4FD14
:1029800002284FF000030FD0002269462068FFF7AD
:102990005DF904B0BDE8F081502080F31188BFF3E9
:1029A0004F8FBFF36F8FFEE72A46EEE700233246D4
:1029B00069463846FFF7FAF9EBE7000040010020CE
:1029C0000D0A0052533233322072656365697665B1
:1029D00064206D73673A0D0A00000000B02F0108F3
:1029E00000000000000000000000000000000000E7
:1029F00000080000180000000000000000000000B7
:102A0000C02F0108000000000000000000000000CE
:102A10000000000000080000180000000000000096
:102A2000000000000C300108000000000000000061
:102A30000000000000000000000800001800000076
:102A40000000000000000000DC2F01080000000072
:102A50000000000000000000000000000004000072
:102A6000200000000000000000000000EC2F010822
:102A70000000000000000000000000000000000056
:102A80000004000020000000000000000000000022
:102A9000D02F01080000000000000000000000002E
:102AA000000000000002000018000000000000000C
:102AB00000000000003001080000000000000000DD
:102AC00000000000000000000002000008000000FC
:102AD00000000000000000004D51544300000000C1
:102AE00004000000000000000000000000000000E2
:102AF0003C0001004D515457000000000000000050
:102B000000000000000000000000000000000000C5
:102B100000000000000000000000000000000000B5
:102B200000000000000000000000000000000000A5
:102B30004D5154430000000004000000000000005C
:102B400000000000000000003C0001004D515457FF
:102B50000000000000000000000000000000000075
:102B60000000000000000000000000000000000065
:102B70000000000000000000000000000000000055
:102B800000000000000000000006101600061016ED
:102B9000000000000000000001020304060708090D
:102BA0000000000001020304080000000000000013
:102BB00008000000000000000008DC112233C0A85B
:102BC000017BFFFFFF00C0A8010108080808010001
:102BD0004D515443000000000400000000000000BC
:102BE00000000000000000003C0001004D5154575F
:102BF00000000000000000000000000000000000D5
:102C000000000000000000000000000000000000C4
:102C100000000000000000000000000000000000B4
:102C200000000000000000000102030405060F1070
:102C3000A4310108000000000000000000000000B6
:102C400000000000000000009431010800000000B6
:102C50000000000000000000000000000002000072
:102C6000180000000000000000000000B83101085A
:102C70000000000000000000000000000000000054
:102C80000004000020000000000000000000000020
:102C9000CC3101080000000000000000000000002E
:102CA000010000000000000000010101010001001E
:102CB000000101010101000000000000010001000D
:102CC00000020000000300000004000000050000F6
:102CD00080010000800200008003000080040000EA
:102CE0000000000018020020010000102C0200204B
:102CF0000100011048020020010005105C020020C4
:102D00000100061070020020010007108802002058
:102D100001001410B4020020050018101403002054
:102D2000040080126803002007000014EC03002058
:102D3000070001146804002003000016A00400200E
:102D400002000116D40400200700001858050020D6
:102D500007000118D40500200300001A0C0600200B
:102D60000200011A2C060020010000203C06002071
:102D7000010001204C060020010002205C0600201A
:102D8000010040606C060020010041607C060020CC
:102D9000010064608C06002001006C609C0600202D
:102DA00001007860AC06002001007A60BC060020BB
:102DB00001008160CC0600200100FF6000000700D8
:102DC00008000A000C000E000000070009000B00BC
:102DD0000D000F001B0000005C0900200100001026
:102DE00070090020010001108C090020010005106D
:102DF000A009002001000610B409002001000710FE
:102E0000CC09002001001410F8090020050018105A
:102E1000580A002004008012AC0A002007000014A9
:102E2000300B002007000114AC0B0020030000163B
:102E3000E40B002002000116180C00200700001807
:102E40009C0C002007000118180D00200300001A38
:102E5000500D00200200011A700D0020010000201A
:102E6000800D002001000120900D002001000220B3
:102E7000A00D002001004160B00D00200100646041
:102E8000C00D002001006C600000070008000A006F
:102E90000C000E000000070009000B000D000F00E1
:102EA0001600DDDDDDDDDCBBBBDDDDDDDDDDDDDD3B
:102EB000DDDD98888888888888887777777777882D
:102EC000888885555556666666666666666666686F
:102ED000888883333332222222222222222222286D
:102EE000888D00005A65726F457272206375727228
:102EF000656E7420737461747573206973204F500C
:102F000045524154494F4E5F454E41424C45442C39
:102F100020656E61626C6520636F6D706C657465B1
:102F2000642E0D0A000000004B696E636F2063750C
:102F30007272656E74207374617475732069732086
:102F40005357495443485F4F4E5F44495341424CA5
:102F500045442C2064697361626C6520636F6D70F9
:102F60006C657465642E0D0A000000005A65726F6E
:102F70004572722063757272656E74207374617429
:102F80007573206973205357495443485F4F4E5F10
:102F900044495341424C45442C2064697361626C3E
:102FA0006520636F6D706C657465642E0D0A00009A
:102FB0006B696E636F4374726C5461736B000000D5
:102FC0007A65726F6572724374726C5461736B00D0
:102FD0006770696F5461736B000000006C65667404
:102FE000477269707065725461736B0072696768CB
:102FF00074477269707065725461736B00000000F1
:103000006D6F6E69746F725461736B006D7174745F
:103010005461736B00000000726F626F742F7374E1
:1030200061747573000000007B226C6566745F67D5
:10303000726970706572223A7B22706F73223A2532
:10304000752C2272656163686564223A25752C22AD
:103050007761726E696E67223A25757D2C227269DE
:103060006768745F67726970706572223A7B22705C
:103070006F73223A25752C2272656163686564223C
:103080003A25752C227761726E696E67223A257532
:103090007D2C227379735F6B696E636F223A7B229A
:1030A0007374617475735F776F7264223A25752C3F
:1030B000226572726F725F636F6465223A25752CA8
:1030C00022706F736974696F6E223A256C642C22CA
:1030D00076656C6F63697479223A256C647D2C2265
:1030E0007379735F7A65726F657272223A7B2273AD
:1030F00074617475735F776F7264223A25752C2240
:103100006572726F725F636F6465223A25752C2257
:10311000706F736974696F6E223A256C642C227625
:10312000656C6F63697479223A256C647D2C226723
:1031300070696F5F696E223A5B25642C25642C25CB
:10314000642C25642C25642C25645D7D0000000022
:103150005B4E6574776F726B436F6E6E6563745D03
:1031600020636F6E6E656374282920726573756CB9
:10317000743D25642C20536E5F53523D30782530CA
:1031800032582C20536E5F49523D307825303258EA
:103190000D0A00005461736B4D6F64627573536C5C
:1031A0006176650051756575654D6F646275735420
:1031B000656C656772616D005461736B4D6F64621D
:1031C00075734D6173746572000000004D6F644249
:1031D0007573537068720000F83101080000002018
:1031E000481000005C1300082C360108481000202D
:1031F00050840000E8A20008811389A21B0805047E
:103200001341FE0220080C1F183001240148481801
:10321000525334383541207472616E736D69742075
:10322000746573742E0D0A180A1542180A10431893
:10323000C132018210037924F41AAA01510216C086
:103240005008010257353530301EC3140108C5043B
:103250001AD1041ACF041A7F041A830401205BFFD9
:10326000FF04012B149201022302073204131402FB
:1032700082201B020594319A281441228012405961
:10328000305A441C2440420F59140A1158149A6CA5
:103290004419407918DA845C39161A0358A2466931
:1032A000885AA22C69ACDAA410DAA810DAAC105A49
:1032B000B010195F112301065A815869605B04033D
:1032C0008C5930DA08106A0C1059305A1010194B0A
:1032D000112A8111B16954DA5444DA58446A5C10F5
:1032E00019453202DA5E20DA6020DA62209A6484BC
:1032F0000A158284DAD884DADC44DAE064DAE2207F
:10330000DAE420DAE6205AE810291C121014416091
:10331000207B6460E08A043C297C6A6010598C5AE6
:103320006410292C12207A6C38DA98285A9C1029BB
:10333000E81A01690A11FFE8DAC0346AC41059209A
:103340009AC88C29ACDACA20DACC20DACE209AD0FE
:10335000840A150284CB4405846A481059206A4CBB
:10336000105964DA4E20DA5020DA52205A541029CB
:103370001C22101320207B0120E0D97CDACC105ACB
:10338000D010292C12207A0238CB0406286A0810A3
:103390005984CBE80120DAEC106AF01059305AF465
:1033A000105A02106AF610192D2930DAF8106AFC4A
:1033B000104A03301905495059206A041069A0D9F0
:1033C000206A0C10111AFF01E1E9121A102C5EE4B8
:1033D0002C0108DCE4138DA11F08BC2D0108C804D2
:1033E0001AD4041AE01C133148024C086982720F87
:1033F000132FA51B084D041A41048B9BAF6C1A9820
:103400009C1A9C04133C091B20A00829381A2D245F
:103410000A270F0101561AFF011A3F881A80941AD1
:103420008204018023FFFF1A44881A58041A4B981B
:103430001A47041A43041A45044113D9464C089DFF
:10344000AF0C4102100119111A3C3C1A40041A2811
:10345000040A2184D45A495C011C23020732048BDC
:103460005809504B0205809A6C1441228012405931
:10347000305A881C2440420F5914AA9C3059149A7F
:10348000B0149A8118DAC85C4916D99C59885AE652
:103490002C69ACDAE810DAEC10DAF0105AF41032D9
:1034A000031B010688595869605B480A8C5930DA59
:1034B0004C106A501059305A5410194B112A81116E
:1034C0000911B4DA9844DA9C446AA0101945320212
:1034D000DAA220DAA420DAA6209AA8840A15828427
:1034E000CB1C0B846A201059206A24105964DA26F8
:1034F00020DA2820DA2A205A2C10291C1210144114
:1035000060207B6460E0D97CDAA4105AA810292CD2
:1035100012207A6C38DADC285AE01029E81A01699E
:103520000A11FFE8CB040C346A081059206A0C1009
:1035300059C8DA0E20DA1020DA12205A1410298421
:103540000A150284DA8884DA8C44DA9064DA9220EC
:10355000DA9420DA96205A9810291C221013202081
:103560007B0120E0CA0D7CDA10105A1410292C12AD
:10357000207A0238DA48286A4C105984CB3E092058
:10358000DA40105A44105A02306A4810191D395056
:10359000D9106A5040111AFF01E1E9121A542C5E49
:1035A000D82D0108D094138DA11F08882E010894EE
:1035B000041AA0041AD61C135592024C0869827290
:1035C0000F132FA51B084D041A41048B9BAF6C1AD7
:1035D000DC9C1AE0041330101B20E40829381A2D53
:1035E000240A270F0101561AFF011A3F881AC494B2
:1035F0001AC604018023FFFF1A88881A9C041A4BFC
:10360000981A47041A43041A4504411345914C087B
:103610009DAF0C4102100119111A803C1A84041A42
:0C3620006C040A21C8D45A495C01140053
:040000050800018965
:00000001FF
