:020000040802F0
:1000000038690124A503020879E90208F98B02087E
:1000100075E70208290F0208A51103080000000077
:10002000000000000000000000000000E5020208DF
:100030006118020800000000410302081D010308C6
:10004000BF030208BF030208BF030208BF03020880
:10005000BF030208BF030208BF030208BF03020870
:10006000BF030208BF030208BF0302082D0F0208E6
:10007000390F0208BF030208BF030208450F020838
:10008000510F02085D0F0208BF030208551A02084B
:10009000BF030208611A0208BF030208BF03020877
:1000A000BF030208BF030208BF030208BF03020820
:1000B000BF030208BF030208BF030208BF03020810
:1000C000BF030208BF030208BF030208BF03020800
:1000D000BF03020841100308BF030208911103087F
:1000E000BF030208BF03020800000000BF030208AC
:1000F000ED020308BF030208BF030208BF030208A2
:10010000BF030208BF030208BF030208BF030208BF
:10011000BF030208BF030208BF030208D902030895
:10012000BF030208BF030208BF030208BF0302089F
:10013000BF030208BF030208BF030208BF0302088F
:1001400000000000000000000000000000000000AF
:10015000BF030208BF030208BF030208BF0302086F
:10016000BF030208BF030208BF030208BF0302085F
:10017000BF030208BF030208BF030208000000001B
:10018000BF030208BF030208BF030208BF0302083F
:10019000BF030208BF030208BF030208BF0302082F
:1001A000BF030208BF030208BF03020800000000EB
:1001B000BF030208BF030208BF030208BF0302080F
:1001C000BF030208BF030208000000000000000097
:1001D0000000000000000000BF0302080000000053
:1001E000000000000000000000000000000000000F
:1001F0000000000000000000BF030208BF03020867
:10020000BF030208BF03020800000000BF0302088A
:10021000BF030208BF030208BF030208BF030208AE
:10022000BF03020800000000BF0302080000000036
:10023000BF030208BF03020800000000BF0302085A
:10024000BF030208BF030208BF030208BF0302087E
:10025000BF030208BF030208BF030208BF0302086E
:10026000BF030208BF030208BF030208BF0302085E
:10027000BF030208BF030208BF030208000000001A
:10028000BF030208BF030208BF030208BF0302083E
:1002900000000000BF030208BF03020800000000C6
:1002A00000000000BF030208BF030208BF030208EA
:1002B000BF030208BF030208BF030208BF0302080E
:1002C000BF030208BF030208BF030208DFF810D013
:1002D00000F0D8FA0048004725340308AFF3008047
:1002E000386901242C4B19680868B0E8F04F80F396
:1002F0000988BFF36F8F4FF0000080F311887047BB
:100300000000000008480068006880F308884FF08B
:10031000000080F3148862B661B6BFF34F8FBFF35D
:100320006F8F00DF00BF00BF08ED00E0DFF80C00BA
:10033000016841F470010160704700BF88ED00E082
:10034000EFF30980BFF36F8F134B1A681EF0100F85
:1003500008BF20ED108A20E9F04F106009B44FF07B
:10036000500080F31188BFF34F8FBFF36F8F14F0ED
:1003700009FE4FF0000080F3118809BC1968086875
:10038000B0E8F04F1EF0100F08BFB0EC108A80F3F9
:100390000988BFF36F8F704704010024EFF30580D5
:1003A000704700000648804706480047FEE7FEE722
:1003B000FEE7FEE7FEE7FEE7FEE7FEE7FEE7FEE715
:1003C000D1010308CD0202082DE9F05F05460020A7
:1003D00092469B4688460646814640241BE02846B6
:1003E00041464746224600F069F853465A46C01A2D
:1003F000914110D311461846224600F050F82D1AAC
:1004000067EB01084F4622460120002100F047F823
:1004100017EB00094E41201EA4F10104DFDC484621
:1004200031462A464346BDE8F09F40EA01039B0758
:1004300003D009E008C9121F08C0042AFAD203E059
:1004400011F8013B00F8013B521EF9D27047D2B2BD
:1004500001E000F8012B491EFBD270470022F6E7AD
:1004600010B513460A4604461946FFF7F0FF20462A
:1004700010BD30B50B46014600202022012409E0C2
:1004800021FA02F59D4205D303FA02F5491B04FA4D
:1004900002F52844151EA2F10102F1DC30BD202A2C
:1004A00004DB203A00FA02F1002070479140C2F1CB
:1004B000200320FA03F3194390407047202A04DBFD
:1004C000203A21FA02F00021704721FA02F3D040CD
:1004D000C2F1200291400843194670472DE9FE4FB2
:1004E000804681EA0300C00F0C46009021F00041D5
:1004F00023F00045B8EB0200A94105D24046214651
:1005000090461C460B46024623F00040104347D05D
:10051000270DC7F30A00C3F30A510290401A019055
:1005200040286BDAC3F3130040F4801B0098924616
:1005300020B10023D2EB030A63EB0B0B0198594661
:10054000C0F140025046FFF7AAFF06460D4650464E
:100550005946019A00F0A8F910EB08006141002407
:1005600087EA115284EAE7731A4340D0009A62B3D3
:10057000019A012A4FEA075215DC001B61EB0201C8
:100580004FF0004202EA0752CDE90042001C41F55B
:10059000801132462B4600F0A8F903B0BDE8F08F79
:1005A00040462146F9E7001B61EB0201001C41F5C2
:1005B000801300185B412018A2F5001747EB0301D8
:1005C00040EAD570B6196D4111E06D084FEA360664
:1005D00045EAC0754FEA0752001B61EB0201001C9F
:1005E00041F5801149084FEA300000195141324667
:1005F0002B4603B0BDE8F04F00F068B90098012227
:1006000040000023D0EB020263EBE0730098214628
:100610004FEAE074B8EB000061EB0401E9E783F016
:1006200000435BE781F0004158E72DE9FE4F81EA86
:10063000030404F0004421F0004100944FF0000B4B
:1006400023F0004350EA01045ED052EA03045BD079
:10065000C3F30A54C1F30A552C44A4F2F3340194B1
:10066000A0FB0254C1F3130141F48011C3F313033F
:1006700043F4801301FB024400FB034E840A970AF3
:1006800044EA815447EA8357A4FB076802958D0A20
:1006900005FB07854FEA932C04FB0C542705029DAC
:1006A0004FEA065847EA1637B5EB08056EEB070C1C
:1006B000870E920E47EA811742EA8312A7FB0201D6
:1006C000B6EB0B0164EB00042B0D43EA0C335E1810
:1006D00044EB1C50DA465146E7FB0201C5F3130414
:1006E0004FEA0B3343EA14534FEA0432019C43EAC6
:1006F0000603A4F10C040294009CCDE900B400F0C0
:10070000F4F803B0BDE8F08F00200146F9E72DE9C9
:10071000F04D81EA030404F0004B21F0004514463B
:100720004FF0000A23F0004150EA050220D054EABD
:1007300001021DD0C5F30A570246C5F31303C1F3E6
:100740001300C1F30A5640F4801543F48013A7EB5D
:100750000608101BD64608F2FD3873EB050002D3DD
:1007600008F1010801E092185B41B8F1000F03DACB
:1007700000200146BDE8F08D00204FF480110646B0
:1007800084460EE0171B73EB050705D3121B63EBC2
:10079000050306434CEA010C49084FEA3000921861
:1007A0005B4150EA0107EDD152EA030012D082EA20
:1007B000040083EA0501084305D0101BAB4106D2B3
:1007C0000122002306E000224FF0004302E06FF018
:1007D000010253101AEB06004CEB085110EB0A0013
:1007E00041EB0B01BDE8F04D00F070B8C1F30A52C7
:1007F000C1F3130140F2FF3341F480119A4202DA4F
:1008000000200146704740F233439A42A2F233423D
:1008100002DC5242FFF752BEFFF741BE30B5041E64
:1008200071F1000404DB4FF00044404264EB01012D
:10083000141E73F1000405DB1C464FF000435242C6
:1008400063EB0403994208BF904230BD002801DBEE
:10085000C0F10040002901DBC1F10041814202D218
:100860004FF0004004E04FF0005001D14FF0C04085
:100870004FEA2062EFF3008162F31F6181F3008889
:1008800070470000064C074D06E0E06840F00103A9
:1008900094E8070098471034AC42F6D3FFF71AFDEE
:1008A000E0790308007A0308202A06DBCB17203AF8
:1008B00041FA02F043EAE07306E041FA02F3D04065
:1008C000C2F12002914008431946704710B5141E2A
:1008D00073F1000408DA401C41F1000192185B41F9
:1008E0001A4301D120F0010010BD2DE9F04D9246D0
:1008F0009B4611B1B1FA81F202E0B0FA80F22032E7
:100900009046FFF7CCFD04460F4640EA0A0041EA54
:100910000B0153465A46084313D0114653EA0100CF
:1009200019D0C8F140025046FFF7C8FD05460E46F3
:10093000504659464246FFF7B2FD084305D0012014
:1009400004E020463946BDE8F08D0020054346EA24
:10095000E0762C4337430A986305E40AA0EB0800CD
:100960000022FD0A44EA47540A3002D5002001461D
:10097000E9E7010510196941DDE9084500196941F8
:10098000BDE8F04DA2E770B58C1810F8015B15F0CA
:10099000070301D110F8013B2A1106D110F8012BF1
:1009A00003E010F8016B01F8016B5B1EF9D12B0716
:1009B00005D40023521E0DD401F8013BFAE710F8CC
:1009C000013BCB1A921C03E013F8015B01F8015BB9
:1009D000521EF9D5A142D8D3002070BD10B53249BE
:1009E00004460068884202D0304A904202D1D1F8D1
:1009F000080302E02E48D0F8080310F4403F10D05E
:100A000005F0B6FF6168B1F5803F06D0B1F5003F53
:100A100003D0B1F5403F26D101E0090C17E0800872
:100A200021E000214FF4002005F05AF861688A03A4
:100A3000920B18D18A140C2A15D2DFE802F01406A2
:100A400006060606060B0D0F1113890C4900B0FBB4
:100A5000F1F008E0000906E0400904E0800902E046
:100A6000C00900E0000A13494008884204D8206801
:100A7000816821F4407108E00F49884207D8206856
:100A8000816821F4407141F48071816010BD0B498F
:100A900088422068816804D821F4407141F40071D3
:100AA000F3E741F44071F0E70020024000210240EA
:100AB00000600258105E5F0020BCBE0040787D01DF
:100AC0002DE9F0410027044600680D460CF012FFA6
:100AD000064620680CF00AFF30435DD020682F4E98
:100AE000C168890105D5617E012902D1217E0129D4
:100AF0000BD0022D1DD020680CF0FCFEB8B1206890
:100B00008168C1F3400169B111E02549012502E086
:100B10008F4232D27F1C0268D2435206F8D4402161
:100B20000160E8E78168314041F010018160012DEA
:100B300011D020680CF0DAFE48B120688168C1F35A
:100B4000400121B98168314041F020018160022DCE
:100B500008D0032D04D0042504F034F9064617E02C
:100B60000C25F9E70825F7E704F02CF9801B052888
:100B70000ED92068806828420AD0206E40F010000C
:100B80002066606E40F0010060660120BDE8F081E3
:100B9000206880682842E7D10020F7E7C0FFFF7F88
:100BA00000DC0C0010B5846B216E11F0500F06D0E4
:100BB000216EC90625D5204601F007FD10BD206E27
:100BC00040F40070206620680168090707D50CF022
:100BD00099FE90B12068C068800403D50DE0C0681C
:100BE00080070AD1206E20F480702066206EC00439
:100BF00003D4206E40F001002066204601F0BCFCCA
:100C000010BDA16DC96CBDE81040084710B5806BE0
:100C1000016E41F040010166416E41F00401416600
:100C200001F0D3FC10BD10B5806B01F0CDFC10BD00
:100C300070B50446006881688268C1F3400112F013
:100C4000010F28D039BB816801F00D01012914D1B1
:100C50008168124A1140891C816021680320086064
:100C600004F0B0F8054612E004F0ACF8401B02288E
:100C70000DD920688068C00709D0206E40F01000B0
:100C80002066606E40F001006066012070BD206843
:100C90008068C007E8D1002070BD0000C0FFFF7F62
:100CA00070B504460068816811F0010F40D1816879
:100CB000204A11422DD18168D5432940491C8160C9
:100CC00004F080F81C49064620681C4B884201D07D
:100CD000984201D11A4A00E01A4A9268984202F0FA
:100CE0001F0200D0014681421DD0E2B120E08168A0
:100CF00011F0010F03D181682940491C816004F083
:100D000061F8801B02280ED920680068C043C00724
:100D100009D0206E40F010002066606E40F00100A7
:100D20006066012070BD20680168C943C907DED133
:100D3000002070BD3F0000800020024000210240E2
:100D400000230240006302580A224FF6FF73014657
:100D5000014804F0F3B80000F84F00240EB54FF638
:100D6000FF738DE80E00022302460248A02104F022
:100D700079F90EBDF84F00242DE9FE4F0F464FF0D4
:100D800000068106804615464FF6FF7034464FF048
:100D9000400A06D008F03F01C1F14004AC4202D243
:100DA00033E0402D04D800970223CDE9012020E054
:100DB000814615E03A192D48CDE9002A0223424622
:100DC000A021CDF8089004F0FFF9142012F0B0FD36
:100DD0004034761C08F140001FFA80F8A4B2F6B245
:100DE000B6EB951FE6D3291B38198AB28DE80502A8
:100DF00002231E48A021424604F0E6F904461420CE
:100E000012F096FD2046BDE8FE8F02900223A0213D
:100E1000814616484246CDE9007404F0D5F9142005
:100E200012F086FD08EB04001FFA80F815E03A196D
:100E30000E48CDE9002A02234246A021CDF80890B1
:100E400004F0C2F9142012F073FD4034761C08F14E
:100E500040001FFA80F8A4B2F6B2281BC11700EBBD
:100E60009160B6EBA01FE2DBBDE70000F84F002465
:100E700010B5044610EE900A2DED048BB0EE418AB9
:100E8000B0F17C5FF6EE008A01DAF0EE680AB2EEAD
:100E9000041A10EE281AB4EEE01AF1EE10FA01D29C
:100EA000F0EE410A9FED1E1A60EE810AC0EE809AB4
:100EB000B0EE690A10F09CFAB0EE409AB0EE690A02
:100EC00010F096FC9FED172AB7EE001AF8EE001A04
:100ED000C0EE020A29EE212A71EE491A84ED058A34
:100EE00084ED068A84ED078A61EEA82A84ED088ADB
:100EF00030EE810A71EE600A81EE801AC2EE001AAD
:100F000080EE802AC2EE800AC4EC020AC4ED020A16
:100F1000C4ED031A84ED042ABDEC048B10BD00005F
:100F2000DB0FC940F304B53FFEE70000014802F0C3
:100F3000CBB900002C560024014802F0C5B90000CE
:100F4000A4560024014802F0BFB900001C57002439
:100F5000014802F0B9B9000094570024014802F09A
:100F6000B3B90000E04E0024294A016891423AD00A
:100F7000274A1832914236D0254A3032914232D037
:100F8000234A483291422ED0214A603291422AD0DF
:100F90001F4A7832914226D01D4A9032914222D087
:100FA0001B4AA83291421ED01A4A91421BD0194ABC
:100FB0001832914217D0174A3032914213D0154A55
:100FC000483291420FD0134A603291420BD0114AFD
:100FD0007832914207D00F4A9032914203D00D4AA5
:100FE000A832914211D1CAB21823103AB2FBF3F2DF
:100FF0006FF30901032A02F00703074AD25CC265B6
:1010000000D9091D81650846704721F0FF01F9E705
:101010001000024010040240A877030830B5224AAD
:10102000012301689142CAB21BD01F4C1434A14263
:1010300017D01D4C2834A14213D01B4C3C34A14284
:101040000FD0194C5034A1420BD0174C6434A1423C
:1010500007D0154C7834A14203D0134C8C34A142F4
:101060000CD11421114C083AB2FBF1F10F4A803235
:1010700001F01F0504EB8101AB4010E00C4D18247A
:10108000103A0D44B2FBF4F1A82D00D80831094AFA
:1010900001F01F0402EB8101064AA3408032603058
:1010A00080E80E0030BD0000085402580058025875
:1010B000F0FBFDBF0008024010B50279531E072B5C
:1010C0002DD8174C0168A1421BD0154C1434A142F5
:1010D00017D0134C2834A14213D0114C3C34A142F8
:1010E0000FD00F4C5034A1420BD00D4C6434A142B0
:1010F00007D00B4C7834A14203D0094C8C34A14268
:1011000003D10849074C443102E00749064C4431F9
:1011100004EB8202C0E91B2101219940416710BD07
:1011200008540258FC580258FC08024010B5836964
:101130004FF0C074826A0146002053B1B3F5005FDE
:1011400015D072B1012A0CD0022A0AD0032A09D183
:1011500004E01AB1012A06D0022A03D1C96AC901E2
:1011600000D5012010BDC96AA142FAD010BD002AE5
:10117000F7D0012AF2D0022AF3D0032AF3D010BD0F
:101180002DE9F04F804E804FDFF8FC911836DFF8E4
:10119000F8A148370468856D0AF1300ADFF8ECB130
:1011A0004C45DFF8ECC1DFF8ECE16DD0B4426BD018
:1011B000544569D0BC4267D0DFF8D081A8F1180847
:1011C000444561D05C455FD064455DD074455BD0DB
:1011D000DFF8C481444557D0DFF8BC8108F1180816
:1011E000444551D0DFF8B08108F1300844454BD078
:1011F000DFF8A48108F14808444545D0DFF898811C
:1012000008F1600844453FD0DFF88C8108F1780888
:10121000444539D0DFF8808108F19008444533D047
:10122000DFF8748108F1A80844452DD0DFF86C81FF
:10123000444529D0DFF8648108F11408444523D0DF
:10124000DFF8588108F1280844451DD0DFF84C81AB
:1012500008F13C08444517D0DFF8408108F15008F8
:10126000444511D0DFF8348108F1640844450BD0BF
:10127000DFF8288108F17808444505D0DFF81C81A3
:1012800008F18C08444509D1D0E91948C4F8048014
:10129000C46E1CB1D0E91C48C4F8048004684C45F5
:1012A0002ED0B4422CD054452AD0BC4228D0374E40
:1012B000183EB44224D05C4522D0644520D0744509
:1012C0001ED0354EB4421BD0334E1836B44217D020
:1012D000314E3036B44213D02F4E4836B4420FD080
:1012E0002D4E6036B4420BD02B4E7836B44207D028
:1012F000294E9036B44203D0274EA836B44215D1B9
:1013000090F85C603F2406F01F06B440AC600468AF
:10131000256825F4802525602EE09A600068C1606C
:10132000BDE8F08F99600068C260F9E71B4EB442D7
:101330001BD01A4E1436B44217D0184E2836B44279
:1013400013D0164E3C36B4420FD0144E5036B44231
:101350000BD0124E6436B44207D0104E7836B442E9
:1013600003D00E4E8C36B442DAD190F85C60012482
:1013700006F01F06B4406C60046863608368402B0D
:101380000368CFD1C9E70000100002408800024086
:10139000A0000240B8000240100402400854025865
:1013A00010B513F01BFB0448D0E90021C0E900127E
:1013B000BDE8104013F032BB9400002430B5002883
:1013C00012D0062900D90621084B00221B6809E02B
:1013D00003EB820400EB820594ED0C0A521C85EDB0
:1013E000000AD2B28A42F3D330BD00009400002438
:1013F00030B5002812D0062900D90621084B00225A
:101400001B6809E003EB820400EB820594ED060AF9
:10141000521C85ED000AD2B28A42F3D330BD0000DF
:101420009400002430B5002812D0062900D90621E6
:10143000084B00221B6809E003EB820400EB8205E5
:1014400094ED190A521C85ED000AD2B28A42F3D3F8
:1014500030BD00009400002430B5002812D00629C9
:1014600000D90621084B00221B6809E003EB820427
:1014700000EB820594ED000A521C85ED000AD2B201
:101480008A42F3D330BD00009400002430B5002818
:1014900012D0062900D90621084B00221B6809E05A
:1014A00003EB820400EB820594ED130A521C85EDD8
:1014B000000AD2B28A42F3D330BD00009400002467
:1014C00030B5002812D0062900D90621084B002289
:1014D0001B6809E003EB820400EB820594ED250A0A
:1014E000521C85ED000AD2B28A42F3D330BD00000F
:1014F0009400002430B5002812D0062900D9062116
:10150000084B00221B6809E003EB820400EB820514
:1015100094ED370A521C85ED000AD2B28A42F3D309
:1015200030BD00009400002430B5002812D00629F8
:1015300000D90621084B00221B6809E003EB820456
:1015400000EB820594ED3D0A521C85ED000AD2B2F3
:101550008A42F3D330BD00009400002430B5002847
:1015600012D0062900D90621084B00221B6809E089
:1015700003EB820400EB820594ED2B0A521C85EDEF
:10158000000AD2B28A42F3D330BD00009400002496
:1015900030B5002812D0062900D90621084B0022B8
:1015A0001B6809E003EB820400EB820594ED310A2D
:1015B000521C85ED000AD2B28A42F3D330BD00003E
:1015C0009400002430B5234C00229FED210A04F53D
:1015D000887304EB820103EB820081ED000A81ED48
:1015E000060A81ED0C0A81ED130A81ED190A81EDDD
:1015F0001F0A81ED250A81ED2B0A81ED310A81ED6B
:10160000370A81ED3D0A80ED000A80ED060A80ED83
:101610000C0A80ED130A80ED190A80ED1F0A80ED97
:10162000250A80ED2B0A551C80ED310A80ED370A22
:10163000EAB2062A80ED3D0ACBD384ED120A83ED8F
:10164000120A0020C4F80C01C3F80C0130BD0000E0
:10165000000000003847002430B5002812D00629C9
:1016600000D90621084B00225B6809E000EB8204E8
:1016700003EB820594ED000A521C85ED0C0AD2B2F0
:101680008A42F3D330BD00009400002430B5002816
:1016900012D0062900D90621084B00225B6809E018
:1016A00000EB820403EB820594ED000A521C85EDE9
:1016B000060AD2B28A42F3D330BD0000940000245F
:1016C00030B5002812D0062900D90621084B002287
:1016D0005B6809E000EB820403EB820594ED000AED
:1016E000521C85ED190AD2B28A42F3D330BD0000F4
:1016F0009400002430B5002812D0062900D9062114
:10170000084B00225B6809E000EB820403EB8205D2
:1017100094ED000A521C85ED000AD2B28A42F3D33E
:1017200030BD00009400002430B5002812D00629F6
:1017300000D90621084B00225B6809E000EB820417
:1017400003EB820594ED000A521C85ED130AD2B218
:101750008A42F3D330BD00009400002430B5002845
:1017600012D0062900D90621084B00225B6809E047
:1017700000EB820403EB820594ED000A521C85ED18
:10178000250AD2B28A42F3D330BD0000940000246F
:1017900030B5002812D0062900D90621084B0022B6
:1017A0005B6809E000EB820403EB820594ED000A1C
:1017B000521C85ED370AD2B28A42F3D330BD000005
:1017C0009400002430B5002812D0062900D9062143
:1017D000084B00225B6809E000EB820403EB820502
:1017E00094ED000A521C85ED3D0AD2B28A42F3D331
:1017F00030BD00009400002430B5002812D0062926
:1018000000D90621084B00225B6809E000EB820446
:1018100003EB820594ED000A521C85ED2B0AD2B22F
:101820008A42F3D330BD00009400002430B5002874
:1018300012D0062900D90621084B00225B6809E076
:1018400000EB820403EB820594ED000A521C85ED47
:10185000310AD2B28A42F3D330BD00009400002492
:1018600070472DE9F0470500984617460E46DDF80B
:10187000209026D0002E24DD002420E0C7B1B8F14E
:10188000000F15D0B9F1000F12D008EB840009EB5E
:10189000840107EB8402C4EBC403D0ED000A91ED90
:1018A000001A92ED000A05EB830000F02DF805E028
:1018B000C4EBC40005EB800000F006F8641CB442E1
:1018C000DCDBBDE8F0870000002813D0DFED0B0A59
:1018D0009FED0B1A9FED080AC0ED030A80ED061A72
:1018E00080ED020A80ED010A80ED000A9FED050AF5
:1018F00011F04EB870470000000000006F12833AEC
:1019000000007A440000A04200280FD080ED030AB6
:10191000DFED071A80ED061AC0ED021AC0ED011ABC
:10192000C0ED001AB0EE600A11F032B87047000046
:101930000000000000281FD090ED011A90ED064A2B
:10194000D0ED001AF0EE412AD0ED043A44EE002A20
:1019500030EEE10A90ED053A90ED032A80ED020A9F
:1019600063EE000A43EE802A02EE201A42EE221AAB
:10197000C0ED001A80ED011A704700002DE9F04714
:101980002E4D6FF001092968C1F8109000202D4EEE
:101990004FEA8938DFF8A8C006F11802A2F584736F
:1019A000ACF104045CF8201009684F6A56F8201066
:1019B00046F82070791A414502DA01F5803104E0D9
:1019C000B1F5004F01DBA1F5803152F820700F44D2
:1019D00042F82070678807EB470703EB071747F8C3
:1019E000201052F82010678807EB470703EB071712
:1019F00007EB8007B961401C0628D3DB608805210E
:101A0000401CB0FBF1F201FB1200608001210E4886
:101A1000006812F095F82078401CC0B220700A28A7
:101A200006D30020207009480121006812F088F8D0
:101A30002968C1F81090BDE8F0870000F05200243A
:101A400024000024E8060024B8000024BC00002480
:101A500072B6FEE7014802F0B1BC0000584F002406
:101A6000014802F0ABBC0000584F0024F0B50368F9
:101A70004FF6FC716D4C426BD3F884508D4345EAB0
:101A80008205C3F88450036853F8845F068F25F4F9
:101A90007F0545EA06451D60836B654D9F1802680A
:101AA000D2F888308B4343EA8703C2F88830026853
:101AB00052F8883F868F23F4FE0343EA06431360FF
:101AC000066856F8A03FC26B8B4307EB420243EA1D
:101AD00082033360076857F8A03FB0F8406023F4F2
:101AE000FE0343EA06433B60D0E9103603FB0622BF
:101AF0000368D3F8B0608E4346EA8206C3F8B0604C
:101B00000368B0F84860D3F8B07027F4FE0747EADE
:101B10000646C3F8B060D0E91267036806FB0722E7
:101B2000D3F8AC608E4346EA8206C3F8AC60D0E9D5
:101B30001467036806FB0722D3F8F0608E4346EA79
:101B40008206C3F8F0600368B0F85860D3F8F0700C
:101B500027F47C1747EA0646C3F8F0600368876DF0
:101B600053F8C06F02EB47028E4346EA82011960C8
:101B70000168B0F85C20D1F8C03023F47C1343EA4C
:101B80000242C1F8C020016890F86020D1F8C0304E
:101B900023F07C5343EA0262C1F8C020416B04EB9E
:101BA0008101C166826B01EB82020267C36B02EBAB
:101BB000C3024267D0E91034634302EB83028267B9
:101BC000D0E91234634302EB8302C267D0E91434D4
:101BD000634302EB8302C0F88020836D02EBC303F2
:101BE000C0F88430C46D826E544303EB8403C0F8A4
:101BF0008830046E544303EB8402C0F89020AA425C
:101C00000AD9D0F89C20032142F02002C0F89C2081
:101C100080F898100120F0BD002200E004C1D0F847
:101C200090308B42FAD80020F0BD000000AC00409C
:101C3000FCD30040F0B58E680C69D1E9005744EA46
:101C40000604DFB145F080452C43866ED1E906C518
:101C50004F695E4391F8203045EA0C05B1F80CC09D
:101C6000D0F884E0002047EA0363104F1D430EEBD9
:101C7000860345EA0C45E3E8024511E044EA854461
:101C8000E3E71418155CA67894F803C094F801E013
:101C9000360445EA0C6446EA0E252C43001D10C3A9
:101CA000CC683C5D8442ECD8F0BD0000B0770308FE
:101CB00070B525490C221820FFF750F8224906225A
:101CC00021480C3110F056FC1F4D0C355FF000041C
:101CD000214605EB840090ED000A1CA0B7EEC00A77
:101CE00053EC102B0FF038FB641CE4B2062CEFD33E
:101CF0001A4C01202070217819A00FF02DFB2078BC
:101D000001281ED10122C103184803F055F8184DCF
:101D1000002029460CF07AFD012029460CF076FDC2
:101D20006D42022029460CF071FD032029460CF07B
:101D30006DFD042029460CF069FD052029460CF0B4
:101D400065FD207870BD000034350024506F735B52
:101D500025645D3A252E34660A0000003E0000240A
:101D60006D6F64653A25640A00000000000802589F
:101D700044FDFFFF01484068704700009C000024BC
:101D8000F8B50027044615460E46009790F85C000B
:101D900001280BD0012084F85C002046FEF748FFA4
:101DA0000100206E04D040F010002DE00220F8BDAC
:101DB00020F4885040F002002066206806F480324B
:101DC00005F08043134D1A4383682B401A4342F0B9
:101DD00000428260104A20680EE0009B5B1C00936A
:101DE000934209D3206E84F85C7020F0020040F02A
:101DF000100020660120F8BD8368DB0FEDD1206E56
:101E000020F0020040F001002066084684F85C7073
:101E1000F8BD0000C0FFFE3F00F8C3252DE9F047E4
:101E20000F4690F85C109CB0044601294FF0000961
:101E300015D00026DFF8F880012084F85C001896A1
:101E40001996216841450ED13A4D009528460BF070
:101E500055FD824620680BF051FD60B10EE0022076
:101E60001CB0BDE8F087206E84F85C6040F0200074
:101E700020660120F4E7BAF1000F09D0216E4FF07F
:101E8000010941F020002066484684F85C60E7E7DD
:101E900020684146884201D0A84201D1264800E08E
:101EA000264840F61F72D7F800C0254BBCF1000F42
:101EB00023D0D0F808C0D7F804802CF4404C4CEA6A
:101EC000080CC0F808C0D4F800C08C4501D0AC455F
:101ED00007D18968AB6801F0010103F001031943E0
:101EE00002E0996801F001010029CDD1BD6839688F
:101EF000836829439343194317E0876827F44047D1
:101F0000876027688F4201D0AF4207D18968AB68EC
:101F100001F0010103F00103194302E0996801F0A7
:101F200001010029B0D1816891438160ACE70000D4
:101F300000200240002102400023024000630258BA
:101F4000006002582DE9F84F0446DFF8ECB300209A
:101F5000FA4E0090814694F85C000D46F84F012837
:101F600008D04FF0010A84F85CA020680BF0C2FC96
:101F700018B18FE20220BDE8F88F286800280FDB37
:101F80002168B1420CD0CA69030327D090FAA0F0AF
:101F9000B0FA80F000F01F030AFA03F00243CA61AE
:101FA000D5E900124FF00C0C20681F23C1F38461A7
:101FB0000CEA921C02F01F02604493409140026BB5
:101FC0009A430A43026320680BF094FC8046206821
:101FD0000BF08CFC58EA000003D054E1C0F384609D
:101FE000D8E729684FF0040C20680723AA680CEA98
:101FF000D15CC1F3045160448B408A4041699943EC
:10200000114341612068B04204D1C2686969C2F3DA
:10201000C1020BE0CB4A1268BAEB127F02D0C16852
:10202000C90605D4C2686969C2F38202520004E09D
:10203000C268696902F01002520891402A69042AB4
:102040005AD02B6800EB8202B04202F1600207D145
:1020500003F0F8401368084340F00040106008E0C7
:10206000D2F800C003F0F84008430CF000410143EF
:1020700011602068B0421CD12969EA6900EB810037
:10208000016E21F080711143016695F820102068DF
:102090002A6901290AD00021B0429ED100EB8200BA
:1020A000026E22F000720A430266ECE04FF000710B
:1020B000F2E795F821102A69012917D05FF0000195
:1020C00000EB8200026E22F000420A430266297E83
:1020D00020682A6901290CD00021036902F01F023F
:1020E000914023F4F0420A430261CCE04FF00041FA
:1020F000E6E74FF40061F0E7B04273D100210BF046
:10210000EFFB000320684FF000016DD00BF0E8FBFF
:1021100090FAA0F0B0FA80F12868020369D090FA32
:10212000A0F0B0FA80F0814204D10022206811466C
:102130000BF0F0FB206801210BF0D2FB00032068BC
:102140004FF0010158D00BF0CBFB90FAA0F0B0FAA1
:1021500080F12868020354D090FAA0F0B0FA80F021
:10216000814204D12068002201210BF0D3FB2068BA
:1021700002210BF0B5FB000320684FF0020143D0B1
:102180000BF0AEFB90FAA0F0B0FA80F128680203E1
:102190003FD090FAA0F0B0FA80F0814204D12068DC
:1021A000002202210BF0B6FB206803210BF098FB04
:1021B000000320684FF003012ED00BF091FB90FA42
:1021C000A0F0B0FA80F1286802032AD090FAA0F0BB
:1021D000B0FA80F0814256D12068002203210BF032
:1021E00099FB50E020E0FFE70BF07AFBC0F384613D
:1021F00092E7C0F3846096E70BF072FBC0F3846152
:10220000A7E7C0F38460ABE70BF06AFBC0F384611F
:10221000BCE7C0F38460C0E70BF062FBC0F38461ED
:10222000D1E7C0F38460D5E7016E2A7801F0F84168
:10223000B1EB826F03D1016E21F00041016620688D
:102240002978426E02F0F842B2EB816F03D1416E01
:1022500021F00041416620682978826E02F0F84240
:10226000B2EB816F03D1816E21F00041816620685D
:102270002978C26E02F0F842B2EB816F03D1C16ED1
:1022800021F00041C1662068816811F0010F52D130
:102290002D4AB042EB6829680FD1D0F8B0C003F0E6
:1022A0001808C1F3130322FA08F20A402CEA030CBF
:1022B0004CEA020CC0F8B0C00EE0D0F8C0C003F089
:1022C0001808C1F3130322FA08F20A402CEA030C9F
:1022D0004CEA020CC0F8C0C0E968594570D11B48EF
:1022E0002268DFF86CC0DFF86CB08242DFF868E08B
:1022F0001A481B4BDFF86C8043D12968614565D0D3
:10230000B1EB4C0C6DD0714569D0A1F1865CBCF18C
:10231000100C75D0DFF850C061456DD0DFF84CC0AF
:1023200061457FD0814273D0994247D010488142A5
:1023300022D1104876E0B3E00000FF470060025869
:10234000002102400010005CFFFF0F00002002404F
:1023500002003004400020190800900C0008302EC4
:1023600000106032002090362000F0140004002A93
:1023700000002143000052476E48814251D16E480F
:1023800050E0BA421DD1296861451FD0A1F1066C09
:10239000BCF1040C25D0714521D0A1F1865CBCF1C3
:1023A000100C2DD0DFF894C1614525D0DFF890C125
:1023B000614537D081422BD09942DDD1404631E092
:1023C00040E0B2422DD12968614501D1012029E0C8
:1023D000A1F1066CBCF1040C03D0714503D159483E
:1023E00020E058461EE0A1F1865CBCF1100C07D03D
:1023F000DFF848C1614505D1534813E000E007E02C
:1024000052480FE0DFF838C161450BD0814201D15D
:10241000184607E04E48414504D0814201D14D485D
:1024200000E00020B2420DD0D16903031AD090FA27
:10243000A0F0B0FA80F000BF00F01F030AFA03F02A
:102440000143D161D5F800C0BCF1000F28DA424B3E
:1024500020684249DFF808A1984201D0B84203D170
:102460000A4602E0800EE7E752469268984202F080
:10247000E07201D0B84209D19D68D7F8088005F014
:10248000010508F0010845EA080502E0B56805F015
:10249000010555B1216E4FF0010941F02000206681
:1024A000002084F85C00484665E52E4DAC451CD103
:1024B00015021AD4B042F3D1984202D0B84200D0EB
:1024C00051468B6842F4000023F0E07202438A60B8
:1024D000264925480968B1FBF0F04000801C00E067
:1024E000401E00900028FBD1DAE7214DAC450CD10D
:1024F000D5010AD4B042D3D1984202D0B84200D01C
:1025000051468B6842F080700EE01A4DAC45C7D141
:102510005502C5D4B042C3D1984202D0B84200D0CF
:1025200051468B6842F4800023F0E07202438A60D7
:10253000B6E700000000844B0000B84F2000F01404
:102540000004002A8000501D0002B02500018021F7
:102550000040C03A0080F03E0020024000230240CC
:1025600000630258000052C7400D03009801002488
:10257000000021C3000084CB08B500680D498842E3
:1025800017D10D4805F094F90C4800F077FA0020B7
:1025900000900B486946006812F0BAFB00980028CA
:1025A00007D008494FF080500860BFF34F8FBFF34A
:1025B0006F8F08BD00200240A4520024704E0024FA
:1025C000C000002404ED00E0704770472DE9F84397
:1025D0004FF0000504002E46009502D0206E18B181
:1025E00008E00120BDE8F883204600F043F9656665
:1025F00084F85C5020688168C1F3407119B181682A
:102600008E4A1140816020688168C1F3007181B9F0
:1026100081688B4A114041F0805181608A49894824
:102620000968B1FBF0F0401C00E0401E009000285B
:10263000FBD120688168C1F3007141B9216E012688
:1026400041F010012166616E41F0010161660BF0FD
:1026500051F9216EC90600D420B1206E012640F048
:102660001000E0E0206E20F4807040F00200206650
:1026700020688168754D11F0010F1ED1744B754AA9
:10268000984201D0904207D19968976801F0010102
:1026900007F00107394302E0A96801F0010161B9BF
:1026A000984201D0904201D16B4800E06B488268AB
:1026B000616822F47C120A4382602168A9421FD11A
:1026C000637ED4E90207E26B5B033A43082805D036
:1026D0000C280FD01C280FD018280FD05FF0000056
:1026E00000F00C0794F8200043EA47031A4342EA3B
:1026F00000400FE00420F3E70820F1E71C20EFE79B
:10270000627E94F82030A768E06B520342EA0342ED
:102710003843104394F82020012A04D1A28C504B56
:1027200003EB42421043A26A2AB1E36A02F47872D0
:10273000024343EA0200CA68A9420BD1494B1A403E
:102740000243CA602068626B016921F04061114355
:10275000016103E0444B1A400243CA6020680BF059
:10276000C9F8074620680BF0C1F807434ED120682E
:10277000A946484506D1217E94F83820890341EACC
:10278000420103E0227E216B41EA8231C26844F2B9
:1027900003039A430A43C26094F844000128206866
:1027A00003D0016921F0010122E048450ED1D4E9AE
:1027B000121CD4E9143502692C4F41EA0C012B4359
:1027C0003A401943114341F0010111E0D4E91317D4
:1027D000B4F848C0DFF89880636D026908EB0C4CD0
:1027E000224D394343EA0C036D1E2A40194311431D
:1027F00001612068236C026922F070421A43026171
:102800002068484502D02046FEF7E8F820690128F4
:1028100020680BD0016B21F00F010163206E20F0C6
:10282000020040F0010020663046DBE6E269016B01
:10283000521E21F00F011143EFE70000C0FFFF5FC0
:10284000C0FFFF7F400D0300980100240060025884
:102850000020024000210240002302400063025891
:102860000000FEFF0740F0FF03C0F0FF1FF800FC70
:102870000100FFFFF0B587B0064614216846FDF75A
:10288000EDFD2C493068884252D12B48016841F057
:1028900020010160006800F0200005902648083003
:1028A000016841F004010160016801F00401059133
:1028B000016841F001010160016801F00101059129
:1028C000016841F0020101600068032400256946A7
:1028D00000F00200059013208DE83100174802F047
:1028E0005DF9502069468DE83100154802F056F92F
:1028F000022069468DE83100124802F04FF9124C6F
:10290000092112484FF4807C021584E82300D70087
:10291000C4E90352C3142046C4E907C56562C4E98B
:10292000053701F045F808B1FFF792F8B465A663E2
:1029300007B0F0BD00200240D844025800080258F9
:102940000000025800040258E04E0024A00002409B
:102950002DE9F047404E044600689146DFF8FC80C0
:102960008A46B04201D0404501D13D4900E03D4991
:10297000896801F01F050AF0BDFF00286AD194F8AC
:102980005C00012866D001204FF0000784F85C004D
:1029900025B1052D02D0092D00D003E02046FEF719
:1029A0007FF918B184F85C70BDE8F087216E40F6BD
:1029B000016320689943404541F48071216600D04D
:1029C0000646864200D01DB9206E20F48010206695
:1029D000206EC00404D5606E20F00600606600E042
:1029E00067661C20A26D214B1F49D363A36D204A4B
:1029F0001A64A36D1F4ADA642268106084F85C7060
:102A00002068426842F010024260206888420DD17E
:102A100094F83810C26822F0030242EA4102C26010
:102A20002068C16841F00101C16005E0C268216B06
:102A300022F003020A43C26021684B46A06D524651
:102A4000403101F093F921680B4B8A681A40121D3E
:102A50008A60A9E70220A7E7002002400021024087
:102A6000002302400063025800600258A50B0208D0
:102A7000270C02080D0C0208C0FFFF7F70B504464A
:102A800090F85C00012809D0012084F85C00032143
:102A90002046FEF715F8050002D027E0022070BDA1
:102AA0002068C16821F00301C160A06D90F8351065
:102AB000022907D100F020F8050003D0206E40F075
:102AC000400020662068416821F0100141602046E6
:102AD00015B1FEF7ADF809E0FEF7AAF8050005D13B
:102AE000206E20F4885040F001002066002084F819
:102AF0005C00284670BD00002DE9F84F044602F046
:102B000061F900903CB194F83500022806D080218C
:102B100061650020E4E00120BDE8F88FC74DC74E95
:102B2000C649183520683036DFF81483DFF814936F
:102B30008842DFF814A3DFF814B32ED0A8422CD0BB
:102B4000B0422AD0404528D0484526D0504524D010
:102B5000584522D0BD4A183290421ED0BC4A9042FD
:102B60001BD0BB4A1832904217D0B94A303290423B
:102B700013D0B74A483290420FD0B54A60329042E3
:102B80000BD0B34A7832904207D0B14A903290428B
:102B900003D0AF4AA832904209D1026822F01E0247
:102BA00002602068426922F08002426103E002680C
:102BB00022F00E02026027688F4238464DD0A842AC
:102BC0004BD0B04249D0404547D0484545D050450C
:102BD00043D0584541D09D4A183290423DD09C4A3E
:102BE00090423AD09A4A1832904236D0984A3032BF
:102BF000904232D0964A483290422ED0944A603267
:102C000090422AD0924A7832904226D0904A90320E
:102C1000904222D08E4AA83290421ED08D4A9042D5
:102C20001BD08C4A1432904217D08A4A28329042E4
:102C300013D0884A3C3290420FD0864A503290429C
:102C40000BD0844A6432904207D0824A7832904254
:102C500003D0804A8C32974204D1206E026822F45D
:102C60008072026075492068884228D0A84226D028
:102C7000B04224D0404522D0484520D050451ED0F7
:102C800058451CD071491831884218D07049884283
:102C900015D06F491831884211D06D4930318842C2
:102CA0000DD06B494831884209D06949603188426A
:102CB00005D067497831884201D065499031016873
:102CC00021F0010101600EE002F07CF80099401A49
:102CD000052808D9202262650321002084F83510D8
:102CE00084F8340017E73868C007EDD1534A012152
:102CF000206890422ED0A8422CD0B0422AD0404525
:102D000028D0484526D0504524D0584522D04F4B96
:102D1000183398421ED04E4B98421BD04C4B183360
:102D2000984217D04A4B3033984213D0484B48331F
:102D300098420FD0464B603398420BD0444B7833C7
:102D4000984207D0424B9033984203D0404BA8336F
:102D5000984208D194F85C703F23A06D07F01F07DC
:102D6000BB40836007E094F85C30A06D03F01F0364
:102D700001FA03F34360206890424DD0A8424BD043
:102D8000B04249D0404547D0484545D0504543D052
:102D9000584541D02D4A183290423DD02C4A90429D
:102DA0003AD02B4A1832904236D0294A30329042DB
:102DB00032D0274A483290422ED0254A6032904283
:102DC0002AD0234A7832904226D0214A903290422B
:102DD00022D01F4AA83290421ED01E4A90421BD0D9
:102DE0001C4A1432904217D01A4A2832904213D00B
:102DF000184A3C3290420FD0164A503290420BD0C3
:102E0000144A6432904207D0124A7832904203D07A
:102E1000104A8C3290420BD1D4E919024260E06E24
:102E200030B1026822F480720260D4E91C02426070
:102E3000002084F8351084F834006DE6100002405C
:102E4000580002407000024088000240A00002408A
:102E500010040240085402582DE9F05F28B190F8A0
:102E60003510022904D0802141650120BDE8F09F82
:102E7000904C904B0168183C18338E4ADFF83C9216
:102E8000A1428D4CDFF838E28E4FDFF83CB2DFF81C
:102E90003CA28F4D8F4E31D091422FD099422DD0F0
:102EA000A1422BD0494529D0714527D0B94225D020
:102EB000DFF810C20CF1180C61451FD0DFF808C212
:102EC000ACF1600C614519D0DFF8FCC1ACF1480CE5
:102ED000614513D0DFF8F0C1ACF1300C61450DD085
:102EE000DFF8E4C1ACF1180C614507D0594505D0B5
:102EF000514503D0A94201D0B1422CD1DFF8B4C171
:102F00004FF0040880F83580ACF1180C61451DD0F5
:102F100091421BD0994219D0A14217D0494515D0F2
:102F2000714513D0B94211D06648183081420DD096
:102F300065486038814209D063484838814205D0ED
:102F400061483038814201D05F481838086820F065
:102F500001000860ABE0D1F800C02CF00E08DFF8EB
:102F600054C1C1F80080ACF1180C0168614527D04C
:102F7000914225D0994223D0A14221D049451FD06A
:102F800071451DD0B9421BD0DFF838C10CF1180CC7
:102F9000614515D0DFF830C1ACF1600C61450FD050
:102FA000DFF824C1ACF1480C614509D0DFF818C145
:102FB000ACF1300C614503D0DFF80CC1ACF1180C5A
:102FC000D1F800C02CF0010CC1F800C0DFF8E4809B
:102FD0004FF0010C0168A8F11808414546D0914214
:102FE00044D0994242D0A14240D049453ED071459B
:102FF0003CD0B9423AD0334A1832914236D0324AA4
:10300000603A914232D0304A483A91422ED02E4A0C
:10301000303A91422AD02C4A183A914226D059454A
:1030200024D0514522D0A94220D0B1421ED02A4AF4
:1030300091421BD0284A1432914217D0264A283296
:10304000914213D0244A3C3291420FD0224A50324E
:1030500091420BD0204A6432914207D01E4A783206
:10306000914203D01C4A8C32914218D1016E0A68F9
:1030700022F480720A6090F85C20816D02F01F02D9
:103080000CFA02F24A60D0E919124A60C16E31B1FD
:103090000A6822F480720A60D0E91C124A60002299
:1030A000016D80F835C080F8342001B188470020D8
:1030B000DCE6000028000240580002407000024098
:1030C00088000240A00002407004024088040240D0
:1030D000A0040240B8040240085402582DE9F05FF1
:1030E00004007DD06D4A6D4B6C4918322068303336
:1030F0006B4E6C4F8842DFF8B0C1DFF8B081DFF86B
:10310000B091DFF8B0A1DFF8B0B1DFF8B0E121D0C5
:1031100090421FD098421DD0B0421BD0B84219D067
:10312000604517D0404515D0484513D0504511D0C3
:1031300058450FD070450DD0604D1835A84209D0C4
:103140005E4D3035A84205D05C4D4835A84201D0CF
:103150005A4D6035056825F0010505602068002599
:10316000884227D0904225D0984223D0B04221D027
:10317000B8421FD060451DD040451BD0484519D0EE
:10318000504517D0584515D0704513D04B491831CC
:1031900088420FD04949303188420BD047494831E5
:1031A000884207D045496031884203D0434978318D
:1031B000884218D12121056020684560206885601B
:1031C0002068C56020680561206841612046FDF7E0
:1031D000CBFE94F85C203F2102F01F02914000E0FA
:1031E00059E0816031E0364988421BD034491431BE
:1031F000884217D032492831884213D030493C31B7
:1032000088420FD02E49503188420BD02C4964316E
:10321000884207D02A497831884203D028498C3126
:10322000884238D105602068456020688560206844
:10323000C560206805612046FDF796FE94F85C2085
:10324000012102F01F02914041602046FDF7E6FE99
:10325000206E18B10560D4E9190141606068401E14
:10326000072807D82046FDF727FFE06E0560D4E960
:103270001C014160E56625676567E5632564656453
:10328000A564E5642565656584F83550002084F8FB
:103290003450BDE8F09F0120FBE700001000024021
:1032A000580002407000024088000240A000024026
:1032B000B8000240100402402804024040040240CA
:1032C00008540258406D70472DE9FC5F0446F74EE4
:1032D0000020DFF8D88300904FF41652F44808F12C
:1032E0001808A56DDFF8C493DFF8C0A3016809F1E1
:1032F000300920680AF1480AB1FBF2F1B0420191AD
:103300002F68D5F800C0DFF8ACB335D0414688420D
:1033100032D0484530D050452ED058452CD0E549C4
:103320001831884228D0E3493031884224D0E1491D
:103330004831884220D0E04988421DD0DE4918310A
:10334000884219D0DC493031884215D0DA494831F9
:10335000884211D0DFF860E30EF1600E70450BD0AB
:10336000D54A7832904207D0D34B9033984203D05D
:10337000D149A83188427DD194F85C20082102F01F
:103380001F0201FA02F23A424AD0B04232D040451E
:1033900030D048452ED050452CD058452AD0C54A6B
:1033A0001832904226D0C34A3032904222D0C14ACD
:1033B000483290421ED0C04A90421BD0BE4A1832BA
:1033C000904217D0BC4A3032904213D0BA4A4832A9
:1033D00090420FD0B84A603290420BD0B64A783251
:1033E000904207D0B44A9032904203D0B24AA832F9
:1033F000904203D1026802F0040202E0026802F087
:1034000008026AB1026822F00402026094F85C00CB
:1034100000F01F008140A960606D40F00100606510
:1034200094F85C00012100F01F008140394240D037
:103430002068B04234D0404532D0484530D0504565
:103440002ED058452CD09B4A1832904228D0994A09
:103450003032904224D0974A4832904220D0964A47
:1034600090421DD0944A1832904219D0924A30327C
:10347000904200E0AFE113D08F4A483290420FD023
:103480008D4A603290420BD08B4A7832904207D0FE
:10349000894A9032904203D0874AA83290427DD127
:1034A000406910F0800F04D0A960606D40F0020008
:1034B000606594F85C00042100F01F0081403942EF
:1034C0003ED02068B04232D0404530D048452ED062
:1034D00050452CD058452AD0764A1832904226D0F2
:1034E000744A3032904222D0724A483290421ED002
:1034F000714A90421BD0704A1832904217D06E4ADF
:103500003032904213D06C4A483290420FD06A4A0F
:10351000603290420BD0684A7832904207D0664AB7
:103520009032904203D0644AA83290424ED1006853
:1035300010F0020F04D0A960606D40F004006065D7
:1035400094F85C00102100F01F008140394258D0EF
:103550002068B04234D0404532D0484530D0504544
:103560002ED058452CD0534A1832904228D0514A78
:103570003032904224D04F4A4832904220D04E4AB6
:1035800090421DD04C4A1832904219D04A4A3032EB
:10359000904215D0484A4832904200E014E00FD0E3
:1035A000454A603290420BD0434A7832904207D06D
:1035B000414A9032904203D03F4AA832904207D10C
:1035C000006800F0080006E0006872E70068B7E7EE
:1035D000006800F00400A0B1A960206801684903F8
:1035E00004D50068000308D5A16C07E00168C9058F
:1035F00003D4016821F008010160216C09B1204663
:10360000884794F85C00202100F01F008140394277
:1036100079D02068B04232D0404530D048452ED0D5
:1036200050452CD058452AD0224A1832904226D0F4
:10363000204A3032904222D01E4A483290421ED058
:103640001D4A90421BD01C4A1832904217D01A4A89
:103650003032904213D0184A483290420FD0164A66
:10366000603290420BD0144A7832904207D0124A0E
:103670009032904203D0104AA832904203D10068A1
:1036800000F0100002E0006800F00200B0B3A96092
:1036900094F835000428206801680FD049037ED5CE
:1036A000006800032BD4616C2AE000001000024087
:1036B00098010024700002401004024021F016011D
:1036C00001602068416921F080014161206C08B9E6
:1036D000A06C20B12068016821F00801016094F815
:1036E0005C303F21012003F01F0300229940A960B4
:1036F00084F8350084F83420216D65E003E0E16B47
:1037000009B120468847606D00287DD0606DC007F4
:1037100059D02068042184F83510B0422BD04045A0
:1037200029D0484527D0504525D0584523D09D491C
:10373000884220D09B49183188421CD099493031A9
:10374000884218D09849884215D097491831884244
:1037500011D09549303188420DD093494831884283
:1037600009D091496031884205D08F49783188422B
:1037700001D08D499031016821F00101016020687C
:103780000099019A491C0091914202D80168C90729
:10379000F6D10068C00710D003200FE0FFE70168F2
:1037A000C905ACD403680121002223F01003036093
:1037B00084F8351084F83420A1E7012084F835001E
:1037C000002084F83400E16C00291DD002B02046AE
:1037D000BDE8F05F0847754988421DD07349143130
:1037E000884219D071492831884215D06F493C313F
:1037F000884211D06D49503188420DD06B496431F7
:10380000884209D0694900E084E07831884203D0D9
:1038100066498C3188427DD194F85C800427016828
:1038200008F01F0807FA08F717EA0C0F009746D0B0
:103830004F0744D500980F04686003D5C8033CD4F3
:10384000A16CC1E7880638D42068B0422DD0554914
:103850006039884229D0484527D0504525D0584561
:1038600023D05049884220D04E49183188421CD07C
:103870004C493031884218D04B49884215D04A49CA
:103880001831884211D04849303188420DD046491C
:103890004831884209D0704507D0904205D09842FF
:1038A00003D04149A831884203D1016821F00801C1
:1038B00002E0016821F004010160216C84E7022725
:1038C00007FA08F717EA0C0F00974ED08F074CD570
:1038D00000980F04686003D5C80344D4616C73E793
:1038E000880640D42068B0422FD02E4960398842E3
:1038F0002BD0484529D0504527D0584525D02949B7
:10390000884222D02749183188421ED025493031BB
:10391000884200E044E018D02349884215D022496B
:103920001831884211D02049303188420DD01E49CB
:103930004831884209D0704507D0904205D098425E
:1039400003D01949A831884203D1016821F014013C
:1039500002E0016821F00A010160012184F83510BC
:10396000002084F83400E16B2EE7082202FA08F206
:1039700012EA0C0F14D0090712D5016821F00E01CC
:10398000016094F85C100120002201F01F0100FA90
:1039900001F16960606584F8350084F8342012E72D
:1039A000BDE8FC9F88000240100402400854025801
:1039B0002DE9F05F044601F005FA002C07467DD0A2
:1039C000E24E022120684FF00308DFF884934FF0A5
:1039D0000005DFF880A3B042DFF87CB334D0DB4AC7
:1039E0001832904230D048452ED050452CD0584502
:1039F0002AD0D94A1832904226D0D74A3032904243
:103A000022D0D54A483290421ED0D44A90421BD090
:103A1000D24A1832904217D0D04A3032904213D056
:103A2000CE4A483290420FD0CC4A603290420BD0FE
:103A3000CA4A7832904207D0C84A9032904203D0A6
:103A4000C64AA83290427DD184F83510B04284F83D
:103A500034502ED0BD49183188422AD0484528D04C
:103A6000504526D0584524D0BB491831884220D033
:103A7000B949303188421CD0B7494831884218D002
:103A8000B649884215D0B5491831884211D0B3499A
:103A9000303188420DD0B1494831884209D0AF4910
:103AA0006031884205D0AD497831884201D0AB49B8
:103AB0009031016821F00101016008E025E100BFBB
:103AC00001F080F9C01B052801D920211AE12068E6
:103AD0000068C007F4D1D4E9020321681034184308
:103AE0008E4694E88410D4E9033809683A431043B9
:103AF0009B4A40EA0C00676918431140103C40EAB9
:103B00000800042F40EA010003D1D4E90B1211434D
:103B100008436168A1F12902052A0BD9163A032A44
:103B200008D9083A012A05D9083A032A02D9743972
:103B3000032901D840F48010CEF800002068676A9D
:103B4000406900E020E0042F20F0070047EA00076A
:103B50000DD1D4E90A01074349B12046FDF7E6FA41
:103B600028B140206065012184F83510CDE020683F
:103B700047612046FDF7F8F994F85C203F2102F0F8
:103B80001F029140816055E0764A90421BD0754BF0
:103B90001433984217D0734B2833984213D0714B8B
:103BA0003C3398420FD06F4B503398420BD06D4B43
:103BB0006433984207D06B4B7833984203D0694BFB
:103BC0008C3398427ED184F8351084F83450664B9B
:103BD0000168A26801EA030E402A74D0802A73D0DB
:103BE0005FF00002D4E90378D4E9053142EAD70254
:103BF00042EAD8085B4AD4E9077C48EAD30848EA95
:103C0000D10141EAD701524241EA1C11142341EA91
:103C10000E01016020681044B0FBF3F08000E06505
:103C20002046FDF7A1F994F85C20012102F01F0263
:103C3000914041602068B04257D0444918318842D1
:103C400053D0484551D050454FD058454DD04249AA
:103C50001831884249D040493031884245D03E49E8
:103C60004831884241D03D4988423ED03B491831D5
:103C700088423AD039493031884236D037494831C4
:103C8000884232D03549603188422ED0334978316C
:103C900088422AD031499031884226D02F49A83114
:103CA000884222D02F4988421FD02E4914318842A1
:103CB0001BD02C492831884217D02A493C318842F0
:103CC00013D002E01DE017E018E026495031884289
:103CD0000BD024496431884207D022497831884288
:103CE00003D020498C31884229D12046FDF796F92E
:103CF000A06880280CD00CE0102273E74FF48042BB
:103D000070E74021616584F835800120BDE8F09FAF
:103D10006560216E20790860D4E91901416060680E
:103D2000401E072808D82046FDF7C6F9E06E05605A
:103D3000D4E91C01416002E0E56625676567012062
:103D4000656584F835000020E0E7000010000240BF
:103D5000400002405800024070000240100402403F
:103D60003F8010FE085402580F00FEFF2DE9F84F67
:103D700004008C464FF00000009014D094F83400FA
:103D8000012812D094F835500120002184F8340025
:103D9000012D0CD0C00260650120009084F8341021
:103DA0000098BDE8F88F0120FBE70220F9E78C4D71
:103DB0000226206884F83560A8428A4D61658A4EE3
:103DC0008A4FDFF82C82DFF82C92DFF82CA2DFF884
:103DD0002CB226D0A84224D0B04222D0B84220D063
:103DE00040451ED048451CD050451AD0584518D0E3
:103DF0008349884215D082491831884211D08049C0
:103E0000303188420DD07E494831884209D07C4902
:103E10006031884205D07A497831884201D07849AA
:103E20009031016821F00101016061462046FDF7F3
:103E3000A7F96B49206888422CD0A8422AD0B0420A
:103E400028D0B84226D0404524D0484522D05045FD
:103E500020D058451ED06A4A90421BD0684A18327A
:103E6000904217D0664A3032904213D0644A4832AA
:103E700090420FD0624A603290420BD0604A783252
:103E8000904207D05E4A9032904203D05C4AA832FA
:103E900090420CD1026822F01E0242F0160202602B
:103EA000206C88B12068026842F008020BE00268CA
:103EB00022F00E0242F00A020260206C20B120685B
:103EC000026842F004020260206888424BD0A84297
:103ED00049D0B04247D0B84245D0404543D048458C
:103EE00041D050453FD058453DD0454A90423AD008
:103EF000434A1832904236D0414A3032904232D052
:103F00003F4A483290422ED03D4A603290422AD0F9
:103F10003B4A7832904226D0394A9032904222D0A1
:103F2000374AA83290421ED0364A90421BD0354ABA
:103F30001432904217D0334A2832904213D0314A7B
:103F40003C3290420FD02F4A503290420BD02D4A33
:103F50006432904207D02B4A7832904203D0294AEB
:103F60008C3290420DD1206E0268D20303D50268D4
:103F700042F480720260E06E18B1026842F480720E
:103F800002602068884226D0A84224D0B04222D0C5
:103F9000B84220D040451ED048451CD050451AD0CC
:103FA000584518D01649884215D01549183188420D
:103FB00011D01349303188420DD01149483188421F
:103FC00009D00F496031884205D00D4978318842C7
:103FD00001D00B499031016841F001010160DFE639
:103FE00010000240280002404000024058000240F9
:103FF0007000024088000240A0000240B800024069
:10400000100402400854025870B5044600F0DAFE6D
:104010000546601C02D004480078044400F0D2FE3B
:10402000401BA042FAD370BD8C01002410B590F85B
:104030009830012B09D0022B07D0D0F89C1041F00A
:104040000201C0F89C10012010BD03689C6D0C4259
:1040500003D1DC6D44F0010404E09C6D31EA0404FA
:104060001FD00324DC658B0505D50368D3F8E04039
:104070001443C3F8E0404B0505D50368D3F8E4408A
:104080001443C3F8E4400068084A01EA0203446D9F
:10409000074A1C434465106840EA91701060002094
:1040A00010BDDC6D44F00204DCE70000FFFFCF3FF1
:1040B00014A8004070B5044690F89800022804D077
:1040C000D4F89C0040F008000DE02068D0F8C03023
:1040D00013F07C5F0BD0D0F8C4309B020CD5D4F821
:1040E0009C0040F40070C4F89C00012070BDD4F81E
:1040F0009C0040F02000F6E7D0F8C400C0F304456F
:1041000020462B46FDF796FD21680120A840C1F806
:10411000D000C4F89400002070BD704790F898302B
:10412000012B07D0D0F89C1041F00401C0F89C107E
:104130000120704761B10068012913D0D0F8B01098
:1041400021F0FE4141EA0261C0F8B0100020704742
:104150000068D0F8F01021F07C5141EA0261C0F80B
:10416000F010F3E7D0F8A01021F0FE4141EA02611F
:10417000C0F8A010EAE770B590F89820012A09D09D
:10418000022A07D0D0F89C1041F00201C0F89C1020
:10419000012070BD0B68CA6883B10B69072A43EA26
:1041A000427325D00C7A4A6942EA84724968006FEA
:1041B00000EBC100C0E90032002070BD072A0DD01D
:1041C0000C7AD6060D8A4B6943EA847246EA0543A7
:1041D000C06E49681A4340F82120EDE70B8A4FF082
:1041E0006055D1E9062442EA034245EA0423EFE799
:1041F0008A69DBE730B590F89850039C012D07D011
:10420000D0F89C1041F00401C0F89C10012030BD92
:104210000D01016845EA820040EA43002043C1F8ED
:104220008000002030BD704770470000F0B590F866
:1042300098500024022D04D0D0F89C1041F00801C1
:1042400029E0402905D0412929D0056D8D4219D991
:1042500042E00568D5F8A06016F4FE0F12D0D5F83C
:10426000A460760613D0D5F8A460F60105D5D5F87C
:10427000A06016F0004F00D50124D5F8A470466F59
:10428000456C24E0D0F89C1041F0200103E0D0F808
:104290009C1041F48071C0F89C100120F0BD0568AD
:1042A000D5F8B06016F4FE0FECD0D5F8B460760601
:1042B000EDD0D5F8B460F60105D5D5F8B06016F0AC
:1042C000004F00D50124D5F8B470866FC56CC7F3D4
:1042D00005273C44654302E0456DC66F4D4306EB40
:1042E00085052E6816F0804656602E6836D026F07A
:1042F00060461660D5F800C000262E4F0CF0005C1A
:10430000C2F808C0D5F800C00CF0004CC2F810C0CC
:10431000B5F804C01FFA8CFCC2F81CC0D5F804C064
:10432000CCF3034CC2F80CC0D5F804C00CF4801CCC
:10433000C2F814C0D5F804C00CF4001CC2F818C0B0
:10434000D5F804C0CCF3066CC2F820C0D5F804C080
:1043500008354FEADC7CC2F824C008E0C6F38A4680
:10436000C7E700BF15F806C003F806C0761CD2F8F0
:104370000CC017F80CC0B445F4D840290AD0412924
:104380000CD020294FF001020CD200688A40C0F8FE
:1043900098200DE00068C0F8A84009E00068C0F867
:1043A000B84005E0006801F01F018A40C0F89C2079
:1043B0000020F0BDB0770308704700002DE9FF5FD3
:1043C000DFF80CB304460BF10401DBF800002568AC
:1043D0000F68AA468007D5F85090696DD5F85080CF
:1043E0006E6D2A6DD5F854C02B6D00EA8770009071
:1043F00009F470496F6D286D01EA09010191DAF83D
:104400005410DAF85490DAF8505008F00F0806EA21
:104410000806029602F0F00203F071536FEA0906F3
:104420001F4000F060700CEA020CCDF80CC0F205E1
:1044300001EA00090CD4E843C00509D400214FF477
:104440008073CAF85030CBF800102046FFF7B4FF55
:10445000700512D4E84340050FD4206800234FF4C0
:104460008068D0F8DC20D0F8E410C0F85080CBF899
:1044700000301140204600F0DDFADFF858A2009825
:1044800050B12268830F00EA0A001065CBF80030B3
:1044900020460099FFF741FE019850B12268830F32
:1044A00000EA0A001065CBF800302046019900F0C0
:1044B000C3FA029850B12268830F00EA0A0010651F
:1044C000CBF800302046029900F08CFA039850B1E6
:1044D0002268830F00EA0A001065CBF800302046FE
:1044E000039900F087FA30050CD4E843000509D49D
:1044F000236800204FF400621A65CBF800002046C4
:1045000000F09BFAB00512D4E84380050FD4206870
:1045100000234FF40078D0F8D820D0F8E010C0F88D
:104520005080CBF800301140204600F084FA300370
:104530000CD4E843000309D4236800204FF4002280
:104540001A65CBF80000204600F04AFAF0030CD4BC
:10455000E843C00309D4236800204FF480321A6571
:10456000CBF80000204600F064FA70030CD4E84356
:10457000400309D4226800204FF480231365CBF850
:104580000000204600F054FAB0030FD4E843800343
:104590000CD4236800204FF400321A65CBF80000D9
:1045A000D4F89C0040F08000C4F89C00B9F1000FE2
:1045B0000BD022684FEA997309EA0A001065CBF81C
:1045C000003049462046FFF72FFE5FB12268BB0F3F
:1045D00007EA0A001065CBF80030D4F89C00384395
:1045E000C4F89C003C492068884268D160688146D4
:1045F0008068800763D0D9F82060D9F82410D9F8F2
:104600002080D9F82400D9F820C0D9F82470D9F82E
:104610002030D9F82450D9F8202003F4FC4306F0C8
:104620000F0AD9F824601D40D9F824B008F03008EA
:104630000CF4C07C02F4F02211EA0A0100EA080836
:1046400007EA0C0706EA0206D9F820A004D0C9F848
:104650002010204600F0E9F9B8F1000005D06168AB
:1046600008624146204600F0E2F96FEA0B0040067E
:104670000ED46FEA0A0040060AD460684021C36B7A
:10468000C26B01622046190C02F03F0200F0CEF925
:104690002FB1606807623946204600F0C5F935B190
:1046A00060680562D4F89C002843C4F89C0036B1C9
:1046B00060680662D4F89C003043C4F89C00D4F8CB
:1046C0009C00002802D02046FFF7ADFDBDE8FF9F0B
:1046D00010A80040FFFFCF3F00A000402DE9F041AF
:1046E00094B08D494C2204466846FBF79EFE64B1A7
:1046F0008A4D2068A84202D100F58070606094F86D
:1047000098004FF0000820B108E0012014B0BDE887
:10471000F081204684F8998000F002F920688169D0
:1047200021F01001816100F04DFB0327064604E0F3
:1047300000F048FB801B0A2811D820688069000718
:10474000F6D42068816941F00101816100F03AFBF3
:1047500006460DE000F036FB801B0A2808D9D4F885
:104760009C0040F00100C4F89C0084F89870CCE7ED
:1047700020688069C007EDD02068816941F002019E
:104780008161207C01282068816937D041F0400197
:104790008161607C01282068816932D021F48041E8
:1047A0008161A07C0128206881692DD041F480516D
:1047B00081612068A268816921F44071114381619F
:1047C0002068816921F0A40181612068016921F0DC
:1047D00010010161E068012819D010B302281BD034
:1047E0002068816941F0800181612068016941F0A0
:1047F00010010161E06803280ED012E021F04001B1
:10480000C6E741F48041CBE721F48051D0E720682E
:10481000816941F0040103E02068816941F02001D1
:104820008161207E6FF0FF02D4E90773A68A11022E
:10483000400602EB0727A0F10070384327685B1E93
:10484000184301EB06463043F861A068B0F5407F9D
:1048500011D104F12800A68C6FF00F0C89C801EB70
:104860000641401E02EB0322104322680CEB0713A3
:1048700018430843D060206E30B12068626ED0F8D3
:10488000C0101143C0F8C010D4E917126846D142D5
:1048900009D02168A36E51F8C82F50F8233022F0B8
:1048A00007021A430A60216C49B12168626C51F811
:1048B000BC3F50F8226023F0070232430A60A16C2B
:1048C00051B12168E36C51F8BC2F50F8233022F02D
:1048D000700242EA03120A60216D51B12168626DD3
:1048E00051F8BC3F50F8220023F4E06242EA002075
:1048F00008602068A84204D16068816821F0030143
:104900008160C4F894800121C4F89C8084F89810D8
:104910002046FDF7ABF8F9E6C077030800A0004099
:1049200070B5B4B0044614212EA8FBF797FDB8214A
:104930006846FBF793FD27492068884247D100214C
:1049400014220D464FF4004002248DE80700812315
:1049500006A9CDE903342026059481E87000800380
:1049600009951B90684601F009FA08B1FDF770F847
:104970001948016841F480710160006800F480709A
:10498000339015480C38016841F00101016000685E
:104990002EAA092100F0010033904FF4C05082E8A4
:1049A0003100CDE931510D482EA900F0F7F8002271
:1049B0000521132000F03EFE132000F02EFE002201
:1049C0000521152000F036FE152000F026FE34B03B
:1049D00070BD000000A00040EC44025800000258E6
:1049E000704700000249884201D10DF0DDBF7047D9
:1049F000584F0024704790F89810012907D0D0F83C
:104A00009C1041F00401C0F89C1001207047022165
:104A100080F89810002201688B6923F001038B61F4
:104A2000C0F89C2010467047704770477047704729
:104A30007047704770477047704770472DE9F04FD7
:104A40004C4D00224FF0010A4FF00F0B8BE000BFDE
:104A50000AFA02F919EA01037DD022F0030606F1F1
:104A6000B0469407D6F808C4270FDFF80C810BFA7C
:104A700007FE40450EEA0C0402D14FF0000C39E06D
:104A8000DFF8F8C0604502D14FF0010C32E0DFF8EA
:104A9000F0C0604502D14FF0020C2BE0DFF8E4C01B
:104AA000604502D14FF0030C24E0DFF8DCC0604524
:104AB00002D14FF0040C1DE0DFF8D0C0604502D1F8
:104AC0004FF0050C16E0DFF8C8C0604502D14FF08A
:104AD000060C0FE0DFF8BCC0604502D14FF0070CB8
:104AE00008E0DFF8B4C0604502D14FF0090C01E0E6
:104AF0004FF00A0C0CFA07FCA44513D12C689C4318
:104B00002C606F684FF0B0449F436F6067689F43AD
:104B1000676027689F432760D6F8084424EA0E049C
:104B2000C6F8084406680323D7084FEA42084FEA4C
:104B3000427C03FA08F34FEADC6C1E4306600BFA72
:104B40000CF400EB87073E6AA6433E62C4689C43B0
:104B5000C460446800E005E024EA09044460846815
:104B60009C438460521C31FA02F37FF471AFBDE8BC
:104B7000F08F000080000058000002580004025826
:104B800000080258000C0258001002580014025885
:104B900000180258001C0258002402582DE9F84F52
:104BA00003247A4D00234FF001094FF0B04B4FF032
:104BB0000F0AE4E009FA03F6324078D00F7907F0E3
:104BC0000307012F01D0022F1AD187684FEA430E45
:104BD000D1F80CC004FA0EF827EA08070CFA0EFC0C
:104BE0004CEA070CC0F808C0476891F804C0B74306
:104BF000CCF3001C0CFA03FC4CEA070CC0F804C010
:104C00000E79F643B6070BD0C6684FEA43088F68A3
:104C100004FA08FC26EA0C0607FA08F73743C760CF
:104C20000E7906F00306022E12D1DE080F694FEA54
:104C3000437C00EB8606B646366A4FEADC6C0AFA1D
:104C40000CF807FA0CF726EA08063743CEF820706E
:104C50000F7906684FEA430807F0030704FA08FCD7
:104C600007FA08F726EA0C06374307604E6816F481
:104C7000403F1CD0464E376847F002073760366821
:104C80009F0706F00206009623F0030606F1B046E1
:104C9000B6463F0FD6F80864DFF8F8800AFA07FC3A
:104CA000404526EA0C0603D14FF0000C3AE065E0DF
:104CB000DFF8E4C0604502D14FF0010C32E0DFF8CC
:104CC000DCC0604502D14FF0020C2BE0DFF8D0C011
:104CD000604502D14FF0030C24E0DFF8C8C0604506
:104CE00002D14FF0040C1DE0DFF8BCC0604502D1DA
:104CF0004FF0050C16E0DFF8B4C0604502D14FF06C
:104D0000060C0FE0DFF8A8C0604502D14FF0070C99
:104D100008E0DFF8A0C0604502D14FF0090C01E0C7
:104D20004FF00A0C0CFA07FC4CEA060CCEF808C44B
:104D30004F68DBF80060FF0226EA020600D5164342
:104D40005F46CBF80060D1F804C0DBF804605FEA8E
:104D50008C2C26EA020600D516437E606E684F68EA
:104D600026EA0206BF0300D516436E602E684F6820
:104D700026EA0206FF0300D516432E605B1C0A6874
:104D800032FA03F67FF416AFBDE8F88F80000058C2
:104D9000F444025800000258000402580008025867
:104DA000000C025800100258001402580018025853
:104DB000001C0258002402580AB18161704709049E
:104DC000FBE7000001488068704700008C01002468
:104DD00030B590F84120202A24D190F84020012AB3
:104DE00020D0012380F84030242280F84120202365
:104DF00000240268156825F0010515600268156831
:104E000025F480551560026815680D43156001682A
:104E10000A6842F001020A6080F8413080F84040A0
:104E2000002030BD022030BD30B590F84120202A4E
:104E300022D190F84020012A1ED0012380F8403072
:104E4000242280F84120202400250268136823F0E2
:104E5000010313600268136823F4706343EA0121BD
:104E6000116001680A6842F001020A6080F841405E
:104E700080F84050002030BD022030BD70B50400E5
:104E800004D094F84100002510B106E0012070BD67
:104E9000204684F8405000F043FA242084F8410072
:104EA0002068016821F001010160D4E9001020F0C0
:104EB000706008612068816821F400418160E068C9
:104EC00021680128A06830D040F404408860E06880
:104ED0000228206841682BD021F4006141602068DD
:104EE0002021154A4368134343602068C26822F4B6
:104EF0000042C26054F8106B0DCC104340EA03200E
:104F0000F06054F81C3CD4E900021043186054F8D7
:104F10001C0D026842F001020260656484F84110D1
:104F2000256384F84250002070BD40F40040CDE776
:104F300041F40061D2E70000008000022DE9FC5F2F
:104F4000002504461E4693460195894690F8410087
:104F5000AA4620287BD120688069C043000476D50A
:104F600094F84000012872D0012184F840102420D8
:104F70004FF0200884F841006564E06801280AD0F9
:104F8000344A354949EA0200084021684860FFF781
:104F900019FF07460AE0314A3149F3E7701C05D092
:104FA000FFF710FFC01BB04246D8A6B32068816946
:104FB0008269C1F34010C2F300110843EED02068AB
:104FC0008169C943C90619D50022334620212046EC
:104FD000009703F027FF38B1606C042818D12168CE
:104FE000C1F81C8065641AE02168C1F81C8084F84F
:104FF0004180002084F84050BDE8FC9F1021C16131
:105000000022334620212046009703F00BFF18B101
:105010004FF0010A03E00FE02168C1F81C800198FD
:10502000401C01905845014604D2BAF1010F01D14C
:105030004FF0000A5945A0D384F84180606C84F891
:10504000405040F0200060640120D5E7FFE70220D7
:10505000D2E7000000280002FF2B0002002000021F
:10506000FF2300022DE9FF4F83B0044690F8410072
:105070009A469346DDE91087DDF84890202874D1E0
:105080005FEA080014D09FB194F8400001286CD06A
:10509000012084F84000FFF795FE012206461923FF
:1050A0000090D103204603F0BDFE002871D103E03B
:1050B0004FF4007060646CE00025C4F82480222165
:1050C00084F84110402084F84200656467855346A7
:1050D00065635A4604992046CDE9009603F026FE02
:1050E00010B184F8405054E0618DFF2734484FF0F0
:1050F0008078FF294FF0007A04D927853A46434645
:10510000009005E0618D53462185009094F8282099
:105110002046049903F06EFE00224B4604212046EF
:10512000009603F07FFEA0BB2068616A406A0870A9
:10513000606A401C6062208D401E81B22185608DB6
:10514000401E6085608DD8B1D1B900224B468021C8
:105150002046009603F066FED8B9608DFF2805D979
:1051600027853A464346009506E026E0608D534683
:105170002085009594F828202046049903F03AFEF3
:10518000608D0028C8D132464946204603F088FE8B
:1051900018B1012007B0BDE8F08F21682020094A2E
:1051A000C86121684B6813404B6084F8410084F863
:1051B0004250002084F84050ECE70220EAE700006B
:1051C0000024008000E800FE2DE9FF4F83B0044674
:1051D00090F841009A469346DDE91087DDF8489043
:1051E000202871D15FEA080014D09FB194F84000E4
:1051F000012869D0012084F84000FFF7E3FD012277
:10520000064619230090D103204603F00BFE002828
:105210006ED103E04FF40070606469E00025C4F8CB
:105220002480212184F84110402084F842006564E4
:105230006785534665635A4604992046CDE9009632
:1052400003F0A6FD10B184F8405051E0608DFF27B7
:105250004FF08078FF284FF0007A04D927853A462E
:105260004346009505E0608D53462085009594F8EF
:1052700028202046049903F0BDFD324649462046C9
:1052800003F03AFEA0BB606A216800788862606A19
:10529000401C6062608D401E6085208D401E80B283
:1052A0002085618DD9B1D0B900224B46802120469E
:1052B000009603F0B7FDD8B9608DFF2805D9278582
:1052C0003A464346009506E026E0608D5346208529
:1052D000009594F828202046049903F08BFD608DFA
:1052E0000028CAD132464946204603F0D9FD18B1FC
:1052F000012007B0BDE8F08F20682021074AC16176
:10530000206843681340436084F8411084F8425099
:10531000002084F84050ECE70220EAE700E800FEB5
:105320002DE9F041B4B0054614212EA8FBF796F8FC
:10533000B8216846FBF792F8DFF8EC8012263B496B
:10534000042728680025384C08F10808884229D12C
:10535000002020950821CDE90010684600F00EFDE0
:1053600008B1FCF775FB206840F00200206020685F
:1053700030AB012100F002003390032283E8860065
:10538000C020CDE92E062A482EA9FFF707FCD8F841
:10539000001041F40011C8F80010D8F8000000F423
:1053A00000103DE0234988423BD100202095082190
:1053B000CDE90010684600F0E1FC08B1FCF748FBBD
:1053C000206840F004002060206800F00400339062
:1053D000206840F00100206020682EA900F0010044
:1053E00033904FF400702E90CDE92F651248CDE92F
:1053F0003157FFF7D3FB4FF480702E90CDE92F6526
:105400000E482EA9CDE93157FFF7C8FBD8F8001098
:1054100041F40001C8F80010D8F8000000F40000C2
:10542000339034B0BDE8F081E044025800540040AD
:1054300000040258005C00400008025800000258B6
:105440000248816802781144816070478C01002411
:10545000032010B500F00EF901F0D0FA0F4A104900
:1054600014681368C4F3032203F00F038A5CC95C59
:1054700002F01F0201F01F01D0400A4A20FA01F198
:105480001160094908600F2000F010F808B10120F0
:1054900010BD00F09FF8002010BD00001844025815
:1054A000347803089C0100249801002410B51028CA
:1054B00004468AB02CD2002201462C2000F0BAF813
:1054C0002C2000F0AAF8174804601748016841F042
:1054D00080010160006809A900F08000089068461A
:1054E00001F018FA0598B0B101F064FA40000F49D4
:1054F00000220F4CB0FBF1F10E4840F2E73304609C
:10550000C0E90332491EC0E9011202F079F828B15E
:1055100001200AB010BD01F04DFAE8E7054802F09D
:1055200077F9F6E790010024E844025840420F0062
:10553000001C00400C580024154BF0B5083B427885
:1055400013491A600B680A1F23F001030B604368BC
:105550001360057BC67A827A437B2D07847B45EAFC
:105560000665C77B90F809C0067A90F800E045EA26
:10557000C24040EA834040EA444040EA074040EAF3
:105580000C2040EA460040EA0E000860F0BD000032
:10559000A0ED00E0BFF35F8F044800210368034AD9
:1055A00023F48033036070321160704724ED00E013
:1055B000074A40F00100064970321060086840F464
:1055C00080300860BFF34F8FBFF36F8F70470000CC
:1055D00024ED00E0074882B0016841F0020101605B
:1055E000006800220F2100F002000090901E02B01F
:1055F00000F020B8F444025800280DDB410900F007
:105600001F028900012001F1E0219040C1F88001D2
:10561000BFF34F8FBFF36F8F7047002809DB41093D
:1056200000F01F028900012001F1E0219040C1F843
:10563000000170470E4BF0B41B680D46C3F3022304
:10564000C3F10706042E00D90426191D072901D22B
:10565000002300E0DB1E012404FA06F19C40491EF1
:105660002940641E994014402143F0BC0BF0AFBEAA
:105670000CED00E0064900F0070210B54FF6FF04FC
:105680000868044B204040EA02201843086010BD1F
:105690000CED00E00000FA05134970B50A68D2432A
:1056A000520705D5096801F00701814213D118E0BE
:1056B0000A6822F0070202430A60FFF783FB0A4DE3
:1056C0004FF47A760446083D07E000BFFFF77AFB07
:1056D000001BB04201D9012070BD2868C04380047E
:1056E000F4D4002070BD00000C48025810B501F041
:1056F0003FF905490968054AC1F30211515C01F0FF
:105700001F01C84010BD000020440258347803082F
:105710004A4930B5494C0B1D0A680C3409681D68AC
:10572000246802F0030305F00102C1F30511C4F37C
:10573000CC04002914FB02F200EE102AF8EE400A15
:1057400076D0414A9FED3E1ADFED3E1AB7EE000AD1
:1057500023B1012B5AD0022B18D15CE0374C283CE6
:1057600023689B0612D5394B246801EE901A116804
:10577000C4F3C104F8EE612AE34001EE903AC1F3AC
:105780000801F8EE611A81EEA22A07E002EE101A73
:105790001168F8EE422A81EEA22A45E001EE901A45
:1057A0001168F8EE611A40EE811A71EE800A62EE1D
:1057B000200AC1F3462101EE101AB8EE411A31EE6B
:1057C000001AC0EE811ABCEEE11A80ED001A1168D1
:1057D000C1F3064101EE101AB8EE411A31EE001A7B
:1057E000C0EE811ABCEEE11A80ED011A1168C1F316
:1057F000066101EE101AB8EE411A31EE000A80EE91
:10580000801ABCEEC10A80ED020A30BD01EE901A8A
:10581000DFED0F2A03E001EE901ADFED0E2A11688A
:10582000F8EE611A82EEA12AC1F30801B6E7FFE79C
:10583000002101604160816030BD000028440258B1
:10584000000000390024744C304402580090D0030A
:105850000024744A20BCBE4B494930B5484C0B1D4E
:105860000A68143409681D68246802F00303C5F34C
:105870000012C1F30531C4F3CC04002914FB02F279
:1058800000EE102AF8EE400A75D03F4A9FED3D1A0F
:10589000B7EE000A6BB1DFED3D1A012B01D0022BF0
:1058A00064D002EE101A1168F8EE422A81EEA22AA4
:1058B00021E0334C283C23689B0612D5344B2468E6
:1058C00001EE901A1168C4F3C104F8EE612AE340B6
:1058D00001EE903AC1F30801F8EE611A81EEA22AB6
:1058E0000BE001EE901ADFED2B2A00BFF8EE611AF3
:1058F000116882EEA12AC1F3080101EE901A116825
:10590000F8EE611A40EE811A71EE800A62EE200A0A
:10591000C1F3462101EE101AB8EE411A31EE001A19
:10592000C0EE811ABCEEE11A80ED001A1168C1F3D5
:10593000064101EE101AB8EE411A31EE001AC0EE1F
:10594000811ABCEEE11A80ED011A1168C1F30661FB
:1059500001EE101AB8EE411A31EE000A80EE801AFC
:10596000BCEEC10A80ED020A30BD04E001EE901ADF
:10597000DFED092ABAE70021016041608160F3E7A9
:105980002844025800000039384402580024744A60
:105990000090D0030024744C20BCBE4B494930B564
:1059A000484C0B1D0A681C3409681D68246802F005
:1059B0000303C5F30022C1F30551C4F3CC0400294D
:1059C00014FB02F200EE102AF8EE400A75D03F4AAE
:1059D0009FED3D1AB7EE000A6BB1DFED3D1A012BCA
:1059E00001D0022B64D002EE101A1168F8EE422AA0
:1059F00081EEA22A21E0334C283C23689B0612D575
:105A0000344B246801EE901A1168C4F3C104F8EE17
:105A1000612AE34001EE903AC1F30801F8EE611A01
:105A200081EEA22A0BE001EE901ADFED2B2A00BFD7
:105A3000F8EE611A116882EEA12AC1F3080101EEA5
:105A4000901A1168F8EE611A40EE811A71EE800A20
:105A500062EE200AC1F3462101EE101AB8EE411A97
:105A600031EE001AC0EE811ABCEEE11A80ED001A88
:105A70001168C1F3064101EE101AB8EE411A31EE79
:105A8000001AC0EE811ABCEEE11A80ED011A11680D
:105A9000C1F3066101EE101AB8EE411A31EE000AA8
:105AA00080EE801ABCEEC10A80ED020A30BD04E02F
:105AB00001EE901ADFED092ABAE70021016041608A
:105AC0008160F3E72844025800000039404402583E
:105AD0000024744A0090D0030024744C20BCBE4BB8
:105AE0002DE9F04FA14A0546DFF87CA280F48070D2
:105AF000DFF8809289B013119F4C08439C48AAF1AB
:105B000004064FF0805C4FF0005828D0DFF858B200
:105B100085F480670F430BF1080B4FD085F40067C5
:105B20000F4360D085F480570F4372D085F400573F
:105B30000F434FF480394FF4003E69D085F40027BD
:105B40000F4373D085F480370F4370D085F48046BF
:105B50000E436DD085F400420A436AD02AE0DAF899
:105B6000001001F00701052924D2DFE801F0F9AAAD
:105B70006A259F0006A8FFF7CBFD079809B0BDE88E
:105B8000F08F6846FFF768FE0098F7E703A8FFF775
:105B900005FF0398F2E72068C0F3C10022FA00F085
:105BA000ECE72268D2056ED561456CD11846E5E771
:105BB0004145E3D00020E1E74846DFE7DBF800108D
:105BC00001F46001B1F5800F3BD005DC00294AD01B
:105BD000B1F5001FEED174E0B1F5C00FECD0B1F516
:105BE000000FE7D162E0DBF8001001F0E061B1F1F5
:105BF000007F26D004DCB1B3B1F1807FDAD160E060
:105C0000B1F1407FD8D0B1F1806FD3D14EE000E048
:105C10001BE0DAF8001001F4E041B1F5005F10D0AC
:105C200008DC01B3B1F5805FC4D14AE035E058E04B
:105C300065E088E0B1F5405FBED0B1F5804FB9D1E5
:105C400034E020688000B5D5A0E7DAF8001001F450
:105C5000E021B1F5403F6DD006DC61B149457BD014
:105C60007145A7D158E07BE0B1F5802F66D0B1F542
:105C7000A02F9FD10DE000F09DFE7FE76846FFF763
:105C8000EBFD01987AE728E003A8FFF787FE049868
:105C900074E7216889038AD48CE7DBF8001011F4DB
:105CA00040310ED0494510D0714583D13168256807
:105CB00001F040516D077FF574AF00297FF471AF9B
:105CC00069E720680001E7D55BE720688000E3D53D
:105CD00003A8FFF763FE059850E722689203DBD51F
:105CE00066E7306810F480303AD04845D4D1206857
:105CF0000001D1D56846FFF7AFFD02983EE7DBF81B
:105D0000001001F0E041B1F1405F13D008DC71B147
:105D1000614521D04145BFD120688000B4D449E716
:105D2000B1F1804F0AD0B1F1A04FB2D042E7FFF7F6
:105D3000DDFC23E720684007AED52CE72068C005CE
:105D4000AAD533E708E0DAF8001011F04051A0D0EE
:105D5000614505D041459FD1206800018ED429E7D7
:105D60002068800198D505E7504402580090D00380
:105D700040787D010080BB00004402582DE9FE4FB1
:105D80000546DFF800A450F8081B0024FD4FC94366
:105D9000019005F1280026460AF1240A0090080126
:105DA0001DD4686E50B1B0F5801F0CD0B0F5001F47
:105DB0000ED0B0F5401F1ED001240FE0386840F42B
:105DC0000030386017E00198022108F06DFE03E012
:105DD0000098022108F0F8FE04000CD0264628881E
:105DE000C043C00523D4A86D05281ED2DFE800F00B
:105DF0000C11161B1B006A6EDAF8001021F440111A
:105E00001143CAF80010EAE7386840F400303860FF
:105E100009E00198002108F047FE03E00098002106
:105E200008F0D2FE0446C4B100E0012426462888CA
:105E3000DFF85083C04308F12C0840052FD4D5F873
:105E4000A400B0F5C00F28D010DCB8B1B0F5001F29
:105E500019D0B0F5800F0FD11AE0AA6DDAF8001052
:105E600021F007011143CAF80010E0E7B0F5000F78
:105E700013D0B0F5200F10D001240FE0386840F4A3
:105E80000030386009E00198002108F00DFE03E0C1
:105E90000098002108F098FE044694B12646288810
:105EA000C043000530D4D5F8A800B0F1407F29D018
:105EB00011DCC0B1B0F1807F1AD0B0F1007F10D1F9
:105EC0001BE0D5F8A420D8F8001021F4600111439C
:105ED000C8F80010E3E7B0F1806F13D0B0F1A06F05
:105EE00010D001240FE0386840F40030386009E039
:105EF0000198002108F0D8FD03E00098002108F087
:105F000063FE044694B126462868DFF878B2C043A1
:105F10000BF1200B80011FD4E86CD8B110280FD0F2
:105F2000202812D0302815D0012414E0D5F8A8205C
:105F3000D8F8001021F0E0611143C8F80010E3E741
:105F4000386840F40030386004E00198022108F01D
:105F5000ABFD044674B126462888C043C0042BD448
:105F6000E86DB0F5005F20D00DDCA0B1B0F5805F2A
:105F70000FD115E0EA6CDBF8001021F0300111437D
:105F8000CBF80010E8E7B0F5405F13D0B0F5804FD4
:105F900010D001240FE0386840F40030386009E088
:105FA0000198002108F080FD03E00098002108F02E
:105FB0000BFE04468CB126462888C043800429D4B1
:105FC000286EB0F5403F23D010DC08B3B0F5803F19
:105FD00014D0B0F5003F0FD115E0EA6DDAF80010EB
:105FE00021F4E0411143CAF80010E5E7B0F5802F35
:105FF0000ED0B0F5A02F0BD001240AE001980121AA
:1060000008F052FD03E00098012108F0DDFD044690
:1060100094B126462888C04340042AD4D5F8AC0061
:10602000B0F1405F23D010DC08B3B0F1805F14D032
:10603000B0F1005F0FD115E02A6EDAF8001021F4FC
:10604000E0211143CAF80010E4E7B0F1804F0ED010
:10605000B0F1A04F0BD001240AE00198012108F013
:1060600023FD03E00098012108F0AEFD044674B161
:1060700026462888C04300041FD4E86ED8B1B0F18A
:10608000805F0ED0B0F1005F10D0012414E0D5F88D
:10609000AC20D8F8001021F0E0411143C8F80010FE
:1060A000E7E7386840F40030386004E001980121E7
:1060B00008F0FAFC044674B126462868C043C001C3
:1060C0001ED4A86CD0B101280ED0022811D003280C
:1060D00014D0012413E0EA6EDAF8001021F04051E8
:1060E0001143CAF80010E8E7386840F4003038601F
:1060F00004E00198022108F0D7FC04466CB1264662
:106100002868C043400255D41F48016841F480719B
:106110000160FEF757FE81460EE0AA6CDBF8001026
:1061200021F003011143CBF80010E9E7FEF74AFE26
:10613000A0EB090064283BD813480068C005F5D5DA
:10614000BCBBDFF84090B5F8B01009F14409D9F8AC
:10615000000001F4407100F44070884211D0D9F879
:106160000010D9F8002021F4407142F48032C9F8BF
:106170000020D9F8002022F48032C9F80020C9F8A4
:10618000001003E02C44025800480258D5F8B00033
:10619000B0F5807F19D1FEF715FE029011E000BF27
:1061A000FEF710FE0299411A41F28830814208D967
:1061B000032426462878DFF81494C043C00721D072
:1061C0003CE0D9F800008007EAD5D5F8B010C1F35B
:1061D00001200328FE480DD0016821F47C510160A4
:1061E000B5F8B020D9F80010C2F30B021143C9F87A
:1061F0000010DFE7F74A036802EA111223F47C512A
:106200001143ECE7A86F182816D005DCA0B10828C8
:1062100008D0102804D10AE020280DD028280BD05F
:1062200001240AE00198012108F03EFC03E00098F7
:10623000012108F0C9FC044664B126462878C04311
:1062400080071ED4686F062819D2DFE800F0160C0C
:1062500011161616AA6FD9F8001021F03801114353
:10626000C9F80010EAE70198012108F01DFC03E0DD
:106270000098012108F0A8FC04467CB100E001244C
:1062800026462878C04340071FD4D5F8900006283A
:1062900019D2DFE800F0160C111616166A6FD9F83D
:1062A000001021F007011143C9F80010E9E7019837
:1062B000012108F0F9FB03E00098012108F084FCBB
:1062C0000446A4B100E0012426462878C043800695
:1062D0002BD4D5F88C00B0F1405F24D011DC10B382
:1062E000B0F1805F15D0B0F1005F10D116E0D5F8A5
:1062F0009020D8F8001021F007011143C8F80010D1
:10630000E3E7B0F1804F0ED0B0F1A04F0BD00124E5
:106310000AE00198002108F0C7FB03E00098022181
:1063200008F052FC044694B126462878C043400643
:106330002BD4D5F89800B0F5406F24D011DC10B301
:10634000B0F5806F15D0B0F5006F10D116E0D5F81C
:106350008C20D9F8001021F0E0411143C9F8001059
:10636000E3E7B0F5805F0ED0B0F5A05F0BD001245D
:106370000AE00198002108F097FB03E00098022151
:1063800008F022FC044694B126462878C043000653
:106390002BD4D5F89C00B0F5C04F24D011DC10B33D
:1063A000B0F5005F15D0B0F5804F10D116E0D5F8EC
:1063B0009820D8F8001021F4E0511143C8F80010DB
:1063C000E3E7B0F5004F0ED0B0F5204F0BD001241D
:1063D0000AE00198002108F067FB03E00098022121
:1063E00008F0F2FB044654B126462878C043000763
:1063F0001ED4D5F88000B0F5805F0AD00FE0D5F844
:106400009C20D8F8001021F460411143C8F8001016
:10641000EBE70098022108F0D7FB00B10126D5F880
:106420008020D9F8001021F440511143C9F8001020
:106430002878C043C00613D4D5F89400B0F5807F07
:1064400005D10098022108F0BFFB00B10126D5F864
:106450009420D8F8001021F440711143C8F80010BE
:106460002868C043000316D4D5F8A00038B1B0F5B1
:10647000803F09D0B0F5003F0BD001240AE001981D
:10648000002108F011FB03E00098022108F09CFBBA
:1064900004468CB126462868C043400322D4D5F870
:1064A0008400B0F5801F11D0B0F5001F13D0B0F5F7
:1064B000401F15D0012414E0D5F8A020D8F8001012
:1064C00021F440311143C8F80010E4E7386840F483
:1064D0000030386004E00098012108F075FB0446A4
:1064E0005CB126462868C043C0031CD4286D70B137
:1064F000B0F5803F10D0012414E0D5F88420D9F8FD
:10650000001021F440111143C9F80010EAE738687F
:1065100040F40030386004E00198022108F0C4FA29
:106520000446DCB126462868C043800005D40098A4
:10653000022108F049FB00B101262868C04380030E
:106540001BD4E86FB8B1B0F5807F10D0B0F5007FF4
:1065500011D0B0F5407F0ED001240DE02A6DDBF89C
:10656000001021F480311143CBF80010DBE73868CC
:1065700040F4003038607CB326462868C043C0022F
:1065800007D42A6FDAF8001021F000411143CAF84D
:1065900000102868C043800207D4AA6EDAF8001001
:1065A00021F080711143CAF800102868C0434000F0
:1065B00009D40748016821F4004101600168D5F859
:1065C000B420114301602868C04306E054440258D7
:1065D00010440258CFFFFF001DE007D46A6DDBF8BE
:1065E000001021F040511143CBF800102868C0433F
:1065F000000208D4D5F88820D9F8001021F4400111
:106600001143C9F8001028790024C04300F00100AC
:10661000204309D00EE0EA6FD9F8001021F4407150
:106620001143C9F80010A8E70198002108F03CFACE
:1066300000B106462879C04300F00200204305D18E
:106640000198012108F030FA00B106462879C043CC
:1066500000F00400204305D10198022108F024FA3B
:1066600000B106462879C04300F00800204305D158
:106670000098002108F0A8FA00B106462879C04326
:1066800000F01000204305D10098012108F09CFA89
:1066900000B106462879C04300F02000044304D12D
:1066A0000098022108F090FA00B916B10120BDE867
:1066B000FE8F0020FBE700002DE9F05F04000F468D
:1066C0007ED0DFF83882D8F8000000F00F00B84222
:1066D0000CD2D8F8001021F00F013943C8F800108F
:1066E000D8F8000000F00F00B84269D12078844D3E
:1066F00040070AD52069296801F07001884204D951
:10670000296821F070010143296020787C4E361DF4
:1067100000070AD56069316801F07001884204D928
:10672000316821F07001014331602078C0060AD53C
:10673000A069316801F4E061884204D9316821F42C
:10674000E061014331602078DFF8B4B180060BF1DD
:10675000080B0CD5E1695846DBF8002002F0700206
:10676000914204D9026822F070020A430260207844
:1067700080070AD5E068296801F00F01884204D932
:10678000296821F00F01014329602078C0073ED01D
:106790005B49A2682868183920F4706010432860AB
:1067A0006068022818D0032819D00968012819D078
:1067B000490700294ADADFF848A1AAF1080A00E0EF
:1067C00044E0DAF8002022F007020243CAF8002071
:1067D000FEF7F8FA814612E009688903E9E70968DB
:1067E0008901E6E7C905E4E7FEF7ECFAA0EB090149
:1067F00041F28830814202D90320BDE8F09F6168F0
:10680000DAF8000000F03800B0EBC10FECD12078CE
:1068100080070AD5E068296801F00F01884204D298
:10682000296821F00F0101432960D8F80010404683
:1068300001F00F01B9420BD9016821F00F01394372
:106840000160006800F00F00B84201D00120D4E7D9
:10685000207840070AD52069296801F07001884234
:1068600004D2296821F070010143296020780007D3
:106870000AD56069316801F07001884204D231683C
:1068800021F07001014331602078C0060AD5A0696B
:10689000316801F4E061884204D2316821F4E0619A
:1068A00001433160207880060CD5E1695846DBF859
:1068B000002002F07002914204D2026822F07002BD
:1068C0000A43026000F09AF80E492A682B68C2F366
:1068D000032203F00F038A5CC95C02F01F0201F07F
:1068E0001F01D040084A20FA01F1116007490860F1
:1068F00007480068BDE8F05FFEF7D8BD00200052F1
:1069000018440258347803089C010024980100249C
:106910009001002470B5144C3F220260124A246892
:106920000832131D114D04F00704446016681C1D45
:1069300006F470668660166806F00F06C660126878
:1069400002F0700202611A6802F0700242611A6875
:1069500002F4E0628261226802F07002C26128687B
:1069600000F00F00086070BD104402580020005273
:1069700030B500F043F80B4A0B490C4B156814680E
:10698000C5F3032204F00F048A5C095D02F01F02C4
:1069900001F01F01D040064A20FA01F11960106091
:1069A000084630BD18440258347803089C0100247E
:1069B0009801002400B5FFF7DBFF05490968054A87
:1069C000C1F30211515C01F01F01C84000BD00007D
:1069D0001C4402583478030800B5FFF7C9FF054985
:1069E0000968054AC1F30221515C01F01F01C8404A
:1069F00000BD00001C44025834780308454970B5B6
:106A000045480968434B103B11F0380208D001118A
:106A1000082A03D0102A0BD0182A0BD0084670BDC4
:106A200019688906FBD51968C1F3C101C84070BD5A
:106A30003A4870BD3749374D18310C1D24350A6866
:106A4000096826682D6802F0030406F00102C1F30C
:106A50000511C5F3CC0515FB02F200EE102AB8EEC5
:106A6000400AE9B32F4ADFED2E0AB7EE001A6CB1E7
:106A7000DFED2D1A012C01D0022C43D002EE101AAA
:106A80001068F8EE422A81EEA22A1EE01C68A406D5
:106A900011D51B6801EE901A1168C3F3C103F8EE1B
:106AA000612AD84001EE900AC1F30800F8EE611A9D
:106AB00081EEA22A0BE001EE901ADFED1C2A00BF46
:106AC000F8EE611A106882EEA12AC0F3080001EE08
:106AD000900AF8EE611A40EE201A31EE810A00E0C9
:106AE00015E022EE000A1068C0F34620401C00EEBC
:106AF000900AF8EE600A80EE201ABCEEC10A10EE91
:106B0000100A70BD01EE901ADFED092AD8E70020C7
:106B100070BD0000104402580090D00340787D0101
:106B200000000039304402580024744A0024744C98
:106B300020BCBE4B2DE9F05F04007DD0FF4F2078D4
:106B4000FE4D1837DFF8F483103DC00748D0D8F861
:106B50000000396800F03800102815D0182803D13B
:106B600001F0030002280FD06068B0F5803F12D01A
:106B700010B1B0F5A02F18D0286820F4803028601C
:106B8000286820F4802009E02868800328D5606800
:106B90000028D2D024E0286840F480302860606863
:106BA00088B1FEF70FF9064609E0286840F4802016
:106BB0002860F0E7FEF706F9801B64287ED8286875
:106BC0008003F7D50CE0FEF7FDF8064605E000BFB0
:106BD000FEF7F8F8801B6428F0D828688003F7D403
:106BE0002078800756D5D8F80000DFF85093396830
:106BF00010F03800A9F10C090ED0182801D188072F
:106C00000AD0E068A8B3296821F01901014329607E
:106C1000FEF7D8F8064628E02868400702D5E06865
:106C200000288AD0E168286820F01900084328600D
:106C3000FEF7C8F8064606E0D2E000BFFEF7C2F84D
:106C4000801B0228BAD828684007F7D5217CD9F8DC
:106C5000002022F0FE4242EA0161C9F8001019E06A
:106C6000FEF7B0F8801B0228A8D828684007F7D59F
:106C7000ECE7FFE7286820F001002860FEF7A2F8A3
:106C8000064604E0FEF79EF8801B022896D8286886
:106C90004007F7D42078C00646D5D8F80000DFF8C2
:106CA0009C92396800F03800A9F10409082812D034
:106CB000182805D101F00300012800E0CEE00AD039
:106CC000E0690028286820D040F080002860FEF7A6
:106CD00079F8064615E02868C00502D5E0698028E5
:106CE0007ED194F82010D9F8002022F07C5242EA9C
:106CF0000161C9F8001017E0FEF764F8801B022854
:106D0000A0D82868C005F7D5EBE720F08000286000
:106D1000FEF758F8064604E0FEF754F8801B0228F8
:106D200090D82868C005F7D42078000729D5834873
:106D30006169643000298146016811D041F0010188
:106D40000160FEF73FF8064605E000BFFEF73AF89F
:106D5000801B022888D8D9F800008007F6D510E0FB
:106D600021F001010160FEF72DF8064605E000BFA5
:106D7000FEF728F8801B022870D8D9F80000800799
:106D8000F6D42078800623D5A0690028286810D082
:106D900040F480502860FEF715F8064605E000BF75
:106DA000FEF710F8801B022858D828688004F7D511
:106DB0000EE020F480502860FEF704F8064604E058
:106DC000FEF700F8801B022848D828688004F7D412
:106DD0002078400751D5DFF86891D9F8001000E01D
:106DE00015E141F48071C9F80010FDF7EBFF06468C
:106DF00005E000BFFDF7E6FF801B64282ED8D9F818
:106E00000000C005F6D54D4EA068603601280AD0B6
:106E100008B1052813D0306820F0010030603068D8
:106E200020F0040002E0306840F001003060A0680B
:106E300041F2883A98B1FDF7C5FF81460AE0306813
:106E400040F004003060EEE7FDF7BCFFA0EB090165
:106E5000514503D830688007F6D50EE072E0FDF7A3
:106E6000B1FF814606E000BFFDF7ACFFA0EB0901D2
:106E7000514567D830688007F6D4606A00287CD016
:106E8000DFF8B8A0D8F800100AF1200A4FF6F87B16
:106E90000AF10408C1F3C2010329AAF104096DD063
:106EA0000228286820F08070286003D0FDF78AFF50
:106EB000044681E0FDF786FF064604E0FDF782FF09
:106EC000801B022875D828688001F7D4E26A40F256
:106ED000F331386854F8283F884340EA02101843D9
:106EE0003860217B4FF4FE0C22894FF0FE47208A48
:106EF0004902267D521E401EA1F5007189B2C2F3DF
:106F000008021143761E0CEA00400143484607EA96
:106F100006621143CAF80010D9F8001021F00101EF
:106F2000C9F80010D8F80030266A23EA0B0343EAB8
:106F3000C601C8F80010D9F8001004E01044025847
:106F40000048025835E0A26921F00C011143C9F84C
:106F500000100168E26921F002011143016001683B
:106F600041F480310160016841F400310160016841
:106F700041F480210160016801E06CE020E041F013
:106F800001010160286840F080702860FDF71AFF59
:106F9000044604E0FDF716FF001B022809D8286804
:106FA0008001F7D557E000BFFDF70CFF001B02285A
:106FB00002D90320BDE8F09F28688001F4D44AE09C
:106FC00039680128DAF8000021D0A26A01F0030331
:106FD00093421CD1E26AC1F305118A4217D1216B99
:106FE000C0F30802491E8A4211D1616BC0F34622E8
:106FF000491E91420BD1A16BC0F30642491E91423A
:1070000005D1E16BC0F30660491E814201D0012029
:10701000D0E7A16C4646D8F80000C0F3CC0081420E
:1070200019D0D9F800004D4620F00100C9F8000041
:10703000FDF7C8FE4FEA0007FDF7C4FEB842FBD0DB
:10704000A26C306820EA0B0040EAC2003060286879
:1070500040F0010028600020ACE700002DE9F04777
:10706000040029D0594A4FF000092068584B594D67
:107070009042C4F8289006D0984204D0A84202D08A
:10708000E1680F2918D8E1684FF0010AE76B083171
:10709000C9080AEB57167143904205D0984203D0B5
:1070A000A84201D0082907D8904203D0984201D0C5
:1070B000A84204D1102902D90120BDE8F08794F834
:1070C000810020B9204684F8809000F085F80220E5
:1070D00084F881002068016821F0010101602068C6
:1070E000A1698268B1F1806F02F4F81110D1626871
:1070F000B2F5800F01D01AB10AE0A26B22B107E00D
:10710000A26BB2F1805F03D1026842F48052026048
:107110006068400209D5E068072806D32068236D1F
:10712000026822F480721A4303E02068026822F4A5
:1071300080720260A66AE069E26B25683043E3680A
:107140000A4310431843A860D4E90D02D4E905812D
:10715000636A25691843D4F820C00A43266810439F
:107160002843A56DD4E90172D4E9123140EA080040
:1071700040EA0C0038430843104318432843F060AA
:10718000606868B92068816821F4C05141F40061E9
:1071900081602068816821F4C06141F48061816070
:1071A0002068016D21F0010101656068400206D58B
:1071B0002068626DC16821F000411143C160C4F8CC
:1071C000849084F881A0002077E70000003001401F
:1071D00000380040003C004010B5B4B00446142113
:1071E0002EA8F9F73BF9B8216846F9F737F919499C
:1071F000206888422CD1811400208A001792CDE9A2
:1072000000106846FEF7BAFD08B1FAF721FC1248F3
:10721000016841F400410160006800F400403390CF
:107220000D480838016841F0040101600068062338
:10723000022200F00400339000204FF4A0512E9160
:107240002EA9CDE92F20CDE931030448FDF7A6FC96
:1072500034B010BD003C0040E84402580008025819
:107260002DE9F84F044600689946174600F1200BB7
:107270008A46FDF7A7FD064694F88100012839D11A
:10728000BAF1000F7ED0002FFCD094F880000128C6
:1072900030D0A26800254FF0010884F880800321D7
:1072A00084F88110C4F88450C4F85CA06566A4F822
:1072B0006850656725672C34B2F5C02FA786E7862E
:1072C000E58754F82C0D18D0C16821F4C02141F491
:1072D0000031C160206841686FF30F01394341609C
:1072E0002068016841F0010101606068B0F5800F1D
:1072F00008D00CE00220BDE8F88F016841F400617D
:107300000160E7E72068016841F400710160E0680E
:107310000F281CD820E02068416989070BD5E16D52
:1073200009680162E06D001DE065B4F86200401E6E
:10733000A4F862000BE0FDF745FD811B494503D32E
:10734000B9F1FF3F03D09DE0B9F1000F32D0B4F89E
:1073500062000028DFD179E007282FD872E020688A
:10736000416989071ED5B4F8621001290DD9E16B76
:1073700059B1E16D09680162E06D001DE065B4F886
:10738000620000E07CE0801E09E0E06D0188ABF85F
:107390000010E06D801CE065B4F86200401EA4F8A7
:1073A00062000BE0FDF70EFD811B494503D3B9F1E7
:1073B000FF3F03D066E0B9F1000F63D0B4F862007C
:1073C0000028CCD142E02068416989072ED5B4F865
:1073D000621003290CD9E16B402909D9E16D0968D4
:1073E0000162E06D001DE065B4F86200001F1AE064
:1073F000B4F8621001290CD9E16B51B1E06D01883C
:10740000ABF80010E06D801CE065B4F86200801EEF
:1074100009E0E16D097880F82010E06D401CE0651E
:10742000B4F86200401EA4F862000BE0FDF7CAFC4D
:10743000811B494503D3B9F1FF3F03D022E0B9F1E5
:10744000000F1FD0B4F862000028BCD100224B46C8
:1074500008212046009607F00FFD28B1D4F88400DB
:1074600040F02000C4F88400204607F0A7FC84F810
:107470008180D4F8840084F8805000283FF43BAF2A
:10748000012038E7204607F099FCD4F8841084F8EE
:10749000805041F48071C4F8841084F88180032006
:1074A00029E7704770477047F0B590F83C20012AF3
:1074B00043D0012280F83C20D1E90242204ECD6920
:1074C00022F440722243D1E9004322F480621A433D
:1074D00022F400622243D1E9043422F480521A4398
:1074E0000B6B22F4005222430C8B22F480421A438D
:1074F000036822F4702242EA0442002422F08052FF
:10750000B34242EA050202D00E4DAB4210D10F8DBC
:1075100022F4700CD1E90862CD6A4CEA075121F0DF
:107520008071314321F00071114321F000522A4350
:107530005A6480F83C400020F0BD0220F0BD0000FD
:107540000000014000040140F0B590F83C20012A01
:1075500041D0224E012480F83C40022280F83D2098
:1075600002681F4D5368B242D2F808C001D0AA4247
:1075700003D14F6823F470033B430F6823F070037B
:107580001F4357600268B24219D0B2F1804F16D043
:10759000144B9A4213D0144B9A4210D0134B9A4278
:1075A0000DD0AA420BD0124B9A4208D0114B9A42EE
:1075B00005D0114B9A4202D0104B9A4204D18968EF
:1075C0002CF0800319439160002180F83D4080F841
:1075D0003C100846F0BD0220F0BD00000000014054
:1075E000000401400004004000080040000C00407E
:1075F000001800400040014000E0004000E400406E
:1076000010B5040003D094F83D0010B107E001204C
:1076100010BD002084F83C00204600F023F8022032
:1076200084F83D002068211D08F06EFE012084F8DA
:10763000480084F83E0084F83F0084F8400084F855
:10764000410084F8420084F8430084F8440084F840
:10765000450084F8460084F8470084F83D00002087
:1076600010BD000010B586B0044614216846F8F736
:10767000F5FE394A21683948914207D1016841F045
:1076800010010160006800F0100040E0344A9142AF
:1076900011D1016841F0200101600068002205213C
:1076A00000F0200005903720FDF7C4FF3720FDF7DC
:1076B000B4FF06B010BD2B4A91421ED1016841F0C3
:1076C00040010160006800F0400005902348083840
:1076D000016841F0020101600068002100F0020031
:1076E0000590022042030092CDE90101CDE903108B
:1076F0001D486946FDF752FADBE71C4A914208D162
:10770000016841F480710160006800F480700590A8
:10771000CFE71248164A0830914207D1016841F478
:1077200080310160006800F48030F0E7114A914236
:1077300007D1016841F400310160006800F40030B5
:10774000E5E70D4A9142B4D1016841F4802101601E
:10775000006800F48020DAE700100040E844025896
:1077600000140040001800400004025800200040AF
:1077700000400140004401400048014090F83D10A5
:10778000012901D001207047174B0222016880F8BF
:107790003D2099421AD0B1F1804F17D01348814251
:1077A00014D01348814211D0124881420ED01248A1
:1077B00081420BD01148814208D01148814205D046
:1077C0001048814202D01048814207D188680F4A90
:1077D0001040062806D0B0F5803F03D0086840F07E
:1077E00001000860002070470000014000040040D4
:1077F00000080040000C0040000401400018004058
:107800000040014000E0004000E4004007000100AB
:1078100090F83D10012901D0012070471A4A022139
:1078200080F83D100168CB6843F00103CB6000682D
:1078300090421AD0B0F1804F17D01449884214D02A
:107840001349884211D0134988420ED01249884208
:107850000BD01249884208D01149884205D01149FD
:10786000884202D01049884207D181680F4A1140EE
:10787000062906D0B1F5803F03D0016841F001012F
:10788000016000207047000000000140000400403B
:1078900000080040000C00400004014000180040B7
:1078A0000040014000E0004000E40040070001000B
:1078B000016841F211130A6A1A4207D10A6A9B1041
:1078C0001A4203D10A6822F001020A60012180F8FD
:1078D0003D1000207047000070B5044690F83C0051
:1078E0000025012814D03A4B012684F83C60022080
:1078F00084F83D0022689068184020F47F40906032
:10790000086870282FD010DC10F00F0F03D022E091
:107910004FF0020070BD4FEA2012072A1BD2DFE8A9
:1079200002F0535353534B394100B0F1101F4BD069
:1079300009DCB0F5805F0FD0B0F5005F1ED0B0F568
:10794000801F08D140E0A0F5801120393CD01029DB
:107950003AD0202938D0012584F83D60002084F8F1
:107960003C00284670BD4A682068D1E9021308F03F
:1079700048FD2068816841F0770109E04A68206885
:10798000D1E9021308F03DFD2068816841F480418F
:107990008160E1E7CA684968206808F0DFFE206876
:1079A000502106E0CA684968206808F0E8FE2068AF
:1079B000602108F02FFDCFE7CA684968206808F009
:1079C000CDFE20684021F4E7226801461046F0E72A
:1079D00088FFCEFF2DE9F04104000D4603D094F856
:1079E0003D0018B108E00120BDE8F081002084F8D6
:1079F0003C00204600F04CF8244A022084F83D0068
:107A000020688168114081602068211D08F07CFC9D
:107A1000226840F20336AF6940F60C4C2B684FF2F7
:107A2000F00EA86891680B439169B14341EA0721C0
:107A30000843D5E9031720EA0C00D5E9076C20EAD2
:107A40000E00D2F820E03F0140EA062668686D6922
:107A5000314347EA0C37936023680F4301219F614C
:107A60002EF0AA0242EA051322681843106284F835
:107A7000481084F83E1084F83F1084F8441084F8CD
:107A8000451084F83D100020AEE70000F8BFFEFF6F
:107A9000F0B587B0054614216846F8F7DFFC694960
:107AA0000024D5F800C0022567481039654B01262F
:107AB000844517D1186840F001001860186800F07C
:107AC00001000590086840F01000086008686946E9
:107AD00000F0100005904FF4206000905B48CDE965
:107AE000015448E05A48BCF1804F5A4A5A4F19D0C5
:107AF0005A4EB44546D1026842F002020260006864
:107B000000F002000590086840F002000860086874
:107B1000694600F00200059030200090CDE9015444
:107B2000384649E0036843F001030360006800F051
:107B300001000590086840F001000860086800F046
:107B400001000590086840F002000860086802AB78
:107B5000694600F0020005904FF40040CDE90005B1
:107B600083E870001046FDF719F808200090CDE971
:107B7000015469463846CDE9034600BFFDF70EF8CB
:107B800007B0F0BD364EB44519D1026842F0040288
:107B90000260006800F004000590086840F00800EA
:107BA00008600868694600F0080005904FF44050EE
:107BB00000902C48CDE90154CDE90345DEE72A4F7A
:107BC0000326BC4517D1036843F00803036000682F
:107BD00000F008000590086840F00100086008689F
:107BE0006946009600F00100CDE901540394CDE907
:107BF00004501046C2E71D488445C1D1186840F0C2
:107C000002001860186800F002000590086840F053
:107C1000040008600868694600F004000590C02070
:107C20000090CDE901541248CDE90346FCF7B6FFB8
:107C300000220F212C20FDF7FDFC2C20FDF7EDFC90
:107C40009EE70000F0440258000001400010025876
:107C5000E8440258000002580004025800040040A2
:107C600000080040000C0258000C004000040140D5
:107C70000008025870B504464FF0020094F83E2008
:107C800094F83F5094F8446094F8453021B10429A9
:107C90000DD0012A1AD113E0012A17D1012E15D1D6
:107CA00084F83E0084F844000021206820E0012D83
:107CB0000CD1012B0AD184F83F0084F8450014E070
:107CC000012D03D1012E01D1012B01D0012070BD66
:107CD00084F83E0084F83F0084F8440084F84500AE
:107CE00001222068002108F07FFB20680122042186
:107CF00008F07AFB2068016841F001010160002072
:107D000070BD70472DE9F041044600680027C66841
:107D10000569A90713D5B10711D5FA1E0261012122
:107D20002177206880698007204602D0FFF7E9FFAD
:107D300004E000F00BF9204600F0CDF92777680742
:107D400016D5700714D5226802206FF00401116166
:107D500020772068806910F4407F204602D0FFF72A
:107D6000D0FF04E000F0F2F8204600F0B4F92777E5
:107D7000280715D5300713D5226804206FF00801B5
:107D8000116120772068C0698007204602D0FFF784
:107D9000B8FF04E000F0DAF8204600F09CF92777FD
:107DA000E80616D5F00614D5226808206FF01001F9
:107DB000116120772068C06910F4407F204602D00E
:107DC000FFF79FFF04E000F0C1F8204600F083F9C0
:107DD0002777E80708D0F00706D021686FF0010088
:107DE0000861204600F00AFA280601D4A80408D544
:107DF000300606D521686FF4025008612046FFF76F
:107E000051FBE80508D5300606D521686FF480706F
:107E100008612046FFF745FB680608D5700606D5C1
:107E200021686FF040000861204600F0F1F9A806D3
:107E30000AD5B00608D521686FF0200008612046F9
:107E4000BDE8F041FFF72FBBBDE8F081F0B587B08A
:107E5000044614216846F8F701FB24680022344EDA
:107E60000223324903253348B4420FD10C6844F051
:107E700002040C600968CDE9022501F002010591B8
:107E800099030493CDE9001369460EE02A4F2B4E67
:107E9000BC420ED1086840F001000860086800F09C
:107EA000010005908020092110E0FCF777FE07B063
:107EB000F0BD234FBC4211D1086840F001000860BA
:107EC000086800F0010005900C2004210090CDE925
:107ED00001323046CDE903216946E6E7194F012614
:107EE000BC420FD10C6844F002040C60096801F038
:107EF0000201059131020091CDE90132CDE903265D
:107F00006946D2E7104FBC42D1D10C6844F002045C
:107F10000C60096802AC01F0020105917915CDE908
:107F2000001384E864006946BFE70000E04402589B
:107F300000180040000402580020004000000258D1
:107F4000004001400044014000480140704770B5C6
:107F5000044690F83C0000260D4601280BD0012075
:107F600084F83C000C2A4AD007DC82B1042A20D0D5
:107F7000082A06D131E0022070BD102A53D0142AFD
:107F800063D00126002084F83C00304670BD206894
:107F900008F04AFA2068816941F00801816120688F
:107FA000816921F00401816120682A698169114396
:107FB00011E0206808F08AFA2068816941F40061C4
:107FC00081612068816921F480618161206829696B
:107FD000826942EA01218161D4E7206808F0C2FA8F
:107FE0002068C16941F00801C1612068C16921F0C0
:107FF0000401C16120682A69C169114311E0206848
:1080000008F0FCFA2068C16941F40061C161206890
:10801000C16921F48061C16120682969C26942EAAD
:108020000121C161AEE7206808F024FB2068416DA2
:1080300041F0080141652068416D21F0040141656E
:1080400020682A69416D114311E0206808F04CFB5B
:108050002068416D41F4006141652068416D21F463
:108060008061416520682969426D42EA01214165CC
:1080700088E710B5040003D094F83D0010B107E084
:10808000012010BD002084F83C00204600F022F8BA
:10809000022084F83D002068211D08F035F90120F8
:1080A00084F8480084F83E0084F83F0084F84000DB
:1080B00084F8410084F8420084F8430084F84400C6
:1080C00084F8450084F8460084F8470084F83D00B1
:1080D000002010BD7047704730B504464FF00202D3
:1080E00069B1042912D0082917D00C291CD01029F5
:1080F00021D094F84300012824D0012030BD94F809
:108100003E000128F9D184F83E201DE094F83F009C
:108110000128F2D184F83F2016E094F840000128AD
:10812000EBD184F840200FE094F841000128E4D11D
:1081300084F8412008E094F842000128DDD184F859
:10814000422001E084F843200122206808F04CF925
:108150001E4920681E4A1F4B884209D0904207D012
:10816000984205D01C4DA84202D01C4DA84203D114
:10817000456C45F4004545642068884218D0B0F14C
:10818000804F15D01649884212D0164988420FD028
:10819000154988420CD090420AD01449884207D031
:1081A000984205D01249884202D01249884207D12C
:1081B0008168114A1140062906D0B1F5803F03D0ED
:1081C000016841F001010160002030BD0000014064
:1081D00000040140004001400044014000480140CB
:1081E0000004004000080040000C0040001800405F
:1081F00000E0004000E4004007000100006803497F
:10820000884201D1FDF71CB970470000001C0040F6
:10821000704730B590F88410012918D0012280F8F9
:1082200084202421C0F888100022202401680B68D3
:108230000D6823F0005325F001050D6042660168CA
:108240000B60C0F8884080F88420104630BD0220C2
:1082500030BD7047704770B5044690F8840001281F
:108260001DD0012284F884202420C4F888002068CE
:108270000568026822F0010202602068826822F02C
:1082800060620A438260204608F08CFA226820214E
:1082900000201560C4F8881084F8840070BD0220A6
:1082A00070BD70B5044690F8840001281DD00122ED
:1082B00084F884202420C4F88800206805680268B7
:1082C00022F0010202602068826822F060420A43C4
:1082D0008260204608F066FA22682021002015609E
:1082E000C4F8881084F8840070BD022070BD704707
:1082F000704770B501680446D0F888001025D4F89E
:108300008C608968090618D5212816D120680830A4
:1083100050E8001F21F0800140E80012002AF5D14A
:10832000E06F38B1FAF7E8FB20B1E06FFAF7CAFF67
:10833000202823D0204608F0DFFB20688068400614
:108340001AD5222E18D12068083050E8001F21F0DD
:10835000400140E80012002AF5D1D4F8800040B175
:10836000FAF7CAFB28B1D4F88000FAF7ABFF20284F
:1083700004D0204608F096FB002070BDC4F8905051
:10838000032070BD70B504001DD02420C4F88800FF
:1083900000252068016821F0010101602068056066
:1083A0002068456020688560204600F013FAC4F814
:1083B0009050C4F88850C4F88C50E56625670020BA
:1083C00084F8845070BD012070BD70472DE9F041E4
:1083D00007680025044640F60F030226F86939684D
:1083E000BA6818420AD183067ED501F0200302F054
:1083F000805C53EA0C0377D0616F7EE1D44BDFF8E9
:1084000054C3134001EA0C0C53EA0C0C6CD05FEA25
:10841000C07C0CD05FEAC15C09D54FF0010CC7F8F5
:1084200020C0D4F8907047F00107C4F89070870717
:1084300009D5D70707D027683E62D4F8906046F088
:108440000406C4F8906046070AD5D60708D0276806
:1084500004263E62D4F8906046F00206C4F89060AC
:1084600006070CD501F020061E4308D02668082315
:108470003362D4F8903043F00803C4F89030030519
:108480000BD54B0109D526684FF400633362D4F84D
:10849000903043F02003C4F89030D4F89030002B93
:1084A0003DD0800609D501F0200002F0805108433C
:1084B00003D0616F09B1204688472168D4F8900045
:1084C0008968490602D410F0280F2AD0204608F007
:1084D000E9FA2068806840061ED52068083050E818
:1084E000001F21F0400100E021E040E80012002AD6
:1084F000F3D1D4F8800078B197490165D4F88000B1
:10850000FAF7AAFC00280AD0D4F88000016D00E038
:108510002046BDE8F04108472046FFF756FFBDE87A
:10852000F0812046FFF751FFC4F89050F7E7D4F8E8
:108530006CC02023BCF1010F7ED15FEAC06C7BD5FB
:108540005FEAC16C78D510203862206880684006E8
:1085500073D5D4F8802081491068884234D07F498F
:108560001831884230D07D49303188422CD07B4947
:108570004831884228D079496031884224D07749EF
:108580007831884220D07549903188421CD0734997
:10859000A831884218D07249884215D070491831E4
:1085A000884211D06E49303188420DD06C49483133
:1085B000884209D06A496031884205D068497831DB
:1085C000884201D06649903140684FF480770004BA
:1085D000000C40D0B4F85C1081423CD9A4F85E0095
:1085E000D069B8422FD0216851E8000F20F4807084
:1085F00041E80002002AF6D12068083050E8001F48
:1086000021F0010140E80012002AF5D1206808306D
:1086100050E8001F21F0400140E80012002AF5D187
:10862000C4F88C30E566206850E8001F21F0100186
:1086300040E80012002A01E04AE019E0F3D1D4F842
:108640008000FAF759FA2667B4F85C00B4F85E10B7
:10865000401A81B208E0B4F85C1081427FF466AF42
:10866000D069B842FAD126672046FFF7F2FD56E7F7
:10867000B4F85C00B4F85E10B4F85E20401A81B221
:10868000002AF4D00029F2D0226852E8000F20F42A
:10869000907042E80007002FF6D1324F206800F1B9
:1086A000080050E8002F02EA070240E8002CBCF165
:1086B000000FF3D1C4F88C30E5666567226852E894
:1086C000000F20F0100042E80003002BF6D1CAE7AB
:1086D000C60209D5560207D54FF4801038622046ED
:1086E000BDE8F041FFF704BE06060AD501F080069A
:1086F00002F40002164304D0A16F00297FF408AFF2
:108700000DE7420611D54A060FD52046016851E80B
:10871000002F22F0400241E80024002CF6D1C0F8DE
:108720008830856700F066FAF9E6020206D54A004D
:1087300004D52046BDE8F041FFF7D9BDC00196D56C
:10874000002994DA2046BDE8F041FFF783BD000020
:1087500001000010200100045B0903081000024022
:1087600010040240FEFFFFEF10B5040003D0D4F860
:10877000880010B107E0012010BD002084F88400BB
:10878000204600F06DF82420C4F8880020680168B5
:1087900021F001010160A06A10B1204608F024F820
:1087A000204608F0C1F90128E6D02068416821F48C
:1087B000904141602068816821F02A018160206831
:1087C000016841F0010101602046BDE8104008F059
:1087D0006FB8000010B51C4904460068884212D1E9
:1087E0001A48016821F01001016019484FF4C06176
:1087F000FCF724F9D4F88000FAF770FCE06FFAF780
:108800006DFC25201AE0134988421BD10F48083817
:10881000016821F4802101600F484FF40061FCF7EA
:108820000DF90E484FF48071FCF708F9D4F8800078
:10883000FAF754FCE06FFAF751FC2720BDE810402E
:10884000FCF7DABE10BD000000100140F0440258F1
:10885000000002580048004000040258000C025872
:108860002DE9F04FB5B0064614212EA8F7F7F6FD16
:10887000B8216846F7F7F2FD7349022530680024F5
:10888000704F4FF4807A88424FF007084FF48069A8
:108890004FF0400B5FD100201E940121CDE9001064
:1088A0006846FDF76BFA08B1F9F7D2F86548103061
:1088B000016841F010010160006800F01000339081
:1088C000386840F00100386038684FF4C0612E917C
:1088D0002EA900F00100CDE92F543194CDE932806A
:1088E0005A48FCF75BF9DFF868812923594A4F465B
:1088F000404688E81C00C0E90349C8F81440C0E9B4
:10890000064AC8F82040C8F82440FBF751F808B1DF
:10891000F9F79EF84E4D2A23C6F880807835C8F8BE
:1089200038604C4A2846C5E903476C611832AC618F
:10893000EC612C626C6285E80C08FBF739F808B131
:10894000F9F786F8F56700220521AE632520FCF7CC
:1089500071FE252070E0404988426FD100201D94AF
:108960000221CDE900106846FDF708FA08B1F9F7D1
:108970006FF834480830016841F4802101600068D4
:1089800000F480203390386840F002003860386886
:1089900000F002003390386840F008003860386812
:1089A0002EA9474600F0080033904FF400602E9047
:1089B000CDE92F542948CDE93148FCF7EFF8CDF83F
:1089C000B8A02EA9CDE92F542548D046CDE931478E
:1089D000FCF7E4F81E4D2D231E4AF0356032284680
:1089E00085E81C00C5E903496C61C5E906482C62AD
:1089F0006C62FAF7DDFF08B1F9F72AF8194F2E2358
:108A0000C6F88050AE633846124AC7E903497C6114
:108A10007832BC61FC613C627C6287E80C08FAF742
:108A2000C7FF08B1F9F714F8F76700220521BE6304
:108A30002720FCF7FFFD2720FCF7EFFD35B0BDE850
:108A4000F08F0000E044025800100140000002587E
:108A50002C56002410000240004800400004025838
:108A6000000C02589457002430B4D0F88C30202BDE
:108A700002D0022030BC7047A9B1A2B10B4D002436
:108A80000368C466AB420BD05B681B0208D5046860
:108A900054E8003F43F0806344E80035002DF6D1F0
:108AA00030BC08F02FBA0120E4E70000000C0058A9
:108AB000704770472DE9F8430446D0F8880098467F
:108AC00016460D46202802D00220BDE8F883A5B145
:108AD0009EB10021C4F890102120C4F888001834F9
:108AE000FCF770F9814654F8100CA687E68720271A
:108AF000183CB0F5805F02D003E00120E5E7206973
:108B000010B12E46002510E000260EE08021204600
:108B100008F04CFAC0B9DEB116F8010B2168886282
:108B2000B4F85600401EA4F85600B4F856004B4660
:108B30004FF00002CDF800800028E7D14FF040014F
:108B4000204608F033FA48B1C4F888700320BCE727
:108B500035F8020B2168C0F30800E0E7C4F888701C
:108B60000020B2E770B50446D0F88800202801D074
:108B7000022070BD39B332B3E06F00232165212597
:108B8000A4F85420A4F85620C4F89030C4F88850B3
:108B9000D8B11549C163E16F14480864E16F144806
:108BA000C864E06F036513462068E56F00F1280292
:108BB000216D2846FBF7DAF838B11021C4F890107F
:108BC0002020C4F88800012070BD21684020086280
:108BD0002068083050E8001F41F0800140E8001292
:108BE000002AF5D1002070BD5B0A03089B0A030828
:108BF0006B09030870477047FEE701688A69D24332
:108C0000920701D400228A6200688169C943C907BA
:108C100003D0816941F00101816170472DE9F0477E
:108C2000044600680026894617464FF0200835465E
:108C30008169C90641D51021C1612FE0B9F1FF3F1B
:108C40002CD0FCF7BFF8C11B494502D8B9F1000F81
:108C500024D12068426894F84210836902F480426B
:108C6000DB431B0415D4B2F5804F12D0202910D05D
:108C7000416841F480414160FCF7A4F8074608E0F0
:108C8000FCF7A0F8C01B192803D9012645F02005E0
:108C900004E020688069C0438006F1D420688069C0
:108CA000C043800602D5002EC8D003E016B9216863
:108CB000C1F81C80012645F0040521688869C205B9
:108CC00005D54FF48072CA6145F0010501264105C2
:108CD0000AD5216880054FF4806245F00805CA6115
:108CE0004FF0010602D40AE0800507D5206801266E
:108CF0004FF4007145F00205C16100E08EB12046DD
:108D0000FFF77BFF20680021074F43683B4043602B
:108D1000606C2843606484F8418084F8421084F8D1
:108D200040103046BDE8F08700E800FE2DE9F8432A
:108D3000174604461548DAB2DDE908981E46009049
:108D40000023204600F056F842464946204600F0EF
:108D5000D3F8B8B9012EFDB208D02068390A816273
:108D600042464946204600F0C7F858B92068856257
:108D7000002240214B462046CDF8008000F052F8FA
:108D8000002800D00120BDE8F8830000002000800A
:108D90002DE9F8430446164817461E46DAB20090FD
:108DA000C3022046DDE9089800F024F8424649460F
:108DB000204600F0A1F8B8B9012EFDB208D0206815
:108DC000390A816242464946204600F095F858B972
:108DD00020688562002280214B462046CDF8008025
:108DE00000F020F8002800D00120BDE8F883000042
:108DF0000020008070B50068C1F3090141EA02411A
:108E0000074D049C19434FF480664268214306EAEB
:108E100054532B439A4321F000410A43426070BDF2
:108E2000FF63FF032DE9F0411D4617460E46044639
:108E3000DDF8188028E0424629462046FFF7EEFE7E
:108E400010B10120BDE8F081681C1DD0FBF7BAFF0E
:108E5000A0EB0800A84200D8B5B92068806936EABE
:108E600000000FD00020B8420ED1626C002084F8C0
:108E70004000202142F02002626484F8411084F80E
:108E80004200DEE70120EEE72068806936EA000054
:108E900004D00020B842CED00020D3E70120F9E76B
:108EA00070B516460D4604461FE032462946204658
:108EB000FFF7B4FE08B1012070BDFBF783FF801BF4
:108EC000A84200D88DB920688069C04380060CD5BF
:108ED000626C002084F84000202142F0200262648D
:108EE00084F8411084F84200E5E720688069C043B7
:108EF0008006DAD4002070BD70B516460D460446D3
:108F000021E0324629462046FFF788FE08B10120BD
:108F100070BD681C17D0FBF755FF801BA84200D816
:108F20008DB920688069C04380070CD5626C002031
:108F300084F84000202142F02002626484F841104D
:108F400084F84200E3E720688069C0438007D8D4F2
:108F5000002070BDF0B5194D5FF00002DFED181A6A
:108F60009FED182AF7EE002AA5F1180605EB8203FB
:108F700000EB820793ED000A06EB820401EB820C02
:108F800070EE210A521C062AC3ED000A30EE820A56
:108F900097ED003A80EE801A94ED000A33EE403AE5
:108FA00001EE030A32EEC11A61EE200AC3ED000A97
:108FB00084ED000A8CED000AD8D3F0BD7C000024BB
:108FC00000409C4500A8F7462DE9F04FDFF8D89304
:108FD000B7EE000B2DED108BADF5597D9FEDF3BB7A
:108FE0009FEDF43B9FEDF54B9FEDF65B9FEDF76B2F
:108FF0009FEDF87B9FEDF9EB9FEDFA8B9FEDFBCB9F
:109000009FEDFCDB9FEDFD1B8DEDA61B9FEDFD1B7A
:109010008DED821B9FEDFD1B8DED161B9FEDFD1B46
:109020008DED381B9FEDFD1B8DED321B9FEDFD1B64
:109030008DED2E1B9FEDFD1B8DED201B9FEDFD1B70
:109040008DED1E1B9FEDFD1B62AF8DED181BFD4CC2
:109050009FEDFD2B9FEDFEFB99ED10AB99ED129B63
:10906000B8EE001B8DED7A1BB8EE001B8DED781B62
:10907000B8EE001B8DED341BB8EE001B8DED301BE0
:10908000B0EE401B19EE020B8DED02FB8DED3CFBAB
:109090008DED1CFB8DED3AFB00251AEE0B1BB8EE97
:1090A000002BB0EE4FBBB0EE4FABB0EE4F9B21EEBE
:1090B000033B21EE066B21EE044B21EE055B00EE37
:1090C000083B9DEDA68B21EE077B00EE086B9DED26
:1090D000828B00EE087B9DED168B21EE0E1B00EEC1
:1090E0000C4B00EE0D5B00EE081B9DED380B33EED4
:1090F000403B9DED320B34EE004B9DED2E0B35EEDB
:10910000005B9DED200B36EE406B9DED1E0B37EEA8
:10911000407B9DED180B31EE001B9DED7A0B23EE8D
:10912000003B9DED780B24EE004B9DED340B21EEC2
:10913000021B25EE005B9DED300B26EE000B27EEAB
:10914000026B8DED680B8DED6A6B8DED6C1B87EC02
:10915000063B00BF07EBC50090ED000B08F0F0F9EF
:10916000B7EE002BB0EE003B30EE021B04EBC50166
:1091700001F5806091EDDE5B91EDD24B91EDEA6BF4
:1091800091EDF67B90ED028B90ED0ECB90ED1ADB1E
:1091900082EE010BB0EE421B90ED26EB6D1C062D0E
:1091A00010EE031B9DED020B01EE050B01EE04BB5F
:1091B0008DED020B9DED3C0B01EE0C0B01EE06ABB1
:1091C0008DED3C0B9DED3A0B01EE0D0B01EE079B77
:1091D0008DED3A0B9DED1C0B01EE0E0B01EE08FB25
:1091E0008DED1C0BB6DB9FED9CEB9FED9DDB9FEDAA
:1091F0009ECB9FED9F4B9FEDA05B9FEDA16B9FEDE5
:10920000A27B9FEDA38B9DED3A1B39EE044B31EE13
:10921000477B9DED1C1B9DED022B9DED3C9B31EE94
:10922000088B3BEE4E1B32EE4D2B3AEE0C3B3FEEE5
:10923000455B39EE066B5C4EB8EE000BE83E002550
:109240009FED83AB21EE001B22EE002B23EE003BB3
:1092500024EE004B25EE005B26EE006B27EE007B34
:1092600028EE000B06F14000B0EE4ABBB0EE4ACB50
:10927000B0EE4ADBB0EE4AEBB0EE4AFB86ED1E0BD9
:1092800080EC0E1B06EBC50898ED100B08F058F9A2
:10929000B7EE008BB0EE009B30EE081B04EBC50070
:1092A00000F580606D1C082D88EE010BB0EE481BA8
:1092B00010EE091B88ED001B90ED326B90ED420B18
:1092C00090ED522B90ED623B90ED724B90ED825BF6
:1092D00006EE01AB00EE01BB02EE01CB03EE01DBBB
:1092E00004EE01EB05EE01FBCCDB9FED6B0B9FED7C
:1092F0006C1B9FED6D2B9FED6E3B9FED6F4B9FEDBC
:10930000705B3BEE411B3CEE022B3DEE433B3EEEE1
:10931000044B3FEE455B3AEE000B00259FED4CAB56
:10932000B04686EC0A0B86ED0A5B00BF08EBC5066B
:10933000B8EE000B96ED001B21EE000B08F000F9D3
:1093400030EE082BB0EE481B04EBC50000F5806042
:109350006D1C062D88EE020B10EE091B86ED001B1E
:1093600090ED920B00EE01ABE0DB9FED570B3AEE78
:10937000401B9FED570B584831EE081B21EE000BA8
:1093800004F012FB4E469FED551B9FED562B9FEDB3
:10939000573B9FED584B9FED595B9FED5ADB9FED7F
:1093A0005B6B9FED5C7BB9E0504C00244FE3443293
:1093B000AB90883F65F07FDFA387F43F3F709F420B
:1093C00051C800C09082C8817F2DFCBFE484987290
:1093D000690BD5BFA0264E3B6AEA03C08048A18135
:1093E00096F704404EA6E0C5FE2B05C0FD56E99158
:1093F000483CEF3F786E9BC2B8F7E4BFAC3BE4DA81
:109400005DC5ED3F2101307304D7EFBF103D32C67B
:10941000319DF33FDD4EC17472C709402B577A4D21
:10942000C8360740BA9739C3E657F03FEC1CB7C9B6
:109430005B59D63F55B55497B590F43F09C34F9843
:109440000C010C4030620308E29F6DCFEA66853F55
:109450000000000000000000AECF001F58CF024007
:1094600034BB9A126C7DF33FC5C60959912BE13F7D
:10947000148969608427DE3FC91E9ADC6346EF3F8A
:109480006FC5D1607A3BE43FD99E4F3699FAF83FD9
:10949000F3268AF8EF07FD3F67B6C857D4B7FC3FFD
:1094A000FF7CED60337DF73F76F69FCF9ED9D93FA5
:1094B0007960868C76DBE53F877E096F8829DF3F00
:1094C0005AFA8EE7C9FEFB3F91167180672DEA3F7D
:1094D000CCD945F4323B5F40A84D0024AFD82CE0F6
:1094E000A3A8E53FB93F7A63DD76F33FAC279D59EA
:1094F000725DC8BF8AC3B40283A7C23FC6C02155EC
:1095000021AEE73F66A36D2C4C1902C019615F7153
:10951000298107C050A40FF9AFBED03F9FEDFCCB0F
:109520009FEDFD0B8DED160B9FEDFD0B8DED920B61
:109530009FEDFD0B8DEDA20B9FEDFD0B8DED320B25
:109540009FEDFD0B8DED300B9FEDFD0B8DED2E0B8B
:109550009FEDFD0B8DED200B9FEDFD0B8DED1E0B9B
:109560009FEDFD0B00258DED180B9FEDFDEB9FEDA5
:10957000FEBB96ED309B96ED32FBB8EE000B1FED77
:109580004CAB8DED14ABB0EE48AB1FEE0B8B19EE70
:109590000EABB0EE4A9B1FED52FB1FED53ABB0EE8E
:1095A0004ABB1FED55ABB0EE4AEB1FED57AB8DED4F
:1095B0003CAB1FED59AB29EE011B29EE022B29EE26
:1095C000033B29EE044B29EE055B29EE0D9B8DED47
:1095D0001CAB1FED61AB08EE061B8DED3AAB9DEDAC
:1095E000166B08EE064B9DED926B08EE065B9DED4B
:1095F000A26B08EE069B9DED326B08EE072B08EE82
:109600000C3B31EE466B9DED301B32EE412B9DED58
:109610002E1B33EE013B9DED201B26EE006B34EE3E
:10962000014B9DED1E1B22EE002B35EE015B9DEDE7
:10963000181B23EE003B39EE411B24EE004B25EEB8
:10964000005B21EE000B8DED626B64A88DED6C0B61
:1096500080EC082B07EBC50090ED000B07F070FFC6
:10966000B7EE00CBB0EE00DBB0EE4C1B04EBC50058
:1096700030EE012B00F500606D1C90EDA03B90EDED
:10968000AC4B90EDB85B90EDC46B90EDD07B90ED62
:10969000DC8B90EDE89B81EE020B90ED942B062D78
:1096A00010EE0D1B9DED140B02EE010B03EE01FB02
:1096B0008DED140B9DED3C0B07EE010B04EE01ABA1
:1096C0008DED3C0B9DED3A0B08EE010B05EE01BB59
:1096D0008DED3A0B9DED1C0B09EE010B06EE01EB37
:1096E0008DED1C0BB6DB9FEDA24B9FEDA31B9FEDF9
:1096F000A42B9FEDA53B9FEDA65B9FEDA76B9FED78
:10970000A87B9FEDA98B9DED3C9B3FEE011B39EEA5
:10971000066B9DED3A9B3AEE422B39EE077B9DEDB1
:109720001C9B3BEE033B39EE489B9DED148B3EEEBC
:10973000055B38EE444B00274546B8EE000B1FEDA5
:10974000BC8B21EE001B22EE002B24EE004B23EEFF
:10975000003B25EE005B26EE006B27EE007B29EE3A
:10976000000B85ED104B05F1480085ED1E0B80ECDC
:10977000061B183080EC065B05EBC70090ED100B64
:1097800007F0DEFEB7EE001B04EBC70030EE012B46
:1097900000F500607F1C082F81EE020B90EDF42B8A
:1097A00010EE0D1B01EE028BE6DB9FED810BB7EE99
:1097B000001B38EE000B9FED802B30EE010B20EEEE
:1097C000020B9FED7F2B804830EE420B80ED240B87
:1097D00096ED38CB9FED7DEBA0F59070B0EE41BBE0
:1097E00090ED3A9B9FED7BAB9FED7C5B9FED7D4BBE
:1097F0009FED7E2B9FED7F3B9FED806B9FED818BDF
:109800009FED827B9FED830B1CEE0E1B9FED83CBA8
:109810008DED32CB9FED83CB8DED02CB9FED83CBD6
:109820008DED34CB9FED83CB8DED12CB9FED83CBB4
:10983000B0EE4CFB9FED83CB8DED1ECB9FED83CB2C
:10984000B0EE4CEB9FED83CB19EE0ABB8DED18CB40
:1098500021EE055B21EE066B21EE08AB21EE079BA6
:1098600021EE000B21EE044B21EE022B21EE033BF7
:109870009FED7A1B8DED201BB8EE001B9FED797BD1
:109880008DED7A7B9FED797B8DED787B9FED797BFC
:109890008DED167B9FED797B9FED7A8B9FED7BCBDA
:1098A0008DED1CCB9FED7BCB8DED3CCB9DED32CB7D
:1098B0000BEE0C5BB0EE4FCB0BEE0C6B9DED1ECBAD
:1098C0000BEE0CABB0EE4ECB0BEE0C9B9DED18CB24
:1098D0000BEE0C0B9DED02CB0BEE0C4B9DED34CB48
:1098E0000BEE0C2B9DED12CB0BEE0C3B9DED20BB3C
:1098F00035EE0B5B39EE488B9DED16BB9DED1C9B49
:109900003AEE077B36EE4B6B30EE499BC6E000002B
:109910007154476FFC3CF63FF5FAD612298CFDBF17
:10992000147D6A9B0D3B9C3F0B3169F8605BF6BF71
:109930003E370CF513AF0840D5DE0E5F925BFF3F5C
:10994000F808A2E99677E33F779D93E91039F83F4D
:10995000503EE966629FE23F897EFD833C180E40DF
:10996000496F0CF7E008893F0636BC95D264803F0A
:109970001DAF99A25F3CFD3F33BDD901A368F93FFC
:109980002D57A6C37574F13F14794D33EE4BD43F78
:10999000E0C958849A6ADA3FA1A38115F3FBD03F4E
:1099A00030E7A4660DAEF73F3D1788FF39880140C8
:1099B000389A91B6FE8AE63FFA0B66A931A84E4066
:1099C000C7BAB88D06F0563F704D00248A707C747B
:1099D000656F873FECF9048B7237823F3AFE1C6853
:1099E0009036FEBFA8B5CE971A15FFBFCC1C113F0D
:1099F000593805C01E35DFB4CAF10AC0FAFD350C6E
:109A000069BF0240F5EA7D70B1C2FEBF8A38DE85CB
:109A100053B1FE3FB106E29A2F77E9BF6C1C100FDD
:109A2000C0CF0540F5FC858FF3C7FA3F1794363554
:109A3000C6D4B4BF71126334DD04E83F80D8CA0EC7
:109A40000E32E2BFDDDE3E3829790040F535A1D97E
:109A50004CB4F0BF0ADDB046239FF33F2E686E2161
:109A6000887F0F40AAFBFAC9205BFD3F38462B9048
:109A700085B1FA3F818A351EEF0D02405A22AC644F
:109A80003CCCF93F4E3152E51541E63F403469ADDB
:109A90006623E53F4A20150018080F409DED7A0B1C
:109AA00034EE404B9DED780B32EE402B9DED3C0BA0
:109AB00033EE400B9FEDFECB25EE013B27EE015B25
:109AC00026EE016B29EE017BB0EE43FB28EE013B55
:109AD00024EE014B22EE012B20EE010B8DED1ACB73
:109AE0008DED04CB8DED3CCBB0EE4F1B85ED101B07
:109AF00085ED126B85ED145B85ED163BB0EE471BD3
:109B000085ED181B85ED1A4B85ED1C2B0027B0EE5B
:109B10004CABB0EE4CBBB0EE4C9BB0EE4CEB85EDDD
:109B20001E0B00BF05EBC70090ED100B07F008FD02
:109B3000B7EE001B04EBC70130EE012B01F54060CE
:109B400001F5805190EDC44B91ED048B91ED14FB28
:109B500090EDB43B90EDD45B90EDE46B90EDF47B35
:109B600081EE020B90EDA42B7F1C082F10EE0D1B35
:109B70009DED1A0B04EE010B02EE01AB8DED1A0BFD
:109B80009DED040B06EE010B03EE01BB8DED040B06
:109B90009DED3C0B07EE010B05EE019B8DED3C0BA3
:109BA00008EE01EB0FEE01CBBCDB00279FEDC27B83
:109BB000B8EE000B9FEDC22B9FEDC33B9FEDC44B56
:109BC0009FEDC55B9FEDC66B9FEDC71B9FEDC8DB8F
:109BD0009FEDB78B3AEE077B3BEE022B39EE044B41
:109BE0003CEE4DCB05F14000B0EE489BB0EE48ABEB
:109BF000B0EE47FB9DED1A7B22EE002B37EE033BC8
:109C00009DED047B24EE004B37EE455B9DED3C7BE8
:109C10008DED1A8B8DED368B37EE466B3EEE417B2C
:109C2000B0EE4F1B23EE003B21EE001B25EE005B48
:109C300026EE006B27EE007B2CEE000B8DED1C8BCF
:109C4000B0EE48BBB0EE48DB85ED1E0B80EC0E1B82
:109C500005EBC70090ED100B07F072FCB7EE001B90
:109C6000B0EE002B30EE013B04EBC70000F5805056
:109C70007F1C90ED445B90ED344B90ED647B90ED58
:109C800074CB90ED84EB90ED546B81EE030B90ED73
:109C9000243B90ED94FB082F10EE021B9DED1A0B58
:109CA00005EE010B03EE019B8DED1A0B9DED360BBE
:109CB00006EE010B04EE01AB8DED360B9DED1C0B9A
:109CC0000FEE010B07EE01BB8DED1C0B0CEE01DB63
:109CD0000EEE018BBCDB0027B7EE00FBB0EE42EBD3
:109CE0009FED85CBB8EE000B9FED851B9FED862B7E
:109CF0009FED873B9FED884B9FED895B9FED8A6BC6
:109D00009FED8B7B3AEE411B9DED1AAB38EE066B57
:109D10003AEE022B9DED36AB9DED1C8B3BEE444B9A
:109D20003AEE033B3DEE455B38EE477B39EE4C9B0C
:109D30009FED5F8B21EE001B22EE002B23EE003BFC
:109D400029EE009B24EE004B25EE005B26EE006B17
:109D500027EE000B85ED109B05F1480085ED1E0BED
:109D600080EC0C1B05EBC70090ED100B07F0E8FB37
:109D7000B0EE4F1BB0EE4EDB30EE010B04EBC70034
:109D800000F580507F1C082F81EE002B90EDA40B76
:109D900012EE0D1B01EE008BE4DB9FED670BB0EEC6
:109DA0004F1B38EE402B9FED660B32EE011B21EE70
:109DB000000B9FED651B664830EE410BB7EE001BB4
:109DC00080ED280B96ED3CEB9FED627BA0F590704B
:109DD00090ED3EAB9FED61CB1EEE071B9FED619BAF
:109DE0001FEDFA8B1FEDF96B1FEDF85B1FEDF70B05
:109DF0009FED5E3B9FED5F4B9FED602BB7EE00BB91
:109E00001FEDFA7B8DEDB67B1FEDF47BB0EE47EBDB
:109E10001FEDF47B8DED027B1FEDF47B8DEDC67B9A
:109E20001FEDF47B8DED307B9FED567B8DED327B0E
:109E30009FED567B8DED207B9FED567B1AEE0CBB84
:109E40008DED1E7B21EE097B21EE088B21EE069B1A
:109E500021EE05AB21EE000B21EE033B21EE044B7E
:109E600021EE022B9FED4D1B8DED181BB8EE001B54
:109E70009FED4C5B8DED365B9FED4C5B8DED345B68
:109E80009FED4C5B8DED1A5B9FED4C5B8DED7A5B2E
:109E90009FED4C5B8DED785B9FED4C6B9FED4D5BCB
:109EA0009DEDB6CB0BEE0C7BB0EE4ECB96E00000FA
:109EB0000000000000000000E0BCDCE0A2ACF93FC4
:109EC000B5FC1A95B75EF73F15BD858A9B90E23FBA
:109ED00023708856F3AAD33FA04ADBD248D0CC3FA8
:109EE0004913C165EFE7EC3F851EA697D956ED3FB4
:109EF000DF194546627BF53F91F8F63B8AB1FC3F9E
:109F0000A57380A0566FF63F65972626E1F4E43FDF
:109F1000631EC01DDE79D53F468618A7C303D73F11
:109F200018845FCF5821EF3F0A5E294E882BF33FFC
:109F3000FEB9FADA07BDFA3F7E40CB64BE4BE73F7D
:109F4000370664AEBC1C5240C7BAB88D06F0563F07
:109F5000704D00248A707C74656F873FECF9048B28
:109F60007237823F3AFE1C689036FEBFA8B5CE9786
:109F70001A15FFBFCC1C113F593805C01E35DFB480
:109F8000CAF10AC0F5FC858FF3C7FA3F179436353E
:109F9000C6D4B4BF71126334DD04E83F2E686E216D
:109FA000887F0F40818A351EEF0D02405A22AC6433
:109FB0003CCCF93F4E3152E51541E63FAAFBFAC9C8
:109FC000205BFD3F38462B9085B1FA3F4A201500B3
:109FD00018080F40403469AD6623E53F0BEE0C8B4B
:109FE0009DED02CB0BEE0C9B9DEDC6CB0BEE0CABAF
:109FF0009DED30CB0BEE0C0B9DED32CB0BEE0C3B05
:10A000009DED20CB0BEE0C4B9DED1ECB0BEE0C2BE8
:10A010009DED18BB37EE0B7B9DED36BB30EE455BFF
:10A0200038EE4B8B9DED34BB9DED7A0B32EE462B1B
:10A0300039EE0B9B33EE403B9DED1ABB9DED780B4B
:10A040003AEE4BAB34EE400B1FED67CB27EE014BE6
:10A0500029EE017B28EE016B25EE015B23EE013B2F
:10A06000B0EE478B2AEE017B20EE010B8DED04CB89
:10A0700022EE011B8DED3CCB8DED3ACB85ED104BE7
:10A0800085ED126BB0EE482B85ED142BB0EE472B0F
:10A0900085ED162B85ED185B85ED1A3B85ED1C0BC8
:10A0A0000027B0EE4CBBB0EE4CABB0EE4C9BB0EE2C
:10A0B0004CEB85ED1E1B00BF05EBC70090ED100BB0
:10A0C00007F03EFAB7EE001BB0EE002B30EE013B7E
:10A0D00004EBC70101F5406001F5805190EDE47B90
:10A0E00091ED14FB90EDB44B90EDC45B90EDD46B0F
:10A0F00091ED04DB81EE030B90EDA43B90EDF48B2E
:10A100007F1C082F10EE021B9DED040B07EE010BC8
:10A1100003EE01BB8DED040B9DED3C0B08EE010B36
:10A1200004EE01AB8DED3C0B9DED3A0B0DEE010BFA
:10A1300005EE019B8DED3A0B06EE01EB0FEE01CB28
:10A14000BADB00271FEDA41BB8EE000B1FEDA42BFC
:10A150001FEDA33B1FEDA24B1FEDA15B1FEDA06BFD
:10A160001FED9F7B1FED9EDB1FEDAF8B39EE033B99
:10A170009DED049B3BEE011B39EE455B9DED3C9B49
:10A180003AEE022B39EE466B9DED3A9B3EEE044BC8
:10A1900039EE477B3CEE4DCB21EE001B22EE002B2F
:10A1A00023EE003B24EE004B25EE005B26EE006B19
:10A1B00027EE007B2CEE000B8DED1A8B8DED048BC2
:10A1C0008DED1C8B05F14000B0EE489BB0EE48AB26
:10A1D00085ED1E0BB0EE48DBB0EE48BB80EC0E1BED
:10A1E00005EBC70090ED100B07F0AAF9B7EE001BC6
:10A1F000B0EE002B30EE013B04EBC70000F58050C1
:10A200007F1C90ED445B90ED344B90ED546B90EDE2
:10A2100074CB90ED84EB90ED647B81EE030B90EDBD
:10A22000243B90ED94FB082F10EE021B9DED1A0BC2
:10A2300005EE010B03EE019B8DED1A0B9DED040B5A
:10A2400007EE010B04EE01AB8DED040B9DED1C0B35
:10A250000FEE010B06EE01DB8DED1C0B0CEE01BBCE
:10A260000EEE018BBCDB0027B7EE00FBB0EE42EB3D
:10A270001FEDDFCBB8EE000B1FEDDF1B1FEDDE2B5C
:10A280001FEDDD3B1FEDDC4B1FEDDB5B1FEDDA6BE4
:10A290001FEDD97B3AEE411B9DED1AAB38EE066BF4
:10A2A0003AEE022B9DED04AB9DED1C8B3DEE033B86
:10A2B0003AEE444B3BEE455B38EE477B39EE4C9B28
:10A2C0009FEDFE8B21EE001B22EE002B23EE003BC8
:10A2D00029EE009B24EE004B25EE005B26EE006B82
:10A2E00027EE000B85ED109B05F1480085ED1E0B58
:10A2F00080EC0C1B05EBC70090ED100B07F020F96C
:10A30000B0EE4F1B04EBC70030EE012B00F5805080
:10A310007F1C082F81EE020B90EDA42B10EE0E1B7C
:10A3200001EE028BE6DB1FEDFC1BB0EE4F0B38EEAF
:10A33000412B9FEDE41B32EE002B22EE011B9FED23
:10A34000E32BE44831EE421B80ED2A1B96ED40DB07
:10A350009FEDE1CBA0F59070B0EE40AB90ED429B4D
:10A360009FEDDFBB9FEDE06B9FEDE14B9FEDE22B9F
:10A370009FEDE31B9FEDE47B9FEDE58B9FEDE65B9F
:10A380009FEDE73B1DEE0C0B9FEDE7CB8DED14CB66
:10A390009FEDE7CB8DED02CB9FEDE7CB8DED30CB85
:10A3A0009FEDE7CB8DED12CB9FEDE7CBB0EE4CDB15
:10A3B0009FEDE7CB8DED9ECB9FEDE7CB8DED7ACB7F
:10A3C0009FEDE7CB19EE0BAB8DED36CB20EE033BCB
:10A3D00020EE066B20EE077B8DED383B20EE043B34
:10A3E00020EE08BB20EE059B20EE024B20EE011B69
:10A3F0009FEDDD0B8DED160BB8EE000B9FEDDC2B0A
:10A400008DED7C2B9FEDDC2B8DED782B9FEDDC8B88
:10A410009FEDDDCB9FEDDE2B8DED1A2B9FEDDE2B1F
:10A420008DED1C2B9FEDDE2B9DED145B0AEE056B75
:10A43000B0EE4D5B9DED36DB0AEE057B9DED9E5B40
:10A440000AEE05BB9DED7A5B0AEE059B9DED385B40
:10A450000AEE0D5B9DED02DB0AEE0D3B9DED30DB60
:10A460000AEE0D4B9DED12DB0AEE0D1B9DED16ABBA
:10A4700036EE0A6B9DED1AAB37EE487B39EE4A9B00
:10A480009DED1CAB3BEE0C8B35EE4A5B9DED7CAB42
:10A4900031EE421B33EE4AAB9DED783B34EE433B4D
:10A4A0009FED86CB26EE002B27EE007B28EE004B9F
:10A4B00029EE006B25EE005B2AEE008B23EE003BBD
:10A4C0008DED02CB21EE000B8DED04CB8DED3ACB63
:10A4D00085ED102B85ED127B85ED144B85ED166B0C
:10A4E00085ED185B85ED1A8B85ED1C3B0027B0EEE2
:10A4F0004CBBB0EE4CABB0EE4C9BB0EE4CEB85EDF4
:10A500001E0B00BF05EBC70090ED100B07F018F80D
:10A51000B7EE001BB0EE002B30EE013B04EBC701A1
:10A5200001F5406001F5805190EDB44B91ED14FBC5
:10A5300090EDC45B90EDD46B90EDF48B91ED04DB6A
:10A5400081EE030B90EDA43B90EDE47B7F1C082F84
:10A5500010EE021B9DED020B04EE010B03EE01BB9E
:10A560008DED020B9DED040B07EE010B05EE01AB2B
:10A570008DED040B9DED3A0B0DEE010B06EE019BEC
:10A580008DED3A0B08EE01EB0FEE01CBBADB0027A5
:10A590009FED851BB8EE000B9FED852B9FED863B55
:10A5A0009FED874B9FED885B9FED896B9FED8A7BCD
:10A5B0009FED8BDB39EE044B9DED049B3BEE011BC5
:10A5C00039EE455B9DED02BB9DED3A9B3AEE033BB8
:10A5D0003BEE022B3EEE466B39EE477B3CEE4DCB1D
:10A5E00021EE001B22EE002B23EE003B24EE004B5D
:10A5F00025EE005B26EE006B27EE007B2CEE000BB9
:10A600009FED2E8B05F140008DED048B8DED3C8B85
:10A610008DED1C8BB0EE489B85ED1E0BB0EE48AB6C
:10A62000B0EE48DB80EC0E1BB0EE48BB05EBC7007C
:10A6300090ED100B06F084FFB7EE001BB0EE002B80
:10A6400030EE013B04EBC70000F580507F1C90ED1D
:10A65000647B90ED344B90ED445B90ED546B90ED4A
:10A6600084EB90ED74CB81EE030B90ED243B90EDE9
:10A6700094FB082F10EE021B9DED040B07EE010B5F
:10A6800003EE019B8DED040B9DED3C0B0CEE010BDD
:10A6900004EE01AB8DED3C0B9DED1C0B0FEE010BA1
:10A6A00005EE01DB8DED1C0B06EE01BB0EEE018B02
:10A6B000BCDB0027B8EE00FB96E0000000000000C5
:10A6C00000000000370664AEBC1C5240C7BAB88D0B
:10A6D00006F0563F704D00248A707C74656F873F8A
:10A6E000ECF9048B7237823F3AFE1C689036FEBF4D
:10A6F000A8B5CE971A15FFBFCC1C113F593805C01D
:10A700001E35DFB4CAF10AC0FAFD350C69BF02403C
:10A71000F5EA7D70B1C2FEBF8A38DE8553B1FE3FD7
:10A72000B106E29A2F77E9BF6C1C100FC0CF05402D
:10A73000F5FC858FF3C7FA3F17943635C6D4B4BFFE
:10A7400071126334DD04E83F80D8CA0E0E32E2BFD6
:10A75000DDDE3E3829790040F535A1D94CB4F0BF93
:10A760000ADDB046239FF33F2E686E21887F0F409D
:10A77000AAFBFAC9205BFD3F38462B9085B1FA3F12
:10A78000818A351EEF0D02405A22AC643CCCF93F61
:10A790004E3152E51541E63F403469AD6623E53F51
:10A7A0004A20150018080F40E0BCDCE0A2ACF93FDD
:10A7B000B5FC1A95B75EF73F15BD858A9B90E23FC1
:10A7C00023708856F3AAD33FA04ADBD248D0CC3FAF
:10A7D0004913C165EFE7EC3F851EA697D956ED3FBB
:10A7E000DF194546627BF53FB7EE00EB9FEDF8CBF6
:10A7F000B0EE4F0B9FEDF81B9FEDF92B9FEDFA3B51
:10A800009FEDFB4B9FEDFC5B9FEDFD6B9FEDFE7B9A
:10A810003AEE411B9DED04AB38EE066B3AEE444B2D
:10A820009DED3CAB9DED1C8B3DEE022B3BEE033BC7
:10A830003AEE455B38EE477B39EE4C9B1FED618B62
:10A8400021EE001B22EE002B23EE003B29EE009BA5
:10A8500024EE004B25EE005B26EE006B27EE000B8E
:10A8600085ED109B05F1480085ED1E0B80EC0C1B5F
:10A8700005EBC70090ED100B06F062FE30EE0E0BFC
:10A88000B0EE4E1BB0EE00CB04EBC70000F58050DD
:10A890007F1C082F81EE002B90EDA40B12EE0C1BF9
:10A8A00001EE008BE4DB9FEDDA0BB7EE00BB38EE78
:10A8B000401B1FED7C0B31EE0B1B21EE000B1FED3F
:10A8C0007D1BD54830EE410B80ED2C0B96ED44EB13
:10A8D0001FED7F6B96ED46AB1FED7FDB1FED7E9B83
:10A8E0001FED777B1FED768B1FED755B1FED740BF6
:10A8F0001FED814B1FED802B1FED7F3BB0EE4B1BFF
:10A900001EEE061B1FED786B8DEDBE6B1FED726B9F
:10A91000B0EE46FB1FED726B8DED1E6B1FED726B83
:10A920008DED1A6B1FED726B8DED146B1FED806B4F
:10A930008DED186B1FED806B8DED126B1FED806B35
:10A940001AEE0DBB8DED026B21EE096B21EE077B3C
:10A9500021EE088B21EE059B21EE000B21EE044B2E
:10A9600021EE022B21EE033B1FED811B8DED3C1BE5
:10A970001FED7D1B8DED321B1FED7DAB1FED7C1B95
:10A980008DED381B1FED7C1B8DED301B1FED881BE3
:10A990008DED7E1B1FED885BB8EE001B1FED80DB8D
:10A9A000B0EE4DEB9DEDBEDB0BEE0D6BB0EE4FDB75
:10A9B0000BEE0D7B9DED1EDB0BEE0D8B9DED1ADB83
:10A9C0000BEE0D9B9DED14DB0BEE0D0B9DED18DBDF
:10A9D0000BEE0D4B9DED12DB0BEE0D2B9DED02DB17
:10A9E0000BEE0D3B9DED3CBB38EE0A8B9DED38AB7D
:10A9F00036EE0B6B39EE4A9B9DED30AB9DED32BBD5
:10AA000030EE4AAB9DED7E0B37EE4B7B34EE400BC8
:10AA100032EE454BB0EE4E2B33EE422B1FEDD9BB41
:10AA200026EE013B27EE01DB28EE015B29EE016BF0
:10AA30002AEE017B20EE010B24EE014B22EE011BDE
:10AA40008DED1ABB8DED36BB8DED04BB85ED103B56
:10AA500085ED12DB85ED1A0B85ED1C4B85ED1E1B7C
:10AA600005F15000002780EC065BB0EE4BCBB0EE5A
:10AA70004BABB0EE4B9BB0EE4B8B00BF05EBC70072
:10AA800090ED100B06F05CFDB7EE001BB0EE002B56
:10AA900030EE013B04EBC70101F5406001F5805148
:10AAA00090EDC45B91ED04EB91ED14FB90EDB44B94
:10AAB00090EDF4DB90EDD46B81EE030B90EDA43BB5
:10AAC00090EDE47B7F1C082F10EE021B9DED1A0B0E
:10AAD00005EE010B03EE01CB8DED1A0B9DED360B50
:10AAE00006EE010B04EE01AB8DED360B9DED040B74
:10AAF00007EE010B0DEE019B8DED040B0EEE018BAD
:10AB00000FEE01BBBADB1FEDD81B1FEDD72B1FEDDE
:10AB1000D63B1FEDD54B1FEDD45B1FEDD36B1FED67
:10AB2000D27B1FEDD1DB3AEE022B9DED1AABB8EED6
:10AB3000000B3CEE011B3AEE033B9DED36AB39EECC
:10AB4000466B3AEE044B9DED04AB38EE477B3AEE94
:10AB5000455B3BEE4DCB21EE001B22EE002B23EE9E
:10AB6000003B24EE004B25EE005B26EE006B27EE4B
:10AB7000007B2CEE000B9FED298B05F140008DED45
:10AB8000148B8DED1A8B8DED048B002785ED1E0B3C
:10AB9000B0EE489BB0EE48AB80EC0E1BB0EE48BB6D
:10ABA000B0EE48DB05EBC70090ED100B06F0C8FCDB
:10ABB000B7EE001B04EBC70030EE010B7F1C082F23
:10ABC000B0EE002B00F5805081EE00FB2AE0000083
:10ABD00091F8F63B8AB1FC3FA57380A0566FF63F13
:10ABE00065972626E1F4E43F631EC01DDE79D53F5C
:10ABF000468618A7C303D73F18845FCF5821EF3F7D
:10AC00000A5E294E882BF33FFEB9FADA07BDFA3FF8
:10AC10007E40CB64BE4BE73F704D00240000000037
:10AC2000000000001FEE021B90ED240B9DED14FBB5
:10AC300090ED343B90ED545B90ED747B90ED84CBC4
:10AC400090ED94EB90ED444B90ED646B00EE01FBC6
:10AC500003EE019B8DED14FB9DED1A0B04EE010B31
:10AC600005EE01AB8DED1A0B9DED040B06EE010B0D
:10AC700007EE01BB8DED040B0CEE018B0EEE01DB3C
:10AC800090DBB8EE000B1FED226B1FED2D1B1FEDAF
:10AC9000307B38EE066B39EE411B9DED148B1FEDBA
:10ACA00030FB1FED2F3B1FED2E4B1FED2D5B9DED60
:10ACB0001A2B9DED049B38EE477B1FED2DEB32EEFA
:10ACC0000F2B3AEE033B39EE444B3BEE455B3DEE3A
:10ACD0004E9B27EE007B21EE001B22EE002B23EE85
:10ACE000003B24EE004B25EE005B26EE006B29EEC8
:10ACF000000B85ED107B05F148001FED388B002718
:10AD0000B7EE00CB85ED1E0B80EC0C1B05EBC700EE
:10AD100090ED100B06F014FC30EE0C2BB0EE4C1B3B
:10AD2000B0EE000B04EBC70000F580507F1C082F2D
:10AD300081EE023B90EDA42B13EE001B01EE028B83
:10AD4000E4DB1FED4D1BB7EE000B38EE412B9FED02
:10AD5000F81B32EE002B22EE011B9FEDF72BF8487B
:10AD600031EE421B80ED2E1B96ED0CBB9FEDF5CB1B
:10AD700096ED0E9B9FEDF51B9FEDF6AB9FEDF72B30
:10AD80009FEDF83B9FEDF94B9FEDFA5B9FEDFB6B61
:10AD90009FEDFC8BB0EE407B1BEE0C7B9FEDFBFB35
:10ADA0009FEDFCEB9FEDFDDB9FEDFEBB8DED04BB4E
:10ADB0009FEDFEBB8DED9ABB9FEDFEBB8DED02BB03
:10ADC0009FEDFEBB19EE010B8DEDBABB27EE0A1B02
:10ADD00027EE022B27EE033B27EE044B27EE055B05
:10ADE00027EE066B27EE087B8DED000B9FEDF58BB4
:10ADF0009FEDF69B9FEDF7AB9FEDF8BB9FEDF9CB79
:10AE00009FEDFA0B8DED140B9FEDFA0B8DED120BF0
:10AE10009DED000B00EE0D3B9DED04DB00EE0D4BB8
:10AE20009DED9ADB00EE0D5B9DED02DB00EE0D6B00
:10AE30009DEDBADB00EE0F1B00EE0E2B00EE0D7B3E
:10AE4000B8EE000B31EE081B9DED148B32EE092B92
:10AE500036EE086B9DED128B33EE0A3B34EE0B4B56
:10AE600035EE4C5B37EE487B1FED948B21EE001BDB
:10AE700022EE002B23EE003B24EE004B25EE005B80
:10AE800026EE006B27EE000B8DED368B05F1800072
:10AE90000027B0EE48DBB0EE489BB0EE48AB85ED46
:10AEA0002C0BB0EE48BBB0EE48CB80EC0C1B00BFC7
:10AEB00005EBC70090ED200B06F042FBB7EE001B40
:10AEC000B0EE002B30EE013B04EBC7007F1C90ED91
:10AED0002A6B90ED0E4B90ED1C5B90ED387B90ED66
:10AEE00046EB90ED54FB072F81EE030B90ED003BFA
:10AEF00010EE021B9DED360B01EE060B01EE03DB9F
:10AF00008DED360B01EE049B01EE05AB01EE07BBA8
:10AF100001EE0ECB01EE0F8BCADB9FEDB81B9FED50
:10AF2000B9EB9FEDBA3B9FEDBB4B9FEDBC5B9FED3B
:10AF3000BD6B9FEDBE7B39EE4E2B9DED369B3DEEFE
:10AF4000011B3AEE033B39EE444B3BEE055B3CEE16
:10AF5000066B38EE477B0027B8EE000B1FEDD1AB38
:10AF600021EE001B22EE002B23EE003B24EE004BD3
:10AF700025EE005B26EE006B27EE000B8DED3CAB63
:10AF800005F18000B0EE4A9BB0EE4ABBB0EE4ADB62
:10AF9000B0EE4ACB85ED2C0BB0EE4A8B80EC0C1B4F
:10AFA00005EBC70090ED200B06F0CAFAB7EE001BC8
:10AFB000B0EE00EB30EE012B04EBC7007F1C90EDF0
:10AFC000A87B90ED703B90ED7E4B90ED8C5B90ED0F
:10AFD0009A6B90EDB6FB072F81EE020B90ED622B82
:10AFE00010EE0E1B9DED3C0B01EE070B01EE029BDC
:10AFF0008DED3C0B01EE03AB01EE04BB01EE05DB76
:10B0000001EE06CB01EE0F8BCADB9FED8A7B9FED35
:10B010008B1B9FED8C2B9FED8D3B9FED8E4B9FED02
:10B020008F5B9FED906B3AEE011B9DED3CAB3BEED1
:10B03000022B3DEE033B3CEE444B3AEE055B38EE13
:10B04000066B39EE077B0027B8EE000B9FED879B60
:10B0500021EE001B22EE002B27EE007B23EE003BAF
:10B0600024EE004B25EE005B26EE000B85ED207BE9
:10B0700005F1880085ED2C0B80EC0A1B05EBC70061
:10B0800090ED200B06F05CFAB7EE001B04EBC70056
:10B0900030EE013BB0EE000B7F1C072F81EE032B3F
:10B0A00090EDC43B12EE001B01EE039BE6DB9FED2F
:10B0B000710BB7EE008B39EE401B9FED700B2048F3
:10B0C000303031EE081B21EE000B02F06DFC96EDE6
:10B0D00014AB9FED6CBB6D48B0EE48DB90ED167B7A
:10B0E0009FED6B9B9FED6C1B9FED6D2B9FED6E0B92
:10B0F0009FED6F3B9FED705B9FED716B9FED724B12
:10B100001AEE0B8B9FED72FB9FED73AB8DEDB2AB27
:10B110009FED73AB8DEDAEAB9FED73EB9FED74AB1D
:10B120008DED12AB9FED74AB8DED04ABE8E000004C
:10B13000370664AEBC1C5240C7BAB88D06F0563F05
:10B14000704D0024C7A2FFFD6EB3903F496F0CF70E
:10B15000E008893FCBCD4A4E9AB509C00D6E3A95AD
:10B16000C942F8BF69FFCF03CF6E03C057813C11BE
:10B170000CDCF93F556F05886D06F8BFB12663C139
:10B180002FFCFE3FF431E78CC5C007C044B3D63175
:10B190003068E73FDBD48879E49E01C0C9A1FCE3B5
:10B1A0003CF9F23F3F50B3B20C2DDD3F23A4A2BACD
:10B1B000F3ECEE3FCED8B878140EF8BF0B2391E431
:10B1C0000817F1BF0F51A65827841040BC63E0B0A8
:10B1D000561E054072324958509AF53FBC2F358FA4
:10B1E0008EE8DA3FABA9AD38E607CE3F1B543645B3
:10B1F0005B9401402698D1D236240A4047985AB22F
:10B20000B6B7F63FB918C926B561F13FFEA8E33ECF
:10B21000ADCFEC3F6B4B93F8D044A23F74643758EA
:10B220007A9CCC3FE83FD2B205DDF33FCA52D22F21
:10B23000A718FE3F2FEA00C36426FB3FF46FAFE779
:10B240007BC6F03FBE318B5D2686DC3FE5F81F8F65
:10B250005BF1C23F3E1C6059C217D33FE3447B40C1
:10B26000C311F53FD275B404A19BFD3F000000005F
:10B2700000000000DC637EED9D43CB3FCCD945F45C
:10B28000323B5F40691BEAC9A5448C3F504C002407
:10B290008A707C74656F873FA1DF6DF506B205C0CB
:10B2A000E75FA35BA912F53F3FECA059D3DCFFBFDA
:10B2B0009C881EDFA650FDBF3CE3D6ABF09FFCBFD1
:10B2C000684F582C5CC5F13F22383676FBD6F3BF69
:10B2D000208ACFD05FA3DC3FD249394B27F8F2BF99
:10B2E000522B66A5AAA100C0A0C6E7AC703707C064
:10B2F000EF0FDF3BD38DEE3F975E647FAC5BF43F97
:10B300009FEDFEAB17EE09DB8DED02AB28EE011BC6
:10B3100028EE033B28EE055B28EE067B28EE049B17
:10B3200028EE02AB28EE00BBB8EE000B9FEDF5CB8C
:10B330009FEDF62B8DED162B9FEDF62B8DED142B3F
:10B340009FEDF62B9FEDF74B9FEDF86B9FEDF98B83
:10B350000DEE0E3B9DED12EB0DEE0E5B9DED04EB45
:10B360000DEE0E7B9DED02EB0DEE0E9B9DEDB2EB17
:10B370000DEE0EAB9DEDAEEB0DEE0F1B0DEE0EBB0D
:10B3800031EE021B33EE042B35EE063B37EE084B55
:10B390009DED166B9DED147B39EE4C5B3AEE066B22
:10B3A0003BEE477B1FED4F8B21EE001B22EE002B67
:10B3B00023EE003B24EE004B25EE005B26EE006BF7
:10B3C00027EE000B8DED3A8B05F180000027B0EEE3
:10B3D00048ABB0EE48BBB0EE489B85ED2C0BB0EE11
:10B3E00048FBB0EE48EB80EC0C1B00BF05EBC70040
:10B3F00090ED200B06F0A4F8B7EE001BB0EE002B8A
:10B4000030EE013B04EBC70000F580607F1C90ED3F
:10B41000F2DB90EDAC4B90EDBA5B90EDC86B90ED2C
:10B42000D67B90EDE4CB81EE030B90ED9E3B072F96
:10B4300010EE021B9DED3A0B01EE0D0B01EE03AB7E
:10B440008DED3A0B01EE04BB01EE059B01EE068B80
:10B4500001EE07FB01EE0CEBC8DB00279FEDB71BED
:10B46000B8EE000B9FEDB72B9FEDB83B9FEDB94BAE
:10B470009FEDBA5B9FEDBB6B9FEDBC7B1FED85CB5A
:10B4800038EE044B3AEE011B3BEE422B39EE033B08
:10B490003FEE055B3EEE066B9DED3A8B21EE001B09
:10B4A00038EE477B22EE002B23EE003B24EE004BD0
:10B4B00025EE005B26EE006B27EE000B8DED02CB38
:10B4C00005F18000B0EE4C8BB0EE4C9BB0EE4CAB77
:10B4D000B0EE4CBB85ED2C0BB0EE4CDB80EC0C1BC6
:10B4E00005EBC70090ED200B06F02AF8B7EE001B25
:10B4F000B0EE002B30EE013B04EBC70000F500601E
:10B500007F1C90ED0E4B90ED1C5B90ED2A6B90ED47
:10B51000387B90ED46EB90ED54FB81EE030B90ED04
:10B52000003B072F10EE021B9DED020B01EE040BFA
:10B5300001EE038B8DED020B01EE059B01EE06ABD8
:10B5400001EE07BB01EE0ECB01EE0FDBC8DB0027DF
:10B550009FED887BB8EE000B9FED88EB9FED892B6C
:10B560009FED8A3B9FED8B4B9FED8C5B9FED8D6B31
:10B570009DED021B39EE022B31EE0E1B3AEE033B22
:10B580003BEE044B3CEE055B3DEE066B38EE077B75
:10B590001FEDCA9B21EE008B22EE001B23EE002B39
:10B5A00024EE003B27EE007B25EE004B26EE000B41
:10B5B00085ED207B85ED228B05F1900085ED2C0B30
:10B5C00080EC081B05EBC70090ED200B05F0B8FFE1
:10B5D000B7EE001B04EBC70030EE013BB0EE000BF2
:10B5E00000F500607F1C072F81EE032B90ED623B7E
:10B5F00012EE001B01EE039BE4DBB7EE008B9FED28
:10B600006B0B39EE001B9FED6B0B6C4831EE081B8A
:10B6100021EE000B02F0C8F91FEDE6BB684896ED7D
:10B62000180BB0EE48DB90ED1A9B1FEDE7AB1FED5A
:10B63000E61B1FEDE13B1FEDE05B1FEDDF7B1FED28
:10B64000DE6B1FEDE94B1FEDE82B10EE0B8B1FEDB2
:10B65000E0EB1FEDDB0B1FEDDABB8DEDAABB1FEDA1
:10B66000DABB8DED96BB9FED25BB8DED02BB1FEDCB
:10B67000E6BB8DED04BB1FEDE6BB19EE0ADB8DEDDD
:10B680008EBB9FED22FB9FED1FAB8DED14FB9FED5D
:10B6900021FB28EE033B28EE055B28EE077B28EE16
:10B6A000069B0DEE003B9DEDAA0B9FED206B0DEE72
:10B6B000005B9DED960B0DEE007B9DED020B28EEE1
:10B6C00004BB0DEE009B9DED040B9FED164B28EE89
:10B6D000011B28EE02CB0DEE00BB9DED8E0B9FED06
:10B6E0000F2B9FED148B0DEE0E1B0DEE00CBB8EE65
:10B6F000000B31EE021B33EE042B63E0DAABBB31FF
:10B70000007AEA3F77113D1B5425D43FF3B9C18B32
:10B71000D1810040549382C1DC4C09409353AF96D1
:10B72000AB90114006E8BFFFCEEB0040241ED020B6
:10B730004668F73FBD9FFC3F631AD33FAF0B2E42D5
:10B7400034F7F53F5BFE90466FC7F23FE5C409252D
:10B75000D5CAE13FC5B9EC132ADEC43FDFA8450EC8
:10B76000EA41E43F88618AB0C39FF33F9B57992F1A
:10B77000B65DFF3F9A1773C54AE3FC3F1EC2BFDCAC
:10B780005A4FF23FF5DC3FFE7D70E33FD3011D666B
:10B790003476BC3F60F7A240AE5B933F0C5F7330E2
:10B7A000AE4CF43FB5300FB9ABF4FC3FB31E35AF30
:10B7B000FDE5AA3F758647ED321B5C40B04D002485
:10B7C000504C002435EE063B37EE084B9DED146BD4
:10B7D000B0EE4F7B39EE4A5B3BEE066B3CEE477BAF
:10B7E0009FEDFE8B21EE001B22EE002B23EE003B93
:10B7F00024EE004B25EE005B26EE006B27EE000BDF
:10B800008DED3A8B05F180000027B0EE48ABB0EE2D
:10B81000489BB0EE48FB85ED2C0BB0EE48EBB0EE4C
:10B8200048BB80EC0C1B00BF05EBC70090ED200B64
:10B8300005F086FEB7EE001BB0EE002B30EE013BAC
:10B8400004EBC70000F580607F1C90EDF2DB90ED0B
:10B85000AC4B90EDBA5B90EDC86B90EDD67B90ED64
:10B86000E4CB81EE030B90ED9E3B072F10EE021B05
:10B870009DED3A0B01EE0D0B01EE03AB8DED3A0B96
:10B8800001EE049B01EE058B01EE06FB01EE07EBDA
:10B8900001EE0CBBC8DB00271FED581BB8EE000BF8
:10B8A0001FED582B1FED573B1FED564B1FED555B02
:10B8B0001FED546B1FED537B9FEDC8CB38EE033B60
:10B8C0003AEE011B39EE422B3FEE044B3EEE055B98
:10B8D0003BEE066B9DED3A8B21EE001B38EE477B6D
:10B8E00022EE002B23EE003B24EE004B25EE005B06
:10B8F00026EE006B27EE000B8DED02CB05F18000EC
:10B90000B0EE4C9BB0EE4CDBB0EE4CABB0EE4CBBB3
:10B9100085ED2C0BB0EE4C8B80EC0C1B05EBC700BF
:10B9200090ED200B05F00CFEB7EE001BB0EE002BE7
:10B9300030EE013B04EBC70000F500607F1C90ED8A
:10B940000E4B90ED1C5B90ED2A6B90ED387B90EDEB
:10B9500046EB90ED54FB81EE030B90ED003B072F7F
:10B9600010EE021B9DED020B01EE040B01EE039B9A
:10B970008DED020B01EE05DB01EE06AB01EE07BB20
:10B9800001EE0ECB01EE0F8BC8DB00271FED877B8E
:10B99000B8EE000B1FED87EB1FED862B1FED853BEF
:10B9A0001FED844B1FED835B1FED826B9DED021B32
:10B9B0003DEE022B31EE0E1B3AEE033B3BEE044B09
:10B9C0003CEE055B38EE066B39EE077B9FED838B13
:10B9D00021EE009B22EE001B23EE002B24EE003B09
:10B9E00027EE007B25EE004B26EE000B85ED207B3D
:10B9F00085ED229B05F1900085ED2C0B80EC081B5A
:10BA000005EBC70090ED200B05F09AFDB7EE001B8B
:10BA100004EBC70030EE012BB0EE000B00F5006028
:10BA20007F1C072F81EE023B90ED622B13EE001B73
:10BA300001EE028BE4DB1FEDA30BB7EE00DB38EE6B
:10BA4000001B1FEDA40B674831EE0D1B21EE000B10
:10BA500001F0AAFF96ED1C0B9FED63BB6448B0EEAE
:10BA60004D1B90ED1E9B9FED63AB9FED648B9FED97
:10BA7000654B9FED662B9FED673B9FED685B9FEDF0
:10BA8000697B9FED6A6B10EE0BDBB0EE4D0B9FED0B
:10BA900069EB9FED6ABB8DED12BB9FED6ABB8DED2F
:10BAA00004BB9FED6AFB9FED6BBB8DED8ABB9FEDE9
:10BAB0006BBB8DED86BB1FEDEFBBB0EE41DB8DEDBB
:10BAC00002BB19EE0ADB20EE081B20EE033B20EE42
:10BAD000055B20EE077B20EE069B20EE04BB20EEEC
:10BAE00002CBB8EE000B1FEDF9AB1FEDF82B8DED7F
:10BAF000182B1FEDF82B8DED162B1FEDF82B1FEDDE
:10BB0000F74B1FEDF66B1FEDF58B0DEE0E1B9DED4C
:10BB10008AEB0DEE0E5B9DED86EB0DEE0E7B9DED43
:10BB200002EB0DEE0E9B9DED12EB0DEE0F3B0DEEBD
:10BB30000EBB9DED04EB31EE021B33EE042B0DEE3C
:10BB40000ECB35EE063B9DED186B37EE084B39EE0C
:10BB50004A5B3BEE066B9DED167B21EE001B3CEE37
:10BB6000477B22EE002B23EE003B24EE004B25EE1C
:10BB7000005B26EE006B27EE000B9FED188B05F1A6
:10BB800080008DED3A8B0027B0EE48DBB0EE489B8D
:10BB900085ED2C0BB0EE48ABB0EE48BB80EC0C1B37
:10BBA000B0EE48CB05EBC70090ED200B05F0C8FCCC
:10BBB000B7EE001B04EBC70030EE013B00F58060E0
:10BBC0007F1C072FB0EE002B90EDAC4B90EDBA5BD5
:10BBD00081EE030B90ED9E3B44E00000000000006E
:10BBE00000000000B84D0024691BEAC9A5448C3F41
:10BBF000504C00248A707C74656F873FA1DF6DF51F
:10BC000006B205C0E75FA35BA912F53F3FECA05960
:10BC1000D3DCFFBF9C881EDFA650FDBF3CE3D6AB44
:10BC2000F09FFCBF684F582C5CC5F13F2238367638
:10BC3000FBD6F3BF208ACFD05FA3DC3FD249394B7C
:10BC400027F8F2BF522B66A5AAA100C0A0C6E7AC98
:10BC5000703707C0EF0FDF3BD38DEE3F975E647FF9
:10BC6000AC5BF43F10EE021B90EDF2FB9DED3A0B46
:10BC700090EDC86B90EDD67B90EDE4EB01EE0F0BF1
:10BC800001EE038B8DED3A0B01EE04DB01EE059B1B
:10BC900001EE06AB01EE07BB01EE0ECB82DB002707
:10BCA0009FEDF91BB8EE000B9FEDF92B9FEDFA3BD2
:10BCB0009FEDFB4B9FEDFC5B9FEDFD6B9FEDFE7BD6
:10BCC0001FED3AEB38EE011B3DEE422B39EE033B04
:10BCD0003AEE044B3BEE055B3CEE066B9DED3A8B7A
:10BCE00021EE001B38EE477B22EE002B23EE003BBB
:10BCF00024EE004B25EE005B26EE006B27EE000BDA
:10BD00008DED04EB05F18000B0EE4EFBB0EE4E8BF6
:10BD1000B0EE4E9BB0EE4EAB85ED2C0BB0EE4EBBB5
:10BD200080EC0C1B05EBC70090ED200B05F008FC28
:10BD3000B7EE001BB0EE002B30EE013B04EBC7006A
:10BD400000F500607F1C90ED387B90ED0E4B90ED80
:10BD50001C5B90ED2A6B90ED46CB90ED54DB81EEB1
:10BD6000030B90ED003B072F10EE021B9DED040B23
:10BD700001EE070B01EE03FB8DED040B01EE048BCE
:10BD800001EE059B01EE06AB01EE0CBB01EE0DEBE7
:10BD9000C8DB0027B8EE00DBB7EE00CB9FEDC86B29
:10BDA0009FEDC90B9FEDCA1B9FEDCB2B9FEDCC3BAD
:10BDB0009FEDCD4B9FEDCE5B9DED047B38EE000BF0
:10BDC00039EE011B3AEE022B37EE033B3BEE044B00
:10BDD0003EEE055B3FEE066B1FED808B20EE0D0BFC
:10BDE00021EE0D1B25EE0D5B26EE0D6B22EE0D2BCD
:10BDF00023EE0D3B24EE0D4B85ED206B05F1880005
:10BE000080EC0C0B05EBC70090ED200B05F098FBC8
:10BE100030EE0C2BB0EE000BB0EE4C1B04EBC70069
:10BE200000F500607F1C072F8CEE023B90ED622B2B
:10BE300013EE001B01EE028BE4DB9FEDAF0BB7EEC0
:10BE400000EB38EE001B9FEDAE0BAF4831EE0E1B42
:10BE500021EE000B01F0A8FD96ED20AB1FED9EBB7F
:10BE600096ED228BB0EE4E0B1FED9E9B1FED9D1BA2
:10BE70001FED983B1FED975B1FED967B1FED956BBC
:10BE80001FEDA04B1FED9F2B1AEE0BEB1FED97AB99
:10BE90008DED18AB1FED93AB8DED16AB1FED93FB46
:10BEA0001FED92AB8DED14AB9FED98AB8DED02AB1A
:10BEB0001FED9EAB8DED12AB1FED9EABB0EE40DBE8
:10BEC0002EEE011B18EE09DB8DED04AB2EEE033BCD
:10BED0002EEE055B2EEE077B2EEE069B2EEE04BBB0
:10BEE0002EEE02CB9FED8B2B9FED8C4B9FED8D6B40
:10BEF0009FED8E8B9FED8FAB9FED900B8DED1C0B0F
:10BF00009FED900B0DEE0F5B8DED1A0B9DED18EB79
:10BF1000B8EE000B0DEE0E1B9DED16EB0DEE0E3B7D
:10BF20009DED14EB0DEE0E7B9DED02EB0DEE0E9BE9
:10BF30009DED12EB0DEE0EBB9DED04EB0DEE0ECB69
:10BF400031EE021B33EE042B35EE063B37EE084B89
:10BF50009DED1C6B9DED1A7B39EE4A5B3BEE066B4B
:10BF60003CEE477B1FEDE38B21EE001B22EE002B06
:10BF700023EE003B24EE004B25EE005B26EE006B2B
:10BF800027EE000B8DED3A8B05F180000027B0EE17
:10BF900000EBB0EE489BB0EE48AB85ED2C0BB0EE5D
:10BFA00048BBB0EE48CB80EC0C1BB0EE48DB00BFCA
:10BFB00005EBC70090ED200B05F0C2FAB7EE001BB1
:10BFC00004EBC70030EE012B00F580607F1C90ED84
:10BFD000F2FB90EDAC3B90EDBA4B90EDC85B90ED71
:10BFE000D66B90EDE47B072F81EE020B90ED9E2B3C
:10BFF00010EE0E1B9DED3A0B01EE0F0B01EE028BC6
:10C000008DED3A0B01EE039B01EE04AB01EE05BB97
:10C0100001EE06CB01EE07DBCADBB8EE000B9FEDAD
:10C020001A1B9FED1B2B9FED1C3B38EE011B39EEBD
:10C03000422B3AEE033B9FED207B9DED3A8B9FED2B
:10C04000184B9FED195B9FED1A6B38EE477B3BEE6B
:10C05000044B3CEE055B3DEE066B9FED3C8B21EE09
:10C06000001B22EE002B23EE003B0027B0EE489B86
:10C07000B0EE48ABB0EE48BB8DED368BB0EE48DB92
:10C08000B0EE48CB66E00000AF0B2E4234F7F53F30
:10C090005BFE90466FC7F23FE5C40925D5CAE13F74
:10C0A000C5B9EC132ADEC43FDFA8450EEA41E43FE0
:10C0B00088618AB0C39FF33F9B57992FB65DFF3FBE
:10C0C0009A1773C54AE3FC3F1EC2BFDC5A4FF23FCA
:10C0D000F5DC3FFE7D70E33FD3011D663476BC3F47
:10C0E00060F7A240AE5B933F0C5F7330AE4CF43F01
:10C0F000B5300FB9ABF4FC3FB31E35AFFDE5AA3F39
:10C10000758647ED321B5C40C04D0024DAABBB3175
:10C11000007AEA3F9353AF96AB90114006E8BFFF19
:10C12000CEEB0040241ED0204668F73FBD9FFC3F69
:10C13000631AD33F77113D1B5425D43FF3B9C18B0C
:10C14000D1810040549382C1DC4C094000000000C2
:10C150000000000024EE004B25EE005B26EE006B95
:10C1600027EE000B05F1800085ED2C0B80EC0C1BFD
:10C1700005EBC70090ED200B05F0E2F9B7EE001BD0
:10C1800004EBC70030EE012B00F500607F1C90ED42
:10C190002A5B90ED0E3B90ED1C4B90ED386B90EDD3
:10C1A000467B90ED54FB072F81EE020B90ED002BA8
:10C1B00010EE0E1B9DED360B01EE050B01EE029B02
:10C1C0008DED360B01EE03AB01EE04BB01EE06DB99
:10C1D00001EE07CB01EE0F8BCADBB8EE00FB1FEDC3
:10C1E000480B1FED471B1FED462B1FED453B1FED79
:10C1F000444B1FED435B1FED426B39EE000B38EEF5
:10C20000066B9DED367B3AEE011B3BEE022B37EEC3
:10C21000033B3DEE044B3CEE055B26EE0F6B20EE40
:10C220000F0B21EE0F1B22EE0F2B23EE0F3B24EE04
:10C230000F4B25EE0F5B05F180001FED3C9B0027A7
:10C2400080EC0E0B05EBC70090ED200B05F078F9A4
:10C25000B7EE001B04EBC70030EE013BB0EE000B65
:10C2600000F500607F1C072F81EE032B90ED623BF1
:10C2700012EE001B01EE039BE4DB1FED610BB7EE3A
:10C28000008B1FED611B39EE000B30EE080B20EE2A
:10C29000010BFE4801F088FB9FEDFD2B96ED241B62
:10C2A000B0EE480B11EE020BB0EE409B9FEDFA0B87
:10C2B0009FEDFB1B19EE001BB8EE000B21EE000BEF
:10C2C00005F03EF985ED2E0B9FEDF72B9FEDF80B5A
:10C2D000B8EE001B19EE020B20EE010B05F030F951
:10C2E00085ED300B9FEDF42B9FEDF50BB8EE001BA9
:10C2F00009EE020B20EE010B05F022F985ED320B61
:10C300009FEDF12B9FEDF20BB8EE001B09EE020B37
:10C3100020EE010B05F014F985ED340B9FEDEE2BAB
:10C320009FEDEF0BB8EE001B09EE020B20EE010BA8
:10C3300005F006F985ED360B9FEDEB2B9FEDEC0B31
:10C34000B8EE001B19EE020B20EE010B05F0F8F819
:10C3500085ED380B9FEDE82B96ED261BB0EE480BD4
:10C3600011EE020BB0EE409B9FEDE52B9FEDE60B2F
:10C37000B8EE001B19EE020B20EE010B05F0E0F801
:10C380008DED4A0B9FEDE22B9FEDE30BB8EE001B0A
:10C3900019EE020B20EE010B05F0D2F88DED4C0BDF
:10C3A0009FEDDF2B9FEDE00BB8EE001B09EE020BBB
:10C3B00020EE010B05F0C4F88DED4E0B9FEDDC2B4C
:10C3C0009FEDDD0BB8EE001B09EE020B20EE010B1A
:10C3D00005F0B6F88DED500B9FEDD92B9FEDDA0BE4
:10C3E000B8EE001B09EE020B20EE010B05F0A8F8D9
:10C3F0008DED520B9FEDD62B9FEDD70BB8EE001BAA
:10C4000019EE020B20EE010B05F09AF88DED540B9E
:10C410009FEDD32B96ED281BB0EE480B11EE020BCF
:10C42000B0EE40EB9FEDD02B9FEDD10BB8EE001B93
:10C430001EEE020B20EE010B05F082F88DED560B7F
:10C440009FEDCDFB9FEDCE9BB8EE002BB0EE4F0BDA
:10C45000B0EE491B1EEE001B21EE020B05F070F83A
:10C460008DED580B9FEDC8ABB8EE002B9FEDC80BC0
:10C47000B0EE4A1B0EEE001B21EE020B05F060F839
:10C480008DED5A0B9FEDC4BBB8EE002B9FEDC40B96
:10C49000B0EE4B1B0EEE001B21EE020B05F050F828
:10C4A0008DED5C0B9FEDC0CBB8EE002B9FEDC00B6C
:10C4B000B0EE4C1B0EEE001B21EE020B05F040F817
:10C4C0008DED5E0B9FEDBCDBB8EE001B9FEDBC0B52
:10C4D000B0EE4D2B1EEE002B22EE010B05F030F8D6
:10C4E0008DED600B9FED9E2B96ED2A1BB0EE480B59
:10C4F00011EE020BB0EE40EB9FED9B2B9FED9C0BE2
:10C50000B8EE001B1EEE020B20EE010B05F018F832
:10C510008DED3E0BB0EE4F0BB0EE491BB8EE002B8D
:10C520001EEE001B21EE020B05F00AF88DED400B0C
:10C530009FED970BB0EE4A1BB8EE002B0EEE001BE2
:10C5400021EE020B04F0FCFF8DED420B9FED940BEE
:10C55000B0EE4B1BB8EE002B0EEE001B21EE020BD3
:10C5600004F0EEFF8DED440B9FED910BB0EE4C2BE4
:10C57000B8EE001B0EEE002B22EE010B04F0E0FFE4
:10C580008DED460B9FED8E0BB0EE4D2BB8EE001BE4
:10C590001EEE002B22EE010B04F0D2FF8DED480BB6
:10C5A0009FED6F2B96ED2C1BB0EE480B11EE020B9E
:10C5B000B0EE40EB9FED6C2B9FED6D1BB8EE000BCA
:10C5C0001EEE021B21EE000B04F0BAFF8DED060BF0
:10C5D000B0EE4F0BB0EE491BB8EE002B1EEE001B69
:10C5E00021EE020B04F0ACFF8DED080B9FED680B04
:10C5F000B0EE4A1BB8EE002B0EEE001B21EE020B34
:10C6000004F09EFF8DED0A0B9FED650BB0EE4B1B0A
:10C61000B8EE002B0EEE001B21EE020B04F090FF93
:10C620008DED0C0B9FED620BB0EE4C1BB8EE002BAA
:10C630000EEE001B21EE020B04F082FF8DED0E0BBF
:10C640009FED5F1BB0EE4D2BB8EE000B1EEE012BE5
:10C6500022EE000B04F074FF8DED100B9FED402BCC
:10C6600096ED2E1BB0EE480B11EE020B9FED3E2B0C
:10C67000B8EE001BB0EE40EB9FED3D0B1EEE020B43
:10C6800020EE010B04F05CFF9EE00000C84D00248A
:10C69000883A40E50D0A893F948863F5FDB11C4056
:10C6A000399E0E85D7AF1B40B4B9028C325014406E
:10C6B0008CF56E8570AD0D40C39275B7351001C015
:10C6C0003CD76F7D7D90EB3FD3CF88627802FF3FF0
:10C6D0009E53B64F464DE43F181F8BBE34C71340E0
:10C6E0008153308581100C40A41F1E89064C1FC049
:10C6F00096C1CCB84C851D409A072EB3C667853FBE
:10C700001DA783C2F6CB1C4013B8727DAB5A1B40E9
:10C710009B343B57367114403CF7E4EB3ABF0C4076
:10C72000D7206761143C03C0D3BCB380BF95EC3FF6
:10C73000976F0E2DBBE8F63F2F9B3BB8809EE33FE3
:10C7400001D0578366A310404EA114A079870F40F3
:10C75000BC8AF4A0736A1BC01345BB6080F0234001
:10C760003F75B91A6D70873F2107D2996D781D40CA
:10C770002307B778829C1B4034E0C59DAB5E154013
:10C780003650ACAE62860D40A03A1307032DEB3F46
:10C790007B6B0E2ED8CF03C0E7A6238A3234E63F48
:10C7A000293DABC5B55E004055443DB183260C40E4
:10C7B0006295E1620B9E13405B54F87C96A91C4085
:10C7C000FCA5916C53091EC08DED220BB0EE4F0BF2
:10C7D000B8EE001B1EEE009B29EE010B04F0B0FE2C
:10C7E0008DED240B1FED160BB8EE001B0EEE00AB0B
:10C7F0002AEE010B04F0A4FE8DED260B1FED180BA5
:10C80000B8EE001B0EEE00BB2BEE010B04F098FE01
:10C810008DED280B1FED1A0BB8EE001B0EEE00CBB2
:10C820002CEE010B04F08CFE8DED2A0B1FED1C0B82
:10C83000B8EE001B1EEE00DB2DEE010B04F080FEB7
:10C840008DED2C0B9FEDF21B9FEDF35B9FEDF49BA9
:10C850009FEDF5BB9FEDF6DB9FEDF7FB9FEDF82B12
:10C860009FEDF96B9FEDFAAB9FEDFBCB9FEDFCEBE2
:10C870009FEDFD0B8DED160B9FEDFD7B9FEDFE0BF0
:10C880008DED380B9FEDFE0B8DED320B9FEDFE0B0A
:10C890008DED2E0B9FEDFE0B8DED1E0BB8EE000BFC
:10C8A0008DED340BB8EE000B8DED300BB8EE000BB8
:10C8B0008DED200BB8EE000B8DED1C0BB8EE000BD0
:10C8C0008DED180B9FEDF40B8DED020B9FEDF20B30
:10C8D0008DED1A0B9FEDF00B8DED360B9FEDEE0BF2
:10C8E00000278DED040B96ED343B96ED364B9FED16
:10C8F000EA0B0DF5DC79A0468DED140BB0EE480B7C
:10C9000014EE028B13EE010B20EE051B20EE092B1B
:10C9100020EE0B3B20EE0D4B20EE0F0B08EE061B1E
:10C920009DED165B08EE050B08EE0A2B08EE0C3B9E
:10C9300008EE0E4B31EE075B9DED381B32EE012BFE
:10C940009DED321B33EE413B9DED2E1B34EE014B32
:10C950009DED1E1B30EE411B9DED340B25EE005B63
:10C960009DED300B22EE002B9DED200B70A823EEE9
:10C97000003B9DED1C0B24EE004B9DED180B8DED47
:10C980006E5B21EE000B8DED760B80EC062B09EB38
:10C99000C7004C4690ED000B04F0D2FDB7EE002B23
:10C9A000B0EE003BB0EE421B08EBC70030EE014B8F
:10C9B00000F540607F1C90ED048B90ED0E7B90EDB8
:10C9C000225B90ED2C6B052F81EE040B90ED184B44
:10C9D00010EE031B9DED140B01EE080B8DED140BF7
:10C9E0009DED020B01EE070B8DED020B9DED1A0B79
:10C9F00001EE040B8DED1A0B9DED360B01EE050BD0
:10CA00008DED360B9DED040B01EE060B8DED040B49
:10CA1000BDDBB8EE00CB9FEDA21B9FEDA37B9FED8E
:10CA2000A46B9FEDA54B9FEDA65B9FED9B8B9DEDB2
:10CA3000363B9DED140B9DED1A2B33EE443B30EE4F
:10CA4000010B9DED044B9DED021B32EE462B34EEA7
:10CA5000054B31EE471B23EE0C3B20EE0C0B22EE78
:10CA60000C2B24EE0C4B21EE0C1B6EA80027B0EE15
:10CA7000489BB0EE48AB80EC0A0BB0EE48BBB0EE82
:10CA800048DBB0EE48EB00BF04EBC70090ED000BB5
:10CA900004F056FDB7EE002BB0EE403BB0EE421B6B
:10CAA000B0EE000B33EE014B08EBC70000F5406021
:10CAB0007F1C90ED405B90ED4A6B90ED547B90EDC8
:10CAC0005EFB052F81EE043B90ED364B13EE001B11
:10CAD00001EE049B01EE05AB01EE06BB01EE07DBA8
:10CAE00001EE0FEBD0DB9FED786B9FED791B9FED97
:10CAF0007A3B9FED7B4B9FED7C5B3BEE032B3DEE4A
:10CB0000043B3EEE454B39EE060B3AEE011B6EA898
:10CB100022EE0C2B23EE0C3B24EE0C4B20EE0C0BE8
:10CB200021EE0C1B0027B0EE48ABB0EE48BBB0EED8
:10CB300048DB80EC0A0BB0EE48EBB0EE48FB00BFE0
:10CB400004EBC70090ED000B04F0FAFCB7EE009B7D
:10CB5000B0EE402BB0EE491BB0EE000B32EE013BC5
:10CB600008EBC70000F540607F1C90ED724B90ED24
:10CB70007C5B90ED866B90ED907B052F81EE032B17
:10CB800090ED683B12EE001B01EE03AB01EE04BB1F
:10CB900001EE05DB01EE06EB01EE07FBD0DB9FEDBE
:10CBA000541B9FED552B9FED563B9FED574B9FED33
:10CBB000585BB0EE408B3BEE420B3AEE011B3DEE74
:10CBC000432B3EEE043B3FEE454B72A820EE0C0B90
:10CBD00021EE0C1B22EE0C2B24EE0C4B23EE0C3B17
:10CBE0008DED6E1B8DED700B9FED2BAB002780EC58
:10CBF000062B00BF04EBC70090ED000B04F0A0FC77
:10CC000030EE092BB0EE491B08EBC70084E00000B2
:10CC1000E29F6DCFEA66853F70614FF109FDF5BF78
:10CC2000EEFEDD6949ECA2BFF1AA01C91716EEBFFD
:10CC3000D66A5F6781F0E03F014A9A871967E43F4F
:10CC40000636BC95D264803F8945AFAB2D72E4BFF8
:10CC5000529638EBF67FE83F3F353C137C28D2BF35
:10CC600087F770F4F4AAE33F8937EDAD571CFB3F1B
:10CC70002712BCA5A46C02405267FE5EE806F13F95
:10CC80002DC4F538C87CE73FC9599F876D26E13F21
:10CC9000602FF46791610340000000000000000075
:10CCA00004FF20C7F181FA3F8E0B7095776DE83F46
:10CCB000F1D802FF8FC0D53FB3D5B53E11B8EF3FD5
:10CCC000591465C19D80F83F096450A48DA8FD3FAB
:10CCD000C8C9FCBF5C4CEA3F81B1F92DF3F2C73FF4
:10CCE000D05460FDC954EF3F40DAE85C9F32FF3F0B
:10CCF00060276D34145EFD3FCE580CC95696EF3F49
:10CD0000B2FA5FE4C6EFC73FD40810D3252CEC3F3E
:10CD1000D49CCA7B17C4014081EE020B00F5406031
:10CD20007F1C90ED9A2B052F10EE081B01EE02AB35
:10CD3000FFF660AF9FEDFC2B9FEDFD0B9FEDFE1B03
:10CD40003AEE422BFE4832EE092B22EE000B30EE7B
:10CD5000410B80ED260B9FEDFB1B96ED002B9FED0D
:10CD6000FB0BB0EE49AB32EE400B10EE01AB9FED8A
:10CD7000F91B9FEDFA0B0AEE010B20EE0C0B04F0F1
:10CD8000DFFB30EE091BB0EE49BB89EE010B10EE64
:10CD900008BB9FEDF41B9FEDF50B0AEE010B20EE97
:10CDA0000C0B04F0CDFB9FEDF34BB0EE491B9FED58
:10CDB000F32B30EE093B2BEE040B89EE034B14EE04
:10CDC000081BB0EE41AB0AEE020B8DED140B9FED8C
:10CDD000ED0B9FEDEE1B9FEDEF2B2BEE000B0AEE04
:10CDE000010B30EE020B20EE0C0B04F0A9FB30EE31
:10CDF000091B89EE010B8DED1C0B9FEDE80B9FEDE0
:10CE0000E91B9FEDEA2B2BEE000B0AEE010B30EE37
:10CE1000420B20EE0C0B04F093FBE64890ED044B24
:10CE20009FEDE53BB0EE491B9FEDE52B30EE090B86
:10CE30008DED380B34EE420B10EE031BB0EE41AB20
:10CE40009FEDE11B9FEDE20B1AEE010B20EE0C0BA8
:10CE500004F076FB30EE092BB0EE491B89EE020B95
:10CE600010EE081BB0EE41BB9FEDDB1B9FEDDC0B12
:10CE70000AEE010B20EE0C0B04F062FB9FEDDA3B97
:10CE80009FEDDB1B30EE092B2BEE030BB0EE49AB15
:10CE900089EE023B13EE08AB0AEE010BB0EE40FB4D
:10CEA0009FEDD50B9FEDD61B9FEDD72B2BEE000BE7
:10CEB0000AEE010B30EE020B20EE0C0B04F040FBEF
:10CEC00030EE090B89EE002B8DED322B9FEDD00B50
:10CED0009FEDD1EB9FEDD2DB2BEE001BB0EE4E0BA6
:10CEE0000AEE001B31EE4D0B20EE0C0B04F028FB7C
:10CEF000B04890ED062B9FEDB23B9FEDAF1BB0EE1F
:10CF000049BB32EE432B30EE090B12EE01BB8DED27
:10CF1000300B9FEDAD1B9FEDAE0B1BEE010B20EE1A
:10CF20000C0B04F00DFB30EE091BB0EE49AB89EEA3
:10CF3000010B10EE08AB9FEDA81B9FEDA90B0BEEAC
:10CF4000010B20EE0C0B04F0FBFA9FEDA73B9FEDCD
:10CF5000A81B30EE092B2AEE030BB0EE49BB89EE7D
:10CF6000023B13EE08BB0BEE010B8DED1A0B9FED90
:10CF7000A20B9FEDA31B9FEDA42B2AEE000B0BEE43
:10CF8000010B30EE020B20EE0C0B04F0D9FA30EE60
:10CF9000091B89EE010B8DED200B9FED9D1BB0EE63
:10CFA0004E0B2AEE011B0BEE001B31EE4D0B20EE5B
:10CFB0000C0B04F0C5FA7F4890ED082B9FED803BE9
:10CFC0009FED7D1BB0EE49BB32EE432B30EE090BDB
:10CFD00012EE01BB8DED1E0B9FED7B1B9FED7C0BBD
:10CFE0001BEE010B20EE0C0B04F0AAFA30EE091B2D
:10CFF000B0EE49AB89EE010B10EE08AB9FED761B4E
:10D000009FED770B0BEE010B20EE0C0B04F098FA62
:10D010009FED753B9FED761B30EE092B2AEE030B3F
:10D02000B0EE49BB89EE023B13EE08BB0BEE010BE1
:10D030008DED360B9FED700B9FED711B9FED722BED
:10D040002AEE000B0BEE010B30EE020B20EE0C0B68
:10D0500004F076FA30EE090B89EE003B8DED123BC1
:10D060009FED6B1BB0EE4E0B2AEE011B0BEE001B6F
:10D0700031EE4D0B20EE0C0B04F062FA4D4890EDB2
:10D080000A2B9FED4F3B9FED4C1BB0EE49BB32EEA0
:10D09000432B30EE090B12EE01BB8DED2E0B9FEDF5
:10D0A0004A1B9FED4B0B1BEE010B20EE0C0B04F00B
:10D0B00047FA30EE090BB0EE49AB89EE001B11EEDA
:10D0C00008AB9FED451B9FED460B0BEE010B20EED1
:10D0D0000C0B04F035FA9FED443B9FED451B30EE01
:10D0E000092B2AEE030BB0EE49BB89EE023B13EE8F
:10D0F00008BB0BEE010B8DED040B9FED3F0B9FED7D
:10D10000401B9FED412B2AEE000B0BEE010B30EE86
:10D11000020B20EE0C0B04F013FA30EE090B89EE33
:10D12000006B8DED166B7FE06C7D5D1B4B5EAE3F43
:10D1300011F8F979B2D75440C7BAB88D06F0563F06
:10D14000704D0024011DBD78F694A23FD5DA9D8A6A
:10D1500057CE5440E1C839B5CCE1DABFF160A276D0
:10D1600051BBCA3FA01F58A0F780F63F3FA641E63B
:10D170001E431140AD7C5935721EF33F07BF0C3C76
:10D180004E38F63FAC0EF36918B4F33F79B24E3A1D
:10D19000029D0240E6BBD429B5B5E23F4DB93173DB
:10D1A0006029F9BF51C1B1255806E93F99CD78D31F
:10D1B000C2A6F83F504C002468C24E2FFA71993F26
:10D1C00052C448F2E21A5740F0294C06EA08DABF86
:10D1D0003C82532E4152D03FFD29A3B79A6EF63FB1
:10D1E0007E92A065A5FB1040A3459E6348D2F13F07
:10D1F000AE1A48DF552FFA3F5677B11F8FF8F33F2D
:10D20000D16ABBC3E30502404E90E44F37E4E03FF0
:10D210008CC00C222388F8BF1329B76A5331E53F2D
:10D22000389BBB0D7E8DFA3F1FED071BB0EE4E0BFA
:10D230002AEE011B0BEE001B31EE4D0B20EE0C0B0A
:10D2400004F07EF9FE4890ED024B9FEDFE3BB0EE00
:10D25000491B9FEDFE2B30EE096B34EE420B8DED3A
:10D26000186B10EE031BB0EE41BB9FEDFA1B9FED58
:10D27000FB0B1BEE010B20EE0C0B04F061F930EE02
:10D28000092BB0EE491B89EE020B10EE081BB0EE25
:10D2900041AB9FEDF41B9FEDF50B0BEE010B20EE68
:10D2A0000C0B04F04DF99FEDF32B9FEDF41B30EECA
:10D2B000090B2AEE02BB89EE002BB0EE490B12EEF1
:10D2C000080B00EE01BB9FEDEF1B9FEDF02B9FEDD8
:10D2D000F13B2AEE011B00EE021B31EE030B20EEA8
:10D2E0000C0B04F02DF930EE091BB0EE49AB89EEC2
:10D2F000010B10EE08AB9FEDE90B3BEE000B20EEAF
:10D300000C0B04F01DF930EE091BB0EE49BB89EEA1
:10D31000010B10EE08BB9FEDE31B9DED140B30EEEF
:10D32000410B20EE0C0B04F00BF99FEDE01B30EEEF
:10D33000093B9DED380BB0EE494B89EE002B9DED7E
:10D340001C0B10EE084B89EE030B9FEDDA3BB0EEA1
:10D35000495BB0EE496B12EE086B10EE085B9FED77
:10D36000D72B9FEDD87B9FEDD9DBDA4C25EE010B57
:10D3700004EE030B06EE020B30EE070B30EE090B4A
:10D3800020EE0D0B84ED000B9FEDD30B9FEDD41B16
:10D390009FEDD52B2AEE000B0BEE010B30EE420B6E
:10D3A00020EE0C0B04F0CCF89FEDD11B30EE090BF6
:10D3B00089EE002BB0EE490B12EE080B20EE01DBDC
:10D3C0009FEDCD0B9FEDCE1B9FEDCF2B2AEE000BDB
:10D3D0000BEE010B30EE420B20EE0C0B04F0B0F81C
:10D3E0009FEDCB1B9FEDCC2B9FEDCD3B30EE090B82
:10D3F000204689EE004BB0EE490B14EE080B00EE10
:10D4000001DB3DEE020B30EE090B20EE030B80ED4D
:10D41000020B9FEDC5DBB0EE4F0B30EE4D0B20EE57
:10D420000C0B04F08DF89FEDC2FB9FEDC3AB30EE0B
:10D43000094B9DED300B9DED322BB0EE491B89EE73
:10D44000003BB0EE490B12EE081BB0EE4F2B13EE73
:10D45000080B89EE043B9FEDBAEB9FEDBBBBB0EE32
:10D46000494B13EE084BB0EE4E3B24EE022B01EE7F
:10D470000A2B9FEDB71B204600EE032B32EE0B0B61
:10D4800030EE090B20EE010B80ED040B9DED1A0B25
:10D4900030EE4D0B20EE0C0B04F052F830EE092B61
:10D4A0009DED1E0BB0EE494BB0EE495B89EE003BA3
:10D4B0009DED200BB0EE4F1B10EE084B89EE020BDA
:10D4C000B0EE492B13EE085BB0EE4E3B10EE082B8E
:10D4D0009FED9F6B204622EE010B04EE0A0B05EE3A
:10D4E000030B30EE0B0B30EE090B20EE060B80ED3C
:10D4F000060B9DED360B30EE4D0B20EE0C0B04F0C1
:10D500001FF830EE095B9DED2E0B9DED123BB0EE4A
:10D51000492B89EE006B13EE082BB0EE493BB0EEC1
:10D52000491BB0EE4F4BB0EE4E0B16EE083B89EEAA
:10D53000056B9FED875B204616EE081B21EE041B52
:10D5400002EE0A1B03EE001B31EE0B0B30EE090B53
:10D5500020EE050B80ED080B9DED040B30EE4D0B1E
:10D5600020EE0C0B03F0ECFFB0EE4F3BB0EE4E4B59
:10D57000B0EE491B9FED765B9FED77DB9DED186B61
:10D58000B0EE412B30EE010B81EE067B9DED166B6C
:10D590008DED36DB8DED04DB16EE082B21468DED8F
:10D5A0003CDB0020B0EE4DFBB0EE4DEB0DF1180969
:10D5B0000DF1880A0DF1F80B0DF5947E81EE006BEC
:10D5C000B0EE410B16EE080BB0EE416B17EE086B98
:10D5D00020EE030B02EE0A0B06EE040B30EE0B0BF3
:10D5E00030EE010B20EE050B81ED0A0BB7EE000BC0
:10D5F00056A901EBC00605EBC0020EEBC0030BEB16
:10D60000C00709EBC00C0AEBC00192ED2E5B93ED55
:10D61000006B96ED004B97ED003B9CED001B91EDF0
:10D62000002B35EE005B36EE006B34EE004B33EE34
:10D63000003B31EE001B32EE002B08EBC0018FE007
:10D64000504C0024831AE13EEC0B973F6F2795194D
:10D6500004D81940EF99745768D8E93FD6EA129F69
:10D66000B868F83F977D03E756BEF43F75E08AF34C
:10D6700023D5DE3FB9B8CF3B0A0B004020B7338A31
:10D68000E319E73F95657F9FD871EEBF35B6DDCFD3
:10D690000784FE3F4CEC10B3693EFD3FBEF7B3F389
:10D6A00053E9FD3FDEBA75A4903A0040E78F3BB4E2
:10D6B000A120FE3FAD1FA3E9D94DE2BFE6787A86EF
:10D6C000BC6EF3BF9FC47A826750DA3F857E540DEB
:10D6D000A8725440704D0024AD7B0AE085AF004035
:10D6E00082F9CDBFF816E53F308C5E35F2F3FD3F91
:10D6F000911CC2D558AEF43FA141CB5D4147E7BF75
:10D70000268AE5BDA12801404E0F41B0D32AF63F3D
:10D71000DBBA77296B55EF3F90F52CCB5573D93F8A
:10D7200038C6D55652EB574003A245091FF5FD3FB9
:10D730004583B26D399DFF3F53A8BF844914D6BFBE
:10D74000626758BC16B7F0BF71F5C52F19C5E33F26
:10D75000DDCB731402D8554000000000000000002B
:10D7600080EE05CB01F50061401C062880EE065BCB
:10D7700091ED7C6B80EE047B91ED704B80EE02BBF3
:10D78000B0EE402B15EE082BB0EE405B17EE085BB9
:10D7900080EE039BB0EE407B91ED883B02EE06EB02
:10D7A00005EE03DB80EE01ABB0EE401B19EE087B0B
:10D7B000B0EE409B1CEE081B1AEE089B01EE04FB2A
:10D7C0009DED361B07EE031B1BEE080B8DED361B84
:10D7D0009DED041B09EE031B8DED041B9DED3C1B11
:10D7E00000EE031B8DED3C1BFFF600AFB7EE002BE8
:10D7F0009FED396B9FED2A3B9FED2B5B9FED2C4BF3
:10D800009FED2D0B9FED2E1B9FED2FBB9FED30ABA2
:10D810008DED126B1FED736B3FEE455BB0EE46CBAB
:10D820003EEE046B9DED364B3DEE037B34EE038BF9
:10D830009DED044B34EE039B9DED3C4B34EE033BDE
:10D8400035EE024B36EE025B37EE026B38EE027BB2
:10D8500039EE028B33EE022B04EE0BAB9DED124B37
:10D86000B0EE4C3B05EE043BB0EE414BB0EE415BFD
:10D8700084ED18AB06EE004BB0EE416B02EE001BE0
:10D8800008EE006B84ED221B683407EE005B84EC2D
:10D89000083B0DF5597DBDEC108BBDE8F08F000005
:10D8A0009A668C95C8769F3FEFC321EE03B9A03FDF
:10D8B00009B7459F9D33703F74EAF4BE241F44406E
:10D8C00052C448F2E21A5740D6F2CA4FC08D3B40CC
:10D8D000D5DA9D8A57CE54403BD5CD2844374640B3
:10D8E00000EB8100006E00F0F84070478068C0F3E4
:10D8F000C00070478068C0F3800070478068C0F344
:10D9000080007047C06810F4406F01D0002070475D
:10D910000120704700EB8101034B51F8600F20F0AC
:10D9200000401043086070470060025870B514460C
:10D930000D4613460A4606460146002003F0B6FC93
:10D94000012023462A46314603F0B0FCBDE8704072
:10D9500003F0D2BC014606294FF47A7018D2DFE8F2
:10D9600001F01703080B0E114FF4C8710246002096
:10D970000CE0C8220146FAE70022114606E0024602
:10D98000114603E08C2102464FF41670FFF7CEBF1C
:10D9900000221146EBE7000002490A78824200D0DB
:10D9A0000870704750000024B5EEC00B80ED000BEE
:10D9B000F1EE10FA03D89FED020B80ED000B7047DB
:10D9C000000000000000000070B58CB00024684624
:10D9D000242109940A940B94F2F740FD424806254D
:10D9E000404E0822EB0301210660C0E90134C0E982
:10D9F00004120476032244768E02C5614FF4B463A8
:10DA000080F82040C46304648362C0E90B6280F83C
:10DA100044408164F4F7DAFD08B1F4F719F83248AC
:10DA200009A90994F4F7FAF908B1F4F711F840F2EA
:10DA3000FF762E4804220521CDE90424CDE9000516
:10DA4000CDE90216284869468DF82140F4F77AFAA4
:10DA500008B1F3F7FDFF0C212548CDE9000122486C
:10DA60006946F4F76FFA08B1F3F7F2FF1221214883
:10DA7000CDE900011C486946F4F764FA08B1F3F7F0
:10DA8000E7FF18211C48CDE9000117486946F4F763
:10DA900059FA08B1F3F7DCFF4FF480711748CDE96C
:10DAA000000111486946F4F74DFA08B1F3F7D0FFC9
:10DAB0004FF483711248CDE900010B486946F4F731
:10DAC00041FA08B1F3F7C4FF074800213246F4F7E2
:10DAD00057F90C494FF416620348F4F739FF0CB0BC
:10DAE00070BD000000200240704E00240800900C21
:10DAF0001000C0102000F0140004002A0008302E8E
:10DB00000000844BF0190024194808B5016841F061
:10DB10000101016000680022052100F00100009071
:10DB20000B20F7F787FD0B20F7F777FD0022052183
:10DB30000C20F7F77FFD0C20F7F76FFD0022052181
:10DB40000F20F7F777FD0F20F7F767FD002205217B
:10DB50001020F7F76FFD1020F7F75FFD0022052179
:10DB60001120F7F767FDBDE808401120F7F755BD14
:10DB7000D84402582DE9F0411D480024DFF86CC05C
:10DB80004FF4407E012200F11408C0F800C01427B1
:10DB9000C0E902E402744FF03B0C42740226827426
:10DBA000042588E8841000F124084FF00D0C07626A
:10DBB0000821122388E8441000F140020663C0E9FE
:10DBC0000D45C56382E81A00C0E91331C0E915317B
:10DBD0008366C165C0E91814F6F780FD002803D0FC
:10DBE000BDE8F041F3F734BFBDE8F08100A000408C
:10DBF000584F0024474A0421062010B505F070FF55
:10DC0000454C0421434A18322064052005F068FF82
:10DC1000404A042160646420303205F061FFA06452
:10DC200000213E4A3E4806F011F83C4A002120609F
:10DC30003C48243206F00AF8384A002160603A482D
:10DC4000483206F003F8354A0021A06037486C32AC
:10DC500005F0FCFF314A0021E0603548903205F0C4
:10DC6000F5FF2E4A002120613248B43205F0EEFF64
:10DC70002A4A002160613048D83205F0E7FF274A80
:10DC80000021A0612D48FC3205F0E0FFE061002199
:10DC90002B4A2C4805F0DAFF294A002120622A4845
:10DCA000243205F0D3FF264A00216062274848321B
:10DCB00005F0CCFF224A0021A06225486C3205F015
:10DCC000C5FF144A0021E0622248903A05F0BEFFE9
:10DCD000104A0021206320486C3A05F0B7FF0D4A36
:10DCE000002160631D48483A05F0B0FF094A002151
:10DCF000A0631B48243A05F0A9FFE06305484830BB
:10DD000005F04EFEE0640348583005F049FE2065FA
:10DD100010BD000040770308B00000240075030820
:10DD2000CDF0020809F0020859FA0208FDF60208CF
:10DD300011F00208D5F002082D000308E9FE0208E0
:10DD400020760308D5F8020841000308DDFC02082C
:10DD5000BDF4020835000308DDF00208A9F6020848
:10DD60000DEF02082DE9F04F87B014216846F2F755
:10DD700075FB4C48016841F010010160016801F039
:10DD800010010591016841F004010160016801F092
:10DD900004010591016841F080010160016801F012
:10DDA00080010591016841F001010160016801F005
:10DDB00001010591016841F002010160016801F073
:10DDC00002010591016841F008010160006800222C
:10DDD000DFF8D4907E2100F0080005904846F6F761
:10DDE000EBFFDFF8C8A04FF46046002231465046F2
:10DDF000F6F7E2FFDFF8B8B04FF48057002239465B
:10DE00005846F6F7D9FF40F65B082A4801224146FA
:10DE1000F6F7D2FF274800222021F6F7CDFF002495
:10DE2000694601257E200090CDE9015448460394BF
:10DE3000F6F7B4FE00966946CDE9015450460394C6
:10DE4000F6F7ACFE04206946CDE90004584602947A
:10DE5000F6F7A4FE4DF280506946CDE9000448462D
:10DE60000294F6F79BFE00976946CDE901545846A7
:10DE70000394F6F793FECDF800806946CDE901548E
:10DE80000C480394F6F78AFE02202021CDE9001504
:10DE9000CDE9024007486946F6F780FE07B0BDE8C5
:10DEA000F08F0000E04402580010025800080258A9
:10DEB00000040258000C02581348002110B5114C00
:10DEC0000123124A0460C0E90121C0E90331416124
:10DED0008161C1610162F6F7D1FF08B1F3F7B8FDC6
:10DEE00009480021F6F774FF08B1F3F7B1FD0648C1
:10DEF0000021F6F799FF002803D0BDE81040F3F7A2
:10DF0000A7BD10BD00540040F84F0024FB49D000CD
:10DF10001348002110B5114C0123124A0460C0E9D6
:10DF20000121C0E9033141618161C1610162F6F7FC
:10DF3000A5FF08B1F3F78CFD09480021F6F748FF6B
:10DF400008B1F3F785FD06480021F6F76DFF0028BC
:10DF500003D0BDE81040F3F77BBD10BD005C00406E
:10DF60004C500024724E40602DE9F04116480021CB
:10DF70004FF48007134E0722BD00C0E903214FF084
:10DF80004053C0E90731AC00416281624FF4003C6C
:10DF90002201C162C0E90D21C16301644164816451
:10DFA000C164016541658165C0E9055480E8C01020
:10DFB000F9F754F8002803D0BDE8F041F3F748BD65
:10DFC000BDE8F081003C0040A050002430B58FB087
:10DFD00000241C21009407A8019402940394049443
:10DFE00005940694F2F73AFA234840F2E1420A23F4
:10DFF000204D8021C0E9024204618161C0E90053E3
:10E00000F9F7FEFA08B1F3F723FD4FF480500090C2
:10E0100019486946F9F760FC08B1F3F719FD16488D
:10E02000FAF727F808B1F3F713FD134804A904948D
:10E030000694F9F789FA08B1F3F70AFD6020CDE9F3
:10E04000070404210C480A4609940B9107A9F9F723
:10E050007EFF08B1F3F7FCFC07480021FAF73CF813
:10E0600005480421FAF738F80348F9F7EFFE0FB036
:10E0700030BD0000001800408853002430B587B040
:10E080001C216846F2F7EAF9184840F2E141002401
:10E09000154D0A238022C0E9024104618261C0E972
:10E0A0000053F9F7ADFA08B1F3F7D2FC0F48F9F7CE
:10E0B000E0FF08B1F3F7CCFC602002940421049146
:10E0C000CDE90004094800226946F9F740FF08B18C
:10E0D000F3F7BEFC05480021F9F7FEFF0348F9F706
:10E0E000B5FE07B030BD000000200040D45300242E
:10E0F00030B59BB000241C21009414A80194029414
:10E100000394049405940694F2F7A8F9342107A81F
:10E11000F2F7A4F931480A222F49802540F2E14361
:10E1200080E81600C0E90334C0E90545F9F768FA4C
:10E1300008B1F3F78DFC4FF48050009027486946F2
:10E14000F9F7CAFB08B1F3F783FC2448F9F791FF0C
:10E1500008B1F3F77DFC214804A904940694F9F76B
:10E16000F3F908B1F3F774FC602016940421CDE9AB
:10E1700014041A480022CDE9174114A919941A94DD
:10E18000F9F7E5FE08B1F3F763FC1448042214A97B
:10E19000F9F7DDFE08B1F3F75BFC4FF4005007948C
:10E1A000089407A909940A94CDE90B400B480D94F3
:10E1B0001394F9F779F908B1F3F74AFC07480021FD
:10E1C000F9F78AFF05480421F9F786FF0348F9F7B4
:10E1D0003DFE1BB030BD0000004001402054002433
:10E1E00030B595B01C210DA8F2F738F934216846F6
:10E1F000F2F734F92248002420490A22802540F20F
:10E20000E14380E81600C0E90334C0E90545F9F7A9
:10E21000F7F908B1F3F71CFC1948F9F72AFF08B120
:10E22000F3F716FC6020CDE90D0404211448002208
:10E230000F941294CDE910410DA91394F9F787FEBC
:10E2400008B1F3F705FC4FF40050009401946946BF
:10E250000294CDE904400A48039406940C94F9F71B
:10E2600023F908B1F3F7F4FB05480021F9F734FF6F
:10E270000348F9F7EBFD15B030BD00000044014044
:10E280006C54002410B594B01C210DA8F2F7E6F8E8
:10E2900034216846F2F7E2F8214800241F490A2297
:10E2A00040F2E14380E81600C0E903344461846130
:10E2B000F9F7A6F908B1F3F7CBFB1948F9F7D9FE3E
:10E2C00008B1F3F7C5FB6020CDE90D040421144823
:10E2D00000220F941294CDE910410DA91394F9F77F
:10E2E00036FE08B1F3F7B4FB4FF4005000940194EC
:10E2F00069460294CDE904400948039406940C94BD
:10E30000F9F7D2F808B1F3F7A3FB05480021F9F7B4
:10E31000E3FE0348F9F79AFD14B010BD0048014030
:10E32000B854002430B58DB024216846F2F796F831
:10E33000194800244FF6FF75164B099401220A94E0
:10E340000A210B94C0E90034C0E9024504610323AB
:10E35000446184610093CDE90142CDE90341CDE9F7
:10E360000542CDE907416946F9F734FB08B1F3F7F7
:10E370006FFB094809A909940A940B94F9F7E4F88A
:10E3800008B1F3F765FB04483C21F9F773FC0DB0C5
:10E3900030BD0000000001402851002470B58CB051
:10E3A00024216846F2F75AF8174800240A214FF64C
:10E3B000FF73099401220A944E070B94802506608E
:10E3C00003264460C0E90243856104610096CDE9FB
:10E3D0000142CDE90341CDE90542CDE90741694656
:10E3E000F9F7F8FA08B1F3F733FB074809A90994DC
:10E3F0000B94F9F7A9F808B1F3F72AFB02483C217E
:10E40000F9F738FC0CB070BD7451002430B58DB0F4
:10E4100024216846F2F722F818480024164D4FF6DA
:10E42000FF73099401220A940A210B9405600325C5
:10E430004460C0E90243046184610095CDE9014272
:10E44000CDE90341CDE90542CDE907416946F9F738
:10E45000C1FA08B1F3F7FCFA084809A909940B942A
:10E46000F9F772F808B1F3F7F3FA04483C21F9F729
:10E4700001FC0DB030BD000000040040C05100247C
:10E4800070B58CB024216846F1F7E8FF18480024E5
:10E49000164E4FF6FF73099401220A9480250B94BF
:10E4A0000A21066003264460C0E9024385610461D5
:10E4B0000096CDE90142CDE90341CDE90542CDE920
:10E4C00007416946F9F786FA08B1F3F7C1FA084837
:10E4D00009A909940B94F9F737F808B1F3F7B8FADA
:10E4E00003483C21F9F7C6FB0CB070BD00080040A2
:10E4F0000C52002430B58DB024216846F1F7AEFFF0
:10E5000018480024164D4FF6FF73099401220A940F
:10E510000A210B94056003254460C0E902430461AD
:10E5200084610095CDE90142CDE90341CDE9054281
:10E53000CDE907416946F9F74DFA08B1F3F788FAD2
:10E54000084809A909940B94F8F7FEFF08B1F3F7FE
:10E550007FFA04483C21F9F78DFB0DB030BD000077
:10E56000000C0040585200243EB5114800240F22F0
:10E570000E4D2A2300940194802102948161C0E908
:10E580000242C0E90053F9F73BF808B1F3F760FA2B
:10E5900020200090064869460294F8F7D5FF08B19C
:10E5A000F3F756FA0248F9F733F93EBD0010004080
:10E5B000A45200243EB51248002440F2E7324FF442
:10E5C0008973009480210194029481610B4DC0E90C
:10E5D0000242C0E90053F9F713F808B1F3F738FA2B
:10E5E00020200090064869460294F8F7ADFF08B174
:10E5F000F3F72EFA0248F9F70BF93EBD001400407C
:10E60000F052002430B58DB024216846F1F726FF82
:10E61000194800244FF6FF75164B099401220A94FD
:10E620000A210B94C0E90034C0E9024504610323C8
:10E63000446184610093CDE90142CDE90341CDE914
:10E640000542CDE907416946F9F7C4F908B1F3F786
:10E65000FFF9094809A909940A940B94F8F774FF83
:10E6600008B1F3F7F5F904483C21F9F703FB0DB0C5
:10E6700030BD0000000401403C5300241848002134
:10E6800010B5164C0C224FF4E1330460C0E901319F
:10E69000C160C0E904128161C161016241628162AD
:10E6A000FAF762F808B1F3F7D3F90D480021F9F74A
:10E6B000F8FD08B1F3F7CCF909480021F9F7CBFDD3
:10E6C00008B1F3F7C5F90648F9F7A3FD002803D010
:10E6D000BDE81040F3F7BCB910BD000000100140C8
:10E6E0000455002410B51F4C1F482060F3F742FB6F
:10E6F00000210C22C4E90101E1602046C4E90412B2
:10E70000A161E16121626162A162FAF72DF808B1AD
:10E71000F3F79EF913480021F9F7C3FD08B1F3F7A9
:10E7200097F910480021F9F796FD08B1F3F790F931
:10E730000C48F9F76EFD08B1F3F78AF90B4880220F
:10E740000B49007800EB801001EB40010548FAF717
:10E750008BF92168102008622068016841F01001DF
:10E76000016010BD98550024004800403D00002481
:10E77000B0310024FEE700002DE9F047224F4FF0B2
:10E7800000094C46A7F13006A7F11808A6F11805B4
:10E7900056F8241055F82400F9F79EFC37F81410A9
:10E7A000002258F82400F6F707FB56F8240088B139
:10E7B000042815D0082819D00C281DD055F824108D
:10E7C0001028484609681DD0C865641C062CDFDB8C
:10E7D000BDE8F08755F824100968C1F83490F4E7D3
:10E7E00055F824100968C1F83890EEE755F8241060
:10E7F0000968C1F83C90E8E755F824100968C1F8A9
:10E800004090E2E78865E0E7206203082DE9F041E7
:10E810000628044630D25648554A5032055740F231
:10E82000E240A2F11803A2F1480615FB01F1A2F1A2
:10E8300030070DB2854201DD054606E04D488542B0
:10E8400001DA054631E0002D2EDD32F814104FF0CC
:10E85000010253F82400F6F7AFFA57F8240068B124
:10E86000042810D0082813D00C2816D0102856F8E9
:10E870002400006816D0C565BDE8F08156F8240074
:10E8800000684563F8E756F8240000688563F3E7FD
:10E8900056F824000068C563EEE756F824000068C7
:10E8A0000564E9E78565E7E732DA32F814100022FB
:10E8B00053F82400F6F780FA57F8240070B10428C2
:10E8C00012D0082816D00C281AD0102856F8240088
:10E8D000C5F10001006819D0C165CDE756F82400E4
:10E8E000694200684163C7E756F82400694200683E
:10E8F0008163C1E756F8240069420068C163BBE741
:10E9000056F82400694200680164B5E78165B3E701
:10E9100057F824100020A1B1042917D008291AD0D3
:10E920000C291DD0102956F8241009681DD0C8657F
:10E9300032F81410002253F82400BDE8F041F6F735
:10E940003BBA56F8241009684863F1E756F82410DA
:10E9500009688863ECE756F824100968C863E7E79C
:10E9600056F8241009680864E2E78865E0E70000CB
:10E97000D06103081EFBFFFFFEE7000070EE600A97
:10E9800090ED031AB0EEE00AB4EEC10AF1EE10FA0F
:10E9900006D8C0ED060A9FED240A80ED050A7047EF
:10E9A00090ED050AD0ED041A90ED002A90ED0B1AB7
:10E9B00000EEA10A62EE202A80ED050AB4EEC10A3B
:10E9C000F1EE10FA06DC90ED0A1AB4EEC10AF1EE8F
:10E9D00010FA01D280ED051AD0ED063A90ED010A49
:10E9E00090ED052A70EEE33A90ED023A20EE020A2D
:10E9F00090ED091A83EEA12A32EE800A63EE021A24
:10EA000030EE210AB4EEC01AF1EE10FA06D390ED02
:10EA1000081AB4EEC01AF1EE10FA01DDB0EE410AA8
:10EA2000C0ED060A7047000000000000DFED064A56
:10EA3000C0ED054AC0ED064AC0ED074A80EC050A64
:10EA40002030C0EC042A70470000000000B5AFB0D1
:10EA5000B8216846F1F702FD002015904FF0004103
:10EA6000CDE900106846F7F789F9002801D072B6A1
:10EA7000FEE72FB000BD000070B5094D0024094E1F
:10EA800004EBC40004EB440105EB800090EC090AA0
:10EA900006EB0110FFF7CAFF641C062CF0DB70BD0B
:10EAA000385F0308F00100242DE9F047454D044686
:10EAB00089464FF0000A2868C04380070AD0414EBB
:10EAC000283E306820F080603060F6F77BF907461A
:10EAD000B04608E00120BDE8F08700BFF6F772F904
:10EAE000C01B022867D8D8F800000001F6D42068BF
:10EAF00029684FF4FE0721F47C313E0241EA0030E0
:10EB00002860207AA389B4F804C040022D4D2D4915
:10EB10005B1E227CACF1010C1035091DA0F50070C4
:10EB200080B2521ECCF3080C07EA034340EA0C0003
:10EB3000184306EA0262104328600868626920F000
:10EB4000C000104308600A68A06922F02002024356
:10EB50000A60281D0A6822F010020A6002684FF657
:10EB6000F873E4699A4342EAC40202600868B9F1A2
:10EB7000000F40F010020A6011D00868B9F1010FCF
:10EB800011D040F400100860D8F80000444640F06E
:10EB90008060C8F80000F6F715F905460DE0086832
:10EBA00040F40020EFE740F48010ECE7F6F70AF9B4
:10EBB000401B022801D903208DE720680001F5D50C
:10EBC000504688E7284402582DE9F047454D044651
:10EBD00089464FF0000A2868C04380070AD0414E9A
:10EBE000283E306820F080503060F6F7EBF807469A
:10EBF000B04608E00120BDE8F08700BFF6F7E2F874
:10EC0000C01B022867D8D8F800008000F6D42088FE
:10EC100029684FF4FE0721F07C713E0241EA005062
:10EC20002860207AA389B4F804C040022D4D2D49F4
:10EC30005B1E227CACF1010C1835091DA0F500709B
:10EC400080B2521ECCF3080C07EA034340EA0C00E2
:10EC5000184306EA0262104328600868626920F4DB
:10EC60004060104308600A68A06922F40072024301
:10EC70000A60281D0A6822F480720A6002684FF652
:10EC8000F873E4699A4342EAC40202600868B9F181
:10EC9000000F40F480720A6011D00868B9F1010FCA
:10ECA00011D040F080700860D8F80000444640F071
:10ECB0008050C8F80000F6F785F805460DE00868B2
:10ECC00040F48000EFE740F40000ECE7F6F77AF854
:10ECD000401B022801D903208DE720688000F5D56C
:10ECE000504688E7284402580348044902780978C6
:10ECF0008A4200D001707047AC2D00249C00002493
:10ED000070B5054627480022202145602648F6F7C1
:10ED100053F82648F9F7EDFA244C2068016821F0F1
:10ED2000100101602046F9F72DFB002120480C223C
:10ED300020602046C4E90151E160C4E90412A161E8
:10ED4000E16121626162A162F9F70EFD08B1F2F79B
:10ED50007FFE16480021F9F7A4FA08B1F2F778FE11
:10ED600012480021F9F777FA08B1F2F771FE0F485F
:10ED7000F9F74FFA08B1F2F76BFE0E4880220E4900
:10ED8000007800EB801001EB40010848F9F76CFEB9
:10ED90002168102008622068016841F010010160BC
:10EDA00070BD00009C000024000C025898550024FF
:10EDB000004800403D000024B031002410B5026836
:10EDC00040F26F335169946944F008049461026819
:10EDD000946944F0100494610268146824F00104FA
:10EDE0001460026814699C4314610268936823F4F8
:10EDF0004043936090F88120042A0CD08A060AD5FB
:10EE0000D0F8842042F08002C0F884200268936920
:10EE100043F02003936190F88120032A0CD04A0626
:10EE20000AD5D0F8842042F00402C0F88420026899
:10EE3000936943F0400393618A050AD5D0F8842092
:10EE400042F00102C0F884200268936943F4007321
:10EE50009361C9050AD5D0F8841041F00801C0F8C3
:10EE6000841001688A6942F480728A610021A0F8E6
:10EE70006210A0F86A1010BD2DE9F0411C4616463C
:10EE80000D460746DDF818800AE000BFF5F79AFF47
:10EE9000A0EB0800A04202D3601C01D00BE054B1EB
:10EEA0003868406935EA000007D00020B042EDD054
:10EEB0000020BDE8F0810320FBE70120F6E7000019
:10EEC000F8B50F4806210090A0F11803A0F1300218
:10EED0000C48F2F7C6FC0A4D0B4E18355FF00004E3
:10EEE00004EBC40004EB440105EB800090EC090A3C
:10EEF00006EB0110FFF79AFD641C062CF0DBF8BD51
:10EF0000A060030858030024D804002492B003F042
:10EF1000E1FA1E4C207850B91D4803F0A0FB1C48B4
:10EF200003F05CFB012020701AA002F015FA204CBF
:10EF30000026204D4FF480774FF4C0792078F8B147
:10EF400094F8008026701CA02988424602F004FA3A
:10EF50002888B84214D11F496B460D48424603F039
:10EF600055FB9DF8420058B1BDF840306A461A483A
:10EF7000494603F06DFD38B118A000BF02F0ECF96E
:10EF80000A2004F0D5FCD9E71AA0F7E758000024BE
:10EF90008037002443414E46442070726F746F6383
:10EFA0006F6C20696E697420646F6E650D0A0000D5
:10EFB000AA000024AC00002443414E46442052588D
:10EFC0002049443D307825303358204C454E3D256E
:10EFD000640D0A00304E0024584F002443414E4631
:10EFE00044205245504C59205458204641494C0D1C
:10EFF0000A00000043414E4644205245504C5920DF
:10F000005458204F4B0D0A00642004F091FCFBE79C
:10F0100008B506F091FD264D4FF4C8774FF0FF3943
:10F020000090A5F596564946012005F035FCDFF81D
:10F03000848000240020394600EB400206EB800368
:10F0400005EB8202401C884232F8142000EE102AA0
:10F05000B8EE400A83ED000AEED31648183003F0EC
:10F0600089FB08EB8400641C062C80ED000AE1D3C8
:10F0700011491048F9F76EFF114903230E48062283
:10F080009FED0E0A04F022FC0D480621F2F7E4FA87
:10F09000F2F786F90B48F8F771FB05494FF4166251
:10F0A0000948F3F755FC0321684605F095FDBAE7DA
:10F0B000F019002418070024700D0024CDCC4C3E1C
:10F0C000B0130024A4520024704E0024012004F048
:10F0D0002FFCFBE7642004F02BFCFBE7ADF5287D5B
:10F0E00006F02AFD46ADA6904CAE52AF0DF5B078B5
:10F0F0000DF5BC79062152A8F2F77AF9062158A835
:10F10000F2F7AAF9062146A8F2F7DAF906214CA887
:10F11000F2F724FA0020414605EB800292ED000A46
:10F12000B5EEC00AF1EE10FA03D2B1EE400A82ED5C
:10F13000000A06EB800292ED000AB5EEC00AF1EE7D
:10F1400010FA03D2B1EE400A82ED000A07EB80020A
:10F1500092ED000AB5EEC00AF1EE10FA03D2B1EE5C
:10F16000400A82ED000A01EB800292ED000AB5EE42
:10F17000C00AF1EE10FA03D2B1EE400A82ED000AA5
:10F18000401CC0B20628C7D39DED460AC74CB7EE57
:10F19000C00A84ED000B9DED470AB7EEC00A84ED6E
:10F1A000020B9DED480AB7EEC00A84ED040B9DEDFD
:10F1B000490AB7EEC00A84ED060B9DED4A0AB7EE88
:10F1C000C00A84ED080B9DED4B0AB7EEC00A84ED32
:10F1D0000A0B9DED4C0AB7EEC00A84ED0C0B9DEDB9
:10F1E0004D0AB7EEC00A84ED100B9DED4E0AB7EE46
:10F1F000C00A84ED140B9DED4F0AB7EEC00A84EDF2
:10F20000180B9DED500AB7EEC00A84ED1C0B9DED66
:10F21000510AB7EEC00A84ED200B9DED520AB7EEFD
:10F22000C00A84ED240B84ED300B84ED0E0B9DEDB4
:10F23000530AB7EEC00A84ED260B84ED340B84ED3F
:10F24000120B9DED540AB7EEC00A84ED280B84ED35
:10F25000380B84ED160B9DED550AB7EEC00A84ED10
:10F260002A0B84ED3C0B84ED1A0B9DED560AB7EE8C
:10F27000C00A84ED2C0B84ED400B84ED1E0B9DED3C
:10F28000570AB7EEC00A84ED2E0B84ED440B84EDD3
:10F29000220B9DED580AB7EEC00A84ED320B9DEDAE
:10F2A000590AB7EEC00A84ED360B9DED5A0AB7EE47
:10F2B000C00A4FF48C72684604F1080184ED3A0BE1
:10F2C0009DED5B0AB7EEC00A84ED3E0B9DED5C0A36
:10F2D000B7EEC00A84ED420B9DED5D0AB7EEC00AA1
:10F2E00084ED460BF1F7A1F8D4E9002376A804F0E9
:10F2F000E7F9C02276A904F59070F1F796F804F5C5
:10F30000907090ED0C0BB7EEC00B8DED6A0A90ED8E
:10F310000E0BB7EEC00B8DED6B0A90ED100BB7EE38
:10F32000C00B8DED6C0A90ED120BB7EEC00B8DED9E
:10F330006D0A90ED140BB7EEC00B8DED6E0A90EDDB
:10F34000160BB7EEC00B8DED6F0A90ED000BB7EE0C
:10F35000C00B8DED640A90ED020BB7EEC00B8DED86
:10F36000650A90ED040BB7EEC00BB1EE400A8DEDCF
:10F37000660A90ED060BB7EEC00BB1EE400A8DEDBC
:10F38000670A90ED080BB7EEC00BB1EE400A8DEDA9
:10F39000680A90ED0A0BB7EEC00BB1EE400A8DED96
:10F3A000690A90ED180BB7EEC00B8DED700A90ED69
:10F3B0001A0BB7EEC00B8DED710A90ED1C0BB7EE7A
:10F3C000C00B8DED720A90ED1E0BB7EEC00B8DEDEC
:10F3D000730A90ED200BB7EEC00B8DED740A90ED23
:10F3E000220BB7EEC00B8DED750A90ED240BB7EE36
:10F3F000C00B8DED5E0A90ED260BB7EEC00B8DEDC8
:10F400005F0A90ED280BB7EEC00B8DED600A90ED12
:10F410002A0BB7EEC00B8DED610A90ED2C0BB7EE09
:10F42000C00B8DED620A90ED2E0B214C0020DFF811
:10F4300084C04A46B7EEC00B8DED630A9FED1E0AED
:10F4400002EB80031968A14203DA614501D283ED22
:10F45000000A401CC0B20628F2D3062164A8F2F7C5
:10F460002FF906216AA8F2F7E1F9062170A8F2F750
:10F470008FF906215EA8F2F7A5F9F1F791FF0621B1
:10F4800064A8F2F71DF906216AA8F2F7CFF9062160
:10F4900070A8F2F77DF906215EA8F2F793F9F1F76B
:10F4A0007FFF1E21A6A805F097FB23E6A0350024C8
:10F4B0009A99993E9A9999BE000000000F213A4C02
:10F4C000206804F043FA39A001F046FF0120FEF75E
:10F4D00063FAF2F7EDFB054601463DA001F03CFF63
:10F4E000012D07D02068082104F070FA3EA001F039
:10F4F00033FF49E02068042104F068FA41A001F0DC
:10F500002BFF2068002202214FF0FF3304F088FA1D
:10F51000444B0021444EDFF814C1DFF814819FED05
:10F52000450A08F10C090846421C53F820502F6880
:10F5300009EB8005796246F820104CF8201008F895
:10F540000010D0B2062885ED000AEDD33A480180BC
:10F550000C2237491820F1F70FFC02E01420F4F7D1
:10F5600053FDA020F1F7F0FB0028F7D1A020F1F720
:10F57000EBFB014631A001F0EFFE2D4806210C30D7
:10F58000F2F784F8F1F70CFF30A001F0E5FE2068F7
:10F59000012104F01BFA38A001F0DEFE0220FEF784
:10F5A000FBF904F0C9FA0000FC0000243E3E3E20B6
:10F5B0005B4C61756E63685D20626567696E206D86
:10F5C0006F64652073656C6563742E2E2E0D0A00C2
:10F5D0003E3E3E205B4C61756E63685D206D6F64DE
:10F5E00065313A25640A00003E3E3E205B4C617561
:10F5F0006E63685D206D6F64653D4E4F524D414CAA
:10F600000D0A00003E3E3E205B4C61756E63685DF6
:10F61000206D6F64653D43414C4942524154494F0E
:10F620004E0D0A0024000024E806002400070024F0
:10F63000343500240000000022000024726574208C
:10F640006973203A2025640D0A0000003E3E3E20EA
:10F650005B4C61756E63685D20736574204C415529
:10F660004E43485F444F4E455F4249542C206578D5
:10F670006974696E670D0A003E3E3E205B4C617501
:10F680006E63685D20646F6E652C206F74686572B0
:10F69000207461736B73206D61792072756E206EBA
:10F6A0006F770D0A0000000001F0EAFD124E30797C
:10F6B000C3B2C2B2C1B2002001F008FE00214FF473
:10F6C0007A740846C823224601F0F0FDC82322467A
:10F6D0000021012001F0EAFD3078FEF73BF9357892
:10F6E0003478AC4203D02046FEF734F92546322068
:10F6F00004F01EF9F4E70000500000242DED028B09
:10F700008EB09FED6C8A6C4C6D466C4E00210120D2
:10F710004FF0FF3204F04EFA69495FF00000694A89
:10F7200052F8207001EB800300EE907A93ED000A0E
:10F7300005EB8003F8EEE00A401C062800EE880A7C
:10F7400083ED000AECDB06216846F1F79FFFF1F735
:10F7500027FE5A4806213038F1F764FE5748062143
:10F760001838F1F715FF182107A8F0F777FE53496D
:10F77000554BDFF85891303901F11802A3F1180AFE
:10F780009FED532A5FF000000DF11C0B01EB800789
:10F7900005EB800C14F8008097ED000ADCED000A00
:10F7A000B8F1000F30EE600A13D0474F183707EB5F
:10F7B0008007D7ED000AF4EEC00AF1EE10FA1CDD66
:10F7C000F1EE600AF4EEC00AF1EE10FA15D200274D
:10F7D00012E03D4F303707EB8007D7ED000AF4EE1B
:10F7E000C00AF1EE10FA06D3F1EE600AF4EEC00A98
:10F7F000F1EE10FA01DD01272754275C03EB800CA2
:10F8000002EB800800EE907ADCED001A98ED001A09
:10F81000F8EE600AB5EEC01A60EEA10AF1EE10FA39
:10F8200060EE800A01D2B1EE411A09EB800797ED34
:10F83000000A81FE400AF4EEC00AF1EE10FA01DD82
:10F84000F0EE400AB1EE400AF4EEC00AF1EE10FA12
:10F8500001D2F0EE400A0AEB800797ED000A06EBB2
:10F860008007D7ED001A20EE021A30EEE10AB4EE5E
:10F87000C10AF1EE10FA01DDB0EE410AF1EE410AE3
:10F88000B4EEE00AF1EE10FA01D2B0EE600A0BEB32
:10F89000800C31EE800A401C062887ED000A8CEDB2
:10F8A000000AFFF673AF06215846F1F73DFFF1F766
:10F8B00077FD2BE70000803A00000024D8010024E7
:10F8C00040350024000700242860030808000024B5
:10F8D0000AD7233CC4B0DFF818810022202140461B
:10F8E000F5F76AFA434E0024439443A031787268D6
:10F8F00001F032FD3178484804F0ECFE464804F04F
:10F90000A9FE464F4FF0FF3BDFF814914FF0010A7C
:10F9100043A95A46386805F0DDFE0128F8D143981E
:10F920000028F5D08DF804418DF803418DF805418C
:10F9300070684290FFF7D8F943996B463648B1F8A2
:10F94000802004F09FFE0546FFF7CEF9002DDFD0A2
:10F950009DF802010028DBD0BDF800010028D7D0B7
:10F96000012240462021F5F727FABDF8002169461B
:10F970002B48F9F7F7F82BA001F0EEFC4D4602E01A
:10F98000012003F0D5FFD5F888002028F8D102E047
:10F99000012003F0CDFF2868C069C0434006F7D4BA
:10F9A00023A001F0D9FC9DF80501012802D142985D
:10F9B000FFF7A6F99DF80301012805D120A001F069
:10F9C000CBFC224981F800A09DF80401012808D150
:10F9D0001F48006803F0D9FFC00702D01D4981F815
:10F9E00000A0002220214046F5F7E6F990E700004C
:10F9F000000C02589C000024736C617665206164E1
:10FA000064723D25582C2062617564726174653D95
:10FA1000256C640D0A000000AC2D0024F0000024C9
:10FA200098550024616161616161610D0A00000007
:10FA3000626262626262626262620D0A00000000DB
:10FA40006363636363636363630D0A0041000024BF
:10FA5000FC000024400000242DED0A8B02224FF010
:10FA6000FF33012190B08A48006803F0D9FF9FED71
:10FA7000899A182107A8F0F7F1FCDFED87AA9FED1E
:10FA800087BADFED879A874D002101204FF0FF32C2
:10FA900004F090F884480188052001AC091DB1FBF1
:10FAA000F0F200FB1210814A07A900EB400300208E
:10FAB00002EB031252F8203004EB800600EE103AFD
:10FAC00001EB8003401CB8EEC01AD3ED000A0628F3
:10FAD00081EE2A0A20EE090A00EE8B0A83ED000A65
:10FAE00086ED000AE6DB06212046F1F703FEF1F77A
:10FAF00057FC6C4806211830F1F7C8FC6C4F387879
:10FB000000BB9FED6C8ADFF89C81002608F1180885
:10FB100008F1D80908EB860005EB860190ED001A84
:10FB2000F0EE480A81ED001A06EBC601B0EE690A54
:10FB300009EB8100F1F79CF9761CF6B2062EE9D3A9
:10FB400001203870574B18335FF0000103F1D802E1
:10FB500001EBC10003EB810602EB8000D6ED000A49
:10FB600090ED010A90ED051AD0ED001AD0ED022AB1
:10FB700020EE010A90ED063A90ED072A05EB81068A
:10FB800001EEA00AD0ED031A02EE830AD0ED042A9A
:10FB900090ED083A80ED061AC0ED050A80ED082ABE
:10FBA00001EEC20A02EEC30A80ED070A481CC1B288
:10FBB000062986ED000ACBD3DFF8E8A0A046DFF8DF
:10FBC000FC900024DFED3CBA9FED3D8A0AF1300A3B
:10FBD000B2EE08AA0AF1180B3A4804EB440108EB0C
:10FBE000840705EB8402D7ED000A92ED000A00EBD2
:10FBF0000110FEF7C3FE344AC4EBC4030AEB8400D1
:10FC000002EB840280ED000A0BEB83062F4892ED95
:10FC1000002A96ED011AD7ED001A005DC1EE020A26
:10FC200021EEABCA01EE100AB8EE411AC0EE8A1AF4
:10FC300061EE880A00EEC10A10EE100A484502DDA6
:10FC4000B0EE480A06E010EE100A2149884201D9B8
:10FC50009FED200A204800EB8400D0ED000A60EE02
:10FC6000808ABDEEE80A10EE100A01B22046FEF7C7
:10FC7000CDFD88EE880AF0EE4C0A304620EE0A0AE6
:10FC8000F1F758FE641CE4B2062CA5D3FCE6000094
:10FC9000FC000024A1A0A03C6F12833FFBFA7A3F36
:10FCA000FFFF79441003002422000024F8050024FB
:10FCB00006000024E9C3A940DB0FC94000409C4472
:10FCC00000409C44D8040024A060030800000024E5
:10FCD00000409CC400409CC48835002486B005F0D8
:10FCE0002BFF714DDFF8BCB1A5F130090490A5F1EF
:10FCF000180A05F130046C480621F1F75FFB6A48E9
:10FD000006211830F1F7A8FB674806213030F1F7DB
:10FD10006FFB654B0020DFF894E1483B03F1600185
:10FD200005EB800203EB800CD2ED000A9CED000A8B
:10FD300030EEC00A10EE102A5A4507D210EE102AF3
:10FD40005B4EB24202DA5B4A0126167001EB80027A
:10FD500009EB800792ED001A97ED000A31EE400A98
:10FD600010EE102A724507D210EE102A524EB242FF
:10FD700002DA504E0122327004EB80020AEB800658
:10FD8000DFF83881D2ED001A96ED000A31EEC00A94
:10FD900010EE102A42450AD210EE102ADFF8208118
:10FDA000424504DADFF80C81012288F80020401C6B
:10FDB000CCED000A87ED001AC0B20628C6ED001A85
:10FDC000AED33C480278012A01D00078C0B90620A1
:10FDD000354A0346CDE90010CDE90240032102F186
:10FDE000480004F0D3FC304912229031A1F14800C0
:10FDF00002F0BBFE2C49242200209031F0F7BCFF1A
:10FE0000304F002307211A46386803F009FE060028
:10FE100042D4F0070DD02C4901224020F0F7ACFF6E
:10FE200018B1C82003F084FDF5E73868012103F01C
:10FE30008DFDB00712D5DFF89080042203E0C820C2
:10FE400003F076FD0422412008F10401F0F794FF4D
:10FE50000028F4D13868022103F078FD70071BD523
:10FE60001AA06946042247F6CC760068009004E0A8
:10FE7000C82003F05DFD042269463046F0F77CFFA0
:10FE80000028F5D112A001F067FA3868042103F0C8
:10FE90005DFD1449012008700A2104A804F09CFEAD
:10FEA00029E7000033335DC3F82C0024CDCC0CC00F
:10FEB00033335D433C000024CDCC0C409A9999BF6C
:10FEC0009A99993F000100249C000024123456782E
:10FED0004F544120466C61672053746F7265640D06
:10FEE0000A000000420000242DED028B82B005F0D4
:10FEF00023FE009004F066FCDFF814A1DFF81491F3
:10FF0000454FAAF10405DFF81481A878012802D131
:10FF1000E878012832D0687801282FD03E480621A1
:10FF2000F1F74CFA3C4806211830F1F761FAD9F89C
:10FF3000000003F02AFD410701D5C1072BD010F0C6
:10FF4000090F16D0002446469FED358A07EB840141
:10FF500056F8240091ED000A00EE900AB0EE481A1F
:10FF60002046F8EE600A04F043FC641CE4B2062C60
:10FF7000ECD36421684604F02FFEC6E7BFF34F8F31
:10FF80002848294A016801F4E06111430160BFF388
:10FF90004F8F00BFFDE75FF0000456464FF0010BA6
:10FFA00007EB840158F82400D1ED000A00EE100A96
:10FFB000B8EE400AF4EEC00AF1EE10FA0ADB305D4A
:10FFC00040B900212046FEF721FC06F804B028784D
:10FFD000401C2870641CE4B2062CE1D32878062863
:10FFE000C7D34FF4FA742046F4F70EF82046F4F71E
:10FFF0000BF8D9F8000002214C4603F0E7FC20681A
:020000040803EF
:10000000082103F0E3FC2068042103F09FFCB0E723
:1000100043000024FC0000245835002490610308AC
:10002000CDCCCC3D0CED00E00400FA050A2003F035
:100030007FFCFBE74FF47A74204603F079FCFBE782
:100040001B4C86B06E46A4F11805194806213030C5
:10005000F1F702FA164806211830F1F717FA14489A
:100060000621F1F7C5F9124806211838F1F7DAF937
:100070000F4806213038F1F7A1F918216846F0F74A
:10008000EDF9002004EB800105EB800291ED000A00
:10009000D2ED000A06EB8003411C30EE600AC8B2C4
:1000A000062883ED000AEDD30A2003F041FCCCE7DB
:1000B000EC34002418490122402010B5F0F74EFE20
:1000C000154C18B9207808B1F72801D9C82020703C
:1000D0000422211D4120F0F741FE4FF4E13108B127
:1000E000616010BD6068B0F5165FFAD0B0F5964F4C
:1000F000F7D0B0F5164FF4D0B0F5614FF1D088428B
:10010000EFD0B0F5613FECD0B0F5E12FE9D0B0F51C
:10011000612FE5D110BD00009C0000244FF0E020CD
:1001200010B5006905F0FAFC012803D0BDE81040C5
:1001300005F00CB910BD000070B59CB04C216846AC
:10014000F0F78CF9202113A8F0F788F90220F5F7D1
:10015000A3FA1E48016821F44041016001680025AE
:1001600001F440411B9101688904FCD502200990EB
:100170000326C20340242C23CDE9006201210A900A
:10018000CDE90314CDE90B03CDE90D100FA90C2225
:1001900081E8250068461295F6F7CCFC08B172B6E6
:1001A000FEE708211595CDE91614CA011A943F20DF
:1001B0000321CDE91842CDE9130613A8F6F77CFA1E
:1001C000002801D072B6FEE71CB070BD1848025876
:1001D0002748F0B5274A016841F4700101601068B2
:1001E00000F00F00072804D2106820F00F00C01D97
:1001F000106021490020204C10340B681F4D43F043
:1002000001030B6020600B682B400B60136803F048
:100210000F03072B04D9136823F00F03DB1D1360B2
:10022000154C174A1834174B261D371D2060124CE9
:10023000154D28343060261D3860371D23603B1D66
:1002400035601C1D3A60251D2E1D1860331D22606F
:100250002860326018600A6843F2D204064B0B4DE6
:1002600022F4802260330A6018602C60F0BD000028
:1002700088ED00E000200052004402587FEDF6EACD
:1002800080020101000202020000FF010040005252
:1002900072B600224FF0E0210A614A618A614B1771
:1002A00011468A0002F1E022491C0829C2F8803177
:1002B000C2F88032F5DB07490860BFF34F8FBFF308
:1002C0006F8F62B60348001F016841F00071016042
:1002D0007047000008ED00E0034810B5F7F712FD85
:1002E000BDE81040F1F74ABBF0520024044810B5B5
:1002F000F7F708FDBDE810400248F7F703BD00001E
:100300003C5300240C5800242DE9F0472C4B4FF0AF
:10031000804A2C4D026898422B4E2C4F2C4C09D011
:10032000504507D0A84205D0B04203D0B84201D012
:10033000A04205D1D1F804C022F070024CEA0202BA
:10034000DFF890C0DFF890809842DFF8909015D0E9
:10035000504513D0A84211D0B0420FD0B8420DD0B2
:10036000A0420BD0604509D0404507D0484505D094
:100370001B4DA84202D01B4DA84203D1CD6822F4E8
:1003800040722A438E684D6922F08002C6620E6870
:100390002A439842866207D0A04205D0604503D028
:1003A000404501D0484501D1096901630368012135
:1003B00043F00403036041610260BDE8F087000080
:1003C000000001400004004000080040000C004014
:1003D0000004014000400140004401400048014049
:1003E00000E0004000E4004010B5046A012301F081
:1003F0001F018B409C4304628A40016A11430162E1
:1004000010BD42EA032283680A4323F47F410A4372
:1004100082607047034B82681A400A4342F007012A
:10042000816070478FFFCFFF2DE9F04FDFF88480A8
:10043000214EDFF88890DFF888B0026A036AB04284
:10044000DFF880A022F0020C1F4F23F001020262AD
:10045000426885698B680C6805EA080525F0030584
:1004600043EA0C0344EA050407D0484505D0584543
:1004700003D0504501D0B84205D1CD6823F0080320
:100480001D4325F00403B04207D0484505D0584528
:1004900003D0504501D0B84205D122F44076D1E9CD
:1004A000055235432A4342608461496841630362CF
:1004B000BDE8F08F8FFFFEFF000001400004014007
:1004C000004001400044014000480140F0B5DFF821
:1004D0007CE01F4C1F4D026A036AA04222F02006F6
:1004E00023F01003036242688369D1F808C00F68E3
:1004F00003EA0E0323F4407E46EA0C134EEA072675
:1005000001D0A84206D1CF6823F0800343EA071345
:1005100023F04003A0420AD0A84208D00E4CA042CB
:1005200005D00E4CA04202D00D4CA04207D1D1E91B
:10053000054522F4406242EA840242EA85024260B2
:100540008661496881630362F0BD0000FF8FFFFE92
:10055000000001400004014000400140004401400F
:1005600000480140F0B5DFF87CE01F4D1F4E026AE5
:10057000036AA84222F4007723F48073036243687D
:10058000C269D1F808C002EA0E020C6822F0030E1C
:1005900047EA0C2244EA0E0401D0B04206D1CF68EB
:1005A00022F4006242EA072222F48062A8420AD0C2
:1005B000B04208D00E4DA84205D00E4DA84202D040
:1005C0000D4DA84207D1D1E9055623F4405343EA23
:1005D000051343EA06134360C4614968C1630262BC
:1005E000F0BD00008FFFFEFF00000140000401404D
:1005F000004001400044014000480140F0B5046A59
:10060000026A22F4805202624268C36924F40054F0
:10061000DFF848C08E680D6803EA0C03104F23F41E
:10062000407344EA0634B84243EA05230BD00D4D2B
:10063000A84208D00C4DA84205D00C4DA84202D0CB
:100640000B4DA84204D14D6922F4804242EA851242
:100650004260C361496801640462F0BDFF8FFFFE20
:1006600000000140000401400040014000440140FE
:1006700000480140F0B5164F164B026A046A9842D2
:1006800022F4003524F4803303624268436D0E89FE
:100690000C6803EA070344EA030445EA06430BD067
:1006A0000D4DA84208D00D4DA84205D00C4DA842D2
:1006B00002D00C4DA84204D14D6922F4803242EAA6
:1006C000052242604465496881650362F0BD00000F
:1006D0008FFFFEFF00000140000401400040014088
:1006E0000044014000480140F0B5164F164B026A25
:1006F000046A984224F48013036222F400144268CE
:10070000436D0E890D6803EA070344EA065443EA81
:1007100005230BD00D4DA84208D00D4DA84205D0A1
:100720000C4DA84202D00C4DA84204D14D6922F4D0
:10073000802242EA8522426043654968C1650462BD
:10074000F0BD0000FF8FFFFE0000014000040140EB
:1007500000400140004401400048014010B5036AD8
:10076000046A23F00A0324F00104046284690B4341
:1007700024F0F00141EA02118161036210BD10B55D
:10078000036A046A23F0A00324F01004046284695D
:1007900043EA011124F4704343EA023282610162A8
:1007A00010BD000030B5416EB9B101680D4B03F1C9
:1007B00008048A688968C2F34262490F5D5C615C23
:1007C0002D01B5FBF1F1A0F86A10995CA25C09015A
:1007D000B1FBF2F1A0F8681030BD0121A0F86A1059
:1007E000F8E700002478030890F82810090706D5D8
:1007F0000168836B4A6822F400421A434A6090F809
:100800002810C90706D00168C36A4A6822F400327A
:100810001A434A6090F82810890706D50168036BCF
:100820004A6822F480321A434A6090F82810490737
:1008300006D50168436B4A6822F480221A434A6055
:1008400090F82810C90606D50168C36B8A6822F49F
:1008500080521A438A6090F82810890606D50168EC
:10086000036C8A6822F400521A438A6090F82810B8
:10087000490611D50168436C4A6822F480121A4374
:100880004A60416CB1F5801F06D10168836C4A68EB
:1008900022F4C0021A434A6090F82810090606D5CF
:1008A0000168C26C486820F400201043486070471B
:1008B0002DE9F84300250446C0F89050F4F782FA79
:1008C0008046206820266FF07E470068000713D519
:1008D0000022434631042046009700F067FB58B1E0
:1008E000216851E8000F20F0800041E80002002A52
:1008F000F6D1C4F8886021E020680068400722D55E
:10090000002243464FF480012046009700F04EFB42
:10091000C8B1206850E8001F21F4907140E800122F
:10092000002AF6D12068083050E8001F21F00101AC
:1009300040E80012002AF5D1C4F88C60032084F846
:100940008450BDE8F883C4F88860C4F88C60E5661C
:100950002567002084F88450F3E710B5806B0021F0
:10096000A0F85E10F7F731FD10BD70B5846B00255F
:100970002168D4F88800D4F88C608968090606D507
:10098000212804D1A4F85650204600F0B5F820687C
:100990008068400606D5222E04D1A4F85E50204679
:1009A00000F080F8D4F8900040F01000C4F89000F7
:1009B0002046F7F70AFD70BD10B5C1690022806BB3
:1009C000B1F5807F2DD0A0F85E20036853E8001FAA
:1009D00021F4807143E80014002CF6D1016808313D
:1009E00051E8003F23F0010341E80034002CF5D129
:1009F0000168083151E8003F23F0400341E800342A
:100A0000002CF5D12021C0F88C10C16E012908D12D
:100A1000016851E8003F23F0100341E80034002C46
:100A2000F6D10267C16E012902D0F8F741F810BD76
:100A3000B0F85C10F7F70DFC10BD10B5806B01210C
:100A40000167C16E012902D0F8F733F810BDB0F884
:100A50005C104908F7F7FDFB10BD10B5C169806B4C
:100A6000B1F5807F16D00021A0F85610016808313A
:100A700051E8002F22F0800241E80023002BF5D13D
:100A8000026852E8001F41F0400142E80013002BC9
:100A9000F6D110BDF8F7AEF810BD10B5806BF8F7C1
:100AA000AAF810BD10B5026852E8001F21F4907139
:100AB00042E80013002BF6D10E4B0268083252E8D0
:100AC000001F194042E80014002CF6D1C16E012924
:100AD00008D1026852E8001F21F0100142E800131B
:100AE000002BF6D100212022C0F88C20C16641677E
:100AF00010BD0000FEFFFFEF026852E8001F21F06A
:100B0000C00142E80013002BF6D10168083151E81A
:100B1000002F22F4000241E80023002BF5D1202110
:100B2000C0F88810704700002DE9F0430446806843
:100B3000E24E87B0E24B2168D4E90427D4F81CC008
:100B400010430A68002547EA0C0738433240024345
:100B50000A602068E268416821F440511143416015
:100B60002268A1699A4201D0206A01439668DFF8A1
:100B700054C3D54FD54806EA0C060E43966021684B
:100B8000666ACA6A22F00F023243CA622268BA4217
:100B90000ED1006800F0380018286FD07ADCB8B3A6
:100BA00008286CD010286BD18BE0282868D18EE003
:100BB000C7498A4209D1006800F0070006285FD2C1
:100BC000DFE800F0507D7F818385C2498A4209D1E8
:100BD000006800F0070006287BD2DFE800F04370D1
:100BE00072747678BC498A4209D1006800F0070027
:100BF00006286ED2DFE800F036636567696BB74997
:100C00008A420BD1006800F00700062861D200E09C
:100C100043E0DFE800F0275456585A5CB0498A4256
:100C200006D1006800F0380018284CD0B7DD31E05C
:100C3000AC498A4209D1006800F00700062848D272
:100C4000DFE800F0103D3F414345A7498A420BD100
:100C5000006800F0070006283BD2DFE800F0033010
:100C600032343638002035E0A0498A4209D1006884
:100C700000F03800182826D091DD0BE023E01EE0BC
:100C800027E09B498A420AD1006800F03800182802
:100C900019D084DD202888D11CE001201AE09A4276
:100CA00017D18A48001D006800F00700062810D2FE
:100CB000DFE800F0030507090B0D02200AE004201D
:100CC00008E0082006E0102004E0202002E0402098
:100CD00000E080208749DFF820829A42874A4FF45B
:100CE00000434FEA21174FF000064ED110281AD0CA
:100CF00006DC022809D004280BD008287ED10DE09C
:100D000020283ED0402879D13DE0F4F7EFFC0146A1
:100D100010E06846F4F7A0FD01990BE003A8F4F792
:100D20003DFE049906E01068800605D51068C0F302
:100D3000C100C140002970D0606A676838F810208F
:100D400007EB4703B1FBF2F0834257D8B0EB073F04
:100D500054D8002308461946EFF736FB02467808B8
:100D6000130E120243EA012110183A467141002382
:100D7000EFF72AFB624AA0F5407191423ED8216804
:100D80008FE03946D8E71946D6E7D4F81CC04FF6AD
:100D9000EF799C4546D1082819D005DC58B10128C7
:100DA0000CD0042875D10DE0102815D0202835D09E
:100DB00040286ED134E0F5F7FDFD01E0F5F70CFEBB
:100DC000014610E06846F4F747FD01990BE003A8DF
:100DD000F4F7E4FD049906E01068800604D5106875
:100DE000C0F3C100C140C1B1636A606838F8133014
:100DF000B1FBF3F1490001EB500100E049E0B1FB28
:100E0000F0F0A0F11001494543D84FF6F073216886
:100E1000C0F342021840104343E043E03946E3E7A1
:100E20001946E1E7082819D005DC58B101280CD093
:100E300004282ED10DE0102815D020282BD04028D2
:100E400027D12AE0F5F7B6FD01E0F5F7C5FD01462B
:100E500010E06846F4F700FD01990BE003A8F4F7F1
:100E60009DFD049906E01068800604D51068C0F363
:100E7000C100C140B1B1636A606838F81330B1FB9A
:100E8000F3F101EB5001B1FBF0F0A0F11001494585
:100E900005D9012506E03946EDE71946EBE721685B
:100EA00080B2C8600120A4F86A00A4F8680028464F
:100EB0006667A66707B0BDE8F0830000F369FFCF5F
:100EC000000C0058FFF4FF11001001405444025878
:100ED0000044004000480040004C004000500040EA
:100EE0000014014000780040007C004000180140E0
:100EF000001C01400090D0030C7803080044025805
:100F0000FFFC0F0070B50446D0F8800000232225B6
:100F1000A165A4F85C20C4F89030C4F88C50F0B1FE
:100F20001F49C163D4F880101E480864D4F88010AB
:100F30001D48C864D4F8800003651346A56D216878
:100F4000D4F880002A462431F2F710FF38B110217E
:100F5000C4F890102020C4F88C00012070BD2069D6
:100F600040B1216851E8000F40F4807041E8000270
:100F7000002AF6D12068083050E8001F41F0010136
:100F800040E80012002AF5D12068083050E8001F20
:100F900041F0400140E80012002AF5D1002070BD68
:100FA000B90903083B0A03086B0903082DE9F04758
:100FB000994617460D460446089E4FF0000833E058
:100FC000701C31D0F3F7FEFEA0EB0900B04218D838
:100FD000BEB120680168490726D5802D24D0402D58
:100FE00022D0C169C94309070DD4082505622046EE
:100FF000FFF758FDC4F89050012084F88480BDE8C4
:10100000F0870320FBE7C069C04300050CD42168CA
:101010004FF4006008622046FFF744FD2021C4F829
:10102000901084F88480ECE72068C06935EA0000FD
:1010300004D00020B842C3D00020E0E70120F9E747
:101040000148F7F7C3B90000045500243E48F8B53D
:101050000068C169C943C90666D43C4910233C4AAB
:1010600003620868904234D039491831884230D040
:101070003749303188422CD035494831884228D010
:1010800033496031884224D031497831884220D0B8
:101090002F49903188421CD02D49A831884218D060
:1010A0002C49884215D02B491831884211D0294942
:1010B000303188420DD027494831884209D025492E
:1010C0006031884205D023497831884201D02149D6
:1010D00090314068204CC0F18000204E05041A4831
:1010E0002D0C22D0F7F705F9207800231A4669461F
:1010F00000EB801006EB4000A0F8805000901848EC
:10110000006804F087FA20780621401CC0B2B0FBCA
:10111000F1F201FB12002070802200EB801006EB40
:1011200040010948F7F7A0FCF8BDF7F7E2F820788E
:10113000802200EB801006EB40010348F7F794FC97
:1011400008A000F009F9F8BD985500241C570024A8
:1011500010000240100402403D000024B031002481
:10116000F000002475617274332069646C65206935
:1011700072712C207A65726F206C656E6774682CB2
:10118000207265737461727420646D610D0A0000D1
:1011900010B5FFF75BFFBDE810400148F7F716B93F
:1011A00098550024FEE700002DE9F8431D484FF450
:1011B000B971EFF753F91C4800240094DFF86480FC
:1011C000437808F196080278817803F01F0002F056
:1011D0001F0244EAC02001F01F0140EA821040EAE9
:1011E00041026946404600F035F8A8F1A20500BF6B
:1011F00004EB44076946404605EB4706728800F059
:1012000029F835F817206946404600F023F8B288DF
:101210006946404600F01EF8641CA4B2022CE7D3D5
:10122000BDE8F883F4490024A4000024084A002102
:10123000084610B5441C00EB4003A0B202EB430487
:1012400022F8131002286180A180F3D310BD0000A2
:10125000E84900242DE9F0410F2415460E460746C3
:1012600025FA04F212F0010F3846314601D01C2253
:1012700000E0102200F052F8641EF1D5BDE8F081C4
:1012800010B5FFF7D3FF084A1F210020441C00EBD4
:101290004003A0B29C18D15402286170A170F5D30C
:1012A000BDE8104000F028B8A400002430B50228A2
:1012B00008D2054C00EB400004EB400524F8101068
:1012C0006A80AB8030BD0000E849002430B50228B8
:1012D0000FD21F2900D91F211F2A00D91F221F2B1F
:1012E00000D91F23034C00EB4000051921546A70FC
:1012F000AB7030BDA400002410B5FFF755FFBDE86A
:10130000104004494FF0FF3303484FF4B972F5F72A
:10131000A7BF0000F4490024A0500024F0B5012527
:101320005FF004030E6822FA03F414F0010F4FEA91
:10133000D60406F00707C7F10706075D05FA06F6AB
:1013400001D0374300E0B74307550C68641C0C60BC
:101350005B1EE7D5F0BD00000FB4054B10B503A927
:10136000044A029800F02AFD10BC5DF814FB00004E
:10137000992B0308A001002403B4019841000098B0
:1013800050EAC12018BF04204A0D18BF40F00100E8
:1013900040F2FF72B2EB515F08BF40F0020001283B
:1013A00008BF052002B070474100080218BF0420A2
:1013B0000A0E18BF40F001004FF07F4232EA0101EF
:1013C00008BF40F00200012808BF05207047090748
:1013D00000284FEA116104DB00F1E02080F80014DE
:1013E000704700F00F0000F1E02080F8141D7047F6
:1013F00010EE101A08B5434A6846B2EB410F26D9E1
:101400004FF0E640B0EB410F94BF00204FF0FF30AB
:1014100000900098DFED3C0A002860DB10F0010F1F
:1014200046D060EE000ADFED391A9FED391A10F050
:10143000020F00EEE11ADFED371A40EE811A21EEBD
:10144000A01AF0EE400A40EE010A2ED041E0324BE5
:1014500021F0004293423FD911F0004FDFED2F0AF7
:1014600020EE201ADFED2E0A19BF31EE601A71EE60
:10147000200A31EE201A71EE600ABDEEE01A11EE7C
:10148000100A9FED281A00F0030000EEC10A9FED3C
:10149000261A009000EEC10A9FED241A00EEC10A40
:1014A0009FED231A00EEC10AB3E7F1EE600A10E0E7
:1014B00020EE000A9FED1F1ADFED1F1A10F0020F39
:1014C00040EE011A9FED1D1A00EE211A40EE010AAE
:1014D000EBD1B0EE600A08BD00F0EEFA99E710EE2D
:1014E000100A4000B0F17F4FF3D307D14FF0010055
:1014F00000F09CFBBDE8084000F0CEBABDE8084013
:1015000000F0C6BAB61F927E0000803F336D4C39A2
:10151000DA82083CA0AA2ABE490E494683F9223F36
:101520000000004B0000C93F00A0FD390020A2339D
:101530001A61342CB93AB2BACA9F2A3DDDFFFFBE08
:1015400010B5794A2DED020B2DED088B82B00B9969
:10155000C80F21F00041914242D3744A8A4219D8FF
:101560000A9AC1F31301114309D09DED0A0B02B091
:10157000BDEC088B02B0BDE8104000F06EBA002848
:1015800014BF9FED6B0B9DED0A0B02B0BDEC088BF9
:1015900002B010BD9DED0A0B9FED671BB4EEC10BB1
:1015A000F1EE10FA0ADD022000F040FB02B0BDECC3
:1015B000088B02B0BDE8104000F052BA9FED601BEE
:1015C000B4EEC10BF1EE10FA0AD2022000F02EFBAD
:1015D00002B0BDEC088B02B0BDE8104000F04CBA80
:1015E000594A9FED5B9B8A4239D25B4A914213D2A2
:1015F0005A49794401EBC0019DED0A1B91ED000BA6
:10160000574931EE408B794401EBC00191ED00ABBD
:10161000C0F101010C1A1DE05249794401EBC000F0
:101620009DED0A1B90ED000B9FED4F2B9DED0A8B5E
:1016300001EE020BBDEEC00B10EE104A00EE104A98
:10164000B8EEC00B9FED4A1B00EE418B9FED4A1B8D
:1016500020EE01AB38EE4A0B8DED0A0B15E0484841
:1016600088420FD99DED0A0B9FED471B30EE010B11
:10167000B4EEC90BF1EE10FAC4BF9DED0A0B30EECB
:10168000090B82DC9DED0A0B00244148052120EE68
:1016900000BBB0EE4B0B784400F0A7F99DED0A1BA0
:1016A0009DED0A2B0BEE401B9FED3B0B22EE012B19
:1016B000BCB130EE411B6FF47F70844282EE010BAF
:1016C0003AEE400B30EE480B39EE400B10EE900A2C
:1016D0008DED000B10DB00EB045001909DED000B35
:1016E00053E731EE401B82EE010B9DED0A1B30EEFD
:1016F000410B39EE400B48E74FF07A5101EB0451B2
:10170000084401909DED001B9FED250B21EE008B01
:1017100051EC180BFFF730FE042808BF00F0ACF9BD
:10172000B0EE480B31E70000422E86400000F07F0B
:101730000000000000000000EF39FAFE422E864053
:1017400051302DD5104987C0422ED63F00000000F1
:10175000000000000000F03FB2A2F03F6262000013
:101760005E6200002A620000FE822B654715F73F8B
:101770000000E0FE422EE63F763C7935EF39EA3D47
:101780000000303E000000009C7500883CE4377E7D
:10179000DE610000000000000000000000000040CA
:1017A000000000000000700110B52DED028BB0EEBE
:1017B000608AF0EE408A18EE101A18EE900AEFF7E1
:1017C00045F800F07040B0F1004F0CD018EE100A50
:1017D00020F00040C0F1FF40C00F02BFB0EE480A49
:1017E000BDEC028B10BDB0EE680ABDEC028B10BDE3
:1017F00000B510EE101A2DED028B81B0524A6846EA
:10180000B2EB410F2ED94FF0E640B0EB410F94BF41
:1018100000204FF0FF3000900098B0EE408A002882
:101820006ADB10F0010F4BD068EE080A9FED471AF3
:101830009FED470A00EE810A9FED461A00EE801ADE
:101840009FED450A10F0020F00EE810A02BF01B0C1
:10185000BDEC028B00BD00BF01B0B1EE400ABDEC93
:10186000028B00BD3D4B21F00042934241D911F063
:10187000004FDFED3B0A20EE201ADFED3A0A19BFD8
:1018800031EE601A71EE200A31EE201A71EE600A14
:10189000BDEEE01A11EE100A9FED331A00F00300BE
:1018A00000EEC10A9FED311A009000EEC10A9FEDD3
:1018B000301A00EEC10A9FED2F1A00EEC10AABE705
:1018C00028EE080A9FED2C1ADFED2C0A10F0020F0B
:1018D00040EE410A9FED2A1A00EE201A61EE000A3E
:1018E000B0EE480A08EE200AB6D101B0BDEC028B7A
:1018F00000BD00F0E1F88FE718EE100A4000B0F1EB
:101900007F4F0DD218EE100AFFF74EFD042808BFD6
:1019100000F0CAF8B0EE480A01B0BDEC028B00BD81
:1019200009D1012000F082F901B0BDEC028B5DF815
:1019300004EB00F0B1B801B0B0EE480ABDEC028B88
:101940005DF804EB00F0A4B8B61F927EB93AB2BAC3
:10195000CA9F2A3DDDFFFFBE0000803F490E494679
:1019600083F9223F0000004B0000C93F00A0FD3971
:101970000020A2331A61342C336D4C39DA82083CD2
:10198000A0AA2ABE00B52DED028BB1EEC08B83B0AC
:1019900018EE100A18EE901A8DED008B002818BF73
:1019A0000120084320F00040C0F17F6000F1E040DA
:1019B000C00F14D010EE101A10EE900A8DED000B2F
:1019C000002918BF0121084320F00040C0F17F60CA
:1019D00000F1E040C00F04BF012000F027F9B0EE95
:1019E000480B03B0BDEC028B00BD491E00EBC102E9
:1019F000B0EE401B92ED000B31F006020DD0491EF7
:101A000000EBC102B0EE403B92ED002B31F006023C
:101A1000B0EE420B03EE010BF1D1022914D00429E0
:101A20000AD0062918BF704790ED0A2B00EE012B53
:101A300090ED080B02EE010B90ED062B00EE012B52
:101A400090ED040B02EE010B90ED022B00EE012B4A
:101A500090ED000B02EE010B704730EE000B70476B
:101A60009FED030B20EE000B70470000000000000C
:101A700000000000000000709FED030B20EE000B43
:101A8000704700000000000000000000000000108F
:101A900030EE000A70470000DFED020A80EEA00A77
:101AA00070470000000000009FED020A20EE000ACF
:101AB00070470000000000102DE9F0014FF07F4258
:101AC000B2EB410F9FBF4FF0FF310160BDE8F00165
:101AD00070474FF0004242EA0123C1F3C752783AFF
:101AE000551112F01F0C434CCCF120067C44C1F37D
:101AF000C752A2F178024FEA621204EB820254F854
:101B0000254008BFD2E9015612D0556804FA0CF4FA
:101B100025FA06F73C43976805FA0CF527FA06F80C
:101B2000D26807FA0CFCF24045EA08054CEA0206C6
:101B3000A4FB034CA5FB0352A6FB03631D449D427B
:101B400034BF012600261319334416B1934202D93B
:101B500003E0934201D2012200E00022624402F13C
:101B6000200C9206DC0C42EA443200EE102A5B03A1
:101B7000DFED210AF8EEC01A00EE103A4FEA9C1C85
:101B800011F0004FB8EE400AC0F800C020EE201A55
:101B900000EE105ADFED190AB8EE400A20EE200AD6
:101BA00071EE810A70EE800A10EE902A02F5006252
:101BB0006FF30B0200EE902A70EEE11A31EEC11ABB
:101BC000DFED101A30EE411A9FED0D0A20EE800A6B
:101BD00001EE210A9FED0C1A00EE810A04BFBDE858
:101BE000F0017047CCF180510160BDE8F001B1EE29
:101BF000400A7047B05D0000000000360000802CF5
:101C000022AAFD29DB0FC92F0000C92F02E008C856
:101C1000121F08C1002AFAD170477047002001E066
:101C200001C1121F002AFBD1704700000149086062
:101C300070470000A40100242DE9FF5F82B000215D
:101C4000DDE90430020DDDF840B0034318D044F65E
:101C50001050A2F2FF3242431514119801281FD0F0
:101C6000A5EB0B00401C5FEA000A4FF000064E4F48
:101C7000DFF83891B046504615D5CAF1000413E09C
:101C8000119801244AA3012801D16FEA0B0102989F
:101C9000119AC0E90031C0E9024206B0BDE8F09FE8
:101CA000CBF10000DFE704460021404A491842EB2F
:101CB0000450CDE9001012E0E00707D032463B4661
:101CC00040464946EEF7B1FC8046894632463B46DF
:101CD00010461946EEF7A9FC06460F466410002C84
:101CE000EAD1DDE90401DDE90023BAF1000F06DAEB
:101CF000EEF79BFC42464B46EEF797FC05E0EEF70D
:101D000006FD42464B46EEF702FD04460E46002213
:101D1000284BEEF783FD03D84FF0FF30014607E074
:101D20000022254B20463146EEF7D8FBEEF75EFD4C
:101D3000102409E0002C0ADB0A220023EEF744FB02
:101D4000039B30321A55641E50EA0102F2D1641C22
:101D5000039AC4F111031444119A012A03D00122F9
:101D600008430DD10AE0084304D000204FF0110BC6
:101D7000119072E7A3EB0B056D1E0DE05B4504DDD2
:101D80004FF0000205F1010504E003DA4FF0000214
:101D9000A5F10105002AECD002981199C0E90231A1
:101DA000C0E9004579E70000000014400000F03F62
:101DB000300000000000F0430000E03F2DE9FF4F3D
:101DC00095B09A46884606460025EEE1252877D14B
:101DD00000242746F94A0121039400E0044316F841
:101DE000013F203B01FA03F01042F7D130782A2856
:101DF00011D06FF02F033078A0F13002092A16D8E5
:101E0000039A44F0020402EB820203EB4202104404
:101E1000761C0390EFE758F8042B0392002A03DAAC
:101E2000504244F40054039044F00204761C30788D
:101E30002E2816D116F8010F44F004042A280DD0DC
:101E40006FF02F023078A0F13003092B09D807EB8F
:101E5000870302EB4303C718761CF3E758F8047BAB
:101E6000761C30786C280FD006DC4C2817D06828F8
:101E70000DD06A2814D104E0742810D07A280FD12C
:101E80000DE044F400140AE044F4801401E044F44A
:101E900040147278824202D104F58014761C761CBC
:101EA000307866280BD013DC582877D009DC00285E
:101EB00075D04528F6D04628F4D047281AD193E1AA
:101EC00018E0632835D0642879D0652812D18BE1D9
:101ED000702873D008DC6728F1D069286FD06E288D
:101EE0000DD06F2806D1ACE073282CD0752874D0A3
:101EF000782853D05246179990476D1C54E1C4F38B
:101F00000250022809D003280DD0D8F80010042868
:101F10000DD00D6008F1040846E1D8F80010EA176A
:101F2000C1E90052F6E7D8F800100D80F2E70D7015
:101F3000F0E718F8041B8DF8001000208DF8010060
:101F4000EB46012003E058F804BB4FF0FF30610777
:101F50004FF0000102D40DE009F101018946B942B8
:101F60000FDA8145F8DB1BF809100029F4D108E0ED
:101F700009F1010189468142FADB1BF809100029A9
:101F8000F6D103985346A0EB090721463846179A25
:101F900000F080FA284400EB090507E044E008E17E
:101FA0000DE01BF8010B524617999047B9F1010952
:101FB000F7D2534621463846179AF2E039E00A2113
:101FC000C4F302524FF0000B0091022A06D058F8D9
:101FD000040BC117032A09D00AE023E008F1070027
:101FE00020F00702F2E80201904605E000B2C117B6
:101FF000042A01D140B2C117002906DA0A4600219D
:10200000404261EB02012D2202E0220504D52B2281
:102010008DF80420012203E0E20701D02022F7E737
:10202000914657E00A2100E010214FF0000B00918B
:102030000BE010214FF0000B44F00404082700913E
:1020400003E008204FF0000B0090C4F30252022A74
:1020500005D058F8040B0021032A08D008E008F145
:10206000070020F00702F2E80201904603E080B288
:10207000042A00D1C0B24FF0000922072AD53278D5
:10208000702A07D0DDF800C08CF0100C5CEA0B0C55
:1020900005D00EE040228DF80420012208E050EA2D
:1020A000010306D030238DF804308DF8052002227C
:1020B0009146009B83F0080353EA0B030AD150EAD0
:1020C000010201D1620705D530228DF804204FF0BE
:1020D00001097F1E3278582A04D039A20C920CAA2A
:1020E00002920BE03BA2F9E75B46009AEEF76CF92F
:1020F0000C9B9B5C029A521E0292137050EA0102E2
:10210000F2D1029804A9081A00F1200B600702D549
:1021100024F4803400E001275F4502DDA7EB0B00CB
:1021200000E0002000EB0B01009003984944401AA6
:102130000390E00306D453462146179A039800F013
:10214000A9F90544002706E001A85246C05D179989
:1021500090476D1C7F1C4F45F6DBE0030CD55346C2
:102160002146179A039800F095F9054404E03020C1
:102170005246179990476D1C0099481E00900029FF
:10218000F5DC08E00298029952460078491C029159
:10219000179990476D1CBBF10001ABF1010BF1DC0D
:1021A0005BE100F065F90544761C307800287FF487
:1021B0000DAE19B02846BDE8F08F000009280100D7
:1021C00030313233343536373839616263646566AD
:1021D000000000003031323334353637383941426F
:1021E0004344454600000000600700D4062708F17C
:1021F000070020F00700F0E80223804603F0004CBF
:102200005FEA0C0001D097A009E0200501D596A057
:1022100005E0E00701D095A001E0AFF24C0013907B
:10222000307823F0004365280CD006DC452809D01F
:1022300046281DD047287FD13BE0662818D0672864
:102240007AD136E00021112F01DB112000E0781C4B
:10225000CDE9000104A90CA8FFF7EEFCDDE90D01B2
:102260000C9A4FF0000B07F10109109200914EE01B
:102270004FF000400097CDE9011004A90CA8FFF72A
:10228000DBFCDDE90D020C9B0F994FF0000B914632
:102290001093009211B9791C00EB0109B7EB09000A
:1022A00003D4C0F1FF3B07F10109A9EB070001903E
:1022B00042E0012F00DA01270021112F01DD11205A
:1022C00000E03846CDE9000104A90CA8FFF7B4FCF2
:1022D000DDE90D010C9A00914FF0000BB946109208
:1022E00021070FD4009A4A4503DA914601E0A9F18B
:1022F0000109B9F1010F05DD109AA9F10101515C45
:102300003029F4D0B84202DA10F1040F03DA0121C7
:10231000CDE9011010E0002803DC8344A9EB0001A3
:1023200002E0411C494500DD8946A0EB0B00401C42
:1023300001904FF000400290200705D401984845D5
:1023400002DB4FF0FF30019000208DF84B00029827
:102350000DF14B07B0F1004F25D002200C902B203F
:102360000D90029800280CDA404202902D200D902A
:1023700007E00A210298EEF77CF83031029007F866
:10238000011D0C99481E0C900029F2DC02980028CF
:10239000EFD1791E0D980870307800F0200040F0E1
:1023A000450007F8020D11A8C01BC01D029013982C
:1023B000007800B1012000EB0901019801EBE07108
:1023C000029801440398401A401E0390E00306D48B
:1023D00053462146179A039800F05CF80544139879
:1023E000007818B15246179990476D1CE00323D529
:1023F00053462146179A039800F04CF805441BE019
:10240000BBF1000F07DB0098584504DD10981799C1
:1024100010F80B0001E017993020524690470198C0
:102420000BF1010B401E05F10105019004D12E2096
:102430005246179990476D1CB9F10001A9F10109A5
:10244000DEDC05E017F8010B5246179990476D1C2A
:102450000299481E02900029F4DC53462146179A3F
:1024600003989EE62D0000002B00000020000000D5
:102470002DE9F041044600251E461746880404D481
:1024800005E039462020B0476D1C641EF9D528466A
:10249000BDE8F0812DE9F041044600251E46904636
:1024A000C80301D5302700E02027880404D505E0C3
:1024B00041463846B0476D1C641EF9D52846BDE834
:1024C000F0810A0A0270417070470A0A0270417076
:1024D0007047000010B500F061F80B48F2F78BFA76
:1024E00008B10AA000E00FA0FEF736FF0648002260
:1024F0000121F1F79BFD08B110A000E016A0BDE896
:102500001040FEF729BF0000584F002448414C5F9F
:10251000464443414E5F5374617274204641494CB6
:102520000D0A000048414C5F464443414E5F5374DE
:10253000617274204F4B0D0A000000004163746902
:10254000766174654E6F74696669636174696F6EF4
:10255000204641494C0D0A004163746976617465F7
:102560004E6F74696669636174696F6E204F4B0DBD
:102570000A00000070B5002314460D4606460AE026
:1025800006EB4300008840BA00F014FB05EB830023
:102590005B1C80ED000AA342F2D370BD10B58AB077
:1025A00002AA002002210190012482E81300059074
:1025B00001A906900848F1F7DEFD02220648012332
:1025C00011460094F1F716FE012203481146F1F777
:1025D000A5FD0AB010BD0000584F002410B5084AF0
:1025E0000321044600F03FF8064A0621204600F089
:1025F0003AF82046044ABDE81040102100F033B8F4
:10260000FD2B0308392E0308152F03083EB51C00C7
:10261000034608D00020A4F8400084F8420084F863
:10262000430084F8440081B17AB108788DF8000045
:102630000191ADF8082053F8202042B121466846A8
:10264000904754B184F8420007E000203EBD24B119
:1026500001220146204600F00EF801203EBD4FF455
:102660008061EDF7FBBE40F8212070470122017028
:10267000A0F84020704710B541F08001017001249E
:1026800042700223A0F8403080F8424010BD0000A4
:1026900070B50C4A0446B0F84000002132F8113001
:1026A000834201D39DB208E0491C1029F6D340258E
:1026B00003E00021204600F025F8B4F84000A842CD
:1026C000F7D370BDB061030870B51500044609D09A
:1026D000B4F840002044EDF7A8FEB4F840002844C8
:1026E000A4F8400070BD10B5B0F840200C0A531C8F
:1026F000A0F840308454B0F84020531CA0F840307B
:10270000815410BDB0F84020531CA0F840308154D3
:102710007047B4EEE00AF1EE10FA02D2B0EE600AB1
:102720007047B4EEC10AF1EE10FAF9DDB0EE410ADD
:102730007047B4EEE00AF1EE10FA02D2B0EE600A91
:102740007047B4EEC10AF1EE10FAF9DDB0EE410ABD
:102750007047B4EEE00AF1EE10FA02D2B0EE600A71
:102760007047B4EEC10AF1EE10FAF9DDB0EE410A9D
:102770007047000000229FED0D1B10B509E000BF5F
:1027800000EB8203521C93ED000AB7EEC00A00EE84
:10279000001B8A42F4D300EE101AB8EE402B81EEF3
:1027A000020BFFF7EFF8B7EEC00B10BD0000000002
:1027B000000000007047000010B533490622A1F167
:1027C00018002DED028B00F09BFE2F4C9FED2F1A71
:1027D000DFED2F0A94ED000AFFF7ABFF84ED000A4E
:1027E00094ED010A9FED2B1ADFED2B0AFFF7A1FFF5
:1027F0009FED2A8ADFED2A8A84ED010A94ED020A10
:10280000B0EE481AF0EE680AFFF793FF84ED020A73
:1028100094ED030AB0EE481AF0EE680AFFF789FF5C
:1028200084ED030A94ED040AB0EE481AF0EE680A4B
:10283000FFF77FFF84ED040A94ED050AB0EE481A15
:10284000F0EE680AFFF775FF0621204684ED050AC1
:10285000EEF784FFEEF7A4FD06212046EEF77EFF9B
:10286000EEF79EFD062104F11800EEF7C5FFEEF726
:1028700097FD062104F11800EEF7BEFFBDEC028BB8
:10288000BDE81040EEF78CBD70490024E13A0A43E0
:10289000856BA64214AEBE423D0ACF4066E62C438D
:1028A0000000B94210B533490622A1F118002DED00
:1028B000028B00F025FE2F4C9FED2F1ADFED2F0A23
:1028C00094ED000AFFF745FF84ED000A94ED010A3C
:1028D0009FED2B1ADFED2B0AFFF73BFF9FED2A8AB6
:1028E000DFED2A8A84ED010A94ED020AB0EE481A5F
:1028F000F0EE680AFFF72DFF84ED020A94ED030A5B
:10290000B0EE481AF0EE680AFFF723FF84ED030AE1
:1029100094ED040AB0EE481AF0EE680AFFF719FFCA
:1029200084ED040A94ED050AB0EE481AF0EE680A48
:10293000FFF70FFF0621204684ED050AEEF70EFF94
:10294000EEF72EFD06212046EEF708FFEEF728FDF4
:10295000062104F11800EEF74FFFEEF721FD0621E6
:1029600004F11800EEF748FFBDEC028BBDE8104003
:10297000EEF716BDB8490024E13A0A43856BA6423A
:1029800014AEBE423D0ACF4066E62C430000B94279
:10299000F0EE000A20EE001A20EE200A80ED040A74
:1029A00080ED051A70470000044A0549054810B536
:1029B00000F00AF80249891E087010BD304E00244C
:1029C000AC000024584F002470B58AB015460C4660
:1029D000064628216846EDF741FD76B36CB365B332
:1029E00040212B466A463046F1F720FC28BB009870
:1029F00020800398102829D2DFE800F028080B0D6A
:102A00000F11131517191B1D2022242601200AB0AF
:102A100070BD0220FBE70320F9E70420F7E705205B
:102A2000F5E70620F3E70720F1E70820EFE70C20A1
:102A3000EDE71020EBE71420E9E707E01820E6E7D0
:102A40002020E4E73020E2E74020E0E70020DEE756
:102A5000F0B589B01C4615460E4624210746684647
:102A6000EDF7FCFC3FB335B3002002904FF480112A
:102A700004AB4A00CDE9006083E80700082C07900A
:102A8000089033D007DC082C15D2DFE804F01721BA
:102A9000232527292B2D182C30D006DC0C2C27D0F1
:102AA000102C27D0142C06D126E0202C28D0302C36
:102AB00028D0402C28D0022009B0F0BD2A46694613
:102AC00003903846F1F7F6FA0028F5D00120F3E735
:102AD0000120F3E70220F1E70320EFE70420EDE710
:102AE0000520EBE70620E9E70720E7E70820E5E710
:102AF0000920E3E70A20E1E70B20DFE70C20DDE710
:102B00000D20DBE70E20D9E70F20D7E710EE100AE3
:102B10004FF4004110B50B4601EA1044C0F3C75111
:102B2000C0F3160203EA1040FF2944F4F84304D02E
:102B300070391F2906DB184610BD002AFBD040F46F
:102B4000FC4010BD00290ADC11F10A0FF9DB42F448
:102B50000002C1F10E01CA4091B2084310BD40EA23
:102B6000812040EA523080B210BDF0B500241646F4
:102B70000D4607460CE007EB840090ED000AFFF7D6
:102B8000C5FF05EB4402010A05F81410641C5070DF
:102B9000B442F0D3F0BD000013B5044801224FF653
:102BA000FF736946F5F786FF00981CBD04550024A5
:102BB0000020704700F40041C0F384220904C0F3F0
:102BC000090052B11F2A13D0703241EAC25100BF2E
:102BD00041EA403100EE101A70470028FAD000E0B8
:102BE00040004205FCD541F06251C0F30900EFE717
:102BF00041EA403040F0FF41ECE700002DE9F043AE
:102C00000446008993B08946052802D02178032222
:102C100062E06068B0F80110B0F803004EBA45BA3F
:102C20001EB1B6F5306F49D04AE0022D48D17E483A
:102C300001784068B0F5E13F16D00CDCB0F5165FC6
:102C40002ED0B0F5964F2DD0B0F5164F2CD0B0F554
:102C5000614F09D12AE0B0F5613F29D0B0F5E12FED
:102C600028D0B0F5612F27D0052706A8FFF72DFC47
:102C70000DF11A003946FFF728FC21784846FFF786
:102C8000F5FC31464846FFF72EFD29464846FFF73A
:102C90002AFD04214846FFF735FD042206A94FE02E
:102CA0000127E2E70227E0E70327DEE70427DCE766
:102CB0000627DAE70727D8E70827D6E7052D0FD03C
:102CC000002DA3D0062DA1D80E2E43D0142E43D014
:102CD0001A2E43D0217802224846FFF7CCFC35E07B
:102CE000524F0CA83978FFF7F0FB79780DF13008D6
:102CF0000DF13200FFF7E9FBB97808F10400FFF7A6
:102D0000E4FBD7F80300010C08F10600FFF7DDFB38
:102D1000B7F8030081B20EA8FFF7D7FB2178484629
:102D2000FFF7A4FC31464846FFF7DDFC294648463C
:102D3000FFF7D9FC0A214846FFF7E4FC0A220CA958
:102D40004846FFF7C1FC4846FFF7A2FC13B001203C
:102D5000BDE8F083012702E0022700E003274FF6D9
:102D6000FF700021079100EA450868460891099123
:102D70001821EDF773FB012F06D0022F15D0032F7A
:102D80002ED021780422A7E718210CA8EDF766FBC6
:102D900006216846EEF7AEFB062268460CA900F055
:102DA0001FFC07A92A460CA804E006216846EEF796
:102DB000BBFB2EE0FFF7D9FE21784846FFF756FC13
:102DC00031464846FFF78FFC29464846FFF78BFC03
:102DD00008F0FF014846FFF795FC07A94246AFE718
:102DE00006216846EEF7EAFA00206946DFED100A90
:102DF0009FED100A11E080B101280ED001EB800296
:102E000092ED001A21EE001A401C062882ED001AED
:102E1000F1DB07A92A466846CCE701EB800292ED78
:102E2000001A21EE201AEFE79C000024A861030895
:102E3000223B08377D0E87372DE9F0410446008993
:102E40008846052802D02178032212E06068012715
:102E50002F4BB0F80110B0F803004DBA46BA2B481A
:102E60000068B5B1012D0AD02178B5F5206F3FD0AB
:102E700002224046FFF7FFFB0120BDE8F081092E4A
:102E8000E1D2DFE806F0050D101316191C1F220011
:102E9000D9E7F1B24A1EF72AD5D21970012118E0FC
:102EA0004FF4165213E04FF4964210E04FF41642DE
:102EB0000DE04FF461420AE04FF4E13207E04FF4D5
:102EC000613204E04FF4E12201E04FF461225A60E4
:102ED000022100F07BFD21784046FFF7C7FB294621
:102EE0004046FFF700FC31464046FFF7FCFBC3E7D6
:102EF0004046FFF7BBFB29464046FFF7F4FB31464F
:102F00004046FFF7F0FB88F84470B5E70001002465
:102F10009C0000242DE9F0418846018906460629D7
:102F200001D2017812E07468601D2546B4F80120D2
:102F3000B4F80330007857BA5CBA8CB1B0EB440FE8
:102F40000ED1022F07D03178022200E00322404642
:102F5000FFF791FB20E00C2C02D1801D814201D0B3
:102F60003178F3E70E49A81D0622FFF703FB0C4951
:102F7000062205F112003031FFF7FCFAFFF792FC50
:102F800031784046FFF772FB39464046FFF7ABFB0E
:102F900021464046FFF7A7FB0120BDE8F081000075
:102FA000A04900242DE9F0470446807A96B08A466D
:102FB00010B92089082803D0002016B0BDE8F0879A
:102FC0006068418880884EBA45BA36B1B6F5306F30
:102FD00052D025B1062D02D88AE0022D03D06278A6
:102FE000032321788DE07F4F06A84FF0040839783D
:102FF000FFF767FA7868B0F5E13F16D00CDCB0F562
:10300000165F2BD0B0F5964F2AD0B0F5164F29D0C9
:10301000B0F5614F09D127E0B0F5613F26D0B0F59A
:10302000E12F25D0B0F5612F24D005210DF11A0034
:10303000FFF747FA62785046217801F058FB314695
:10304000504601F08DFB2946504601F089FB414670
:10305000504601F094FB06A9424642E00121E5E713
:103060000221E3E70321E1E70421DFE70621DDE7B1
:103070000721DBE70821D9E7052DB0D15A4F07A872
:103080004FF00A093978FFF71CFA79780DF11C081E
:103090000DF11E00FFF715FAB97808F10400FFF7EB
:1030A00010FAD7F80300010C08F10600FFF709FA3F
:1030B000B7F8030081B209A8FFF703FA6278504617
:1030C000217801F014FB3146504601F049FB2946B6
:1030D000504601F045FB4946504601F050FB07A918
:1030E0004A46504601F02DFB504601F016FB0BE01E
:1030F0000E2E0BD0142E0BD01A2E0BD0627802237A
:103100002178504601F0F9FA012056E7012002E04B
:10311000022000E003204FF6FF7100220D920128EB
:103120000E9201EA45070F9207D0022812D0032819
:103130002BD0627804232178E3E706216846EEF776
:10314000D9F90622684610A900F04AFA06220DA90C
:1031500010A804E006216846EEF7E6F933E0FFF731
:1031600004FD62785046217801F0C1FA314650469C
:1031700001F0F6FA2946504601F0F2FA5046F9B24B
:1031800001F0FDFA0DA93A46ABE706216846EEF7D5
:1031900015F9002069469FED151B9FED162B16E0D3
:1031A000A8B1012813D001EB800292ED003AB7EEEE
:1031B000C33A23EE003B00BFB7EEC33B401C0628DA
:1031C00082ED003AECDB062268460DA9C7E701EB69
:1031D0008002B0EE420B92ED003AB7EEC33A23EE16
:1031E000013BE9E79C000024A8610308327F5C4DA5
:1031F0006407E13E3CAA5093CFE1F03E2DE9F04751
:103200000446807A884610B92089082802D0002018
:10321000BDE8F08760680125418880884FBA384949
:1032200046BA36480068B7B1012F0AD0B7F5206F0B
:103230004ED0627802232178404601F05EFA0120E8
:10324000E6E7092EA9460AD2DFE806F009121518AA
:103250001B1E21242700F2B2531EF72B03D36278E2
:1032600003232178E8E70A70012100F0AFFB1EE09C
:103270004FF4165513E04FF4964510E04FF4164501
:103280000DE04FF461450AE04FF4E13507E04FF4FB
:10329000613504E04FF4E12501E04FF461254D6014
:1032A000022100F093FB88F80591C8F808514046C8
:1032B0006278217801F01BFA3946404601F050FA55
:1032C0003146404601F04CFA404601F026FAB6E796
:1032D0000520FAF761FB62784046217801F007FA91
:1032E0003946404601F03CFA3146404601F038FA92
:1032F000404601F012FA88F80451A0E700010024CA
:103300009C0000242DE9F0470446807A894668B97C
:10331000218909290AD365686A88AF79AB8892FA4E
:1033200092F807F109025EBA914202D00020BDE88E
:10333000F087EEB3B7EB460F48D1B8F5807F09D0E0
:10334000B8F1020F40D0627802232178484601F09C
:10335000D4F95EE0022E39D1042F37D10120FAF7DB
:103360001BFB2DA0042105682C48006800F02EFBF3
:1033700062784846217801F0BAF94146484601F0A2
:10338000EFF93146484601F0EBF93946484601F07D
:10339000F6F94846E9B201F0F2F94846C5F30721CB
:1033A00001F0EDF94846C5F3074101F0E8F900E006
:1033B0000CE0290E484601F0E2F9484601F0ADF96B
:1033C000012189F8031124E00C2E03D06278032335
:1033D0002178BBE7ED1D124906222846FFF7CAF8FF
:1033E0000F49062205F10C003031FFF7C3F8FFF753
:1033F000E3F962784846217801F079F94146484678
:1034000001F0AEF93146484601F0AAF9484601F00C
:1034100084F901208BE70000123456780001002463
:10342000584900241FB53548FCF732FF00240094AA
:10343000019402940394F2F7ADF801208DF80C008A
:103440001F218DF8081087228DF809208DF80D00B6
:103450008DF8000068468DF80A408DF80E408DF812
:10346000014001948DF80B408DF80F40F2F764F89D
:103470000420F2F79DF8F1F7EBFFFCF75DFEFBF798
:10348000E5FAFAF76FFCFAF73FFBFAF79DFAFAF75D
:1034900049FFFAF783FFFAF7B9FFFAF7F1FFFBF7F5
:1034A00029F8FBF761F8FBF785F8FBF7ABF8FAF7BB
:1034B0008DFDFAF7E3FDFAF71BFEFAF791FEFAF736
:1034C000E1FEFAF7F9FCFAF723FDFCF7F3FDFBF751
:1034D000D5F8FBF707F9FAF747FDFAF74BFBFBF7CF
:1034E0004BF9FBF7EDFCFBF7C7FAEEF76BF800F0D2
:1034F000C9FAFAF77FFB00F0D7FAFEE700000208EE
:1035000030B500231BE0EBB1012B30D000EB83047E
:103510009FED211B94ED000A9FED212B9FED223B97
:10352000B7EEC00A01EB830520EE010B80EE021B13
:1035300031EE030BB7EEC00B85ED000A5B1C934226
:10354000E1DB30BD90ED001A9FED193B9FED1A0BAA
:10355000B7EEC11A9FED1A2B21EE031B81EE003B43
:1035600033EE020BB7EEC00B81ED000AE6E790EDFB
:10357000012A9FED150B9FED161BB7EEC22A9FED9A
:10358000163B22EE000B80EE012B32EE030BB7EE62
:10359000C00B81ED010AD1E79A999999991954C004
:1035A0000000000000005440CDCCCCCCCC9C654049
:1035B0000CD7A3703DAA40C00000000000C04540E9
:1035C000C3F5285C8F4A614048E17A14AE37564013
:1035D0000000000000805540E17A14AE47E1194038
:1035E00030B500231BE0EBB1012B30D000EB83049E
:1035F0009FED213B94ED002A9FED210B9FED221BB7
:10360000B7EEC22A01EB830532EE432B22EE000B0C
:1036100080EE012BB7EEC20B85ED000A5B1C9342D6
:10362000E1DB30BD90ED001A9FED193B9FED1A0BC9
:10363000B7EEC11A9FED1A2B31EE431B21EE000BA2
:1036400080EE021BB7EEC10B81ED000AE6E790EDBC
:10365000012A9FED150B9FED163BB7EEC22A9FED99
:10366000161B32EE400B20EE030B80EE012BB7EE63
:10367000C20B81ED010AD1E7CDCCCCCCCC9C65400E
:1036800000000000000054409A999999991954C07B
:10369000C3F5285C8F4A61400000000000C045402F
:1036A0000CD7A3703DAA40C0E17A14AE47E119409F
:1036B000000000000080554048E17A14AE375640C3
:1036C0000FB4804910B5B0B004469DED340B81EDC8
:1036D000000B9DED360B81ED020B9DED380B81ED5E
:1036E000040B9DED3A0B81ED060B9DED3C0B81ED3E
:1036F000080B9DED3E0B81ED0A0B9DED400B81ED1E
:103700000C0B9DED420B81ED0E0B9DED440B81EDFD
:10371000100B9DED460B81ED120B9DED480B81EDDD
:10372000140B9DED4A0B81ED160B9DED4C0B81EDBD
:10373000180B9DED4E0B81ED1A0B9DED500B81ED9D
:103740001C0B9DED520B81ED1E0B9DED540B81ED7D
:10375000200B9DED560B81ED220B9DED580B81ED5D
:10376000240B9DED5A0B81ED260B9DED5C0B81ED3D
:10377000280B9DED5E0B81ED2A0B9DED600B81ED1D
:103780002C0B9DED620B81ED2E0B9DED640B81EDFD
:10379000300B9DED660B81ED320B9DED680B81EDDD
:1037A000340B9DED6A0B81ED360B9DED6C0B81EDBD
:1037B000380B9DED6E0B81ED3A0B9DED700B81ED9D
:1037C0003C0B9DED720B81ED3E0B9DED740B81ED7D
:1037D000400B9DED760B81ED420B9DED780B81ED5D
:1037E000440B9DED7A0B81ED460BF5F7EDFB364969
:1037F000C022204691ED000B8DED000B91ED020BE8
:103800008DED020B91ED040B8DED040B91ED060B8C
:103810008DED060B91ED080B8DED080B91ED0A0B6C
:103820008DED0A0B91ED0C0B8DED0C0B91ED0E0B4C
:103830008DED0E0B91ED100B8DED100B91ED120B2C
:103840008DED120B91ED140B8DED140B91ED160B0C
:103850008DED160B91ED180B8DED180B91ED1A0BEC
:103860008DED1A0B91ED1C0B8DED1C0B91ED1E0BCC
:103870008DED1E0B91ED200B8DED200B91ED220BAC
:103880008DED220B91ED240B8DED240B91ED260B8C
:103890008DED260B91ED280B8DED280B91ED2A0B6C
:1038A0008DED2A0B91ED2C0B8DED2C0B91ED2E0B4C
:1038B00069468DED2E0BECF7B8FD30B010BC5DF80D
:1038C00014FB0000504C0024704D0024F0B500247F
:1038D00028E000BFB7EE001A00EB8405134E31EE6E
:1038E000401AD5ED000A0025B7EEC12A13E000BF4B
:1038F00060EE200A05EB85076D1C06EB0717B7EE97
:10390000E01A07EBC40797ED003B02EE031B87EDBF
:10391000001BF7EEC10B9D42EADB01EB8405641C42
:10392000C5ED000A9442D5DBF0BD000098410024AB
:1039300010B5EFF3058111B16FF0050404E04FF00D
:10394000000408B101F022F9204610BD70B5050051
:103950000E4602D0300E002802D06FF0030412E0B1
:10396000EFF30580002828460AD001F094FB0446B6
:103970003146284601F064FB28B96FF0020402E0EA
:1039800001F03EFB0446204670BD002807D0EFF34F
:10399000058109B101F07FBB002101F031BB704707
:1039A0004FF0000110B5EFF305826AB948B1D0E9D4
:1039B00002202AB1202807D3104601F057FB02E06D
:1039C00010B901F045FB0146084610BD38B50C465C
:1039D00010B1210E002902D06FF0030038BDEFF3C3
:1039E0000581B1B100216A460091214601F0A8FB92
:1039F00060B1009920460029F0D0084A4FF080516C
:103A00001160BFF34F8FBFF36F8F38BD6FF00200AF
:103A100038BD214601F04CFB38BD000004ED00E04C
:103A2000F8B51D4616460C4610B1210E002902D0ED
:103A30006FF00300F8BDEFF3058111B16FF00500E1
:103A4000F8BDF10701D0012300E00023B10701D543
:103A5000002200E001222146009501F079FBF307E6
:103A60006FF001016FF0020206D0844306D1F8BD69
:103A70000846F8BD1046F8BD0442FCD1002DF9D02F
:103A8000F6E70000EFF3058010B16FF00500704716
:103A90000449086810B14FF0FF30704701220A60F6
:103AA000002070475C01002410B5EFF3058010B1D1
:103AB0006FF0050010BD08480168012902D04FF0E1
:103AC000FF3010BD054A002182F8141D022101605B
:103AD00001F00AFA002010BD5C0100240BE000E0B8
:103AE000F8B514464FF00005EFF3058212BB08B39A
:103AF00001B3A4B1D4E9023263B1502A1AD32269C6
:103B0000C2B100FB01F66769B74213D3009501F01B
:103B100054FC07E072B9226962B9626952B90022A5
:103B200001F02AFC050005D00CB1216800E000215D
:103B300000F0F6FF2846F8BD002001F093F8FEE7FC
:103B40003EB5040001D0002903DA6FF003000190B4
:103B50002BE04FF0FF300190EFF30580D0B100254E
:103B6000029502A82B4601220090204601F054FF46
:103B70000022204601AB1146009501F04DFF02984E
:103B800098B10B494FF080500860BFF34F8FBFF3DF
:103B90006F8F0AE000232046012201F0CDFE0022B3
:103BA000204601AB114601F0C7FE01983EBD000062
:103BB00004ED00E02DE9F84F894605464FEA02067C
:103BC000EFF3058010B16FF005041EE0002D02DA5E
:103BD0006FF0030419E05FEA897002D54FF0000826
:103BE00000E0A8469246002401F0A6FFE71E8346A7
:103BF000002053466A46414602F008F8012807D0E3
:103C000016B36FF001040028F2D12046BDE8F88F0A
:103C100000982C405FEAC97144EA00040BD035EAF1
:103C20000400F2D056B101F087FFA0EB0B00504525
:103C300006D9002006E02542E7D1F3E73C46E4E759
:103C4000AAEB00008246D3E73C46DCE72DE9FF41C2
:103C50004FEA01034FF00005EFF30581039561BBC7
:103C600058B34FF080064FF018014FF000044AB3EC
:103C7000176807B13C4697691FB139467F1E382F38
:103C800002D21779FF0703D0002004B0BDE8F0810D
:103C9000576907B1BE08D2F808C0BCF1000F0DD0BB
:103CA000D568602D18D312693AB137B18DE8061086
:103CB0003246214601F015FE03900DE0D7685FB94A
:103CC00012694AB903AACDE90012B2B2214601F045
:103CD000DBFD012800D003950398D6E72DE9F043DA
:103CE0000D001C4616464FF0000901D0042E07D2E5
:103CF00054B3C4F80090C4F80490C3F8089023E0CB
:103D00002F7895F8018017B10078B84206D0DCB161
:103D1000277084F8018065601A8115E0B01E81B2B9
:103D2000284600F07DFCA919C2B2000A11F8023C35
:103D3000934203D111F8011C814208D024B12770AD
:103D400084F80180656026810120BDE8F08334B1EC
:103D5000277084F801806560268184F80A9000202D
:103D6000F3E700002DE9F041134C0F460546E668E5
:103D70002068001D00F0C4FD681C07D137B1216820
:103D8000BDE8F0410D48091D00F01CBE2068354417
:103D9000B5424560216805D2206C091DBDE8F0419F
:103DA00000F0F8BDE06B091D00F0F4FDA06A85424B
:103DB00000D2A562BDE8F08104010024485D002422
:103DC0002DE9F041054600F009FE2D4C2D4FA0686D
:103DD000401CA060206810B1606930B32BE0256002
:103DE000A068012827D1002606EB860007EB80009B
:103DF00000F0C2FD761C382EF6D3234800F0BCFD3F
:103E00002148143000F0B8FD1F48283000F0B4FD00
:103E10001D483C3000F0B0FD1B48503000F0ACFDB8
:103E20001948E0631430206405E0E86A2168C96A33
:103E3000814200D82560606A401C60626864E86A5C
:103E40002169884200D9206100EB8000291D07EB21
:103E5000800000F0B7FD00F0E1FD606900280CD0A3
:103E60002068E96AC06A884207D208494FF080504A
:103E70000860BFF34F8FBFF36F8FBDE8F081000084
:103E80000401002498580024F85C002404ED00E0AC
:103E900038B500F0A3FD104C2068C8B90F4800F0F9
:103EA0006BFD0E48143000F067FD0C490020E16006
:103EB00014312161A1F582730090A1F1B4021021A7
:103EC0000A2001F07AFA206010B105A100F028FE66
:103ED000BDE8384000F0A2BD480100244C5E00243B
:103EE000546D72510000000030B4026C0B46002A81
:103EF0000BD0D0E902411144C160A14201D3016855
:103F0000C160184630BCECF790BA30BC70472DE960
:103F1000F041856B1746026C0446002682B1C7B19A
:103F2000E068ECF782FAE168206C2268091AE16027
:103F3000914202D2A168081AE060022F16D017E061
:103F40002068A8B9A06801F0A7FE06460020A0607E
:103F50000EE06068ECF769FAD4E90101226C1044C4
:103F60006060884204D32068606001E005B16D1E86
:103F70006D1CA5633046BDE8F08110B5044690F88D
:103F80005D0058B101280CD002280FD0502080F3DA
:103F90001188BFF34F8FBFF36F8FFEE7206B00F0E8
:103FA00051FD2046BDE8104000F04CBD10BD0000A2
:103FB00011484FF4803110B5420706D00E49C01D9C
:103FC00020F00700411AC1F580310C4C0023014458
:103FD0000839A4F1180221F00701C4E900030C1A02
:103FE00011604B600B60C0E9001494604FF0004119
:103FF0005460516110BD0000346500247801002434
:10400000144E4FF08058144CDFF85090A6F29C47A5
:1040100012E000BF00F0E2FCF068C568281D00F067
:104020006FFCA068401EA0606068401E606000F0E9
:10403000F5FC2846FFF7A1FF60680028EAD1386840
:104040000128F9D9C9F80080BFF34F8FBFF36F8FF4
:10405000F2E70000345D00240401002404ED00E0D8
:1040600070B51D46049C51B1C4F80020C4E90F018D
:104070000121204601F0D4F984F84C5070BD246031
:10408000F4E72DE9F05F88469A4691001546DDE990
:104090000B940A9EA5228346206BECF7D8F9206B7F
:1040A0006FF0030101EB8501084420F00707780752
:1040B00007D0502080F31188BFF34F8FBFF36F8F6D
:1040C000FEE7B8F1000F4FF000050ED000202218D7
:1040D00018F8001082F8341018F8001011B1401CC4
:1040E0001028F4D384F8435001E084F83450382E7B
:1040F00000D33726E662201DC4E9136500F047FCB3
:1041000004F1180000F043FC6565C6F13800A565B0
:10411000A06184F85C505246246159463846646276
:1041200000F066FAB9F1000F206001D0C9F8004034
:10413000BDE8F09F30B5114900E011460A6882429F
:10414000FBD34B685C18844203D14468084623447F
:104150004B6043681D18954209D1084C183C2468EF
:10416000A24209D052681A4442600A68126802608A
:10417000814200D0086030BD0460F9E77801002476
:1041800070B50D4D914241604FF00004006106D8BA
:104190008169D21A8A4206D2011D286907E09A4233
:1041A00003D2994201D3012403E0011DE86800F025
:1041B000F1FB204670BD00004801002410B5044604
:1041C00000F00CFCA06B28B15FF0000400F026FCAE
:1041D000204610BD0124F9E730B53C4D89B06BE0B5
:1041E0000498002806DA059ADDE90601904704984C
:1041F000002861DB069C606910B1201D00F080FB87
:1042000003A800F0D5F8024604980A2854D2DFE843
:1042100000F00505052D304705052D3094F82800E0
:1042200040F0010084F82800A06905990B4601447C
:104230002046FFF7A5FF50B3216A2046884794F82F
:104240002800400738D50020009005980023A16978
:1042500042181946204601F027FEC0B9502080F3CD
:104260001188BFF34F8FBFF36F8FFEE794F82800DC
:104270001EE094F8280040F0010084F8280005981A
:10428000A06128B1811813462046FFF779FF13E09B
:10429000502080F31188BFF34F8FBFF36F8FFEE77D
:1042A00094F82800810703D4204600F0CBFB03E0FC
:1042B00020F0010084F828002868002204A901F0F9
:1042C00009FA00288CD109B030BD00004801002453
:1042D0002DE9FC410F46054600F04CFE01A800F018
:1042E00067F80446019818B101F04CFDBDE8FC8167
:1042F000254EAFB130690068D0B300273068291B64
:104300003A4600F021FC01F03DFD0028EED11F49A6
:104310004FF080500860BFF34F8FBFF36F8FE5E71A
:10432000A542EBD801F02EFDF0682746C068C468AE
:10433000201D00F0E5FA94F82800410719D5A0697E
:104340002B463A4641192046FFF71AFFA8B1002034
:104350002A46034601460090204601F0A5FD60B9BB
:10436000502080F31188BFF34F8FBFF36F8FFEE7AC
:1043700007E020F0010084F82800216A20468847E1
:10438000B4E70127BAE700004801002404ED00E08B
:104390000648C16B096829B1C16BC968C968496819
:1043A000816270474FF0FF31FAE7000004010024FA
:1043B00070B5054601F0C0FB064E0446B068844265
:1043C00003D200F009F8012000E000202860204618
:1043D000B46070BD48010024F8B5194D20E0C068F4
:1043E000C4680668201D00F08BFA216A20468847C1
:1043F00094F82800400713D5A0693044B04206D98C
:104400002461211D6060E86800F0C4FA08E0002023
:104410003246034601460090204601F045FD38B182
:10442000E86801680029DAD12969C5E90310F8BDF7
:10443000502080F31188BFF34F8FBFF36F8FFEE7DB
:104440004801002408484068401C4FF0500080F3A9
:10445000118804D0BFF34F8FBFF36F8FFEE7BFF318
:104460004F8FBFF36F8FFEE780010024002A4FF0CB
:10447000000202D0814302D002E0084200D00122B3
:1044800010467047074CE068016841B1C0680021E0
:10449000D0F80000FFF71CFFFFF79EFEF3E70121B5
:1044A0000020F7E7480100242DE9F041044600F020
:1044B00095FA94F9455004F1240609E0606A48B180
:1044C000304601F027FC08B100F01CFC6D1E6DB2F7
:1044D000002DF3DC4FF0FF3684F8456000F09EFAC3
:1044E00000F07CFA94F9445004F1100709E02069C7
:1044F00048B1384601F00EFC08B100F003FC6D1E17
:104500006DB2002DF3DC84F84460BDE8F04100F0AA
:1045100085BA00002DE9F0410027044600F02AFD8D
:10452000324E306808B9FFF743FD706904424ED13E
:10453000C4B3083460070ED004F00700C0F10800CF
:104540000444600707D0502080F31188BFF34F8FD9
:10455000BFF36F8FFEE72CB37068844237D82348CF
:10456000183001460D6801E028460D466968A142F1
:1045700002D229680029F7D131688D4227D0076817
:104580002968016008376868011B10290FD92819AC
:10459000420708D0502080F31188BFF34F8FBFF33C
:1045A0006F8FFEE713E041606C60FFF7C3FD696841
:1045B0007068401A7060B268904200D2B06000200B
:1045C00072691143C5E90001F068401CF06001F018
:1045D000D9FB780707D0502080F31188BFF34F8FA5
:1045E000BFF36F8FFEE73846BDE8F081600100241D
:1045F00070B5041F094E231F4FF0807521F0010193
:1046000025601C1F1960A0F120010B1F2660443893
:104610000A606FF002051D6070BD0000454403088C
:1046200070B5002204464FF6FF704AF201050EE015
:10463000A35C58400023C60702D085EA500000E082
:1046400040085B1CDBB2082BF5D3521C92B28A42A5
:10465000EED370BD10B5084A0321044600F043F8BC
:10466000064A0621204600F03EF82046044ABDE8EE
:104670001040102100F037B8A52F0308FD310308C2
:10468000053303083EB51C00054604D00020A4F8FD
:10469000000184F802016B462846FFF71FFB08B1B2
:1046A00000203EBD9DF8012005EB8200436833B138
:1046B0002146684698475CB184F8020108E03CB1A5
:1046C0009DF800100123204600F017F80120F3E7C1
:1046D00001203EBD70B50D46044640F20441EBF7A3
:1046E000BDFE257070BD00EB810042607047017017
:1046F00002234270A0F80031704730B542F08002CA
:104700001D460446FFF7F3FF2946204600F037F820
:104710002046BDE83040AFF3008010B5B0F800117E
:104720000446FFF77DFFB4F800114A1CA4F80021ED
:104730006054B4F800114A1CA4F80021000A605427
:1047400010BD70B51500044609D0B4F8000120442E
:10475000EBF76BFEB4F800012844A4F8000170BD2B
:1047600010B5B0F800210C0A531CA0F80031845495
:10477000B0F80021531CA0F80031815410BDB0F8EE
:104780000021531CA0F80031815470470FB42DE96B
:10479000F0410026804608AC35460BE0201D21681C
:1047A00080C8044608EB0600BA00EBF73EFE6D1C1D
:1047B00006EB870607988542F0DBBDE8F0015DF85F
:1047C00014FB000008490023084A4FEA0300B7EE33
:1047D000000A10B501EB800484ED000A1354401C5C
:1047E0000628F7DB10BD00008835002449000024AE
:1047F00070B505462DED048BF0EE408AB0EE608A70
:104800009FED200AB0EE419ADFED1F0A28EE001A54
:10481000DFED1E9A81EE200AB7EE001AF0EE690A6B
:10482000FDF777FF1A481B49F0EE400A01EB8504BB
:10483000425DD2B1F4EEC88AF1EE10FA12D800212E
:1048400000F80510B6EE000AD4ED000A29EE000AC1
:10485000B7EE001A30EE800AF0EE690AFDF759FF54
:1048600084ED000ABDEC048B70BDF4EEC88AF1EE55
:1048700010FAE7DB0121415594ED000AFCF794FFA3
:10488000EEE70000C3F5A83E00409C46CDCCCC3DF1
:10489000490000248835002470B50C46064600F017
:1048A0009DF8154D2868806D80B92968012081F830
:1048B0005C005CB101212046FFF754FA0F494FF02C
:1048C00080500860BFF34F8FBFF36F8F00F0A6F8E2
:1048D00000F084F8296800208C6D34B116B1296885
:1048E000886502E02A68611E9165296881F85C008C
:1048F00000F094F8204670BD0401002404ED00E0AF
:10490000D0E9013201699A60D0E901235A604A680E
:10491000824201D182684A60002202610868401E1A
:10492000086008687047000004480168036802686E
:104930008869DB6AC3F13801916170470401002482
:1049400010B5044C8023046004F16000086013601B
:1049500010BD0000745E002410B5044C4FF4807349
:10496000046004F160000860136010BDD46000248E
:1049700000F046BB00F09CBB4FF0FF3300F1080194
:104980000022C0E901130260C1600161704700218B
:104990000161704730B50B685A1C02D000F1080263
:1049A00002E0026904E02246546825689D42FAD973
:1049B00053684B6099608A60516008610168491CC6
:1049C000016030BD42684A6093688B6093685960AB
:1049D000916008610168491C01607047502080F3B4
:1049E0001188BFF34F8FBFF36F8F0A494868401C8F
:1049F000486001280CD10848006810F0FF0F07D06C
:104A0000502080F31188BFF34F8FBFF36F8FFEE705
:104A1000704700008001002404ED00E00849486868
:104A200028B1401E486001D180F3118870475020A2
:104A300080F31188BFF34F8FBFF36F8FFEE7000045
:104A40008001002470B500282AD0164DA0F108047A
:104A500061686869014207D1502080F31188BFF373
:104A60004F8FBFF36F8FFEE722683AB1502080F37B
:104A70001188BFF34F8FBFF36F8FFEE781436160F3
:104A800000F078FA60686968084468602046FFF7BB
:104A900051FB2869401C2861BDE8704001F072B9E3
:104AA00070BD0000600100244FF0E0200021016192
:104AB0004FF47A728161072303490968B1FBF2F16F
:104AC000491E4161036170479801002410B5EBF75E
:104AD00065FC114910280ED300F1E0200A7890F807
:104AE000F003904207D2502080F31188BFF34F8F1C
:104AF000BFF36F8FFEE709488968006800F4E06043
:104B0000884207D9502080F31188BFF34F8FBFF33D
:104B10006F8FFEE710BD0000800100240CED00E067
:104B2000084B5FF0000210B553F832401CB1521C24
:104B3000082AF9D310BD03EBC20443F832106060B9
:104B400010BD00005858002470B515460E460446A6
:104B5000FFF744FF94F944100020491C01D184F868
:104B6000440094F94510491C01D184F84500FFF731
:104B700055FFA06B28B904F124002A46314600F005
:104B800037F92046BDE87040FFF78EBC020010B533
:104B900014D00F48006B38B1502080F31188BFF358
:104BA0004F8FBFF36F8FFEE700F0E4F9002110464E
:104BB000FFF7D8F801F0E6F8002807D105494FF0D3
:104BC00080500860BFF34F8FBFF36F8F10BD0000A0
:104BD0000401002404ED00E070B504000D460BD084
:104BE00095B11E4A106BB8B1502080F31188BFF305
:104BF0004F8FBFF36F8FFEE7502080F31188BFF314
:104C00004F8FBFF36F8FFEE7502080F31188BFF303
:104C10004F8FBFF36F8FFEE700F0ACF92368D268C7
:104C20005919934204D98B420AD9914202D807E01C
:104C30008B42FAD9881A21600021FFF793F800E02F
:104C4000216001F09FF8002807D105494FF08050FE
:104C50000860BFF34F8FBFF36F8F70BD0401002456
:104C600004ED00E070B50546FFF7B8FE1E4C05B92F
:104C70002568281DFFF744FEA86A18B105F1180041
:104C8000FFF73EFE606A401C60622068854207D1E3
:104C90001648291DFFF796FE6068401C606007E01B
:104CA000A068401EA0602846FFF767F9FFF770FB79
:104CB000FFF7B4FE6069002814D02068854211D146
:104CC000206B38B1502080F31188BFF34F8FBFF3B2
:104CD0006F8FFEE706494FF080500860BFF34F8F9B
:104CE000BFF36F8F70BD000004010024345D002409
:104CF00004ED00E002490A6A0260C9684160704739
:104D00000401002401490120C86170470401002406
:104D10002DE9F04104000E4615D0FFF7D7FE5020D4
:104D2000EFF3118580F31188BFF34F8FBFF36F8FBF
:104D300094F85C00022184F85C10A16D491CA16507
:104D4000012808D032E0502080F31188BFF34F8F44
:104D5000BFF36F8FFEE7A06A38B1502080F311884F
:104D6000BFF34F8FBFF36F8FFEE7124F386B18B151
:104D7000114804F118010DE0201DFFF7C1FDE06AA4
:104D80003969884200D9386100EB80000B4901EB9A
:104D90008000211DFFF716FEE06A3968C96A884263
:104DA00004D94FF0010006B13060F86185F3118835
:104DB000BDE8F08104010024205D002498580024FF
:104DC00010B50C4650B1094909681831FFF7E2FDEA
:104DD0002046BDE810400121FEF7C4BF502080F3FB
:104DE0001188BFF34F8FBFF36F8FFEE704010024DC
:104DF00070B514460D4668B10A4909681831FFF7C5
:104E0000E1FD0CB14FF0FF3521462846BDE870406A
:104E1000FEF7A8BF502080F31188BFF34F8FBFF378
:104E20006F8FFEE70401002410B50300144611D073
:104E30001048026BB2B1026841F000419161016813
:104E400018461831FFF7BEFD2046BDE8104001218D
:104E5000FEF788BF502080F31188BFF34F8FBFF358
:104E60006F8FFEE7502080F31188BFF34F8FBFF3A1
:104E70006F8FFEE70401002470B5194D2A6BF2B163
:104E8000C46841F0004101600CB3FFF739FD201DFB
:104E9000FFF736FDE06A2969884200D9286100EBF6
:104EA0008000104901EB8000211DFFF78BFDE06AB7
:104EB0002968C96A884201D90120E86170BD502083
:104EC00080F31188BFF34F8FBFF36F8FFEE7502041
:104ED00080F31188BFF34F8FBFF36F8FFEE70000A1
:104EE000040100249858002430B587B0002405AA96
:104EF00004A9039403A80494FFF722FDDDE903014C
:104F000000940023CDE90110184816A1059A00F07D
:104F1000E8FC174D0028E86221D000F095FF012839
:104F200009D0401C1BD1502080F31188BFF34F8F54
:104F3000BFF36F8FFEE7502080F31188BFF34F8FD0
:104F4000BFF36F8F01214FF0FF30A8626961EC6001
:104F5000FDF730FC07B0BDE8304000F07DB907B088
:104F600030BD000049444C450000000001400308EA
:104F7000040100240248016B491C016370470000D2
:104F80000401002410B51C4C206B10B10120E0611D
:104F900010BD0020E061FDF70BFEA063616B88424D
:104FA00004D9421A21684B6D1A444A65606313495B
:104FB000206901E0B8B1401E00EB800251F82220C8
:104FC000002AF7D000EB800201EB820101F1080317
:104FD0004A6852684A609A4201D152684A60D16870
:104FE0002160206110BD502080F31188BFF34F8FE6
:104FF000BFF36F8FFEE700000401002498580024DF
:1050000070B50E46054648B1300E0FD0502080F3E3
:105010001188BFF34F8FBFF36F8FFEE7502080F3EF
:105020001188BFF34F8FBFF36F8FFEE7FFF7D6FCFA
:105030002C6824EA06002860FFF7F0FC204670BDCB
:105040000A4601460148002300F062BF7149030887
:1050500070B52020FFF75EFA040005D0002525601A
:10506000201DFFF789FC2577204670BD38B550B16B
:10507000202104460091002102C0FFF77DFC0120A1
:105080002077204638BD502080F31188BFF34F8F22
:10509000BFF36F8FFEE75022EFF3118182F3118887
:1050A000BFF34F8FBFF36F8F006881F31188704794
:1050B0002DE9F041884604464FF0000750B15FEA01
:1050C00018600FD0502080F31188BFF34F8FBFF3CB
:1050D0006F8FFEE7502080F31188BFF34F8FBFF32F
:1050E0006F8FFEE7261D04F10C05FFF743FF2168D3
:1050F000F06841EA0801216018E000BFD0E900161D
:1051000001F07F4221F07F415301236802D40B421A
:1051100003D10AE031EA030307D1D20100D50F43DE
:10512000216841F00071FFF7A7FE3046A842E5D1A3
:105130002068B843206000F025FE2068BDE8F081BB
:1051400013460A460146014800F0E2BE75490308CD
:105150002DE9F0479A4690460D460446DDF820902A
:105160004FF0000748B1280E0FD0502080F311886F
:10517000BFF34F8FBFF36F8FFEE7502080F311888E
:10518000BFF34F8FBFF36F8FFEE71DB100F0C6FC7A
:1051900040B112E0502080F31188BFF34F8FBFF36E
:1051A0006F8FFEE7B9F1000F07D0502080F3118810
:1051B000BFF34F8FBFF36F8FFEE7FFF7DBFE26686D
:1051C000524629463046FFF751F930B1B8F1000F89
:1051D0001AD02068A843206016E0B9F1000F13D060
:1051E000B8F1000F01D04FF08077BAF1000F01D075
:1051F00047F080674A46201D45EA0701FFF714FE85
:1052000000F0C0FD18B10AE000F0BCFD1FE011493C
:105210004FF080500860BFF34F8FBFF36F8FFFF7E1
:1052200083FB0646800110D4FFF7D8FB2668524660
:1052300029463046FFF71AF928B1B8F1000F02D01D
:105240002068A8432060FFF7E9FB26F07F46304640
:10525000BDE8F08704ED00E037481CB53749026827
:105260008A4207D1502080F31188BFF34F8FBFF3DC
:105270006F8FFEE731490068491E884207D15020F0
:1052800080F31188BFF34F8FBFF36F8FFEE72C4978
:10529000FF200A780192087008788DF800009DF8C8
:1052A00000209DF8000002F0F002824207D050205A
:1052B00080F31188BFF34F8FBFF36F8FFEE79DF828
:1052C000002007201F4C02F050022270A06005E071
:1052D0009DF8002052008DF80020401E9DF800200F
:1052E0001206F5D40328A06007D0502080F311885F
:1052F000BFF34F8FBFF36F8FFEE74FF44070A06096
:10530000019808700C482030016841F47001016078
:10531000016841F070410160FFF7C6FB002060604A
:10532000EBF704F80848016841F040410160EAF7F2
:10533000E9FF00201CBD000000ED00E071C20F413C
:1053400000E400E08001002434EF00E0502010B5BC
:1053500080F31188BFF34F8FBFF36F8F00F0F2FB24
:1053600018B104494FF080500860002080F3118884
:1053700010BD000004ED00E0F8B5050017460E462C
:1053800013D005FB06F05030FFF7C4F804000AD034
:10539000002084F8460004F150023B46314628467E
:1053A0000094FEF75DFE2046F8BD502080F3118882
:1053B000BFF34F8FBFF36F8FFEE7F8B5069D18B1AF
:1053C00053B1CAB181B120E0502080F31188BFF3FE
:1053D0004F8FBFF36F8FFEE7502080F31188BFF32C
:1053E0004F8FBFF36F8FFEE7502080F31188BFF31C
:1053F0004F8FBFF36F8FFEE739B1502080F31188D4
:10540000BFF34F8FBFF36F8FFEE750241C4601267A
:1054100083F8466000932B46FEF722FE2046F8BD37
:105420002DE9F04704008A4629D0FFF7D7FA216812
:105430000025D4E90F23D4F840C004F11008104629
:105440000E46401E4FF0FF3902FB031200FB0C100A
:10545000BAF1000FA563666084F8449084F8459023
:10546000C4E9022013D04046FFF786FA04F1240075
:10547000FFF782FAFFF7D2FA0120BDE8F08750204B
:1054800080F31188BFF34F8FBFF36F8FFEE7206962
:105490000028EFD0404600F03DFC0028EAD0044947
:1054A0004FF080500860BFF34F8FBFF36F8FE1E77D
:1054B00004ED00E02DE9FF4704001D4682B08A4656
:1054C0004FF0000803D0BAF1000F08D011E05020CF
:1054D00080F31188BFF34F8FBFF36F8FFEE7206C0F
:1054E00038B1502080F31188BFF34F8FBFF36F8F17
:1054F000FEE7022D0AD1E06B012807D0502080F38F
:105500001188BFF34F8FBFF36F8FFEE700F006FBEC
:105510003F4F4FF080564FF0000948B9049838B11A
:10552000502080F31188BFF34F8FBFF36F8FFEE7DA
:10553000FFF754FAA06BE16B884207D3022D05D028
:105540000498D0B1B8F1000F1AD01EE02A46514697
:105550002046FEF7DCFC616A19B104F1240000F07A
:10556000D9FB20B13E60BFF34F8FBFF36F8FFFF7C2
:1055700055FA012006B0BDE8F087FFF74FFA22E0A8
:105580006846FFF7B7FB4FF00108FFF747FAFFF750
:10559000F1FCFFF723FA94F94400401C01D184F890
:1055A000449094F94500401C01D184F84590FFF7E0
:1055B00035FA04A9684600F02BF930B12046FEF711
:1055C00073FF00F0DFFB0020D4E7FFF707FAA06BC2
:1055D000E16B884213D1FFF721FA049904F110001E
:1055E000FFF7EEFB2046FEF75FFF00F0CBFB002845
:1055F0009ED13E60BFF34F8FBFF36F8F98E7FFF7E9
:105600000DFA2046FEF750FF00F0BCFB90E70000CB
:1056100004ED00E02DE9F04704001F46904689465E
:1056200003D0B9F1000F08D011E0502080F31188A9
:10563000BFF34F8FBFF36F8FFEE7206C38B1502060
:1056400080F31188BFF34F8FBFF36F8FFEE7022FF8
:105650000AD1E06B012807D0502080F31188BFF3F6
:105660004F8FBFF36F8FFEE7FFF730FA5020EFF355
:10567000118680F31188BFF34F8FBFF36F8FA06B3C
:10568000E16B884206D3022F04D0002086F31188F4
:10569000BDE8F08794F94550A06B3A46494620464C
:1056A000FEF735FC681C04D06D1C84F845500120C1
:1056B000ECE7606A0028FAD004F1240000F02AFB2D
:1056C0000028F4D0B8F1000FF1D00121C8F8001083
:1056D000EDE700002DE9F74704008A4683B04FF05C
:1056E000000603D0BAF1000F08D011E0502080F37B
:1056F0001188BFF34F8FBFF36F8FFEE7206C38B177
:10570000502080F31188BFF34F8FBFF36F8FFEE7F8
:1057100000F004FADFF8F4804FF080574FF00009F2
:1057200048B9059838B1502080F31188BFF34F8FE6
:10573000BFF36F8FFEE7FFF751F9A56BC5B1514677
:105740002046FEF7D1FB6D1EA563206950B104F120
:10575000100000F0DFFA28B1C8F80070BFF34F8FD7
:10576000BFF36F8FFFF75AF9012006B0BDE8F0874D
:10577000059808B11EB106E0FFF750F927E068462A
:10578000FFF7B8FA0126FFF749F9FFF7F3FBFFF738
:1057900025F994F94400401C01D184F8449094F90F
:1057A0004500401C01D184F84590FFF737F905A961
:1057B000684600F02DF8002820460AD0FEF774FE57
:1057C00000F0E0FA2046FEF7F9FC0028B3D00020F4
:1057D000CBE7FEF7F3FC90B1059904F12400FFF745
:1057E000EFFA2046FEF760FE00F0CCFA0028A2D1C6
:1057F000C8F80070BFF34F8FBFF36F8F9BE7204651
:10580000FEF752FE00F0BEFA95E7000004ED00E05E
:105810002DE9F04105000C4612D0CCB1FFF7DEF8BF
:10582000184E2068F268471C6B68A2EB030117D082
:105830002F68366AB74215D0934213D801251CE071
:10584000502080F31188BFF34F8FBFF36F8FFEE7B7
:10585000502080F31188BFF34F8FBFF36F8FFEE7A7
:1058600000250AE0884205D9401A20602846FFF743
:1058700041FAF5E7002020600125FFF7CFF8284620
:10588000BDE8F081040100242DE9FF5F994616462A
:105890008A4683469000DDE90E87FEF73BFE050051
:1058A0001CD06020FEF736FE040014D000202563D3
:1058B00084F85D004B46CDE90087CDE902403246D1
:1058C00051465846FEF7DDFB2046FEF779FA0120E7
:1058D00004B0BDE8F09F2846FFF7B4F84FF0FF3062
:1058E000F6E7F0B585B0DDE90B740A9DA7B1DCB130
:1058F00060262763022684F85D60002703970DF178
:10590000100C0095CDE901C4FEF7BBFB2046FEF765
:1059100057FA049805B0F0BD502080F31188BFF30A
:105920004F8FBFF36F8FFEE7502080F31188BFF3D6
:105930004F8FBFF36F8FFEE72DE9F0411F46904672
:105940000D464FF0010690B10446FFF747F80FB13E
:10595000A06D3860022294F85C0084F85C20B8F1F5
:10596000050F19D2DFE808F0230B0E1412005020A7
:1059700080F31188BFF34F8FBFF36F8FFEE7A16DE8
:10598000294301E0A16D491CA16510E0022801D066
:10599000A5650CE0002634E0A16D491C07D050201D
:1059A00080F31188BFF34F8FBFF36F8FFEE701289D
:1059B00027D1201DFEF7A4FF144DE06A2969884213
:1059C00000D9286100EB8000114901EB8000211D06
:1059D000FEF7F8FFA06A38B1502080F31188BFF3BA
:1059E0004F8FBFF36F8FFEE72868E16AC06A81427C
:1059F00007D908494FF080500860BFF34F8FBFF3BD
:105A00006F8FFFF70BF83046BDE8F08104010024EA
:105A10009858002404ED00E02DE9F04704001F46EB
:105A200092460D46DDF820904FF001081AD0FFF79E
:105A30004DF85020EFF3118680F31188BFF34F8F9C
:105A4000BFF36F8F0FB1A06D3860022294F85C0035
:105A500084F85C20BAF1050F1AD2DFE80AF0240BB3
:105A60000E141200502080F31188BFF34F8FBFF344
:105A70006F8FFEE7A16D294301E0A16D491CA1656F
:105A800011E0022801D0A5650DE04FF000083AE0D2
:105A9000A16D491C07D0502080F31188BFF34F8FB0
:105AA000BFF36F8FFEE701282DD1A06A38B15020D7
:105AB00080F31188BFF34F8FBFF36F8FFEE7144D54
:105AC000286B18B1134804F118010DE0201DFEF7F2
:105AD00017FFE06A2969884200D9286100EB80003D
:105AE0000D4901EB8000211DFEF76CFFE06A29687B
:105AF000C96A884207D9B9F1000F4FF0010001D0FF
:105B0000C9F80000E86186F311884046BDE8F087D7
:105B100004010024205D00249858002405484169B0
:105B200019B1006B18B100207047012070470220A6
:105B300070470000040100240148C068704700005D
:105B4000040100242DE9F0412E4C206B002728B1E0
:105B5000A069401CA0613846BDE8F081E668761C6B
:105B6000E66013D1E06B006838B1502080F31188F3
:105B7000BFF34F8FBFF36F8FFEE7E06B216CE163E4
:105B80002064206A401C2062FEF702FCDFF8788067
:105B9000A06A864209D3E06B0068A0B1E06BC068E0
:105BA000C5686868864211D2A0622068C06A00EBAE
:105BB000800158F82100012800D90127E069002858
:105BC000C9D00127C7E74FF0FF30EDE7281DFEF7EA
:105BD00097FEA86A18B105F11800FEF791FEE86A71
:105BE0002169884200D9206100EB800108EB810027
:105BF000291DFEF7E7FE2068E96AC06A8142CAD320
:105C00000127C8E704010024985800242DE9F04139
:105C10001E46154688460746FEF7E0FE1C4C2068E7
:105C200090F85C00022814D02068816DB94381652A
:105C30002168012081F85C005EB101213046FEF749
:105C400091F814494FF080500860BFF34F8FBFF3B5
:105C50006F8FFEF7E3FEFEF7C1FE15B12068806D81
:105C60002860206890F85C00022801D0002505E03B
:105C70002068816D21EA08018165012521680020E5
:105C800081F85C00FEF7CAFE2846BDE8F0810000FE
:105C90000401002404ED00E070B504464FF000015B
:105CA00090B31A4D2868844207D0502080F31188A1
:105CB000BFF34F8FBFF36F8FFEE7206D38B1E36CFA
:105CC000401EE26A20659A421ED040B11CE050207E
:105CD00080F31188BFF34F8FBFF36F8FFEE7201D56
:105CE000FEF70EFEE06CC0F13801A161E0622969A7
:105CF000884200D9286100EB8000054901EB800053
:105D0000211DFEF75FFE0121084670BD040100243D
:105D10009858002470B5C068C46854B104F11800E4
:105D20000646FEF7EDFD144D286B50B11348314681
:105D300015E0502080F31188BFF34F8FBFF36F8FB2
:105D4000FEE7201DFEF7DCFDE06A2969884200D9E4
:105D5000286100EB80000A4901EB8000211DFEF75D
:105D600031FEE06A2968C96A884203D90121E961E4
:105D7000084670BD002070BD04010024205D002491
:105D8000985800242DE9F0472C4D286B0024274615
:105D900038B1FEF723FE286B401E2863286B40B104
:105DA00047E0502080F31188BFF34F8FBFF36F8F10
:105DB000FEE7234E0120A968D9B3A6F59169804674
:105DC0003068E0B1F068C46804F11800FEF798FD8F
:105DD000201DFEF795FDE06A2969884200D92861F7
:105DE00000EB800109EB8100211DFEF7EBFDE06A6D
:105DF0002968C96A8842E3D3C5F81C80E0E70CB182
:105E0000FEF7C6FAAC694CB14FEA0806FFF79AFEF6
:105E100000B1EE61641EF9D10020A861E86940B1CB
:105E2000084901274FF080500860BFF34F8FBFF340
:105E30006F8FFEF7F3FD3846BDE8F08704010024BC
:105E4000205D002404ED00E010B586B0FEF720F8D8
:105E5000114C2068B8B10020039005AA049004A951
:105E600003A8FEF779FDDDE90321022000238DE878
:105E700007000C4809A1059AFFF733FD606010B1D7
:105E800006B0012010BD502080F31188BFF34F8F62
:105E9000BFF36F8FFEE7000048010024546D7220AD
:105EA00053766300854403082DE9FF411E461346DF
:105EB00002004FF000000A9D16D0144C2768002FF6
:105EC0000FD006290292CDE9001317DAFFF726FE5C
:105ED00002284FF000030FD0002220686946FFF728
:105EE000E9FA04B0BDE8F081502080F31188BFF3D7
:105EF0004F8FBFF36F8FFEE72A46EEE7002332464F
:105F000069463846FFF786FBEBE7000048010024AE
:105F10001FB51C466FF00103CDE900300548002392
:105F2000CDE90212224669460068FFF773FB04B010
:105F300010BD0000480100240000204100000000C6
:105F400000000000000000000AD7233C0000C8C287
:105F50000000C8420000C8C20000C8420000204142
:105F60000000000000000000000000000AD7233CF1
:105F7000008095C300809543008095C300809543C1
:105F800000002041000000000000000000000000B0
:105F90000AD7233C008092C300809243008092C3C2
:105FA000008092430000204100000000000000003B
:105FB000000000000AD7233C008092C30080924377
:105FC000008092C300809243000020410000000046
:105FD00000000000000000000AD7233C008092C3AC
:105FE00000809243008092C30080924300002041D1
:105FF0000000000000000000000000000AD7233C61
:10600000008092C300809243008092C3008092433C
:106010000000964400009644000096440000964418
:1060200000009644000096440000B0400000F0409C
:1060300033330341333303413333034133330341B8
:10604000CDCC4C3FCDCC4C3FCDCCCC3ECDCCCC3EC2
:10605000CDCCCC3ECDCCCC3E0000A0403333734001
:10606000CDCC4C3FCDCC4C3FCDCC4C3FCDCC4C3FA0
:106070006F12833A6F12833A6F12833A6F12833A28
:106080006F12833A6F12833A0000A0420000A042D0
:106090000000A0420000A0420000A0420000A04278
:1060A00000007A4400007A4400007A4400007A44F8
:1060B00000007A4400007A44000048420000003F9B
:1060C0000AD7A33C0000003F6F12833A00409CC4F3
:1060D00000409C4400409CC400409C440000484256
:1060E0000000003F0AD7A33C0000003F6F12833A34
:1060F00000409CC400409C4400409CC400409C4420
:1061000000005C420000003F0AD7A33C0000003FB3
:106110006F12833A00409CC400409C4400409CC4E1
:1061200000409C4400005C420000003F0AD7A33CB2
:106130000000003F6F12833A00409CC400409C4422
:1061400000409CC400409C4400005C420000003FB2
:106150000AD7A33C0000003F6F12833A00409CC462
:1061600000409C4400409CC400409C4400005C42B1
:106170000000003F0AD7A33C0000003F6F12833AA3
:1061800000409CC400409C4400409CC400409C448F
:10619000204E0000204E00005046000050460000F7
:1061A000504600005046000002000501273501005E
:1061B00000000100020003000400050006000700C3
:1061C00008000C00100014001800200030004000EF
:1061D000FFFFFFFFFFFF0000B85400248853002496
:1061E000D453002420540024205400246C54002450
:1061F000000000000400000000000000000000009B
:1062000004000000000000000010025800100258B6
:1062100000100258001002580010025800100258D6
:1062200002000400080010002000400000000000F0
:106230000BC26CB33156ECBF1D3359661385D9BF01
:1062400054687482A274C7BF8C0F7A1D1A969DBFC2
:10625000A63682508651E73FCD0F3DDF0A42DFBFB1
:10626000566205119101D83F89FBC4ABDDE5F03FD3
:10627000911BFA49C36AECBF5B2D805ACCABDABFE5
:1062800095D765767BAAC5BF5DF098AE5C69BB3FCC
:10629000403C608D3EE2E8BF383C83050483C6BFC6
:1062A000A77058824073DBBFA662C09A6731DB3F9C
:1062B0000E1FFFD29D05C63F07D8D8E706F8EBBFF3
:1062C000C88A4AE8B2D0CD3F8D0B8F34A50CAABF47
:1062D000741A2FEB09A0D8BF79CDBF0A294AE73F2E
:1062E000073F9A74869EF0BFB762376039F8EE3F79
:1062F00024DF3DEFDD6FEB3FDDC95C12AFD6EF3F32
:1063000016DCF0684B17BF3FD7647353C65DE53F9B
:10631000B1090C4AE5D6D5BF776FEB7BA5F4EB3F0F
:1063200096D6B4D3B85AB8BF55B6131ADDD0ED3FE0
:10633000AF9DF851A12DD6BFA0362591E886DDBFCF
:106340009EF690B35378D5BF88BAECAE1274ED3F89
:10635000BA52E32D2B98E23FB60E494C1763E83F43
:10636000D52F11710708B93FCE399DA5B4BEE8BF3E
:10637000D70750A1D9F9E73F3A762A85D504E7BF78
:10638000D64FFC4FE772EBBF67C6719DF615E63F2F
:1063900086D323D0F71FDFBFFA939E7900A4E7BF0F
:1063A000919348A6766BE4BF0057BDEA5374EA3F69
:1063B00058E5BFA3485FEB3F2B638A3F59E7A53FF2
:1063C0001A22FC4A6084E03F48ABD2439816EEBFE5
:1063D000F54172694E7DE93F78BA0ED1EE1DEABFF4
:1063E0009FEA8C7D8664C0BFD2D1FD7161B9BB3F8D
:1063F00082E90AB6C104E9BFADA5520ECC9DEDBF3E
:10640000625321B21A96D53F0683F119C14BEEBFF4
:1064100022687CC4030DF03F60AFA6903E24C4BF49
:10642000F14AB6F6A49ED0BFE68D82CE15E0D1BF6C
:106430000ACC091C950FEABFB01B4A3AAE85C53F8E
:106440000A0881FE60D8E33FFCB48B3EDD29EC3FB7
:1064500080D1C5D4F951E43F368E0309EF63F23F92
:10646000F32A748D255CC43F7CCDE9845080D73FEE
:10647000F4024F724F5AED3F80B4FFED1E99E3BF17
:10648000705425E4B657903F25FA6FD3862EEC3F23
:10649000C7A9357CA018F03F2F78774F8D74F0BFD7
:1064A000EDC64DAA4DD3E53F5EB98125996DD1BFAB
:1064B000D1F8ECD852A1DBBF8FFEAF35F692C43FC6
:1064C000E08A8901032CEA3F6E2066B2A251C9BF5F
:1064D000EFF52A466A0FF33F4F11C908DD41F0BFBF
:1064E000F4E96417DD42E73FCF88CF25CA1FD73FC5
:1064F000CC2468A918D0EBBFA9FCB412A0B2CEBFBF
:10650000FC9E8EDE3857CC3F5BC88B57BC5BF03FA0
:1065100026905EBCA940F0BF05B23DED5953DBBFEC
:106520003284441BB136E33F7D503C9B2B4CDDBF96
:106530001D8AA8E6A26CE63F8BC9170D5E09C83F0D
:10654000DD6B5CE09C4ECDBFD42A00BFFB5CE13F1D
:1065500004A7B7F68495E63F246AEAFF17CFE6BFA3
:10656000A82922144B13DC3F42BA068F6512EFBFF5
:106570004C0D97A96612923FA79AD25956BBE93F94
:10658000220D87B2D48ACCBFFAB08BA2FF9DE13F27
:10659000D82D665A1FFDE3BF80DF3B2047ECE63F66
:1065A00077825FBF1B16EEBF18FFE462EC83A9BFC2
:1065B000BBD88C6F4D97F13FA5DF3FCF4EA3EC3F8B
:1065C0004B23805CF246D7BF717C44029D9BC73F42
:1065D000C527CF66A17EEBBFDDF7E1277CBBCCBF33
:1065E000C1797951D03DF2BF6B2EDD93F713D0BF47
:1065F000C13CCBD54071E6BF3C2540CD95DAA9BF63
:106600003F4AC4D21A41D3BFEDF49D630AD5F2BF0D
:10661000A7EB50C61564893FC6A9FC8A96627BBF6A
:106620009A8E213437B5F1BF821621BE15DBABBF80
:106630000D62112F6C18DCBFBC7EDCAFFD7AC3BFCE
:106640005BE9AB5154BAF8BF7BCB0621356FD7BF9E
:10665000FCBFFDFB66F5F73FD929D253F768DEBFD3
:10666000D829D54BF010E43F4B2C109B0538E23F66
:106670008C26CDD5C0E5E93F511E3BB79FC8DB3F17
:10668000FAB5A2BD7257A53FB90C16F42229F2BF84
:10669000645CBA3A7D8DE13FA2CF98B6EBFEF3BFC2
:1066A000425EF61DFB5BF8BF522D9F711B65DABF82
:1066B000145B2D90F5D3863FB43FFAC70AD0F3BFE1
:1066C000C891462FC09CC4BFA3BDDE0D4AB8EF3FA2
:1066D0006D2A889C19D6E03F447018865042EB3FE3
:1066E0005948A5C13124F0BF1B679443A191F1BF64
:1066F00028B26261990C7EBF032A043E4452D6BF81
:106700002C7F7DEC6EB4E1BFB5BE9A660C4DB93FEF
:10671000899B0152AAA0F3BFB0CCDDEFBC33C33FCD
:10672000327ADE98B20DDFBFD9E9E0C90088C1BF77
:106730005516053F7FF0EB3FACD6841784F4F23F4B
:10674000365BE886877CC5BFC05BD27419FDDCBFB1
:106750008834EEB8E3FFE3BF3275BCADAB3DDEBFBE
:10676000799558A3DDF5A33F77FF7FAE243BD23F59
:10677000D650905AEE03D13F9BEEFBE29EE6E3BF7C
:1067800080F03614375EF0BFE9F400C04E58DFBF2A
:10679000E31E5A53B915E23F680DE94E99A3E13F54
:1067A00025449E555ACEE83FAA414645DF74C3BFF3
:1067B0002D129371A362DE3FC3ABC732344CE7BFE7
:1067C0002E17A760CAD1E6BF790536EB3D77D1BF5A
:1067D0006B4214797D06D13F726D8EE991D0F0BF86
:1067E0008AD31A4FEDE1E5BF84EAF6B3B7CDC13FD6
:1067F000B8C82F73078FDFBFDD586F6F2E6AE63F73
:10680000B15A29435B38E03F971D436E4957E83F33
:106810002F3C1AA7C983D73FAA0BAD46BDD0B2BF44
:10682000C40FFF3F1423EF3FDBC1A956DC41EA3F11
:10683000A089331F7848D53F7E421F8D9B2891BF8A
:10684000EC62D4A94F5FF23F5A44C25064A8F6BF2D
:1068500058C48360442DC1BF754EAB64C933EDBFCE
:10686000C7156B1E30AAC9BF5CC3280D7C39C3BFD6
:106870001025EDF321C9A03F64E981C050ACDBBF16
:10688000E2821AC65AB1D33FDCCFD6746BC5E93F5A
:106890004CD40F30980BF33F7AC4FFB960EFF73F49
:1068A00025A6CAF3B2D7EEBF2C5C3FDD57FCC6BFAE
:1068B0007D73EE7BA30CACBFE0BEFD5F696048BF9B
:1068C000431812BEBD58D5BF730E8BB5D7CFD83F76
:1068D00077773314BD5FE3BFCE067E0F07D1DD3F70
:1068E000CBF867A062B2F23F00A135411FD6E6BFE8
:1068F000F7718B7B7892D9BFEAA14474C112E8BFCB
:10690000B89208FD2CBED43F8B9884889949E4BF87
:106910009B4A202A5394DFBFC866AC3DA133DABF3F
:106920004A8F11C7EC0DEB3F7486D836ACBAD53F11
:10693000215A80B59ADEF3BF4DEAF7168A9DC6BF8D
:10694000BEE3CCD781ADB53FBC90029D22FDBABF5E
:10695000A2C0FF4A0848F13F3D16229F1CA6E8BF8F
:106960003CE34D789201ABBF91009DE6DBD4DE3F66
:1069700082E780C942CFE33F661D1B8785169EBF15
:106980005C970D761A39C23F7EE3B4F458AAC43F2F
:10699000C81AB36623A0DA3F292BFFC78E12B5BFF2
:1069A00044359F24E7FFE53F64812CCABAA3D0BFDA
:1069B0006A7C8212898FECBF983EF7A15059DEBFE6
:1069C000441C0625E7F5EC3F746F2A885BBFE13F66
:1069D000BD5BDFB9A9D6E73FD8A7E87DCFD9BD3FDA
:1069E00008694F2C595CE9BFADCD79141B8AE83F8B
:1069F0002DE438FE3BEDE6BF73C6D4F76ED5EABF93
:106A000097D1B0A3C4D5E33F0DE71EB4DD28E6BFA0
:106A1000D671FBE4D318F4BF181D1E92282CE6BFD4
:106A2000941D24468B0BE83F4D71FDC9CA1EE33F00
:106A30001A8E5E79AEE4B73F321FF1705FD3E73F45
:106A4000CCB8C8232D6BD7BFD848E9604282E03F5D
:106A5000FBACEFEED442ECBF09E90991F60596BF15
:106A60007DE785FE2B28D83F531AD82BB79CEBBF68
:106A7000D21902AA88EFF2BFE39FA30AE979A63FE1
:106A80007B2464ABFB44F4BF10E5CA27FACEEF3F8A
:106A9000AC6D44F872D1A8BFC1CEB3DBAE8AD9BF0A
:106AA000DCFB0D2422708EBFD116EF977A12E2BF65
:106AB00061D036B73513CB3F97CC7E703537D13F99
:106AC0006BB911D37534E63F3DDC1BB877D3E93F92
:106AD000D7C840E02AACF53F0BE6714859E1C33F07
:106AE0001A7533592D96E03FF5E4C1E863B1E43FF0
:106AF000075CE78D3E17E8BF66B632928EC4D03F82
:106B0000B17EFD7136D3EA3F5DFDE45826E2E83FF1
:106B100077FEB116BF38F4BF9C85F630DA95C63FD4
:106B20002CE1B0A66FB5B1BFD45CB3AD9155E6BF53
:106B300083033CF04F4FDEBFB057EFA1A03CF23FC4
:106B4000DF265F60B653D1BF4EAE9B76AF7DF53F7B
:106B5000EF9C40B27357F5BFA0BDD7DA3C07DD3FCD
:106B6000949B9E882793E33FAC9F9470AB2BF1BF1F
:106B7000DE572EF4EAADD2BF70BB58ADA4A4E13FFE
:106B8000BFF4A532AD0CF13F92134349296FEFBF1B
:106B9000345E5446EC18DEBF9BA53909566BE53FC1
:106BA0009E05AEB7A76ADFBFCF47B566461EE53F75
:106BB00038AA785B57D2D03F4B30AE27AFDBD8BF77
:106BC000A688C6F08790E93F485BB6B1D4E5E93FB7
:106BD0003127A5D55EAAE4BF6D60AEEDB294E63F65
:106BE000B8DC25D11490F8BF1B2BC66990DDC4BF5B
:106BF0002647CC8871EBC0BFBCA0FFD0445BB9BFB7
:106C0000041E914995B4D73F539A2FF830A7D8BFA7
:106C10004DE3B5C4D573B3BF7720FA8BF850B23FBC
:106C2000D5E0FC7F2CD5C13F57A60B648A33BC3F0F
:106C3000A951A70ACAD6D0BF346DD3D2EA85E23FA4
:106C4000AC33B87D7B29BE3FF31794B85EAAB23F40
:106C500072E5995E518AB9BFF57FB86CA277B6BF6D
:106C60005C1BB134B66CD13F3198623AD5D7DABFEC
:106C7000C371E4BED6CBBCBF8AEB2B4E3423BF3FDF
:106C8000A4A9B6B7284AC33F29BE8E2CDBA2E2BF17
:106C9000A14EF5471C06E4BF1177C13EA78AF33F1A
:106CA0007CA1778F69ACCABFDA7F564D5DAFC43F18
:106CB000C96BBED2F8B2F3BFBF02F95E70F7EEBF88
:106CC000749BA0F1EEBCDDBF69719338B947E7BF93
:106CD0007973B2193327DE3FE34385CE2E47E73F72
:106CE0004AD785BF1927C2BFA72366E3E206F73F4D
:106CF000A937EBAEE667DE3F1712A3036785BCBF7B
:106D00005FD289D0EB47F93F963EBF64C3D2D0BF74
:106D100055C9CFB6FA60E43F28FB026FA0D503C087
:106D200089A2C5255119C8BF3319DB5B993AB4BF95
:106D3000502289F756D3C43F42CF6F23EBA6C6BF7C
:106D4000E4E3117A2D1EF13F8150D1616020C43FF0
:106D5000B093B4D6E583F4BF134C4706DD56D1BFDC
:106D6000311BE10A3909DB3F81851658717BEDBF84
:106D7000635B9BB2D92BF63F1610107C087DBD3F9C
:106D8000B97A6F2EA5A3F73F23964CD80DC0D9BF73
:106D9000AC37AFD0000FC5BF5F91CBB8B9DFB63FFE
:106DA00053DDEA1BCB91E03FDB78F214F93BE23F85
:106DB0009E8B94AFD26EE1BF6DFC7D4D6AB6F6BF7F
:106DC000682F342D5EADE6BF4E4039216FEEE23FB5
:106DD0000644D00A5594EDBF0530E0C94D64BBBFF1
:106DE0004F332959591CCD3FEF8475A1D67EF8BF8A
:106DF000B3A30E1CC8ACD8BFE4DF8A493ADAC83F57
:106E00000B6B610BC134DEBF935C80139FD7ED3FEA
:106E100029C72C6B0A64D83FF71D446D4BF5F9BFA9
:106E2000082336F9E9C0A4BF441F1F4F265EDA3F8E
:106E300087352A365C6D4A3FEF8C8448F3FEC33FAA
:106E4000D40E923D5EB7E5BF218FD278DC72FBBFD6
:106E50004B3307EAFFDCEDBFC42149FAB6ACDEBF15
:106E6000D126F2F0DB85CBBF5C00141DCC0AEF3FCE
:106E700071EF7AEC011FEFBFD06FDCDF27DEEE3F52
:106E80006D752093D47EDE3FD12499E5A3D0A7BFB2
:106E9000672D8411CD67F03F91314F0E1B98DB3F7A
:106EA000F933C0D6FF2ECEBFFC824F447C37F0BFF3
:106EB00025B378A89174C93F9B7EC3B2F6F8E3BFAF
:106EC0008A91E1C186A0CA3F7BB56609DB2DB23F3E
:106ED000ABC8A1934D0FF13F42425E062EB6C83FAC
:106EE000CD2BA00F0C3EB0BF7B38F72B1236F93FED
:106EF0002B0C3D8B9681B9BF878FE033470EDEBFE9
:106F00003081FF832529FB3F2C077D08C161E3BF4A
:106F100026ED6FA89662E03F99826493374CE1BFFB
:106F200014E7B3F579D8F13F065238822512C8BF6D
:106F30008DDAC46636E6F4BFF4898E4BA522CA3FCB
:106F4000128640322DCEF03FAA14C0BDFE69EABFC2
:106F500075C7EAF7EA4AE53F0E628556C0FED63F9E
:106F60006E0FFB44A64CEE3F8EE171E27F73B53F9E
:106F70008C87EA427707ECBF156DC56A7A80F3BF4C
:106F80003801DE3C7E3DF33F1D487F5249E6FABFA3
:106F9000B28938D7CE53E03FF2BB16810A44D5BF41
:106FA000012C785D642AE4BF36ED55126BC3F0BF47
:106FB000F013D613EE55CCBFF69322ACBAC3EB3F19
:106FC000DEC044602426EB3F33FDEDD135D0EFBF6A
:106FD000A6C0885E3CEAEFBF9564D1EDCE8BE23F60
:106FE000899C64A4E8A9F5BFF296B2ED49B4D5BF77
:106FF000EE9F062A638DAE3F3394E171BDCDF13F24
:107000005076D765F9C9DB3FFD854E2CB62BD8BF2E
:107010003BE0DA9AA587F7BF11AB4E82B75EE0BFBF
:10702000A76AC7F0E316BDBFC3F3525F1E69F0BF86
:10703000F888EB68E02EEEBF97656F8A3882EF3FE5
:107040009CBD60057BD0F33FB4D30B8410CCBC3F18
:1070500000E464514908633F6F27A99C57F5F1BFCD
:107060006BA5758EF95EF83F6C34A5D17A48D7BF11
:10707000E8E7586298E7F0BF15E0FA167410D9BF38
:10708000BC06B392F39AE03FAD0AAD29BAC5C4BFBE
:107090007EFB903C43C3EFBF35FC4A4A78B1E83FE2
:1070A000886736177F0DF63F6D0702E7A0FAF43FB9
:1070B000338F16C441A3CC3F555461394065ECBFB2
:1070C0004D7BC6D9C5EAD13FF3A396E884AADE3F3B
:1070D000C31513046340D93F661E0B394574B8BF0E
:1070E00090E02D9A381AF83F0C3BF3754B0CD93FC2
:1070F000BBC71339BCE4AABFDB42D9A64491B8BFD1
:107100002D88BF424CDFDFBFC0DD1EA8DB95F03FFE
:107110000E8F102B737DC4BF3B6A93ED12A8D0BFB6
:1071200067741B3C098DBF3F96C72E30FAAFEEBF88
:107130008FD68B2E8CACDABFF5034AAE806ED6BFED
:10714000865784A0612BE4BF39CB3BAA6E1FE53F75
:107150007BD8957C0CD7E1BFDF6FEEAF65EDCA3F02
:107160001D513584696BF13FADF1F7D4746FC4BF25
:107170009DC00201757FE2BF9E6871793C8FE73F39
:10718000390C82C7FCD0F4BF15E25C4BC911B3BF08
:107190003CA3CFE42BB1E7BF80A410E08CF4E2BFA6
:1071A00033693B5DBF10C3BF4C36E68770BBE03F21
:1071B000E780C60FF60FD7BF3E30A4064F1EC3BFF1
:1071C0003C798105B599ECBF01D4D188ACF5D3BF2A
:1071D000D028FC576AD6D8BF81E9171E3066E53F34
:1071E000E08CF6125C46CDBFAAAFFF420173D63FDA
:1071F000AAA5B5DD315DC33F4563B408F6C4E0BF61
:1072000075ADCBF427FAE9BF100CAB8EA054CA3F82
:10721000A7DE41483544E4BF4774EBC2E0CBEEBF84
:1072200083A5D1DA69FBDFBFB561A1E0D01DE0BF66
:10723000A22C000DEC29D23F43D829BEEA0BEE3F29
:107240003105247665D2C73F0B80E2572C08DDBF9D
:10725000D6A8C26393B7E83F21F2474E5C01EFBF67
:1072600053D7F6E8E1E6CB3FAF6C868FEFD9E53F29
:10727000699C593E6E9DE23F7DF28F23CEF9D83F47
:10728000A00C776B71ACDCBF4F63A844C9BAEDBFEB
:10729000FAA44414B96CE63F74C8FB446F26DDBF02
:1072A000A5BD1EEA04FADDBFFB4C5D59A439D33FEE
:1072B0000D23C5F9F40AD13F76D5E2220B8D7A3F32
:1072C000CDC815B44FB1E53F28E3F3312327E0BF24
:1072D000B91CEB809FE5E83F35B70A41AE00D3BF4C
:1072E000C0D1086D4CB3EABF7F7890F856C3DEBFBB
:1072F0008B4C9DCE3460E13F256D5BB8FA6CEEBFE0
:10730000E4D478C31ABDED3FA3130E2F3A3BF1BF6F
:10731000544E52A2BDE2F23FD8E9BAFA0C29DC3F42
:107320006F5B2422ECD8EABF5762BDDBBDBBD0BF88
:107330002677A273A447D1BF9E52338B4A6BE9BF15
:10734000773E61ECB9ECE6BFBF07FD3B921EE5BF9F
:10735000C8DC30A136A5E0BFF5A1CD62FA33E3BFAA
:10736000EFAB9E5B56F7DB3FEEB654D2D2B5F23FA1
:10737000E32F2738F171DABF8B69251DE844D6BFAA
:10738000D1275D52E8CDE13FBE57F73D966EBE3F37
:107390006520C0E1D138E6BF9AE366139F8EE7BF50
:1073A0005A59D045BC9AEBBF8413AE597794B0BFFD
:1073B000394541E1BBADF03F17C5420943FDCC3F24
:1073C00046D8FFFAD09BD33FD6EEF5D3701ADFBF75
:1073D0003FE209821DBEE6BFAA92D06C4B83D8BFA4
:1073E000139D6BB1E9CFEC3F7CEC5846C546C0BF5E
:1073F000C71FF2BC8FAEEBBF5AF60460D836E0BFB1
:10740000E3075572A61DC2BFB2C20A256445ED3F0F
:1074100061BD60FB1A4EBDBF7F49B44BC458EABF83
:10742000E91AC24736DDE83F19A256FAA3B3DFBF17
:107430004001932434C9EF3F46FFA47413C2A13F17
:10744000CE438882DEE7F73FFAD62A4866CDCB3FA7
:107450006A81A0B39AF5D63FBDCA289BA649BABF98
:10746000EA348F637CF8E23F141C228695E4ADBFBA
:10747000B9525DBD3899E33F090E4D39C90BEABFDA
:10748000BC6B56C3E82BF8BF1EEA8E3FB011DCBFC1
:10749000BB407170A7AFEABF7CEAA8252FBAC2BF74
:1074A000207FCEB1096FBD3F3DAE822F8FADDF3F54
:1074B000A66B5F21F353EE3F9DD31E00E6CAE23F69
:1074C000BD7DD75CC17CF03FC21FC2A857E1F03F31
:1074D0001AC2C53C8583D5BF016BC1EEB042CD3F1A
:1074E0003E0099BFDD55E63FC3AB330582F7DB3F76
:1074F0005A414A86C5CEE73F91DF6819A522F1BF00
:107500008C7903080000000000000000000000006B
:107510000000000000020000180000000000000051
:107520000000000060790308000000000000000077
:107530000000000000000000000400002D0000001A
:107540000000000000000000547903080000000063
:107550000000000000000000000000000004000027
:107560002C000000000000000000000070790308FB
:10757000000000000000000000000000000000000B
:10758000000400002B0000000000000000000000CC
:107590002079030800000000000000000000000047
:1075A0000000000000600000290000000000000052
:1075B0000000000000790308000000000000000047
:1075C0000000000000000000001000002600000085
:1075D0000000000000000000107903080000000017
:1075E0000000000000000000000000000002000099
:1075F0001B000000000000000000000048790308A4
:10760000000000000000000000000000000000007A
:10761000000200000C00000000000000000000005C
:10762000A479030800000000000000000000000032
:1076300000000000001000002E000000000000000C
:107640000000000030790308000000000000000086
:107650000000000000000000000400001B0000000B
:107660000000000000000000F478030800000000A3
:107670000000000000000000000000000004000006
:107680001800000000000000000000003C79030822
:1076900000000000000000000000000000000000EA
:1076A000000200002F0000000000000000000000A9
:1076B00098790308000000000000000000000000AE
:1076C00000000000000200001800000000000000A0
:1076D000000000007C7903080000000000000000AA
:1076E0000000000000000000001000001800000072
:1076F0000000000000000000EC780308000000001B
:107700000000000000000000000000000002000077
:10771000080000000000000000000000B479030829
:107720000000000000000000000000000000000059
:10773000001000002C00000000000000000000000D
:10774000DC780308000000000000000000000000DA
:107750000000000000000000D078030800000000D6
:107760000000000000000000000000000000000019
:10777000C0780308000000000000000000000000C6
:107780000000000000000000D079030800000000A5
:107790000000000000000000C479030800000000A1
:1077A0000000000000000000000610160006101681
:1077B0000001020304050607080C101418203040CD
:1077C00000000000000000000000000000000000B9
:1077D00000000000010000000200000003000000A3
:1077E0000400000000000000050000000000000090
:1077F0000000000000000000060000000000000083
:10780000000000000000000007000000010002006E
:107810000400060008000A000C00100020004000D0
:1078200080000001010101030701000008040204B7
:107830000801010100000000010203040102030429
:107840000607080900000000000000000000E03FFB
:10785000000000000000E0BF0000E0FE422EE63F16
:107860000000E0FE422EE6BF763C7935EF39EA3D76
:10787000763C7935EF39EABD3E5555555555C53FEE
:1078800093BDBE166CC166BF2CDE25AF6A56113F94
:10789000F16BD2C541BDBBBED0A4BE726937663E96
:1078A000000000006E83F9A22915444ED15727FC31
:1078B000C0DD34F5999562DB4190433CAB6351FEEA
:1078C000456E6353656E736551756575650000009F
:1078D00054657374517565756500000052733438D2
:1078E0003552656376517565756500004C65645465
:1078F00061736B0053746F72655461736B000000A9
:10790000456E6353656E73655461736B00000000D0
:1079100054656D7053656E73655461736B00000040
:107920004375727253656E73655461736B0000002A
:10793000556172744462675461736B004C61756E7B
:1079400063685461736B00005379734374726C54B1
:1079500061736B005370644C6F6F705461736B0094
:10796000437572724C6F6F705461736B000000004E
:10797000506F734C6F6F705461736B004B696E5333
:107980006F6C7665725461736B00000064656661AC
:10799000756C745461736B00546573745461736BCC
:1079A00000000000527334383552656376546173B9
:1079B0006B00000043414E46445265637654617348
:1079C0006B00000053746F72654576656E747300CA
:1079D0004C61756E63684576656E747300000000D7
:1079E000007A030800000024A801000086090208AC
:1079F0004C7A0308A8010024906701001C1C0308AE
:107A0000A14B7A4304DA6104211328511B24740426
:107A10001AC004130C521B245804133C5322240292
:107A2000150202110F0B13FA45040C127C92480444
:107A3000133847142448484324C803E1C2011AAA52
:0C7A4000014129EA82103C90D00304713F
:04000005080202CD1E
:00000001FF
