:020000040800F2
:10000000E806002019040008D9730008D76B00081F
:10001000297200082F230008A98B000800000000A7
:10002000000000000000000000000000F57D000856
:100030000928000800000000D5760008AD7E000801
:1000400037040008370400083704000837040008A4
:100050003704000837040008370400083704000894
:100060003704000837040008370400083704000884
:100070003704000837040008370400083704000874
:100080003704000837040008370400083704000864
:100090003704000837040008370400083704000854
:1000A0003704000837040008370400083704000844
:1000B0003704000837040008370400083704000834
:1000C0003704000837040008370400083704000824
:1000D000370400086989000837040008518A0008BD
:1000E0003704000837040008000000003704000847
:1000F0002980000837040008370400083704000886
:1001000037040008370400083704000837040008E3
:1001100037040008370400081D8000083704000871
:1001200037040008370400083704000837040008C3
:1001300037040008370400083704000837040008B3
:1001400000000000000000000000000000000000AF
:100150003704000837040008370400083704000893
:100160003704000837040008370400083704000883
:1001700037040008370400083704000800000000B6
:100180003704000837040008370400083704000863
:100190003704000837040008370400083704000853
:1001A0003704000837040008370400080000000086
:1001B0003704000837040008370400083704000833
:1001C00037040008370400080000000000000000A9
:1001D00000000000000000003704000800000000DC
:1001E000000000000000000000000000000000000F
:1001F0000000000000000000370400083704000879
:100200003704000837040008000000003704000825
:1002100037040008370400083704000837040008D2
:100220003704000800000000370400080000000048
:1002300037040008370400080000000037040008F5
:1002400037040008370400083704000837040008A2
:100250003704000837040008370400083704000892
:100260003704000837040008370400083704000882
:1002700037040008370400083704000800000000B5
:100280003704000837040008370400083704000862
:1002900000000000370400083704000800000000D8
:1002A0000000000037040008370400083704000885
:1002B0003704000837040008370400083704000832
:1002C00037040008370400083704000800F002F87B
:1002D00000F092F80AA090E8000C82448344AAF14E
:1002E0000107DA4501D100F087F8AFF2090EBAE84C
:1002F0000F0013F0010F18BFFB1A43F0010318475A
:10030000549A0000949A0000103A24BF78C878C12B
:10031000FAD8520724BF30C830C144BF04680C600B
:10032000704700000023002400250026103A28BF53
:1003300078C1FBD8520728BF30C148BF0B60704757
:100340006E2900F09982702900F0E383662909F094
:100350005E84652909F05B84672909F05884612966
:1003600009F0578403681B0A28BF41F080016929FE
:1003700000F04682642900F04382752900F0408233
:100380006F2900F07083782900F0AF83E92900F02D
:100390000B83E42900F00883F52900F00583EF2999
:1003A00000F06D83F82900F0AE830368DB0928BFF5
:1003B00041F08001632901F0E380732901F0E880B6
:1003C000E32901F0F380F32901F0F8800020704761
:1003D0001FB509F017FC01F043F9040000200021CB
:1003E00009F0FAFB401C60600020002109F0DEFBF0
:1003F000E0601FBD10B510BD01F004F91146FFF714
:10040000E7FF09F099F901F0E1F903B4FFF7F2FF12
:1004100003BC01F01DFA00000A4880470A488047E3
:100420000A480047FEE7FEE7FEE7FEE7FEE7FEE7D5
:10043000FEE7FEE7FEE7FEE705480649064A074BEA
:100440007047000079290008457F0008CD020008A8
:10045000E8000020E8060020E8020020E802002072
:1004600053EA020C00F069802DE9F04B4FF00006D2
:10047000002B1FBFB3FA83F503FA05F424FA05F63F
:100480005E4012BF1643B2FA82F502FA05F4C5F1D6
:1004900020051EBF22FA05FC44EA0C04203556EA6A
:1004A000044C4FEA144418BF641C4FF000084FF08E
:1004B0000009904271EB030C39D3002919BFB1FA3E
:1004C00081F701FA07F6B0FA80F700FA07F6C7F1EC
:1004D00020071EBF20FA07FC46EA0C062037B6FBB1
:1004E000F4FCA7EB0507103F07F01F0BCBF120062C
:1004F0000CFA0BFB2CFA06F644BFB3460026202F5D
:10050000A4BF5E464FF0000B5BEA060C08BF4FF03D
:10051000010B19EB0B09ABFB027C48EB0608C01B77
:1005200006FB02CC0BFB03CC71EB0C01C1E70B46C5
:10053000024641464846BDE8F08B13B54FF0000037
:100540004FF00001AFF30080BDE81C407047000091
:100550007CB51D4616460C00009001D02044401E7C
:10056000074B7B442A4669460190304600F09DF9CE
:1005700005461CB10020694600F0AAF928467CBD5A
:100580007503000040EA010310B59B070FD1042A50
:100590000DD310C808C9121F9C42F8D020BA19BA4E
:1005A000884201D9012010BD4FF0FF3010BD1AB1B3
:1005B000D30703D0521C07E0002010BD10F8013B08
:1005C00011F8014B1B1B07D110F8013B11F8014B2F
:1005D0001B1B01D1921EF1D1184610BD10B5431C52
:1005E00002E010F8011B71B18107FAD14FF001321E
:1005F00002C88C1A8C4314EAC211F9D0C01A0A0638
:1006000003D0C01E10BDC01A10BD0A0401D0801E48
:1006100010BD0902FCD0401E10BD032A40F23080FC
:1006200010F0030C00F0158011F8013BBCF1020F33
:10063000624498BF11F801CB00F8013B38BF11F8B4
:10064000013BA2F1040298BF00F801CB38BF00F8CB
:10065000013B11F0030300F02B83083AC0F008803F
:1006600051F8043B083A51F804CBA0E80810F5E72C
:10067000121D5CBF51F8043B40F8043BAFF300800F
:10068000D20724BF11F8013B11F801CB48BF11F884
:10069000012B24BF00F8013B00F801CB48BF00F854
:1006A000012B70474FF000020429C0F0128010F0B7
:1006B000030C00F01B80CCF1040CBCF1020F18BF3E
:1006C00000F8012BA8BF20F8022BA1EB0C0100F0D1
:1006D0000DB85FEAC17C24BF00F8012B00F8012BA4
:1006E00048BF00F8012B70474FF0000200B51346D9
:1006F00094469646203922BFA0E80C50A0E80C5042
:10070000B1F12001BFF4F7AF090728BFA0E80C50F2
:1007100048BF0CC05DF804EB890028BF40F8042BEB
:1007200008BF704748BF20F8022B11F0804F18BF58
:1007300000F8012B704770477047704770B504464A
:1007400085690068C10601D5302600E02026C00773
:1007500007D070BDD4E9012130469047206A401C83
:1007600020626D1EF6D570BD70B5044685690078AF
:10077000C00707D170BDD4E9012120209047206A2D
:10078000401C20626D1EF6D570BD09684A0501D572
:1007900040B27047C905FCD500B2704709684A05E8
:1007A00001D5C0B27047C905FCD580B2704770B59D
:1007B0000C460546012A05D02878800600D5EA694E
:1007C000002302E0012305E05B1C934202D2E05CBF
:1007D0000028F9D1A869E618C01AA861286A184447
:1007E00028622846FFF7AAFF04E0D5E9012114F8A2
:1007F000010B9047B442F8D32846FFF7B5FF70BD10
:100800002DE9F0410646002410687529314616A5E9
:1008100010D0FFF7BAFF002802DA404213A507E024
:1008200031688A0701D512A502E0490704D511A550
:10083000012401E0FFF7B2FF00210A2206F124079C
:1008400009E0B0FBF2FCB0FBF2F302FB1C0030301D
:1008500078541846491C0028F3D123462A463046CE
:10086000BDE8F04100F09BBA000000002D00000040
:100870002B0000002000000011680268006A530588
:1008800001D508700AE0D30501D5088006E01306FB
:1008900003D5C217C1E9000200E0086001207047DB
:1008A00001694A1C02610878704700B58FB0CDE934
:1008B00001310021059105497944CDE90310114624
:1008C000684600F031F90FB000BD0000E5FFFFFF02
:1008D0000A6802F8010B0A607047D1E900239A42C6
:1008E00002D2531C0B601070704700002DE9FF5FAF
:1008F00015468A460446DFF8AC80F8440027D8E95C
:1009000000103E46CDE9001010E03AF816106A4695
:1009100002A800F057FE411C07D02178890603D5B4
:10092000E269391891420DD80744761C2078800678
:1009300002D5E069B84205DDAE42E6DB3AF81600C2
:100940000028E2D1A069C01BA0612046FFF7F6FE97
:10095000D8E90010CDE90010002017E03AF818108F
:100960006A4602A800F02EFEB0F1FF3F81460BD090
:1009700000250DF1080B05E0D4E901211BF8050065
:1009800090476D1C4D45F7D308F10100B0428046F9
:10099000E4DB206A384420622046FFF7E5FEBDE82C
:1009A000FF9F00005A9300002DE9F0418046D21DC0
:1009B00022F007020025D2E90002F52915A614D07D
:1009C000011E72F1000106DA0023D0EB030063EB95
:1009D000020211A608E0D8F800108B0701D50FA677
:1009E00002E0490701D50EA601251146002408F1B1
:1009F000240704E000F08EF930323A55641C50EAC6
:100A00000102F7D12B46324621464046BDE8F0416F
:100A100000F0C5B9000000002D0000002B00000010
:100A20002000000030B4002100F1240408E002F0AE
:100A30000705D208303542EA4372DB086554491C89
:100A400052EA0305F3D10468002310A2250707D555
:100A5000A40600D421B1C46901230DA2641EC4619F
:100A600030BC00F09CB910B5044621461068FFF771
:100A700095FE02462046BDE810400023D2E7D21D75
:100A800022F00701D1E90023CCE7000000000000BC
:100A900030000000F0B40D460188090502D5214C54
:100AA0007C4402E01F4C7C440E34002100F12406FB
:100AB00008E002F00F071209E75D42EA03721B0922
:100AC0007754491C52EA0307F3D102780023120736
:100AD00004D5702D06D009B1022311342246F0BC92
:100AE00000F05DB901231034F8E770B504460D46F7
:100AF00021461068FFF752FE024629462046BDE80F
:100B000070400023C6E7D21D22F00703D3E900237B
:100B1000C0E70368126843F0200303600823C36141
:100B20000023B7E7BC9100002DE9F05F8946044639
:100B30004FF0000ADFF874B1FB44C0F820A0204653
:100B4000E1688847002874D0252806D0D4E901211F
:100B50009047206A401C2062F1E700265F4620464D
:100B6000E16888472028054607DB312D05D2781932
:100B700010F8200C08B10643F1E7B00701D526F0C4
:100B80000406C4F81CA00027C4F818A02A2D09D018
:100B9000284608F033F838B304EB8708303DC8F82E
:100BA000185019E059F8041B204604EB87029161A4
:100BB000E1688847012F054618D1E069002820DA4E
:100BC00026F020061DE0D8F8180000EB800005EBA9
:100BD00040003038C8F818002046E16888470546CC
:100BE00008F00CF80028EED1012F0AD02E2D08D1E4
:100BF0002046E16888477F1C0546022F46F0200604
:100C0000C4DBA069002803DA404246F00106A06177
:100C1000F00701D026F010066C2D0BD0682D09D0FE
:100C20004C2D39D06A2D35D0742D35D07A2D33D056
:100C300016E038E0E1682F4620468847B84205466E
:100C400009D16C2F26D04FF48060E168064320461E
:100C50008847054604E06C2F1AD04FF48070064395
:100C60000DB3A5F14100192802D8203546F40066DD
:100C70004A462946204626604E46FFF761FB80B172
:100C800001280BD0F61D26F0070000F1080956E7F1
:100C90004020E4E78020D8E70020D6E706F10409E9
:100CA0004DE7284652E7206ABDE8F09F4C910000CE
:100CB00010B5203AC0F00B80B1E81850203AA0E8F7
:100CC0001850B1E81850A0E81850BFF4F5AF5FEA2B
:100CD000027C24BFB1E81850A0E8185044BF18C9DE
:100CE00018C0BDE810405FEA827C24BF51F8043B85
:100CF00040F8043B08BF7047D20728BF31F8023BD9
:100D000048BF11F8012B28BF20F8023B48BF00F86C
:100D1000012B704730B5B0F10A024FEA900E71F125
:100D200000034EEA817EB0EB0E0061EB91014FEAC9
:100D3000101E4EEA017E10EB0E0041EB11114FEA3E
:100D4000102E4EEA016E10EB0E0041EB11214FEA1E
:100D5000104E4EEA014E10EB0E0041EB11414018CF
:100D600041F100014FEAD00040EA41704FEAD10161
:100D700010EB80054FEA810444EA907444EB0104CF
:100D80006D1944EB0404521BA3414FF0000348BF0C
:100D90000A3200D530BD401C41F1000130BD2DE9C3
:100DA000F0470D4699469246044600F12408016832
:100DB000880604D5E06921F01001216000E00120DF
:100DC000A84201DD471B00E00027A1697A1902EB68
:100DD0000900081AA0612078C00602D42046FFF757
:100DE000ADFC002608E0D4E901211AF8060090477E
:100DF000206A401C761C20624E45F4DB2078C00639
:100E00000AD52046FFF79AFC06E0D4E901213020FC
:100E10009047206A401C2062381EA7F10107F4DCCD
:100E200007E0D4E9012118F805009047206A401C2A
:100E30002062281EA5F10105F3DC2046FFF794FC93
:100E40002078000602D50220BDE8F0870120FBE7EC
:100E500070472DE9FF4F0C461E464FF0FF378BB011
:100E6000D2E90001DDF860800A908A46C1F30A5594
:100E700005B93D46002108464FF00000BAF1000FC9
:100E800000F4400005DA00EB80004FF4400101EA75
:100E900050004FEA9059B9F1010F00DDB9460A98A8
:100EA00050EA4A000ED044F61050A5F2FF354543F3
:100EB0002F14B8F1000F1ED07542291E1EDDC9F196
:100EC00000021CE0B8F1010F4FF0000001D030210A
:100ED00003E0F24305E02154401CB042FBDB304606
:100EE0000022002121540B99C1F80880C1E900209B
:100EF0000FB0BDE8F08FBD1B6D1CDEE74A4600DA7F
:100F0000694206A800F0F0FB06AB93E8070003ABCC
:100F100083E8070050460A9900F0A1FC8DE807001D
:100F2000A0F500501F3800900398002D0ADD42F212
:100F30001F014A460844002303A90390684600F0B5
:100F40000AFF09E0A0F500504A461F38002303A914
:100F50000390684600F014FF8DE807000004000CC1
:100F600003D04FF0FF30410800E01046B8F1000F09
:100F700003D00022009215461EE0751E05D4FFF72F
:100F8000C9FE303262556D1EF9D5B34601220843C1
:100F900002D000227F1C04E02078302801D10022FA
:100FA0007F1E002A099784D01DE0112D07DAFFF774
:100FB000B1FE303262556D1C50EA0102F5D1084392
:100FC00002D00098C8B10EE00021681E05E0235C45
:100FD000625C63542254401E491C8142F7DBAB46DD
:100FE000A81B401E0990002004F80B000B98099ADA
:100FF000C0F80880C0E9002B7AE711264FF00008FE
:1010000057E72DE9F04F88460446D21D22F007012C
:1010100091B0D1E90001CDE90A0107F0C6FD024611
:101020000B98C00F01D02D2007E02068810701D563
:101030002B2002E0202101EAC000032A099001D000
:10104000072A05DB03464146204600F00DFB0BE175
:101050002078800601D5E06900E00620B8F1650F30
:10106000814606D0B8F1660F18D0B8F1670F70D17D
:1010700031E00020B9F1110F009001DB112301E0F4
:1010800009F101030AAA01A90CA8FFF7E2FEDDE9B4
:101090000C70002609F10105834647E001204B460C
:1010A00000904FF000470AAA01A90CA8FFF7D1FE53
:1010B000DDE90DB00C995D46002610B909F101007B
:1010C0000D18B9EB050003D4C0F1FF3609F1010595
:1010D000A5EB09002BE0B9F1010F01DA4FF001098E
:1010E0000020B9F1110F0090484601DD112300E006
:1010F00003460AAA01A90CA8FFF7ABFEDDE90C70B4
:101100004D4600268346207800070AD4AB4500DA16
:101110005D4601A8012D04DD411911F8011C30299B
:1011200007D04F4502DA17F1040F04DA0120824696
:101130000FE06D1EEEE7002F02DCED1B3E4403E0E6
:10114000781CA84200DD7D1CB81B00F1010A4FF09D
:1011500000472078000703D4AA4501DB4FF0FF3A8F
:101160000021B7F1004F0DF143088DF8431024D052
:1011700002202B23002F01DA7F422D230A21021E99
:10118000A0F1010000DC5FB197FBF1FC97FBF1F2ED
:1011900001FB1C7C17460CF1300C08F801CDEEE782
:1011A000A8F1010003702188090501D5452100E05F
:1011B0006521A0F1010800F8011C09980FA9A1EB15
:1011C0000807FF1D00B10120411901EBEA70A16978
:1011D0003844081A401EA0612078C00602D4204678
:1011E000FFF7ACFA099828B1D4E901219047206AA9
:1011F000401C20622078C00622D52046FFF79EFAC8
:101200001EE0002E04DBB34502DD01A8805D00E096
:101210003020D4E901219047206A401C2062761CCE
:10122000AAF101005FEA000A0AD100F019FAC068C9
:101230000168405CD4E901219047206A401C20628B
:10124000281EA5F10105DCDC07E0D4E9012118F82E
:10125000010B9047206A401C2062381EA7F101074D
:10126000F3DC2046FFF780FA032011B041E60000CE
:101270002DE9F04F04460D46D21D22F0070089B03B
:10128000D0E900974846394607F08FFC0246F80F30
:1012900001D02D2307E02068810701D52B2302E030
:1012A000202101EAC0038DF820300BB1012000E0BD
:1012B0000020032A824601D0072A04DB2946204663
:1012C00000F0D2F93FE12078800601D40D2500E03E
:1012D000E569C7F30A560D2D49DA00214FEA175B7D
:1012E00008464FF00000002F00F4400007DA00EB42
:1012F00080004FF4400100EBD07001EA60008115DE
:10130000012901DD4FF0FF3100224FEA850CBCF1CD
:10131000180F06D31346ACF118004FF08052C240AC
:1013200003E04FF4801323FA0CF30CF10C0CBCF126
:10133000200F04D3ACF1200C09FA0CF001E007FAFD
:101340000CF000294FF0004801DD18B90FE00ED174
:1013500040450CD319EB02095F4121B9404502D148
:101360009F4329EA0209BBEB175F00D0761C208857
:10137000000502D57B48784402E07A487844193861
:1013800008AA302302F80A30037C0AF10101002E7A
:101390000AF1020A53546A4602DC4FF0300101E0C0
:1013A0004FF031014FF001088DF8001002D0A6F285
:1013B000FF3603E059EA470100D06B4E002D02DCF6
:1013C0002178090704D54FF002082E218DF801106D
:1013D000C44600210BE0C7F303433F01C35C491C33
:1013E0006D1E02F80830052908F1010801DA002D08
:1013F000F1DC00210CE000EB1973491C1B786D1E19
:10140000082902F808304FEA091908F1010801DA41
:10141000002DF0DC21688B0602D516E0A8F101084A
:10142000E04505DD02EB080313F8013C302BF5D055
:10143000B8F1000F09DD02EB080313F8013C2E2B75
:1014400003D1090701D4A8F10108002D05DD3E21D3
:1014500002F808106D1E08F10108407C002E02F809
:10146000080008F1010804DA2D20764202F808008D
:1014700002E02B2002F808000A214FF47A7086421D
:1014800008F101080BDB96FBF0F3303302F808306B
:1014900096FBF0F308F1010800FB136601E0642EEF
:1014A0000CDB642096FBF0F3303302F8083096FB37
:1014B000F0F308F1010800FB136601E00A2E06DBD9
:1014C00096FBF1F0303002F8080008F1010896FBB5
:1014D000F1F001FB1060303002F80800A16908F15A
:1014E000010808EB050202EB0A00081AA061207847
:1014F000C00602D42046FFF721F9216A08AE01EBAD
:101500000A00206204E0D4E9012116F8010B90479B
:10151000BAF1010AF7D22078C00602D52046FFF7BB
:101520000DF96E4609E016F8010B3E280FD0D4E9FC
:1015300001219047206A401C2062B8F10108F2D2D4
:101540002046FFF711F909B00320BDE8F08F206AAB
:101550002844206203E0D4E90121302090476D1E29
:10156000EBD3F8E73289000002FCFFFF10B54369B6
:1015700013B1AFF3008001E0FFF719F9012010BDAE
:10158000127800F124010A7000224A700122EDE76E
:1015900011684FF0FF32E9E710B5436913B1AFF3BB
:1015A000008001E0FFF7A2F9012010BD128800F1D0
:1015B000240182840022C2840122EDE711684FF0E9
:1015C000FF32E9E770B516460C46054600F040F8D4
:1015D000036893F80101012806D0FF2C0FD8185D8D
:1015E00068B101202C7070BDD3F807013246214646
:1015F00003F2071303442846BDE8704018474FF034
:10160000FF3070BD754600F0EBF8AE460500694648
:10161000534620F00700854618B020B5FEF70CFFB2
:10162000BDE820404FF000064FF000074FF00008E3
:101630004FF0000B21F00701AC46ACE8C009ACE864
:10164000C009ACE8C009ACE8C0098D46704700008D
:1016500010B500F005F8001D10BD00BF7D8500002D
:1016600000487047A40600242DE9F0411F460446B7
:1016700003260168072A01F4006004DB08B116A5FF
:1016800005E016A503E008B115A500E015A521F0B9
:1016900010002060A069C01EA0610FB1401EA061B3
:1016A0002046FFF74BF84FB1D4E901213846904767
:1016B000206A401C2062C01C206206E0206AFAE713
:1016C000D4E9012115F8010B9047761EF8D2204687
:1016D000FFF74AF8BDE8F0814E414E006E616E00A2
:1016E000494E4600696E66002DE9F0478146164670
:1016F0008AB0354878440DC88DE80D0032487844EA
:10170000801C03AC0DC884E80D0041F69B300844F2
:10171000372190FBF1F290FBF1F5A5F1800501FB7B
:1017200012041B3C02D56442012000E00020DFF8D7
:1017300098A080460027FA44AAF1BE0A0EE0E0070E
:101740000AD03246684607EB470101230AEB8101C4
:1017500000F016FB8DE8070064107F1C002CEED112
:10176000194F7F44AE3F19E0E80715D007EB04108E
:101770000DF1180A90E80E008AE80E00C068F042E9
:1017800001D1981908903246012306A903A800F058
:10179000F7FA03AB83E807006D10641C002DE3D15A
:1017A0004FF0010332466946B8F1000F03A802D09A
:1017B00000F0D1FA01E000F0E3FAC9E90001C9F84C
:1017C00008200AB0BDE8F0874486000010B5044642
:1017D000AFF300802046BDE81040FEF716BE0000C3
:1017E00000487047840600244FF0013C50F8042B59
:1017F00051F8043B9A4215D1A2EB0C03934313EA30
:10180000CC130BD150F8042B51F8043B9A4209D168
:10181000A2EB0C03934313EACC13E7D04FF0000084
:10182000704700BFD01A01BAB1FA81F101F0180176
:1018300022FA01F0CB40C1F12001DBB2C0B2C01AE4
:101840002CFA01F3D11A914311EAC311E6D1704782
:1018500001491820ABBEFEE72600020070475FEA90
:10186000400C08BF91F0000F4FEA8C234FEAC122D1
:1018700043EA51514FEA1C5018BF00F5F0404FEABF
:10188000300018BF41F000415FEA6C5C00F0298035
:10189000BCF1FF3F08BF40F080407047130C06BF0B
:1018A00012044FF0100C4FF0000C130E04BF120284
:1018B0000CF1080C130F04BF12010CF1040C930F70
:1018C00004BF92000CF1020CD30F04BF52000CF1C4
:1018D000010C11464FF00002A0F11F00A0EB0C001C
:1018E000704711F0004F08BF704731F000413FF4DE
:1018F000D5AF0B0C06BF09044FF0100C4FF0000CD5
:101900000B0E04BF09020CF1080C0B0F04BF0901F8
:101910000CF1040C8B0F04BF89000CF1020CCB0FEF
:1019200004BF49000CF1010CCCF12003A0EB0C002A
:1019300022FA03F302FA0CF241EA030100F101007A
:10194000704720F07F4C80EA030023F07F47ACEB28
:10195000070303F57C5300F0004003F1FF032DE97A
:1019600080494FEA154B09B44FEA144325EA0B4E60
:1019700024EA03480FF2042606EB132749083E78B1
:101980005FEA320203FB0667C7F5000707FB06F6AE
:101990004FEA54374FEAD64606F1020607FB066CBB
:1019A000CCF1005C4FEA1C472CEA074C07FB06F41D
:1019B0000CFB06F504EB15464FEA961634BF0020E3
:1019C0004FF000404FEAD13706FB07FC4FEA1C4CB2
:1019D0000CFB0BF7D21B03FB0CF761EB07010CFBB5
:1019E0000EF7B0EB074072EB17420CFB08F734BF61
:1019F000A2EB0742B2EB074261EB17414FEA0C44FE
:101A00004FEA910706FB07FC4FEA1C4C0CFB0BF757
:101A1000B0EBC74072EB573203FB0CF734BFA2EBBD
:101A2000C742B2EBC74261EB57310CFB0EF7B0EB8C
:101A3000C70072EB57720CFB08F734BFA2EBC7026A
:101A4000B2EBC70261EB5771039F4FEA816141EA34
:101A5000921104EBCC044FEAD1374FEA826206FBC5
:101A600007FC42EA90124FEA80604FEA1C4C0CFBE4
:101A70000BF7D21B03FB0CF761EB07010CFB0EF716
:101A8000B0EB074072EB17420CFB08F734BFA2EB38
:101A90000742B2EB074261EB17414FEA8C554FEA20
:101AA000910704EB9C2406FB07FC4FEA1C4C0CFB43
:101AB0000BF7B0EBC74072EB573203FB0CF734BFA8
:101AC000A2EBC742B2EBC74261EB57310CFB0EF7FA
:101AD000B0EBC70072EB57720CFB08F734BFA2EBF8
:101AE000C702B2EBC70261EB577115EB4C254FEA09
:101AF000816141EA92114FEA82624FEAD13742EAAC
:101B0000901206FB07FC44F100044FEA80604FEAA4
:101B10001C4C0CFB0BF7D21B03FB0CF761EB070112
:101B20000CFB0EF7B0EB074072EB17420CFB08F70B
:101B300034BFA2EB0742B2EB074261EB174115EB52
:101B40001C154FEA813141EA92414FEA823242EA62
:101B500090424FEA80304FEA0C7644F1000448EAA4
:101B600003434EEA0B484FF0000EB2EB080C71EB4A
:101B7000030724BF624639464EEB0E0E4FF0000BB2
:101B80000018524149414BEB0B0BB2EB080C71EBC7
:101B900003077BF1000B24BF624639464EEB0E0E65
:101BA0004FF0000B0018524149414BEB0B0BB2EBCD
:101BB000080C71EB03077BF1000B24BF624639462A
:101BC0004EEB0E0E51EA020718BF46F0010616EB67
:101BD0000E7655F1000254F1000103D5BDE88901EC
:101BE000BDE80088BDE88901BDE80048B61952414A
:101BF00041EB0101A3F10103704780807F7E7D7C72
:101C00007B7A7978777676757473727171706F6E8E
:101C10006E6D6C6C6B6A6A69686867666665646439
:101C2000636362616160605F5F5E5E5D5D5C5C5BC3
:101C30005B5A5A5959585857575656555555545432
:101C4000535352525251515050504F4F4F4E4E4D90
:101C50004D4D4C4C4C4B4B4B4A4A4A4949494848DC
:101C6000484747474746464645454544444444431C
:101C700043434342424242414141002B9C4630D4BF
:101C800077002BD01CB54FEA370703B44FF0100094
:101C90004FF01001BAF1000F06D0BCF1000FDCBF0D
:101CA00040F0080040F008014FF000000FBCBDE814
:101CB00010400BF1010BBBF1010F08BF5FEA1707E2
:101CC00022BF12F1010211F101014FF0004143F175
:101CD000000300F0004043EA00007047F9D35708C2
:101CE000D0E746EA064613F1400F4FEA16461FDDDD
:101CF00013F1200FDFBF16430A46002120335B4259
:101D0000BED0C3F1200746EA064602FA07F74FEABB
:101D1000164646EA0706C3F1200722FA03F201FA43
:101D200007F721FA03F14FF0000342EA0702A7E7A1
:101D300046EA020646EA06464FEA164646EA010623
:101D4000BCBF46EA0646360C4FF000034FF00002D7
:101D50004FF0000194E72DE9804C9A46934670B409
:101D600091E8380007C831EA400C48BF34EA430C18
:101D700003D5FFF7E6FDFFF780FFF0BCBDE8008C60
:101D80002DE9804C9A46934670B491E8380007C814
:101D900010F0804F08BF13F0804F03D100F005F81A
:101DA000FFF76BFFF0BCBDE8008C20F07F4780EAB6
:101DB000030023F07F4C07EB0C03A3F57C5300F0EA
:101DC0000040A3F1FE0392F0000F00F0B38095F005
:101DD000000F00F077802DE901494FEA11404FEAEA
:101DE000144621EA004800FB06FC24EA064708FBEB
:101DF00006F607FB08F800FB07F718EB06484CEB64
:101E0000164C4FEA124B18EB07484FEA15464CEBBD
:101E1000174022EA0B4E0BFB06FC25EA06470EFB99
:101E200006F607FB0EFE0BFB07F71EEB064E4CEB10
:101E3000164C4FF000061EEB074E4CEB174B18EB01
:101E40000B0840F1000018EB0E0B58EB000840F1B6
:101E500000008F1A4FF000013CBFC943661B14BF3E
:101E6000B5EB040C00213CBFC943F61B4FEA1744F5
:101E70004EEA8E0E27EA04454FEA1C4704FB076230
:101E80002CEA074C05FB07F70CFB05F604FB0CFCE2
:101E900016EB074642EB174216EB0C4642EB1C4290
:101EA0001BEB060658EB0202414146EA9E0601D5AD
:101EB000BDE80189B619524141EB0101A3F10103CB
:101EC000BDE801894FEA14454FEA114724EA054667
:101ED00021EA074C05FB07F406FB07F70CFB06F1AC
:101EE00005FB0CFC11EB074144EB17444FEA12478A
:101EF00011EB0C4144EB1C4422EA074C05FB07F2B2
:101F000006FB07F70CFB06F605FB0CFC16EB074679
:101F100042EB174216EB0C4642EB1C456A1854F193
:101F2000000148BF7047B619524141EB0101A3F1CE
:101F30000103704795F0000F37D04FEA11424FEA86
:101F4000144721EA024624EA074C02FB07F106FB8C
:101F500007F70CFB06F402FB0CFC14EB074441EB07
:101F600017414FEA154714EB0C4441EB1C4125EA9D
:101F7000074C02FB07F506FB07F70CFB06F602FB16
:101F80000CFC16EB074645EB174516EB0C4645EBEC
:101F90001C42121951F1000148BF7047B619524155
:101FA00041EB0101A3F1010370474FEA14454FEAE9
:101FB000114724EA054621EA074C05FB07F106FB19
:101FC00007F70CFB06F24FF0000605FB0CFC12EBCA
:101FD000074241EB174112EB0C4251EB1C4148BF49
:101FE0007047921841EB0101A3F1010370477CB5E2
:101FF00047F6BC74BB21204600F05AFC00208DF847
:102000000400651C8DF8000001A9284600F0FEFBC5
:102010006946204600F0FAFB9DF80400CD280CD05C
:10202000CD21284600F044FC9DF80000EE2808D0A1
:10203000BB21204600F03CFC03E09DF80000EE28A8
:1020400001D000207CBD01207CBD0000034B1B683B
:102050001A610A460146014800F0E4BD1800002458
:102060002DE9FF4100206946102200900190029066
:10207000039047F6C07000F0E5FB08B138A064E0BB
:10208000BDF80400BDF80C20BDF80010BDF80850E4
:1020900040BA9DF8067052BA9DF8024049BA9DF8C0
:1020A0000EC06DBA9DF80AE0000416049DF80330D6
:1020B00009049DF8072040EA07279DF80F002D042A
:1020C00041EA04249DF80B1046EA0C26064345EA33
:1020D0000E251C4317430D4328A007F02FFC224672
:1020E0002AA0114607F02AFC31A0394607F026FC49
:1020F0002A4636A0114607F021FC3DA0314607F0E4
:102100001DFC14B1B4F5801F01D940A01DE00DB134
:10211000A54201D045A018E04B484FF0FF322946B8
:10212000FFF794FF0446014648A007F007FCBC42B5
:1021300001D04DA009E0554886420CD154A007F0CB
:10214000FDFB59490120087058A007F0F7FB00205B
:1021500004B0BDE8F0815EA007F0F0FB0120F7E7D6
:102160003F20454550524F4D20B6C1C8A1C9FDBCC6
:10217000B6D0C5CFA2CAA7B0DC0D0A00B6C1C8A1AF
:10218000C9FDBCB6D0C5CFA23A0D0A0020206C65AF
:102190006E6774685F66696C652020203D20256C41
:1021A00075202830782530386C58290D0A00000039
:1021B00020206372635F7265636569766520202005
:1021C0003D2030782530386C580D0A002020777279
:1021D0006974655F6C656E20202020203D20256C91
:1021E00075202830782530386C58290D0A000000F9
:1021F0002020757067726164655F666C616720207E
:102200003D2030782530386C580D0A006C656E67BB
:1022100074685F66696C6520CEDED0A7A3ACCDCBB9
:10222000B3F6BCECB2E90D0A0000000077726974E5
:10223000655F6C656E20CEDED0A7A3ACCDCBB3F6C8
:10224000BCECB2E90D0A000000000208D3B2BCFEEB
:10225000BCC6CBE32043524333323A20307825309A
:1022600038580D0A000000002043524320D0A3D16B
:10227000E9B2BBCDA8B9FDA3ACC8D4C8BBBDF8C8F2
:10228000EBC9FDBCB6C4A3CABD0D0A007856341212
:1022900020BCECB2E2B5BDD3D0D0A7C9FDBCB6B16D
:1022A000EAD6BE0D0A00000048030024426F6F7496
:1022B00020CDA3C1F4A3ACB5C8B4FD20415050203B
:1022C000CEC4BCFED0C5CFA22E2E2E0D0A0000001B
:1022D000CEB4BCECB2E2B5BDC9FDBCB6B1EAD6BE67
:1022E000A3ACD5FDB3A3C6F4B6AF2E2E2E0D0A00B7
:1022F0002DE9F0410D46044606F0C0FD014621706F
:10230000102262700123A3700020E0702071022669
:1023100066710427A7710B212868C4F807002046BE
:1023200004F083FFE072010A2173BDE8F081FEE74B
:1023300030B5002308E000BF01EB830504682D6879
:102340004FEA354525605B1CB3EB520FF4D3D2073F
:1023500003D0026831F8231011800068006830BD96
:10236000F0B500230FE000BF01EB83040568268869
:10237000A77894F803C074BA240444EA072444EA12
:102380000C042C605B1CB3EB920FEDD394071BD0B5
:1023900002F00304012C03D1056811F823602E70AC
:1023A000022C05D101EB83040568248864BA2C80D3
:1023B000D243920708D101EB83020368118849BA1E
:1023C000198091780268117000680068F0BD000003
:1023D000294A016891423AD0274A1832914236D0B0
:1023E000254A3032914232D0234A483291422ED08F
:1023F000214A603291422AD01F4A7832914226D037
:102400001D4A9032914222D01B4AA83291421ED0DE
:102410001A4A91421BD0194A1832914217D0174AD2
:102420003032914213D0154A483291420FD0134AAC
:10243000603291420BD0114A7832914207D00F4A54
:102440009032914203D00D4AA832914211D1CAB2C2
:102450001823103AB2FBF3F26FF30901032A02F0DA
:102460000703074AD25CC26500D9091D8165084689
:10247000704721F0FF01F9E710000240100402400C
:10248000169C000830B5224A012301689142CAB265
:102490001BD01F4C1434A14217D01D4C2834A1422C
:1024A00013D01B4C3C34A1420FD0194C5034A142E4
:1024B0000BD0174C6434A14207D0154C7834A1429C
:1024C00003D0134C8C34A1420CD11421114C083A86
:1024D000B2FBF1F10F4A803201F01F0504EB8101DC
:1024E000AB4010E00C4D1824103A0D44B2FBF4F14F
:1024F000A82D00D80831094A01F01F0402EB810120
:10250000064AA3408032603080E80E0030BD0000F3
:102510000854025800580258F0FBFDBF0008024062
:1025200010B50279531E072B2DD8174C0168A14214
:102530001BD0154C1434A14217D0134C2834A1429F
:1025400013D0114C3C34A1420FD00F4C5034A14257
:102550000BD00D4C6434A14207D00B4C7834A1420F
:1025600003D0094C8C34A14203D10849074C4431B3
:1025700002E00749064C443104EB8202C0E91B210A
:1025800001219940416710BD08540258FC58025877
:10259000FC08024010B583694FF0C074826A01469E
:1025A000002053B1B3F5005F15D072B1012A0CD0F1
:1025B000022A0AD0032A09D104E01AB1012A06D05E
:1025C000022A03D1C96AC90100D5012010BDC96A18
:1025D000A142FAD010BD002AF7D0012AF2D0022A77
:1025E000F3D0032AF3D010BD2DE9F04F804E804F79
:1025F000DFF8FC911836DFF8F8A148370468856DDC
:102600000AF1300ADFF8ECB14C45DFF8ECC1DFF835
:10261000ECE16DD0B4426BD0544569D0BC4267D078
:10262000DFF8D081A8F11808444561D05C455FD03F
:1026300064455DD074455BD0DFF8C481444557D014
:10264000DFF8BC8108F11808444551D0DFF8B081AB
:1026500008F1300844454BD0DFF8A48108F1480860
:10266000444545D0DFF8988108F1600844453FD0E3
:10267000DFF88C8108F17808444539D0DFF8808193
:1026800008F19008444533D0DFF8748108F1A808B8
:1026900044452DD0DFF86C81444529D0DFF86481B2
:1026A00008F11408444523D0DFF8588108F12808C0
:1026B00044451DD0DFF84C8108F13C08444517D053
:1026C000DFF8408108F15008444511D0DFF834812B
:1026D00008F1640844450BD0DFF8288108F1780838
:1026E000444505D0DFF81C8108F18C08444509D128
:1026F000D0E91948C4F80480C46E1CB1D0E91C4864
:10270000C4F8048004684C452ED0B4422CD0544503
:102710002AD0BC4228D0374E183EB44224D05C4563
:1027200022D0644520D074451ED0354EB4421BD013
:10273000334E1836B44217D0314E3036B44213D02F
:102740002F4E4836B4420FD02D4E6036B4420BD0D7
:102750002B4E7836B44207D0294E9036B44203D07F
:10276000274EA836B44215D190F85C603F2406F09D
:102770001F06B440AC600468256825F480252560F8
:102780002EE09A600068C160BDE8F08F9960006833
:10279000C260F9E71B4EB4421BD01A4E1436B44245
:1027A00017D0184E2836B44213D0164E3C36B442D9
:1027B0000FD0144E5036B4420BD0124E6436B44291
:1027C00007D0104E7836B44203D00E4E8C36B44249
:1027D000DAD190F85C60012406F01F06B4406C600A
:1027E000046863608368402B0368CFD1C9E70000A9
:1027F0001000024088000240A0000240B8000240E1
:102800001004024008540258704700007CB50C4E7A
:102810000D46010A8DF8041064248DF8050002238A
:102820000094A021306801AA01F078FE002806D1AA
:10283000009401233068A0212A4601F0DDFD7CBD13
:10284000040000207CB50E4E0D46010A14468DF89A
:10285000041064228DF8050002230092A021306844
:1028600001AA01F05BFE002808D14FF4FA70009035
:102870003068A02123462A4601F0BEFD7CBD000041
:102880000400002070B5094D00240A230122A02174
:10289000286801F01DFD002806D0052001F0AEF9E2
:1028A000641C642CF1DB032070BD000004000020D8
:1028B0001CB5020A64238DF8042001AA8DF80500D6
:1028C00006488DF80610A02100930323006801F04C
:1028D00025FE002801D1FFF7D5FF1CBD0400002014
:1028E0002DE9F0410026174692B08846054627E0BC
:1028F00005F03F01B81BC1F14004A04200DA84B2E8
:10290000280A8DF8040008EB060122460DF10600A6
:102910008DF80550FDF781FE64200090A01C83B265
:102920000A48A02101AA006801F0F8FD00280AD198
:10293000FFF7A8FF002806D12819311985B28EB2F9
:10294000BE42D5D3002012B0BDE8F08104000020C3
:1029500038B50A0E0B0C8DF800200C0A8DF80130EA
:1029600004228DF802408DF803106946FFF7B8FF86
:1029700038BD72B6FEE7000005480549083902680F
:1029800042F00202026008688004FCD57047000033
:102990000C480258C90710B50BD006498424CB68EF
:1029A00044EA002423F4E660C860C868104320436A
:1029B000C86010BD00200052C9070BD00649CA6884
:1029C00022F03002CA60CA680243CA60C86840F098
:1029D0008800C86070470000002000522DE9F047D1
:1029E000042789460024054601F0B6FB164E8046B2
:1029F00008E0681C06D001F0AFFBA0EB0800A8427D
:102A000008D83DB1306937EA0000F2D0B9F1010FC2
:102A100003D005E00320BDE8F0870C48346904408A
:102A2000600006D00A4881692143816174610120F8
:102A3000F1E7B9F1010F05D13069C00302D54FF4B8
:102A4000803070610020E6E7002000520000EE17A1
:102A5000CC00002010B586B001F09CF928B119A077
:102A600006F06CFF1B2006B010BD1AA006F066FF32
:102A7000142101A8FDF738FE012100200090072253
:102A8000CDE9010103A8202380E80E0001A86946D2
:102A900001F0C6F8044613A006F050FF01214FF4E0
:102AA000FA50FFF79BFF01F01DF92CB1009912A01D
:102AB00006F044FF1C20D6E717A006F03FFF1020C9
:102AC000D1E70000466C617368BDE2CBF8CAA7B0DD
:102AD000DC0D0A00466C617368BDE2CBF8B3C9B97E
:102AE000A60D0A00B2C1B3FDB2D9D7F7D6B4D0D083
:102AF000D6D02E2E2E0D0A00C9C8C7F8B2C1B3FD1C
:102B0000CAA7B0DCA3ACB3F6B4EDC9C8C7F83A2085
:102B1000256C750D0A000000C9C8C7F8317E37B2B0
:102B2000C1B3FDB3C9B9A60D0A0000002DE9F047F5
:102B300005461646A2F120008946612802D31420DA
:102B4000BDE8F0871F48854204D305F17F00B0F14E
:102B5000016F01D31120F3E7E80601D01220EFE75F
:102B6000F00601D01320EBE701F014F908B11520AD
:102B7000E6E7DFF8548000241DE000BF1348202260
:102B800005EB441709EB4411FDF747FD72B60F4AF8
:102B90000120394601F0B4F8D8F8002022F00F02E5
:102BA000121DC8F8002062B618B101F09BF816207B
:102BB000C6E7641CE4B2B4EB561FDFD301F092F811
:102BC0001020BDE70000020800200052A0020024EF
:102BD000F0B50446C8074FF0000010D01E230126B0
:102BE00003F01F0706FA07F50D4201D15B1EF7D26D
:102BF0007AB1082A0BD0102A06D0182A01D0012059
:102C0000F0BD072BFBD204E0082BF8D201E0102B1B
:102C1000F5D22368596121688B6823F018031343A8
:102C20008B60F0BD70B50446036A02206077002017
:102C3000012B0FD0022B11D0032B12D105E000BFC6
:102C4000236851F820501D60401C9042F8D3206842
:102C5000006806E02046FFF783FB02E02046FFF70E
:102C600067FB0121617770BD70B5040013D0607FF0
:102C700002280FD00220607700252068816841F08B
:102C80000101816020684560204600F043F86577C7
:102C90000020257770BD012070BD000010B5040034
:102CA00010D0607F20B900202077204600F040F847
:102CB00021790220607739B1D4E902122046FFF76A
:102CC00087FF48B1012010BD216811484861206884
:102CD000816821F0180181606079A0B121682069C4
:102CE0000861012220686369816821F0600119434D
:102CF00081602068A369816821F0800119438160A7
:102D00006277002010BD21684FF0FF30E8E7000037
:102D1000B71DC10400680449884204D10348016812
:102D200021F4002101607047004C0258E044025831
:102D300008B500680649884208D10648016841F490
:102D400000210160006800F40020009008BD000030
:102D5000004C0258E04402582DE9F84F044601F0B7
:102D6000FBF900903CB194F83500022806D0802190
:102D700061650020E4E00120BDE8F88FC74DC74E33
:102D8000C649183520683036DFF81483DFF814930D
:102D90008842DFF814A3DFF814B32ED0A8422CD059
:102DA000B0422AD0404528D0484526D0504524D0AE
:102DB000584522D0BD4A183290421ED0BC4A90429B
:102DC0001BD0BB4A1832904217D0B94A30329042D9
:102DD00013D0B74A483290420FD0B54A6032904281
:102DE0000BD0B34A7832904207D0B14A9032904229
:102DF00003D0AF4AA832904209D1026822F01E02E5
:102E000002602068426922F08002426103E00268A9
:102E100022F00E02026027688F4238464DD0A84249
:102E20004BD0B04249D0404547D0484545D05045A9
:102E300043D0584541D09D4A183290423DD09C4ADB
:102E400090423AD09A4A1832904236D0984A30325C
:102E5000904232D0964A483290422ED0944A603204
:102E600090422AD0924A7832904226D0904A9032AC
:102E7000904222D08E4AA83290421ED08D4A904273
:102E80001BD08C4A1432904217D08A4A2832904282
:102E900013D0884A3C3290420FD0864A503290423A
:102EA0000BD0844A6432904207D0824A78329042F2
:102EB00003D0804A8C32974204D1206E026822F4FB
:102EC0008072026075492068884228D0A84226D0C6
:102ED000B04224D0404522D0484520D050451ED095
:102EE00058451CD071491831884218D07049884221
:102EF00015D06F491831884211D06D493031884260
:102F00000DD06B494831884209D069496031884207
:102F100005D067497831884201D065499031016810
:102F200021F0010101600EE001F016F90099401A4C
:102F3000052808D9202262650321002084F8351075
:102F400084F8340017E73868C007EDD1534A0121EF
:102F5000206890422ED0A8422CD0B0422AD04045C2
:102F600028D0484526D0504524D0584522D04F4B34
:102F7000183398421ED04E4B98421BD04C4B1833FE
:102F8000984217D04A4B3033984213D0484B4833BD
:102F900098420FD0464B603398420BD0444B783365
:102FA000984207D0424B9033984203D0404BA8330D
:102FB000984208D194F85C703F23A06D07F01F077A
:102FC000BB40836007E094F85C30A06D03F01F0302
:102FD00001FA03F34360206890424DD0A8424BD0E1
:102FE000B04249D0404547D0484545D0504543D0F0
:102FF000584541D02D4A183290423DD02C4A90423B
:103000003AD02B4A1832904236D0294A3032904278
:1030100032D0274A483290422ED0254A6032904220
:103020002AD0234A7832904226D0214A90329042C8
:1030300022D01F4AA83290421ED01E4A90421BD076
:103040001C4A1432904217D01A4A2832904213D0A8
:10305000184A3C3290420FD0164A503290420BD060
:10306000144A6432904207D0124A7832904203D018
:10307000104A8C3290420BD1D4E919024260E06EC2
:1030800030B1026822F480720260D4E91C0242600E
:10309000002084F8351084F834006DE610000240FA
:1030A000580002407000024088000240A000024028
:1030B00010040240085402582DE9F05F28B190F83E
:1030C0003510022904D0802141650120BDE8F09F20
:1030D000904C904B0168183C18338E4ADFF83C92B4
:1030E000A1428D4CDFF838E28E4FDFF83CB2DFF8BA
:1030F0003CA28F4D8F4E31D091422FD099422DD08E
:10310000A1422BD0494529D0714527D0B94225D0BD
:10311000DFF810C20CF1180C61451FD0DFF808C2AF
:10312000ACF1600C614519D0DFF8FCC1ACF1480C82
:10313000614513D0DFF8F0C1ACF1300C61450DD022
:10314000DFF8E4C1ACF1180C614507D0594505D052
:10315000514503D0A94201D0B1422CD1DFF8B4C10E
:103160004FF0040880F83580ACF1180C61451DD093
:1031700091421BD0994219D0A14217D0494515D090
:10318000714513D0B94211D06648183081420DD034
:1031900065486038814209D063484838814205D08B
:1031A00061483038814201D05F481838086820F003
:1031B00001000860ABE0D1F800C02CF00E08DFF889
:1031C00054C1C1F80080ACF1180C0168614527D0EA
:1031D000914225D0994223D0A14221D049451FD008
:1031E00071451DD0B9421BD0DFF838C10CF1180C65
:1031F000614515D0DFF830C1ACF1600C61450FD0EE
:10320000DFF824C1ACF1480C614509D0DFF818C1E2
:10321000ACF1300C614503D0DFF80CC1ACF1180CF7
:10322000D1F800C02CF0010CC1F800C0DFF8E48038
:103230004FF0010C0168A8F11808414546D09142B1
:1032400044D0994242D0A14240D049453ED0714538
:103250003CD0B9423AD0334A1832914236D0324A41
:10326000603A914232D0304A483A91422ED02E4AAA
:10327000303A91422AD02C4A183A914226D05945E8
:1032800024D0514522D0A94220D0B1421ED02A4A92
:1032900091421BD0284A1432914217D0264A283234
:1032A000914213D0244A3C3291420FD0224A5032EC
:1032B00091420BD0204A6432914207D01E4A7832A4
:1032C000914203D01C4A8C32914218D1016E0A6897
:1032D00022F480720A6090F85C20816D02F01F0277
:1032E0000CFA02F24A60D0E919124A60C16E31B19B
:1032F0000A6822F480720A60D0E91C124A60002237
:10330000016D80F835C080F8342001B18847002075
:10331000DCE6000028000240580002407000024035
:1033200088000240A000024070040240880402406D
:10333000A0040240B8040240085402582DE9F05F8E
:1033400004007DD06D4A6D4B6C49183220683033D3
:103350006B4E6C4F8842DFF8B0C1DFF8B081DFF808
:10336000B091DFF8B0A1DFF8B0B1DFF8B0E121D063
:1033700090421FD098421DD0B0421BD0B84219D005
:10338000604517D0404515D0484513D0504511D061
:1033900058450FD070450DD0604D1835A84209D062
:1033A0005E4D3035A84205D05C4D4835A84201D06D
:1033B0005A4D6035056825F0010505602068002537
:1033C000884227D0904225D0984223D0B04221D0C5
:1033D000B8421FD060451DD040451BD0484519D08C
:1033E000504517D0584515D0704513D04B4918316A
:1033F00088420FD04949303188420BD04749483183
:10340000884207D045496031884203D0434978312A
:10341000884218D1212105602068456020688560B8
:103420002068C56020680561206841612046FEF77C
:10343000CFFF94F85C203F2102F01F02914000E092
:1034400059E0816031E0364988421BD0344914315B
:10345000884217D032492831884213D030493C3154
:1034600088420FD02E49503188420BD02C4964310C
:10347000884207D02A497831884203D028498C31C4
:10348000884238D1056020684560206885602068E2
:10349000C560206805612046FEF79AFF94F85C201D
:1034A000012102F01F02914041602046FEF7EAFF31
:1034B000206E18B10560D4E9190141606068401EB2
:1034C000072807D82046FFF72BF8E06E0560D4E9FF
:1034D0001C014160E56625676567E56325646564F1
:1034E000A564E5642565656584F83550002084F899
:1034F0003450BDE8F09F0120FBE7000010000240BF
:10350000580002407000024088000240A0000240C3
:10351000B800024010040240280402404004024067
:1035200008540258406D70472DE9F05F044600F0E2
:1035300013FE002C07467DD0E24E022120684FF09A
:103540000308DFF884934FF00005DFF880A3B04252
:10355000DFF87CB334D0DB4A1832904230D0484593
:103560002ED050452CD058452AD0D94A18329042F6
:1035700026D0D74A3032904222D0D54A48329042A3
:103580001ED0D44A90421BD0D24A1832904217D053
:10359000D04A3032904213D0CE4A483290420FD0B7
:1035A000CC4A603290420BD0CA4A7832904207D05F
:1035B000C84A9032904203D0C64AA83290427DD188
:1035C00084F83510B04284F834502ED0BD491831FB
:1035D00088422AD0484528D0504526D0584524D086
:1035E000BB491831884220D0B949303188421CD0BB
:1035F000B7494831884218D0B649884215D0B549F4
:103600001831884211D0B349303188420DD0B149C8
:103610004831884209D0AF496031884205D0AD4970
:103620007831884201D0AB499031016821F0010125
:10363000016008E025E100BF00F08EFDC01B0528F9
:1036400001D920211AE120680068C007F4D1D4E92B
:1036500002032168103418438E4694E88410D4E99C
:10366000033809683A4310439B4A40EA0C006769F3
:1036700018431140103C40EA0800042F40EA0100C2
:1036800003D1D4E90B12114308436168A1F1290267
:10369000052A0BD9163A032A08D9083A012A05D96E
:1036A000083A032A02D97439032901D840F480105A
:1036B000CEF800002068676A406900E020E0042F2F
:1036C00020F0070047EA00070DD1D4E90A010743BB
:1036D00049B12046FEF75EFF28B140206065012118
:1036E00084F83510CDE0206847612046FEF770FE73
:1036F00094F85C203F2102F01F029140816055E068
:10370000764A90421BD0754B1433984217D0734BB6
:103710002833984213D0714B3C3398420FD06F4BF3
:10372000503398420BD06D4B6433984207D06B4BAB
:103730007833984203D0694B8C3398427ED184F819
:10374000351084F83450664B0168A26801EA030E14
:10375000402A74D0802A73D05FF00002D4E9037845
:10376000D4E9053142EAD70242EAD8085B4AD4E9F3
:10377000077C48EAD30848EAD10141EAD70152421E
:1037800041EA1C11142341EA0E0101602068104433
:10379000B0FBF3F08000E0652046FEF719FE94F8D8
:1037A0005C20012102F01F02914041602068B0427C
:1037B00057D044491831884253D0484551D05045DC
:1037C0004FD058454DD042491831884249D04049E0
:1037D0003031884245D03E494831884241D03D4948
:1037E00088423ED03B49183188423AD0394930317D
:1037F000884236D037494831884232D03549603125
:1038000088422ED03349783188422AD031499031CC
:10381000884226D02F49A831884222D02F49884299
:103820001FD02E49143188421BD02C4928318842A0
:1038300017D02A493C31884213D002E01DE017E03E
:1038400018E02649503188420BD02449643188421F
:1038500007D022497831884203D020498C318842F0
:1038600029D12046FEF70EFEA06880280CD00CE07F
:10387000102273E74FF4804270E74021616584F8BD
:1038800035800120BDE8F09F6560216E20790860D9
:10389000D4E9190141606068401E072808D8204615
:1038A000FEF73EFEE06E0560D4E91C01416002E0D7
:1038B000E566256765670120656584F835000020A9
:1038C000E0E70000100002404000024058000240C3
:1038D00070000240100402403F8010FE085402585D
:1038E0000F00FEFF2DE9F84F04008C464FF000005A
:1038F000009014D094F83400012812D094F8355078
:103900000120002184F83400012D0CD0C002606534
:103910000120009084F834100098BDE8F88F012051
:10392000FBE70220F9E78C4D0226206884F8356019
:10393000A8428A4D61658A4E8A4FDFF82C82DFF8F3
:103940002C92DFF82CA2DFF82CB226D0A84224D08B
:10395000B04222D0B84220D040451ED048451CD0AD
:1039600050451AD0584518D08349884215D082490D
:103970001831884211D08049303188420DD07E49BB
:103980004831884209D07C496031884205D07A4963
:103990007831884201D078499031016821F00101E5
:1039A000016061462046FEF71FFE6B492068884291
:1039B0002CD0A8422AD0B04228D0B84226D04045C8
:1039C00024D0484522D0504520D058451ED06A4AC0
:1039D00090421BD0684A1832904217D0664A303263
:1039E000904213D0644A483290420FD0624A60320B
:1039F00090420BD0604A7832904207D05E4A9032B3
:103A0000904203D05C4AA83290420CD1026822F066
:103A10001E0242F016020260206C88B12068026823
:103A200042F008020BE0026822F00E0242F00A02A5
:103A30000260206C20B12068026842F0040202603B
:103A4000206888424BD0A84249D0B04247D0B84203
:103A500045D0404543D0484541D050453FD05845DA
:103A60003DD0454A90423AD0434A1832904236D02F
:103A7000414A3032904232D03F4A483290422ED0B2
:103A80003D4A603290422AD03B4A7832904226D05A
:103A9000394A9032904222D0374AA83290421ED002
:103AA000364A90421BD0354A1432904217D0334ADE
:103AB0002832904213D0314A3C3290420FD02F4AE4
:103AC000503290420BD02D4A6432904207D02B4A9C
:103AD0007832904203D0294A8C3290420DD1206E28
:103AE0000268D20303D5026842F480720260E06E7D
:103AF00018B1026842F4807202602068884226D0C1
:103B0000A84224D0B04222D0B84220D040451ED096
:103B100048451CD050451AD0584518D016498842FF
:103B200015D015491831884211D0134930318842D7
:103B30000DD011494831884209D00F49603188427F
:103B400005D00D497831884201D00B499031016888
:103B500041F001010160DFE6100002402800024050
:103B600040000240580002407000024088000240BD
:103B7000A0000240B800024010040240085402585D
:103B8000154B70B5191D144A0C1D1448251D1860DD
:103B9000183200201860124E131D0E600860114983
:103BA0002160291D104E206008242E6028600C60C2
:103BB0000C1D08600D492160191D20600C4C0D4D35
:103BC00014600D4C10601D6018600C60086000F0FF
:103BD00073FE002070BD00007C4402581150E900C3
:103BE0002380000271020300FF062803FFC3FFEADF
:103BF00036010003F3305740AADE200470B50446B6
:103C000000F0AAFA0546601C02D00448007804447B
:103C100000F0A2FA401BA042FAD370BD00000024BD
:103C20002DE9F05F04462D480F460026017D01294D
:103C300011D0012202758046B146C0F818904CF2AE
:103C4000503A2079C00709D001215046FEF7C6FE40
:103C500020B101263DE00220BDE8F09F2068204D04
:103C6000012807D04FF0FF303860AA46A56840F21F
:103C7000047B29E061682069FEF79EFE2079C00779
:103C800027D001215046FEF7A9FE00B10126E868C1
:103C900020F00800E8601CE0226928466168FEF711
:103CA00079FE2079C0070ED001214CF25030FEF78A
:103CB00095FEDAF80C20060022EA0B02CAF80C2066
:103CC00001D03D6005E06D1CD4E902100844A84213
:103CD000E2D8304688F81490BEE70000CC000020FF
:103CE000002000520548C16841F00101C160C06870
:103CF000C00701D00020704701207047002000520B
:103D00002DE9F05F214D08260F461446287D012835
:103D100013D001202875A7F10061B1F5801F0FD2E3
:103D20004FF000098246C5F818904CF2503B5146BE
:103D30005846FEF753FE28B124E00220BDE8F09F6C
:103D40000120FBE7DFF84880D8F80C1041F00201B1
:103D5000C8F80C10BFF36F8FBFF34F8F01CC761EE6
:103D600016F0FF0601C7F9D1BFF36F8FBFF34F8F76
:103D700051465846FEF732FED8F80C2022F00202D7
:103D8000C8F80C2085F81490D8E70000CC0000207B
:103D9000002000520748C168C90708D00649074AF1
:103DA00041604260C068C00701D001207047002018
:103DB000704700000020005223016745AB89EFCD1A
:103DC0002DE9F04F4C4D00224FF0010A4FF00F0B40
:103DD0008BE000BF0AFA02F919EA01037DD022F054
:103DE000030606F1B0469407D6F808C4270FDFF89B
:103DF0000C810BFA07FE40450EEA0C0402D14FF08D
:103E0000000C39E0DFF8F8C0604502D14FF0010C3A
:103E100032E0DFF8F0C0604502D14FF0020C2BE039
:103E2000DFF8E4C0604502D14FF0030C24E0DFF876
:103E3000DCC0604502D14FF0040C1DE0DFF8D0C0BB
:103E4000604502D14FF0050C16E0DFF8C8C06045B0
:103E500002D14FF0060C0FE0DFF8BCC0604502D184
:103E60004FF0070C08E0DFF8B4C0604502D14FF016
:103E7000090C01E04FF00A0C0CFA07FCA44513D121
:103E80002C689C432C606F684FF0B0449F436F6078
:103E900067689F43676027689F432760D6F8084498
:103EA00024EA0E04C6F8084406680323D7084FEA3C
:103EB00042084FEA427C03FA08F34FEADC6C1E43E7
:103EC00006600BFA0CF400EB87073E6AA6433E62DD
:103ED000C4689C43C460446800E005E024EA090427
:103EE000446084689C438460521C31FA02F37FF47E
:103EF00071AFBDE8F08F000080000058000002584C
:103F00000004025800080258000C02580010025821
:103F10000014025800180258001C025800240258CD
:103F20002DE9F84F03247A4D00234FF001094FF09B
:103F3000B04B4FF00F0AE4E009FA03F6324078D0B4
:103F40000F7907F00307012F01D0022F1AD18768DC
:103F50004FEA430ED1F80CC004FA0EF827EA08071E
:103F60000CFA0EFC4CEA070CC0F808C0476891F840
:103F700004C0B743CCF3001C0CFA03FC4CEA070C5A
:103F8000C0F804C00E79F643B6070BD0C6684FEAF6
:103F900043088F6804FA08FC26EA0C0607FA08F7BB
:103FA0003743C7600E7906F00306022E12D1DE08F1
:103FB0000F694FEA437C00EB8606B646366A4FEA45
:103FC000DC6C0AFA0CF807FA0CF726EA0806374305
:103FD000CEF820700F7906684FEA430807F0030710
:103FE00004FA08FC07FA08F726EA0C0637430760CC
:103FF0004E6816F4403F1CD0464E376847F0020723
:10400000376036689F0706F00206009623F0030625
:1040100006F1B046B6463F0FD6F80864DFF8F880E0
:104020000AFA07FC404526EA0C0603D14FF0000CC3
:104030003AE065E0DFF8E4C0604502D14FF0010CE2
:1040400032E0DFF8DCC0604502D14FF0020C2BE01B
:10405000DFF8D0C0604502D14FF0030C24E0DFF858
:10406000C8C0604502D14FF0040C1DE0DFF8BCC0B1
:10407000604502D14FF0050C16E0DFF8B4C0604592
:1040800002D14FF0060C0FE0DFF8A8C0604502D166
:104090004FF0070C08E0DFF8A0C0604502D14FF0F8
:1040A000090C01E04FF00A0C0CFA07FC4CEA060C74
:1040B000CEF808C44F68DBF80060FF0226EA02066B
:1040C00000D516435F46CBF80060D1F804C0DBF89A
:1040D00004605FEA8C2C26EA020600D516437E6057
:1040E0006E684F6826EA0206BF0300D516436E606D
:1040F0002E684F6826EA0206FF0300D516432E609D
:104100005B1C0A6832FA03F67FF416AFBDE8F88F3D
:1041100080000058F444025800000258000402587D
:1041200000080258000C02580010025800140258EF
:1041300000180258001C025800240258426921EA63
:1041400002030A4043EA0241816170470AB181617A
:1041500070470904FBE700000148806870470000D1
:104160000000002430B590F84120202A24D190F896
:104170004020012A20D0012380F84030242280F8FA
:104180004120202300240268156825F001051560F0
:104190000268156825F480551560026815680D439E
:1041A000156001680A6842F001020A6080F8413037
:1041B00080F84040002030BD022030BD30B590F87E
:1041C0004120202A22D190F84020012A1ED001232C
:1041D00080F84030242280F8412020240025026805
:1041E000136823F0010313600268136823F47063FB
:1041F00043EA0121116001680A6842F001020A6085
:1042000080F8414080F84050002030BD022030BD91
:1042100070B5040004D094F84100002510B106E008
:10422000012070BD204684F8405000F039FA242067
:1042300084F841002068016821F001010160D4E99F
:10424000001020F0706008612068816821F400414E
:104250008160E06821680128A06830D040F4044003
:104260008860E0680228206841682BD021F4006152
:10427000416020682021154A436813434360206849
:10428000C26822F40042C26054F8106B0DCC104397
:1042900040EA0320F06054F81C3CD4E900021043CB
:1042A000186054F81C0D026842F001020260656457
:1042B00084F84110256384F84250002070BD40F41A
:1042C0000040CDE741F40061D2E700000080000229
:1042D0002DE9FC5F002504461E469346019589465C
:1042E00090F84100AA4620287BD120688069C0430D
:1042F000000476D594F84000012872D0012184F89A
:10430000401024204FF0200884F841006564E068E4
:1043100001280AD0344A354949EA02000840216898
:104320004860FFF719FF07460AE0314A3149F3E7D1
:10433000701C05D0FFF710FFC01BB04246D8A6B3D3
:10434000206881698269C1F34010C2F300110843FB
:10435000EED020688169C943C90619D500223346C9
:1043600020212046009702F0E9FC38B1606C042857
:1043700018D12168C1F81C8065641AE02168C1F871
:104380001C8084F84180002084F84050BDE8FC9FE8
:104390001021C1610022334620212046009702F0FF
:1043A000CDFC18B14FF0010A03E00FE02168C1F81D
:1043B0001C800198401C01905845014604D2BAF176
:1043C000010F01D14FF0000A5945A0D384F8418074
:1043D000606C84F8405040F0200060640120D5E714
:1043E000FFE70220D2E7000000280002FF2B0002B6
:1043F00000200002FF2300022DE9F84F044690F848
:1044000041001F469046DDF828A08B4620287ED12B
:1044100094F8400001287AD0012084F84000FFF78A
:104420009BFE0122064619230090D103204602F08C
:1044300085FCE0BB0025222184F84110102084F87F
:10444000420065646785618DFF2732484FF000792F
:10445000C4F82480FF294FF08078656303D927854D
:104460003A46009039E0618D218500903AE0594646
:10447000204602F04BFC13E002F09EFCB8B9206825
:10448000616A406A0870606A401C6062208D401E4C
:1044900081B22185608D401E6085608D00B169B15B
:1044A000608D3246514600282046E5D100E002E00A
:1044B00002F0D6FCD0B10120BDE8F88F00225346AF
:1044C00080212046009602F039FC0028F3D1608D4F
:1044D000FF2804D927853A4600954346C7E7608DF3
:1044E000208500954B4694F82820C0E720682021BD
:1044F000094AC161206843681340436084F8411051
:1045000084F84250002084F84050D5E7FFE70220AD
:10451000D2E700000024008000E800FE2DE9FF4FF4
:1045200081B0044690F8410099469046DDF838B0D5
:1045300020287BD194F84000012877D0012084F80E
:104540004000FFF709FE0122064619230090D1031F
:10455000204602F0F3FB002853D1414921220025D7
:10456000C4F82480102084F84120FF2784F84200FA
:104570006564A4F82A90608D4FF080794FF0007A3E
:104580006563FF2802D94B46278505E0608D5346B9
:1045900020850004000C10D0226898F8000090627A
:1045A000606A401C6062608D401E6085208D401EE8
:1045B0002085401C0091C2B201E0002200910299C6
:1045C000204602F0A3FB13E002F076FCC8B9606A53
:1045D000216800788862606A401C6062608D401EBD
:1045E0006085208D401E80B22085618D01B160B153
:1045F000608D3246594600282046E5D102F030FC55
:10460000E0B1012005B0BDE8F08F00225B468021BB
:104610002046009602F092FB0028F2D1608DFF2820
:1046200005D927853A464B460095C8E716E0608DC8
:1046300053462085009594F82820C0E72168202063
:10464000084AC86121684B6813404B6084F84100F8
:1046500084F84250002084F84050D3E70220D1E78C
:104660000020008000E800FE10B50068094988427B
:104670000FD10948016821F400110160074C402165
:104680002046FFF79DFB2046BDE810408021FFF744
:1046900097BB10BD00540040E84402580004025883
:1046A00010B5B4B0044614212EA8FCF71DF8B821AB
:1046B0006846FCF719F81849206888422AD100207A
:1046C000209008210446CDE90010684600F0D4FA95
:1046D00008B1FEF74EF91148016841F0020101608E
:1046E00000682EAB122100F002003390C02004229B
:1046F00083E813000A482EA9CDE93142FFF710FCE8
:1047000006480830016841F400110160006800F4B7
:104710000010339034B010BD00540040E044025803
:104720000004025802488168027811448160704791
:1047300000000024032010B500F00CF901F0DCF8B3
:104740000F4A104914681368C4F3032203F00F03DF
:104750008A5CC95C02F01F0201F01F01D0400A4AC6
:1047600020FA01F11160094908600F2000F010F8EB
:1047700008B1012010BD00F0A1F8002010BD00001C
:1047800018440258469C0008100000240C00002425
:1047900010B5102804468AB02CD2002201462C20E5
:1047A00000F0B8F82C2000F0A8F81748046017486B
:1047B000016841F080010160006809A900F08000F3
:1047C0000890684601F024F80598B0B101F070F83F
:1047D00040000F4900220F4CB0FBF1F10E4840F2AF
:1047E000E7330460C0E90332491EC0E9011201F059
:1047F00011FC28B101200AB010BD01F059F8E8E71A
:10480000054801F069FCF6E704000024E84402587A
:1048100040420F00001C004080000020154BF0B506
:10482000083B427813491A600B680A1F23F0010302
:104830000B6043681360057BC67A827A437B2D0741
:10484000847B45EA0665C77B90F809C0067A90F834
:1048500000E045EAC24040EA834040EA444040EA82
:10486000074040EA0C2040EA460040EA0E0008609B
:10487000F0BD0000A0ED00E0BFF35F8F0448002111
:104880000368034A23F48033036070321160704779
:1048900024ED00E0074A40F0010006497032106044
:1048A000086840F480300860BFF34F8FBFF36F8F0C
:1048B0007047000024ED00E070470000054808B58F
:1048C000016841F002010160006800F00200009000
:1048D00008BD0000F444025800280DDB410900F037
:1048E0001F028900012001F1E0219040C1F8800100
:1048F000BFF34F8FBFF36F8F7047002809DB41096B
:1049000000F01F028900012001F1E0219040C1F870
:10491000000170470E4BF0B41B680D46C3F3022331
:10492000C3F10706042E00D90426191D072901D258
:10493000002300E0DB1E012404FA06F19C40491E1E
:104940002940641E994014402143F0BC04F045B94D
:104950000CED00E0064900F0070210B54FF6FF0429
:104960000868044B204040EA02201843086010BD4C
:104970000CED00E00000FA05134970B50A68D24357
:10498000520705D5096801F00701814213D118E0EB
:104990000A6822F0070202430A60FFF7DDFB0A4DB6
:1049A0004FF47A760446083D07E000BFFFF7D4FBDA
:1049B000001BB04201D9012070BD2868C0438004AB
:1049C000F4D4002070BD00000C48025810B500F06F
:1049D0004DFF05490968054AC1F30211515C01F018
:1049E0001F01C84010BD000020440258469C00082A
:1049F000494930B5484C0B1D0A68143409681D68D4
:104A0000246802F00303C5F30012C1F30531C4F3B7
:104A1000CC04002914FB02F200EE102AF8EE400A42
:104A200075D03F4A9FED3D1AB7EE000A6BB1DFED3E
:104A30003D1A012B01D0022B64D002EE101A11682E
:104A4000F8EE422A81EEA22A21E0334C283C23686A
:104A50009B0612D5344B246801EE901A1168C4F3FA
:104A6000C104F8EE612AE34001EE903AC1F3080177
:104A7000F8EE611A81EEA22A0BE001EE901ADFED4A
:104A80002B2A00BFF8EE611A116882EEA12AC1F349
:104A9000080101EE901A1168F8EE611A40EE811AD1
:104AA00071EE800A62EE200AC1F3462101EE101A6F
:104AB000B8EE411A31EE001AC0EE811ABCEEE11ACE
:104AC00080ED001A1168C1F3064101EE101AB8EE2C
:104AD000411A31EE001AC0EE811ABCEEE11A80EDE7
:104AE000011A1168C1F3066101EE101AB8EE411AFD
:104AF00031EE000A80EE801ABCEEC10A80ED020A97
:104B000030BD04E001EE901ADFED092ABAE700217A
:104B1000016041608160F3E72844025800000039D9
:104B2000384402580024744A0090D0030024744C86
:104B300020BCBE4B494930B5484C0B1D0A681C349B
:104B400009681D68246802F00303C5F30022C1F35D
:104B50000551C4F3CC04002914FB02F200EE102A24
:104B6000F8EE400A75D03F4A9FED3D1AB7EE000AB5
:104B70006BB1DFED3D1A012B01D0022B64D002EEA8
:104B8000101A1168F8EE422A81EEA22A21E0334C75
:104B9000283C23689B0612D5344B246801EE901AFA
:104BA0001168C4F3C104F8EE612AE34001EE903AC3
:104BB000C1F30801F8EE611A81EEA22A0BE001EEC2
:104BC000901ADFED2B2A00BFF8EE611A116882EE11
:104BD000A12AC1F3080101EE901A1168F8EE611ADA
:104BE00040EE811A71EE800A62EE200AC1F346217E
:104BF00001EE101AB8EE411A31EE001AC0EE811A19
:104C0000BCEEE11A80ED001A1168C1F3064101EE15
:104C1000101AB8EE411A31EE001AC0EE811ABCEE3D
:104C2000E11A80ED011A1168C1F3066101EE101A54
:104C3000B8EE411A31EE000A80EE801ABCEEC10ACD
:104C400080ED020A30BD04E001EE901ADFED092A82
:104C5000BAE70021016041608160F3E7284402580F
:104C600000000039404402580024744A0090D003E8
:104C70000024744C20BCBE4B2DE9FE4F0546DFF8E6
:104C800000A450F8081B0024FD4FC943019005F112
:104C9000280026460AF1240A009008011DD4686EF7
:104CA00050B1B0F5801F0CD0B0F5001F0ED0B0F59C
:104CB000401F1ED001240FE0386840F400303860F7
:104CC00017E00198022102F075FF03E0009802212D
:104CD00003F000F804000CD026462888C043C00525
:104CE00023D4A86D05281ED2DFE800F00C11161B96
:104CF0001B006A6EDAF8001021F440111143CAF863
:104D00000010EAE7386840F40030386009E00198A4
:104D1000002102F04FFF03E00098002102F0DAFFCB
:104D20000446C4B100E0012426462888DFF85083F9
:104D3000C04308F12C0840052FD4D5F8A400B0F5E5
:104D4000C00F28D010DCB8B1B0F5001F19D0B0F5F5
:104D5000800F0FD11AE0AA6DDAF8001021F00701D8
:104D60001143CAF80010E0E7B0F5000F13D0B0F51A
:104D7000200F10D001240FE0386840F40030386074
:104D800009E00198002102F015FF03E000980021DE
:104D900002F0A0FF044694B126462888C0430005CF
:104DA00030D4D5F8A800B0F1407F29D011DCC0B1D3
:104DB000B0F1807F1AD0B0F1007F10D11BE0D5F8A0
:104DC000A420D8F8001021F460011143C8F80010A5
:104DD000E3E7B0F1806F13D0B0F1A06F10D00124E1
:104DE0000FE0386840F40030386009E00198002195
:104DF00002F0E0FE03E00098002102F06BFF0446A1
:104E000094B126462868DFF878B2C0430BF1200B36
:104E100080011FD4E86CD8B110280FD0202812D000
:104E2000302815D0012414E0D5F8A820D8F80010B7
:104E300021F0E0611143C8F80010E3E7386840F45E
:104E40000030386004E00198022102F0B3FE04460D
:104E500074B126462888C043C0042BD4E86DB0F551
:104E6000005F20D00DDCA0B1B0F5805F0FD115E060
:104E7000EA6CDBF8001021F030011143CBF8001090
:104E8000E8E7B0F5405F13D0B0F5804F10D00124B3
:104E90000FE0386840F40030386009E001980021E4
:104EA00002F088FE03E00098002102F013FF0446A0
:104EB0008CB126462888C043800429D4286EB0F5DA
:104EC000403F23D010DC08B3B0F5803F14D0B0F5DC
:104ED000003F0FD115E0EA6DDAF8001021F4E0414F
:104EE0001143CAF80010E5E7B0F5802F0ED0B0F5F9
:104EF000A02F0BD001240AE00198012102F05AFEF4
:104F000003E00098012102F0E5FE044694B1264634
:104F10002888C04340042AD4D5F8AC00B0F1405FE3
:104F200023D010DC08B3B0F1805F14D0B0F1005F83
:104F30000FD115E02A6EDAF8001021F4E0211143B8
:104F4000CAF80010E4E7B0F1804F0ED0B0F1A04FE6
:104F50000BD001240AE00198012102F02BFE03E0AE
:104F60000098012102F0B6FE044674B12646288856
:104F7000C04300041FD4E86ED8B1B0F1805F0ED0FA
:104F8000B0F1005F10D0012414E0D5F8AC20D8F8BF
:104F9000001021F0E0411143C8F80010E7E738683D
:104FA00040F40030386004E00198012102F002FE74
:104FB000044674B126462868C043C0011ED4A86CBC
:104FC000D0B101280ED0022811D0032814D001241A
:104FD00013E0EA6EDAF8001021F040511143CAF8EC
:104FE0000010E8E7386840F40030386004E00198C9
:104FF000022102F0DFFD04466CB126462868C0435A
:10500000400255D41F48016841F480710160FFF7E8
:10501000A3F881460EE0AA6CDBF8001021F0030132
:105020001143CBF80010E9E7FFF796F8A0EB090071
:1050300064283BD813480068C005F5D5BCBBDFF831
:105040004090B5F8B01009F14409D9F8000001F416
:10505000407100F44070884211D0D9F80010D9F89E
:10506000002021F4407142F48032C9F80020D9F8C0
:10507000002022F48032C9F80020C9F8001003E0B3
:105080002C44025800480258D5F8B000B0F5807F93
:1050900019D1FFF761F8029011E000BFFFF75CF84B
:1050A0000299411A41F28830814208D903242646E8
:1050B0002878DFF81494C043C00721D03CE0D9F829
:1050C00000008007EAD5D5F8B010C1F3012003280D
:1050D000FE480DD0016821F47C510160B5F8B02084
:1050E000D9F80010C2F30B021143C9F80010DFE732
:1050F000F74A036802EA111223F47C511143ECE7EA
:10510000A86F182816D005DCA0B1082808D01028F0
:1051100004D10AE020280DD028280BD001240AE071
:105120000198012102F046FD03E00098012102F000
:10513000D1FD044664B126462878C04380071ED4BA
:10514000686F062819D2DFE800F0160C1116161643
:10515000AA6FD9F8001021F038011143C9F80010E6
:10516000EAE70198012102F025FD03E00098012102
:1051700002F0B0FD04467CB100E001242646287808
:10518000C04340071FD4D5F89000062819D2DFE8A5
:1051900000F0160C111616166A6FD9F8001021F0DF
:1051A00007011143C9F80010E9E70198012102F055
:1051B00001FD03E00098012102F08CFD0446A4B13A
:1051C00000E0012426462878C04380062BD4D5F879
:1051D0008C00B0F1405F24D011DC10B3B0F1805FDF
:1051E00015D0B0F1005F10D116E0D5F89020D8F8B6
:1051F000001021F007011143C8F80010E3E7B0F1F7
:10520000804F0ED0B0F1A04F0BD001240AE00198DE
:10521000002102F0CFFC03E00098022102F05AFDC9
:10522000044694B126462878C04340062BD4D5F8CE
:105230009800B0F5406F24D011DC10B3B0F5806F4A
:1052400015D0B0F5006F10D116E0D5F88C20D9F844
:10525000001021F0E0411143C9F80010E3E7B0F578
:10526000805F0ED0B0F5A05F0BD001240AE001985A
:10527000002102F09FFC03E00098022102F02AFDC9
:10528000044694B126462878C04300062BD4D5F8AE
:105290009C00B0F5C04F24D011DC10B3B0F5005F16
:1052A00015D0B0F5804F10D116E0D5F89820D8F879
:1052B000001021F4E0511143C8F80010E3E7B0F505
:1052C000004F0ED0B0F5204F0BD001240AE001981A
:1052D000002102F06FFC03E00098022102F0FAFCCA
:1052E000044654B126462878C04300071ED4D5F89A
:1052F0008000B0F5805F0AD00FE0D5F89C20D8F888
:10530000001021F460411143C8F80010EBE7009849
:10531000022102F0DFFC00B10126D5F88020D9F887
:10532000001021F440511143C9F800102878C043FF
:10533000C00613D4D5F89400B0F5807F05D100984D
:10534000022102F0C7FC00B10126D5F89420D8F85C
:10535000001021F440711143C8F800102868C043C0
:10536000000316D4D5F8A00038B1B0F5803F09D0BD
:10537000B0F5003F0BD001240AE00198002102F0B3
:1053800019FC03E00098022102F0A4FC04468CB151
:1053900026462868C043400322D4D5F88400B0F5DF
:1053A000801F11D0B0F5001F13D0B0F5401F15D0ED
:1053B000012414E0D5F8A020D8F8001021F44031E1
:1053C0001143C8F80010E4E7386840F40030386052
:1053D00004E00098012102F07DFC04465CB1264601
:1053E0002868C043C0031CD4286D70B1B0F5803F5D
:1053F00010D0012414E0D5F88420D9F8001021F44D
:1054000040111143C9F80010EAE7386840F4003051
:10541000386004E00198022102F0CCFB0446DCB1C4
:1054200026462868C043800005D40098022102F077
:1054300051FC00B101262868C04380031BD4E86FEB
:10544000B8B1B0F5807F10D0B0F5007F11D0B0F5C5
:10545000407F0ED001240DE02A6DDBF8001021F40E
:1054600080311143CBF80010DBE7386840F400309E
:1054700038607CB326462868C043C00207D42A6F30
:10548000DAF8001021F000411143CAF80010286832
:10549000C043800207D4AA6EDAF8001021F08071B0
:1054A0001143CAF800102868C043400009D40748D7
:1054B000016821F4004101600168D5F8B42011436E
:1054C00001602868C04306E0544402581044025862
:1054D000CFFFFF001DE007D46A6DDBF8001021F05C
:1054E00040511143CBF800102868C043000208D493
:1054F000D5F88820D9F8001021F440011143C9F8EB
:10550000001028790024C04300F00100204309D096
:105510000EE0EA6FD9F8001021F440711143C9F888
:105520000010A8E70198002102F044FB00B10646F4
:105530002879C04300F00200204305D101980121E1
:1055400002F038FB00B106462879C04300F00400A1
:10555000204305D10198022102F02CFB00B1064640
:105560002879C04300F00800204305D100980021AD
:1055700002F0B0FB00B106462879C04300F01000ED
:10558000204305D10098012102F0A4FB00B106469A
:105590002879C04300F02000044304D10098022180
:1055A00002F098FB00B916B10120BDE8FE8F002083
:1055B000FBE700002DE9F05F04000F467ED0DFF826
:1055C0003882D8F8000000F00F00B8420CD2D8F8AA
:1055D000001021F00F013943C8F80010D8F800007E
:1055E00000F00F00B84269D12078844D40070AD5F9
:1055F0002069296801F07001884204D9296821F0E6
:1056000070010143296020787C4E361D00070AD5C1
:105610006069316801F07001884204D9316821F075
:105620007001014331602078C0060AD5A069316855
:1056300001F4E061884204D9316821F4E06101435A
:1056400031602078DFF8B4B180060BF1080B0CD57F
:10565000E1695846DBF8002002F07002914204D95B
:10566000026822F070020A430260207880070AD59F
:10567000E068296801F00F01884204D9296821F007
:105680000F01014329602078C0073ED05B49A26822
:105690002868183920F47060104328606068022878
:1056A00018D0032819D00968012819D04907002902
:1056B0004ADADFF848A1AAF1080A00E044E0DAF883
:1056C000002022F007020243CAF80020FEF744FD42
:1056D000814612E009688903E9E709688901E6E77C
:1056E000C905E4E7FEF738FDA0EB090141F2883077
:1056F000814202D90320BDE8F09F6168DAF800001A
:1057000000F03800B0EBC10FECD1207880070AD54B
:10571000E068296801F00F01884204D2296821F06D
:105720000F0101432960D8F80010404601F00F0135
:10573000B9420BD9016821F00F01394301600068BB
:1057400000F00F00B84201D00120D4E720784007D4
:105750000AD52069296801F07001884204D22968BD
:1057600021F0700101432960207800070AD56069A3
:10577000316801F07001884204D2316821F0700173
:10578000014331602078C0060AD5A069316801F470
:10579000E061884204D2316821F4E0610143316064
:1057A000207880060CD5E1695846DBF8002002F02D
:1057B0007002914204D2026822F070020A43026031
:1057C00000F09AF80E492A682B68C2F3032203F00E
:1057D0000F038A5CC95C02F01F0201F01F01D04078
:1057E000084A20FA01F1116007490860074800687B
:1057F000BDE8F05FFEF7CCBF00200052184402580D
:10580000469C0008100000240C0000240400002422
:1058100070B5144C3F220260124A24680832131DEE
:10582000114D04F00704446016681C1D06F47066F0
:105830008660166806F00F06C660126802F07002F5
:1058400002611A6802F0700242611A6802F4E062B2
:105850008261226802F07002C261286800F00F00C5
:10586000086070BD104402580020005230B500F0AE
:1058700043F80B4A0B490C4B15681468C5F3032217
:1058800004F00F048A5C095D02F01F0201F01F01A1
:10589000D040064A20FA01F119601060084630BD78
:1058A00018440258469C0008100000240C000024F4
:1058B00000B5FFF7DBFF05490968054AC1F302118E
:1058C000515C01F01F01C84000BD00001C4402589B
:1058D000469C000800B5FFF7C9FF05490968054A5D
:1058E000C1F30221515C01F01F01C84000BD00005E
:1058F0001C440258469C0008454970B54548096853
:10590000434B103B11F0380208D00111082A03D094
:10591000102A0BD0182A0BD0084670BD19688906CA
:10592000FBD51968C1F3C101C84070BD3A4870BDCC
:105930003749374D18310C1D24350A680968266827
:105940002D6802F0030406F00102C1F30511C5F34E
:10595000CC0515FB02F200EE102AB8EE400AE9B3BE
:105960002F4ADFED2E0AB7EE001A6CB1DFED2D1ACB
:10597000012C01D0022C43D002EE101A1068F8EE70
:10598000422A81EEA22A1EE01C68A40611D51B68DB
:1059900001EE901A1168C3F3C103F8EE612AD840F2
:1059A00001EE900AC1F30800F8EE611A81EEA22A16
:1059B0000BE001EE901ADFED1C2A00BFF8EE611A31
:1059C000106882EEA12AC0F3080001EE900AF8EEFA
:1059D000611A40EE201A31EE810A00E015E022EE55
:1059E000000A1068C0F34620401C00EE900AF8EE52
:1059F000600A80EE201ABCEEC10A10EE100A70BDDB
:105A000001EE901ADFED092AD8E7002070BD0000F2
:105A1000104402580090D00340787D010000003906
:105A2000304402580024744A0024744C20BCBE4BFD
:105A30002DE9F05F04007DD0FF4F2078FE4D183730
:105A4000DFF8F483103DC00748D0D8F8000039686B
:105A500000F03800102815D0182803D101F00300F9
:105A600002280FD06068B0F5803F12D010B1B0F5B9
:105A7000A02F18D0286820F480302860286820F4EF
:105A8000802009E02868800328D560680028D2D0EB
:105A900024E0286840F480302860606888B1FEF710
:105AA0005BFB064609E0286840F480202860F0E7A8
:105AB000FEF752FB801B64287ED828688003F7D548
:105AC0000CE0FEF749FB064605E000BFFEF744FB8D
:105AD000801B6428F0D828688003F7D420788007DA
:105AE00056D5D8F80000DFF85093396810F0380028
:105AF000A9F10C090ED0182801D188070AD0E06856
:105B0000A8B3296821F0190101432960FEF724FB9D
:105B1000064628E02868400702D5E06800288AD0B9
:105B2000E168286820F0190008432860FEF714FB9C
:105B3000064606E0D2E000BFFEF70EFB801B0228FF
:105B4000BAD828684007F7D5217CD9F8002022F080
:105B5000FE4242EA0161C9F8001019E0FEF7FCFAC2
:105B6000801B0228A8D828684007F7D5ECE7FFE794
:105B7000286820F001002860FEF7EEFA064604E0EF
:105B8000FEF7EAFA801B022896D828684007F7D467
:105B90002078C00646D5D8F80000DFF89C92396816
:105BA00000F03800A9F10409082812D0182805D1FE
:105BB00001F00300012800E0CEE00AD0E0690028EF
:105BC000286820D040F080002860FEF7C5FA06461D
:105BD00015E02868C00502D5E06980287ED194F8D8
:105BE0002010D9F8002022F07C5242EA0161C9F865
:105BF000001017E0FEF7B0FA801B0228A0D8286832
:105C0000C005F7D5EBE720F080002860FEF7A4FA86
:105C1000064604E0FEF7A0FA801B022890D8286808
:105C2000C005F7D42078000729D58348616964301E
:105C300000298146016811D041F001010160FEF7A1
:105C40008BFA064605E000BFFEF786FA801B0228A5
:105C500088D8D9F800008007F6D510E021F00101BE
:105C60000160FEF779FA064605E000BFFEF774FA18
:105C7000801B022870D8D9F800008007F6D420785D
:105C8000800623D5A0690028286810D040F48050F1
:105C90002860FEF761FA064605E000BFFEF75CFAF1
:105CA000801B022858D828688004F7D50EE020F41D
:105CB00080502860FEF750FA064604E0FEF74CFAE2
:105CC000801B022848D828688004F7D42078400731
:105CD00051D5DFF86891D9F8001000E015E141F4E2
:105CE0008071C9F80010FEF737FA064605E000BFDC
:105CF000FEF732FA801B64282ED8D9F80000C005C0
:105D0000F6D54D4EA068603601280AD008B10528A6
:105D100013D0306820F001003060306820F00400BB
:105D200002E0306840F001003060A06841F2883A3B
:105D300098B1FEF711FA81460AE0306840F004009D
:105D40003060EEE7FEF708FAA0EB0901514503D8F1
:105D500030688007F6D50EE072E0FEF7FDF9814667
:105D600006E000BFFEF7F8F9A0EB0901514567D83E
:105D700030688007F6D4606A00287CD0DFF8B8A0CD
:105D8000D8F800100AF1200A4FF6F87B0AF104084F
:105D9000C1F3C2010329AAF104096DD002282868C1
:105DA00020F08070286003D0FEF7D6F9044681E029
:105DB000FEF7D2F9064604E0FEF7CEF9801B022872
:105DC00075D828688001F7D4E26A40F2F331386868
:105DD00054F8283F884340EA021018433860217B7A
:105DE0004FF4FE0C22894FF0FE47208A4902267D9F
:105DF000521E401EA1F5007189B2C2F30802114380
:105E0000761E0CEA00400143484607EA0662114349
:105E1000CAF80010D9F8001021F00101C9F80010EB
:105E2000D8F80030266A23EA0B0343EAC601C8F813
:105E30000010D9F8001004E010440258004802583D
:105E400035E0A26921F00C011143C9F80010016886
:105E5000E26921F0020111430160016841F48031DF
:105E60000160016841F400310160016841F4802162
:105E70000160016801E06CE020E041F00101016097
:105E8000286840F080702860FEF766F9044604E058
:105E9000FEF762F9001B022809D828688001F7D5AF
:105EA00057E000BFFEF758F9001B022802D9032073
:105EB000BDE8F09F28688001F4D44AE039680128E1
:105EC000DAF8000021D0A26A01F0030393421CD14A
:105ED000E26AC1F305118A4217D1216BC0F30802AF
:105EE000491E8A4211D1616BC0F34622491E91427C
:105EF0000BD1A16BC0F30642491E914205D1E16B63
:105F0000C0F30660491E814201D00120D0E7A16C98
:105F10004646D8F80000C0F3CC00814219D0D9F829
:105F200000004D4620F00100C9F80000FEF714F90A
:105F30004FEA0007FEF710F9B842FBD0A26C3068B8
:105F400020EA0B0040EAC2003060286840F00100FF
:105F500028600020ACE7704770477047F0B590F8B4
:105F60003C20012A41D0224E012480F83C400222EC
:105F700080F83D2002681F4D5368B242D2F808C035
:105F800001D0AA4203D14F6823F470033B430F684A
:105F900023F070031F4357600268B24219D0B2F178
:105FA000804F16D0144B9A4213D0144B9A4210D003
:105FB000134B9A420DD0AA420BD0124B9A4208D0F2
:105FC000114B9A4205D0114B9A4202D0104B9A4283
:105FD00004D189682CF0800319439160002180F876
:105FE0003D4080F83C100846F0BD0220F0BD0000A6
:105FF000000001400004014000040040000800408F
:10600000000C0040001800400040014000E000404B
:1060100000E4004010B5040003D094F83D0010B136
:1060200007E0012010BD002084F83C00204600F06D
:1060300035F8022084F83D002068211D01F0FAFFA8
:10604000012084F8480084F83E0084F83F0084F87A
:10605000400084F8410084F8420084F8430084F84A
:10606000440084F8450084F8460084F8470084F82A
:106070003D00002010BD000000680649884207D19D
:106080000548016821F0100101603620FEF724BCAC
:106090007047000000100040E844025808B500684E
:1060A0000B49884212D10B48016841F01001016090
:1060B00000680022114600F0100000903620FEF724
:1060C00029FCBDE808403620FEF717BC08BD0000DB
:1060D00000100040E844025890F83D10012901D01A
:1060E000012070471A4A022180F83D100168CB68F0
:1060F00043F00103CB60006890421AD0B0F1804FAA
:1061000017D01449884214D01349884211D013493A
:1061100088420ED0124988420BD01249884208D0DA
:106120001149884205D01149884202D0104988425D
:1061300007D181680F4A1140062906D0B1F5803F8A
:1061400003D0016841F001010160002070470000A8
:10615000000001400004004000080040000C004026
:1061600000040140001800400040014000E00040F1
:1061700000E400400700010070472DE9F0410446AB
:1061800000680027C6680569A90713D5B10711D5AE
:10619000FA1E02610121217720688069800720466C
:1061A00002D0FFF7E9FF04E000F08BF8204600F092
:1061B00089F82777680716D5700714D5226802205A
:1061C0006FF00401116120772068806910F4407F2E
:1061D000204602D0FFF7D0FF04E000F072F820461E
:1061E00000F070F82777280715D5300713D52268F7
:1061F00004206FF00801116120772068C0698007D2
:10620000204602D0FFF7B8FF04E000F05AF820461D
:1062100000F058F82777E80616D5F00614D522685E
:1062200008206FF01001116120772068C06910F418
:10623000407F204602D0FFF79FFF04E000F041F8C6
:10624000204600F03FF82777E80708D0F00706D08F
:1062500021686FF001000861204600F035F828063B
:1062600001D4A80408D5300606D521686FF4025081
:1062700008612046FFF770FEE80508D5300606D510
:1062800021686FF4807008612046FFF764FE68069D
:1062900008D5700606D521686FF0400008612046D9
:1062A00000F028F8A8060AD5B00608D521686FF0D6
:1062B000200008612046BDE8F041FFF74EBEBDE872
:1062C000F08170477047000010B508490446006827
:1062D000884202D1012003F01FFB05492068884253
:1062E00003D1BDE81040FEF71DBA10BD00100040FC
:1062F000001C0040704730B590F88410012918D078
:10630000012280F884202421C0F888100022202453
:1063100001680B680D6823F0005325F001050D603E
:10632000426601680B60C0F8884080F884201046FF
:1063300030BD022030BD7047704770B5044690F8FC
:10634000840001281DD0012284F884202420C4F870
:10635000880020680568026822F001020260206857
:10636000826822F060620A438260204601F0D2FE19
:106370002268202100201560C4F8881084F8840069
:1063800070BD022070BD70B5044690F884000128ED
:106390001DD0012284F884202420C4F888002068BD
:1063A0000568026822F0010202602068826822F01B
:1063B00060420A438260204601F0ACFE2268202140
:1063C00000201560C4F8881084F8840070BD022095
:1063D00070BD7047704770B501680446D0F88800FA
:1063E0001025D4F88C608968090618D5212816D1A3
:1063F0002068083050E8001F21F0800140E80012BA
:10640000002AF5D1E06F38B1FCF7A6FC20B1E06FAF
:10641000FDF788F8202823D0204602F001F82068F4
:10642000806840061AD5222E18D12068083050E81E
:10643000001F21F0400140E80012002AF5D1D4F8F5
:10644000800040B1FCF788FC28B1D4F88000FDF74B
:1064500069F8202804D0204601F0B8FF002070BD64
:10646000C4F89050032070BD70B504001DD02420E6
:10647000C4F8880000252068016821F0010101604E
:10648000206805602068456020688560204600F02F
:1064900013FAC4F89050C4F88850C4F88C50E566DC
:1064A0002567002084F8845070BD012070BD7047BE
:1064B0002DE9F04107680025044640F60F03022647
:1064C000F8693968BA6818420AD183067ED501F0A6
:1064D000200302F0805C53EA0C0377D0616F7EE109
:1064E000D44BDFF854C3134001EA0C0C53EA0C0CF4
:1064F0006CD05FEAC07C0CD05FEAC15C09D54FF07C
:10650000010CC7F820C0D4F8907047F00107C4F818
:106510009070870709D5D70707D027683E62D4F85F
:10652000906046F00406C4F8906046070AD5D60786
:1065300008D0276804263E62D4F8906046F0020630
:10654000C4F8906006070CD501F020061E4308D061
:10655000266808233362D4F8903043F00803C4F867
:10656000903003050BD54B0109D526684FF4006325
:106570003362D4F8903043F02003C4F89030D4F85C
:106580009030002B3DD0800609D501F0200002F0AC
:106590008051084303D0616F09B1204688472168C4
:1065A000D4F890008968490602D410F0280F2AD048
:1065B000204601F00BFF2068806840061ED5206849
:1065C000083050E8001F21F0400100E021E040E8E1
:1065D0000012002AF3D1D4F8800078B19749016500
:1065E000D4F88000FCF768FD00280AD0D4F88000B9
:1065F000016D00E02046BDE8F04108472046FFF766
:1066000056FFBDE8F0812046FFF751FFC4F89050D7
:10661000F7E7D4F86CC02023BCF1010F7ED15FEA0C
:10662000C06C7BD55FEAC16C78D5102038622068D9
:106630008068400673D5D4F880208149106888426C
:1066400034D07F491831884230D07D49303188427A
:106650002CD07B494831884228D079496031884222
:1066600024D077497831884220D0754990318842CA
:106670001CD07349A831884218D07249884215D07D
:1066800070491831884211D06E49303188420DD09E
:106690006C494831884209D06A496031884205D046
:1066A00068497831884201D06649903140684FF49A
:1066B00080770004000C40D0B4F85C1081423CD9D3
:1066C000A4F85E00D069B8422FD0216851E8000FCD
:1066D00020F4807041E80002002AF6D120680830DA
:1066E00050E8001F21F0010140E80012002AF5D116
:1066F0002068083050E8001F21F0400140E80012F7
:10670000002AF5D1C4F88C30E566206850E8001FF7
:1067100021F0100140E80012002A01E04AE019E0EF
:10672000F3D1D4F88000FCF717FB2667B4F85C00BF
:10673000B4F85E10401A81B208E0B4F85C108142EF
:106740007FF466AFD069B842FAD126672046FFF7DA
:10675000F2FD56E7B4F85C00B4F85E10B4F85E20C1
:10676000401A81B2002AF4D00029F2D0226852E8FF
:10677000000F20F4907042E80007002FF6D1324F4E
:10678000206800F1080050E8002F02EA070240E804
:10679000002CBCF1000FF3D1C4F88C30E5666567BE
:1067A000226852E8000F20F0100042E80003002B9E
:1067B000F6D1CAE7C60209D5560207D54FF48010B4
:1067C00038622046BDE8F041FFF704BE06060AD550
:1067D00001F0800602F40002164304D0A16F0029E4
:1067E0007FF408AF0DE7420611D54A060FD52046C3
:1067F000016851E8002F22F0400241E80024002CFB
:10680000F6D1C0F88830856700F0E4F9F9E60202B5
:1068100006D54A0004D52046BDE8F041FFF7D9BDB2
:10682000C00196D5002994DA2046BDE8F041FFF773
:1068300083BD00000100001020010004CB8200088D
:106840001000024010040240FEFFFFEF10B50400EC
:1068500003D0D4F8880010B107E0012010BD00205B
:1068600084F88400204600F067F82420C4F88800EB
:106870002068016821F001010160A06A10B1204682
:1068800001F06AFC204601F0E3FD0128E6D0206813
:10689000416821F4904141602068816821F02A011B
:1068A00081602068016841F0010101602046BDE877
:1068B000104001F0B5BC000010B51949044600684D
:1068C00088420FD11748016821F010010160164875
:1068D0004FF4C061FDF774FAD4F88000FCF72EFD88
:1068E000252017E01149884218D10E480838016860
:1068F00021F4802101600E484FF40061FDF760FA39
:106900000C484FF48071FDF75BFAD4F88000FCF777
:1069100015FD2720BDE81040FDF7DEBF10BD0000CB
:1069200000100140F04402580000025800480040A6
:1069300000040258000C02582DE9F04FB5B006468D
:1069400014212EA8F9F7D0FEB8216846F9F7CCFE3D
:106950005A49022730680024574D4FF4806B884213
:106960004FF007094FF4807A43D100201E94012193
:10697000CDE900106846FEF77FF908B1FBF7F9FF93
:106980004D481030016841F010010160006800F0CE
:1069900010003390286840F00100286028684FF408
:1069A000C0612E912EA900F00100CDE92F74319421
:1069B000CDE932904248FDF7B3FA424D2923424ACD
:1069C000284685E81C00C5E9034B6C61C5E9064A09
:1069D0002C626C62FCF7A8FD08B1FBF7CAFF00222D
:1069E000C6F8805025201146AE63FDF793FF2520A1
:1069F0005CE0364988425BD100201D940221CDE93C
:106A000000106846FEF738F908B1FBF7B2FF2A48D4
:106A10000830016841F480210160006800F48020A2
:106A20003390286840F002002860286800F00200D7
:106A30003390286840F00800286028684FF400610F
:106A40002E912EA900F00800B846CDE92F744D46CE
:106A50003194CDE932901E48FDF762FACDF8B8A026
:106A60002EA9CDE92F841B485746CDE93145FDF7C6
:106A700057FA144D2D22144978351831284685E8E7
:106A80001600C5E9034B6C61C5E906472C626C62D0
:106A9000FCF74AFD08B1FBF76CFF0022C6F88050F6
:106AA00027201146AE63FDF735FF2720FDF725FFB0
:106AB00035B0BDE8F08F0000E044025800100140FE
:106AC00000000258B00100241000024000480040BD
:106AD00000040258000C025830B4D0F88C30202B3F
:106AE00002D0022030BC7047A9B1A2B10B4D0024E6
:106AF0000368C466AB420BD05B681B0208D5046810
:106B000054E8003F43F0806344E80035002DF6D19F
:106B100030BC01F08BBE0120E4E70000000C0058FF
:106B2000704770472DE9F8430446D0F8880098462E
:106B300016460D46202802D00220BDE8F883A5B1F4
:106B40009EB10021C4F890102120C4F888001834A8
:106B5000FDF702FB814654F8100CA687E687202734
:106B6000183CB0F5805F02D003E00120E5E7206922
:106B700010B12E46002510E000260EE080212046B0
:106B800001F0A8FEC0B9DEB116F8010B21688862D9
:106B9000B4F85600401EA4F85600B4F856004B4610
:106BA0004FF00002CDF800800028E7D14FF04001FF
:106BB000204601F08FFE48B1C4F888700320BCE77E
:106BC00035F8020B2168C0F30800E0E7C4F88870CC
:106BD0000020B2E77047FEE701688A69D243920756
:106BE00001D400228A6200688169C943C90703D0C1
:106BF000816941F001018161704700002DE9F04792
:106C0000044600680026894617464FF0200835469E
:106C10008169C90641D51021C1612FE0B9F1FF3F5B
:106C20002CD0FDF799FAC11B494502D8B9F1000FE4
:106C300024D12068426894F84210836902F48042AB
:106C4000DB431B0415D4B2F5804F12D0202910D09D
:106C5000416841F480414160FDF77EFA074608E053
:106C6000FDF77AFAC01B192803D9012645F0200543
:106C700004E020688069C0438006F1D42068806900
:106C8000C043800602D5002EC8D003E016B92168A3
:106C9000C1F81C80012645F0040521688869C205F9
:106CA00005D54FF48072CA6145F001050126410502
:106CB0000AD5216880054FF4806245F00805CA6155
:106CC0004FF0010602D40AE0800507D520680126AE
:106CD0004FF4007145F00205C16100E08EB120461D
:106CE000FFF77AFF20680021074F43683B4043606D
:106CF000606C2843606484F8418084F8421084F812
:106D000040103046BDE8F08700E800FE70B500682E
:106D1000C1F3090141EA0241074D049C19434FF4B4
:106D200080664268214306EA54532B439A4321F07C
:106D300000410A43426070BDFF63FF032DE9F0414B
:106D40001D4617460E460446DDF8188028E04246E8
:106D500029462046FFF752FF10B10120BDE8F0811F
:106D6000681C1DD0FDF7F8F9A0EB0800A84200D878
:106D7000B5B92068806936EA00000FD00020B8421B
:106D80000ED1626C002084F84000202142F02002E5
:106D9000626484F8411084F84200DEE70120EEE7E7
:106DA0002068806936EA000004D00020B842CED0C6
:106DB0000020D3E70120F9E72DE9F04700269146AE
:106DC00020278846044635463DE04A46414620464F
:106DD000FFF714FF00B1012520688169C9438906C6
:106DE00019D4C5B981698169C943C90612D4102172
:106DF000C16104221949626401252068C7612068C5
:106E000042680A40426084F8417084F8426084F825
:106E1000406000E06664FDF79FF9A0EB0901414581
:106E200002D8B8F1000F0ED16DB920688069C04357
:106E3000400708D5606C012584F8406040F02000D0
:106E4000606484F8417020688069C043400701D5C0
:106E5000002DBAD02846BDE8F087000000E800FE0B
:106E600070B516460D4604461FE0324629462046B8
:106E7000FFF7C4FE08B1012070BDFDF76DF9801B5E
:106E8000A84200D88DB920688069C04380060CD51F
:106E9000626C002084F84000202142F020026264ED
:106EA00084F8411084F84200E5E720688069C04317
:106EB0008006DAD4002070BD70B516460D46044633
:106EC00021E0324629462046FFF798FE08B101200E
:106ED00070BD681C17D0FDF73FF9801BA84200D891
:106EE0008DB920688069C04380070CD5626C002092
:106EF00084F84000202142F02002626484F84110AE
:106F000084F84200E3E720688069C0438007D8D452
:106F1000002070BD2DE9F0410D29904606462ED384
:106F20000025A1F10D0728E0741901F0A7FF2178D1
:106F3000884220D1607810281DD1A07801281AD16C
:106F4000E078C0B92079B0B96079022813D1A0796E
:106F5000042810D104224146E01DF9F713FB50B973
:106F60000B21204600F061F9B4F80B10884202D1E1
:106F70000120BDE8F0816D1CADB2BD42D4DD002022
:106F8000F7E700000A480021084B012210B5036012
:106F900001714171416102628161FBF77FFE00284E
:106FA00003D0BDE81040FBF7E4BC10BD004C025814
:106FB00018000024054808B5016841F0010101608E
:106FC000006800F00100009008BD0000D84402589D
:106FD0002DE9F04387B014216846F9F785FB324864
:106FE000016841F004010160016801F004010591AC
:106FF000016841F080010160016801F080010591A4
:10700000016841F002010160016801F0020105918F
:10701000016841F008010160016801F00801059173
:10702000016841F001010160006801221F4F00F07A
:107030000100059051033846FDF788F800223846D4
:107040004FF44041FDF782F8DFF864804FF480563A
:10705000002231464046FDF779F8DFF858900022CB
:1070600020214846FDF772F80024694601254FF4B7
:1070700060400090CDE9015438460394FCF750FF7E
:1070800000966946CDE9015440460394FCF748FF59
:1070900020200090CDE90154694648460394FCF74E
:1070A0003FFF07B0BDE8F083E044025800080258F3
:1070B00000040258000C02581348002110B5114C6E
:1070C0000123124A0460C0E90121C0E90331416192
:1070D0008161C1610162FDF79BF808B1FBF749FCD2
:1070E00009480021FDF73EF808B1FBF742FC0648CD
:1070F0000021FDF763F8002803D0BDE81040FBF73E
:1071000038BC10BD005400402C000020FB49D000CA
:107110003EB51048002442F20F7146F66B320094DF
:1071200001940294C0E90241094B8461C0E9003234
:10713000FEF770FF08B1FBF71CFC06486946009497
:107140000294FEF70BFF002801D0FBF712FC3EBDB6
:10715000001000403C0000241848002110B5164CD7
:107160000C224FF4E1330460C0E90131C160C0E991
:1071700004128161C161016241628162FFF766FBB5
:1071800008B1FBF7F6FB0D480021FFF7FCF808B14A
:10719000FBF7EFFB09480021FFF7CFF808B1FBF739
:1071A000E8FB0648FFF7A7F8002803D0BDE8104029
:1071B000FBF7DFBB10BD0000001001408800002479
:1071C0001848002110B5164C0C224FF461230460BE
:1071D000C0E90131C160C0E904128161C16101628D
:1071E00041628162FFF732FB08B1FBF7C2FB0D4839
:1071F0000021FFF7C8F808B1FBF7BBFB09480021E5
:10720000FFF79BF808B1FBF7B4FB0648FFF773F8EC
:10721000002803D0BDE81040FBF7ABBB10BD000059
:10722000004800401C010024FEE770B5002204461F
:107230004FF6FF704AF201050EE0A35C58400023B0
:10724000C60702D085EA500000E040085B1CDBB2B4
:10725000082BF5D3521C92B28A42EED370BD2DE9B1
:10726000FF41002846D00178032943D14178042901
:1072700040D1818840884CBA46BA0CB1022C01D961
:1072800003203AE0012E02D83019022801D9022049
:1072900033E001F0F3FD8DF80000032760008DF866
:1072A00001700025E8468DF802000EE0701980B2EA
:1072B00003A900F025F8F8B1BDF80C0008EB450172
:1072C0006B1C9DB2020ACA700871A542EED307EB8F
:1072D0004400C4B268462146FFF7A7FF621C030AB8
:1072E00008F80400D0B2421CD1B208F80030684659
:1072F00002F0D8FABDE8FF81042000F054F8F9E765
:107300003EB500250C46009510B101280CD048E090
:10731000402001A9FBF77AFA68BB9DF8040050B33E
:10732000FF283ED020802AE0042269464120FBF756
:1073300089FA00BB00980121B0F5E13F25D00CDCB3
:10734000B0F5165F18D0B0F5964F17D0B0F5164FC0
:1073500017D0B0F5614F09D115E0B0F5613F16D0F7
:10736000B0F5E12F15D0B0F5612F14D0412002A95E
:10737000FBF74CFA88B114E0258000E02180012061
:107380003EBD0220CEE70320CCE70420CAE705205B
:10739000C8E70620C6E70720C4E79DF808000728CD
:1073A000C0D900203EBD1CB5044601F067FD8DF834
:1073B000000083218DF80110032168468DF80240FA
:1073C000FFF733FF010A8DF8030068468DF80410BB
:1073D000052102F067FA1CBDFEE770B51C46134696
:1073E000862C054601D9002070BDAA20287069703E
:1073F000E81C22461946AC70F9F70FF9E11C284643
:10740000FFF713FF2919020A5523C870A01D0A713E
:107410004B7170BD2DE9F0470C4605467DA19146A4
:107420008CB016467CA04FF0000A0968082C099120
:1074300000680A901AD101F021FD2978884215D1FF
:107440006878032812D106212846FFF7EEFEE98866
:1074500088420BD1687804223070A91CB01C72706D
:10746000F9F7DBF80C200CB0BDE8F08709A96846F5
:10747000FAF73EFF0AA904A8FAF73AFF09AA21463B
:107480002846FFF747FD78B10D21684602F00AFA59
:107490000A20FCF7B3FB0D2104A802F003FA5FA059
:1074A00002F04CFAFE20DEE7022C01D20520DAE7DA
:1074B0008C2C01D90420D6E72878AA2801D00120F5
:1074C000D1E7DFF870816F78AE7898F80000032874
:1074D00002D0F52F0BD00CE0F52F0AD1B8F814002C
:1074E000032804D254A03246214602F027FA862E01
:1074F00002D8B01D844201D00320B4E7281910F847
:10750000010C552801D00720ADE7F11C2846FFF7F4
:107510008CFE0146A819B0F80320914201D0022048
:10752000A1E7F52F69D1B5F803104446B8F8162045
:1075300049BA8A4201D20B2003E0A28A8A421BD3B5
:107540000A20607645A002F0F9F9607E02F016FB91
:10755000A08A042308AA010A8DF820108DF82100C2
:10756000FC218DF82270607E8DF823004148FFF7E2
:1075700034FF0A2825D038E0521C8A4201D0092065
:10758000DFE784F819A0A24630F8011C4278807821
:1075900049BA090441EA0228226948EA0008B11FF1
:1075A000681DFAF753FD4045044624D0062000F03C
:1075B00093F90146234630A0424602F0BFF9062067
:1075C00051E7607E092812D00A2805D00B2808D17F
:1075D00028490A2233A002E026490A2236A002F0F6
:1075E00041F924480A2102F05DF9607E3BE7214918
:1075F0000A2234A0F3E7CAF80C80E91C09F1020062
:10760000324689F80070F9F708F8002089F801601F
:1076100029E700001234567887654321CAD5B5BDE5
:10762000C9FDBCB6B1EAD6BEA3ACBFAACABCC9FDEF
:10763000BCB60000480300247278206461746120A5
:10764000726177206C656E3D257520646174615FA1
:107650006C656E3D25750D0A00000000BDD3CAD5CE
:10766000B5BDB5C4D6A1B1E0BAC5A3BA25640D0AAB
:1076700000000000140000204352433332D0A3D155
:10768000E9CAA7B0DCA3BA257320726563763D30E2
:1076900078253038582063616C633D307825303868
:1076A000580D0A00D6A1B1E0BAC5B3ACB9FDD7EE0A
:1076B000B4F3B7B6CEA70000D6A1B1E0BAC5D6D80C
:1076C000B8B40000D6A1B1E0BAC5B2BBC1ACD0F825
:1076D000000000007047000010B504003AD01EA062
:1076E00002F02CF9207801F019FA014624A002F0EA
:1076F00025F9616828A002F021F9A1682DA002F007
:107700001DF9E16832A002F019F9216937A002F0F1
:1077100015F9A18A3CA002F011F9E18A40A002F01B
:107720000DF9207E00F0D8F8227E014642A002F03A
:1077300005F9607E00F0D0F8627E014646A002F0B6
:10774000FDF8A17E4CA002F0F9F851A0BDE8104070
:1077500002F0F4B858A0F9E73D3D3D3D3D3D3D3DCB
:107760003D3D205570677261646520436F6E74659E
:107770007874203D3D3D3D3D3D3D3D3D3D0A000091
:107780005374617465202020202020202020203A7E
:107790002025730A0000000046696C65204C656E68
:1077A000677468202020203A20257520627974654E
:1077B000730A00005265636569766564204C656EE6
:1077C0006774683A2025752062797465730A000031
:1077D0005072657620435243333220202020203AD5
:1077E000203078253038580A0000000046696E6164
:1077F0006C2046696C6520435243203A203078253E
:107800003038580A000000004C61737420467261E1
:107810006D6520494420203A2025750A00000000AB
:107820004D6178204672616D652049442020203AE0
:107830002025750A00000000466C617368205374AF
:10784000617475732020203A202573202830782514
:10785000303258290A0000004672616D6520537469
:10786000617475732020203A2025732028307825F4
:10787000303258290A0000004572726F7220546934
:107880006D6573202020203A2025750A0000000035
:107890003D3D3D3D3D3D3D3D3D3D3D3D3D3D3D3D18
:1078A0003D3D3D3D3D3D3D3D3D3D3D3D3D3D3D3D08
:1078B0003D3D3D3D3D3D0A005B557067726164652D
:1078C000436F6E746578745D204E554C4C20706F1C
:1078D000696E746572210A001D2842D2DFE800F04B
:1078E0000F11131517191B1D1F2123252741414176
:1078F000292B2D2F31333537393B413D3F001AA01D
:1079000070471CA0704720A0704724A0704728A093
:1079100070472DA0704732A0704736A070473AA03C
:1079200070473DA0704742A0704746A070474BA0EB
:10793000704751A0704753A0704759A0704761A08D
:10794000704768A070476DA0704771A0704776A01F
:1079500070477CA0704781A0704784A070478AA0C0
:10796000704790A0704700004672616D65204F4BD4
:10797000000000004672616D6520486561646572B3
:10798000204572726F7200004672616D652043522D
:10799000433136204572726F720000004672616D8D
:1079A00065204C656E677468204572726F720000C6
:1079B0004672616D65204D6178204C656E67746814
:1079C000204572726F7200004672616D65204D69CC
:1079D0006E204C656E677468204572726F7200008D
:1079E0004672616D65204352433332204572726F97
:1079F000720000004672616D65205461696C20451B
:107A000072726F720000000046696C652053697ADB
:107A100065204572726F72004672616D652049443F
:107A2000204E6F7420436F6E74696E756F757300AE
:107A30004672616D65204944204475706C696361CC
:107A4000746500004672616D65204944204F75746D
:107A5000206F662052616E67650000004D6F6462A2
:107A6000757320526573706F6E7365205265717502
:107A70006972656400000000466C617368204F4BBA
:107A800000000000466C6173682041646472657395
:107A900073204F7574206F662052616E6765000019
:107AA000466C6173682041646472657373204E6F25
:107AB000742033322D4279746520416C69676E659C
:107AC00064000000466C6173682044617461204E5C
:107AD0006F742033322D4279746520416C69676E72
:107AE00065640000466C6173682044617461204CD9
:107AF000656E677468204572726F7200466C6173C0
:107B00006820556E6C6F636B204661696C6564001C
:107B1000466C6173682050726F6772616D204661B8
:107B2000696C656400000000466C61736820496EF2
:107B300076616C696420566F6C7461676520526170
:107B40006E676500466C617368204352432043684A
:107B500065636B204661696C65640000466C617307
:107B600068204572617365204F4B0000466C61735D
:107B70006820457261736520556E6C6F636B20469B
:107B800061696C6564000000466C61736820457231
:107B90006173652050726F6772616D204661696C18
:107BA00065640000556E6B6E6F776E204572726F64
:107BB000720000002DE9F047454D044689464FF01C
:107BC000000A2868C04380070AD0414E283E30682A
:107BD00020F080603060FCF7BFFA0746B04608E04E
:107BE0000120BDE8F08700BFFCF7B6FAC01B0228F1
:107BF00067D8D8F800000001F6D4206829684FF44F
:107C0000FE0721F47C313E0241EA00302860207AF0
:107C1000A389B4F804C040022D4D2D495B1E227C7F
:107C2000ACF1010C1035091DA0F5007080B2521E98
:107C3000CCF3080C07EA034340EA0C00184306EAB9
:107C40000262104328600868626920F0C000104397
:107C500008600A68A06922F0200202430A60281D19
:107C60000A6822F010020A6002684FF6F873E469AD
:107C70009A4342EAC40202600868B9F1000F40F07A
:107C800010020A6011D00868B9F1010F11D040F458
:107C900000100860D8F80000444640F08060C8F842
:107CA0000000FCF759FA05460DE0086840F4002092
:107CB000EFE740F48010ECE7FCF74EFA401B022897
:107CC00001D903208DE720680001F5D5504688E7EB
:107CD000284402582DE9F047454D044689464FF0A7
:107CE000000A2868C04380070AD0414E283E306809
:107CF00020F080503060FCF72FFA0746B04608E0CD
:107D00000120BDE8F08700BFFCF726FAC01B02285F
:107D100067D8D8F800008000F6D4208829684FF48E
:107D2000FE0721F07C713E0241EA00502860207A73
:107D3000A389B4F804C040022D4D2D495B1E227C5E
:107D4000ACF1010C1835091DA0F5007080B2521E6F
:107D5000CCF3080C07EA034340EA0C00184306EA98
:107D60000262104328600868626920F44060104392
:107D700008600A68A06922F4007202430A60281DA4
:107D80000A6822F480720A6002684FF6F873E469A8
:107D90009A4342EAC40202600868B9F1000F40F455
:107DA00080720A6011D00868B9F1010F11D040F05B
:107DB00080700860D8F80000444640F08050C8F851
:107DC0000000FCF7C9F905460DE0086840F48000A2
:107DD000EFE740F40000ECE7FCF7BEF9401B022897
:107DE00001D903208DE720688000F5D5504688E74B
:107DF000284402587047000010B586B000241AA12C
:107E00001AA0009401940423029403AA0968039120
:107E1000F021006804906846FFF7DFFA0A216846FF
:107E200001F040FD12A001F089FD042247F6CC705C
:107E300004A9FAF755FD002147F6C870FAF788FD46
:107E4000002147F6C070FAF783FD002147F6C470A1
:107E5000FAF77EFD1448BB21047047F6BC70FAF7B0
:107E600027FD06B010BD0000FFFFFFFF123456785B
:107E7000D6D8B4F3C9FDBCB6D2ECB3A3A3ACB7A2B9
:107E8000CBCD2053544F505F55504752414445206D
:107E9000D6B8C1EEA3ACB5C8B4FDD6D8D0C2C9CF50
:107EA000B4AB2E2E2E0D0A004803002470470000AC
:107EB00030B59DB04C216846F8F716FC202113A878
:107EC000F8F712FC0220FCF757FD1D48016821F469
:107ED000404101600168002401F440411B910168A8
:107EE0008904FCD502200A902C230990C2030121A9
:107EF0000C25CDE90012CDE90B03CDE90D10CDE93C
:107F000010540F9068461294FDF792FD08B172B6B6
:107F1000FEE740201A9008230501CDE9163013AB87
:107F2000CDE918053F21032283E8160013A8114666
:107F3000FDF740FB002801D072B6FEE71DB030BD52
:107F4000184802582D48F0B52D4A016841F47001D7
:107F50000160106800F00F00072804D2106820F0BC
:107F60000F00C01D106027490020264C10340B68FC
:107F7000254D43F001030B6020600B682B400B6024
:107F8000136803F00F03072B04D9136823F00F03C2
:107F9000DB1D13601B4C1D4A18341D4B261D371D5D
:107FA0002060184C1B4D28343060261D3860371D6A
:107FB00023603B1D35601C1D3A60251D2E1D186079
:107FC000331D22602860326018600B680D4A0D4C2A
:107FD00023F48023D4320B60603420601068C00426
:107FE0000BD4136843F2D2000B4943F4805313605F
:107FF0000860106820F480501060F0BD88ED00E04B
:1080000000200052004402587FEDF6EA8002010190
:10801000000202020000FF01004000520148FEF78A
:10802000ACB800003C0000240148FEF7A6B80000F0
:10803000800000202DE9F0472C4B4FF0804A2C4D5A
:10804000026898422B4E2C4F2C4C09D0504507D03B
:10805000A84205D0B04203D0B84201D0A04205D119
:10806000D1F804C022F070024CEA0202DFF890C09E
:10807000DFF890809842DFF8909015D0504513D0EB
:10808000A84211D0B0420FD0B8420DD0A0420BD0C0
:10809000604509D0404507D0484505D01B4DA84252
:1080A00002D01B4DA84203D1CD6822F440722A436E
:1080B0008E684D6922F08002C6620E682A4398429B
:1080C000866207D0A04205D0604503D0404501D06C
:1080D000484501D1096901630368012143F00403A4
:1080E000036041610260BDE8F087000000000140CC
:1080F0000004004000080040000C00400004014063
:1081000000400140004401400048014000E00040C0
:1081100000E4004030B5416EB9B101680D4B03F188
:1081200008048A688968C2F34262490F5D5C615C39
:108130002D01B5FBF1F1A0F86A10995CA25C090170
:10814000B1FBF2F1A0F8681030BD0121A0F86A106F
:10815000F8E70000369C000890F82810090706D5BB
:108160000168836B4A6822F400421A434A6090F81F
:108170002810C90706D00168C36A4A6822F4003291
:108180001A434A6090F82810890706D50168036BE6
:108190004A6822F480321A434A6090F8281049074E
:1081A00006D50168436B4A6822F480221A434A606C
:1081B00090F82810C90606D50168C36B8A6822F4B6
:1081C00080521A438A6090F82810890606D5016803
:1081D000036C8A6822F400521A438A6090F82810CF
:1081E000490611D50168436C4A6822F480121A438B
:1081F0004A60416CB1F5801F06D10168836C4A6802
:1082000022F4C0021A434A6090F82810090606D5E5
:108210000168C26C486820F4002010434860704731
:108220002DE9F84300250446C0F89050FBF794FF71
:108230008046206820266FF07E470068000713D52F
:108240000022434631042046009700F043FB58B11A
:10825000216851E8000F20F0800041E80002002A68
:10826000F6D1C4F8886021E020680068400722D574
:10827000002243464FF480012046009700F02AFB7D
:10828000C8B1206850E8001F21F4907140E8001246
:10829000002AF6D12068083050E8001F21F00101C3
:1082A00040E80012002AF5D1C4F88C60032084F85D
:1082B0008450BDE8F883C4F88860C4F88C60E56633
:1082C0002567002084F88450F3E710B5806B002107
:1082D000A0F85E10FEF7EBF810BD70B5846B0025BA
:1082E0002168D4F88800D4F88C608968090606D51E
:1082F000212804D1A4F85650204600F091F82068B7
:108300008068400606D5222E04D1A4F85E5020468F
:1083100000F05CF8D4F8900040F01000C4F8900031
:108320002046FEF7C4F870BD10B5C1690022806B0D
:10833000B1F5807F2DD0A0F85E20036853E8001FC0
:1083400021F4807143E80014002CF6D10168083153
:1083500051E8003F23F0010341E80034002CF5D13F
:108360000168083151E8003F23F0400341E8003440
:10837000002CF5D12021C0F88C10C16E012908D144
:10838000016851E8003F23F0100341E80034002C5D
:10839000F6D10267C16E012902D0FEF7C1FB10BD04
:1083A000B0F85C10FDF7C7FF10BD10B5806B012160
:1083B0000167C16E012902D0FEF7B3FB10BDB0F812
:1083C0005C104908FDF7B7FF10BD000010B502684A
:1083D00052E8001F21F4907142E80013002BF6D1FF
:1083E0000E4B0268083252E8001F194042E80014A0
:1083F000002CF6D1C16E012908D1026852E8001F95
:1084000021F0100142E80013002BF6D100212022B8
:10841000C0F88C20C166416710BD0000FEFFFFEF71
:10842000026852E8001F21F0C00142E80013002B4F
:10843000F6D10168083151E8002F22F4000241E82A
:108440000023002BF5D12021C0F8881070470000D0
:108450002DE9F04304468068E24E87B0E24B216884
:10846000D4E90427D4F81CC010430A68002547EA61
:108470000C073843324002430A602068E2684168D2
:1084800021F44051114341602268A1699A4201D010
:10849000206A01439668DFF854C3D54FD54806EAF1
:1084A0000C060E4396602168666ACA6A22F00F02C3
:1084B0003243CA622268BA420ED1006800F0380026
:1084C00018286FD07ADCB8B308286CD010286BD18C
:1084D0008BE0282868D18EE0C7498A4209D100681C
:1084E00000F0070006285FD2DFE800F0507D7F81B2
:1084F0008385C2498A4209D1006800F00700062836
:108500007BD2DFE800F0437072747678BC498A420F
:1085100009D1006800F0070006286ED2DFE800F0FD
:1085200036636567696BB7498A420BD1006800F012
:108530000700062861D200E043E0DFE800F027549E
:1085400056585A5CB0498A4206D1006800F038009B
:1085500018284CD0B7DD31E0AC498A4209D1006817
:1085600000F00700062848D2DFE800F0103D3F4148
:108570004345A7498A420BD1006800F0070006284E
:108580003BD2DFE800F0033032343638002035E0EB
:10859000A0498A4209D1006800F03800182826D086
:1085A00091DD0BE023E01EE027E09B498A420AD1DF
:1085B000006800F03800182819D084DD202888D100
:1085C0001CE001201AE09A4217D18A48001D006879
:1085D00000F00700062810D2DFE800F003050709C5
:1085E0000B0D02200AE0042008E0082006E010201D
:1085F00004E0202002E0402000E080208749DFF8EE
:1086000020829A42874A4FF400434FEA21174FF0E5
:1086100000064ED110281AD006DC022809D0042802
:108620000BD008287ED10DE020283ED0402879D1FB
:108630003DE0FCF7CBF9014610E06846FCF7D8F9BD
:1086400001990BE003A8FCF775FA049906E010689D
:10865000800605D51068C0F3C100C140002970D064
:10866000606A676838F8102007EB4703B1FBF2F047
:10867000834257D8B0EB073F54D800230846194629
:10868000F7F7EEFE02467808130E120243EA0121C4
:1086900010183A4671410023F7F7E2FE624AA0F54E
:1086A000407191423ED821688FE03946D8E719469B
:1086B000D6E7D4F81CC04FF6EF799C4546D1082880
:1086C00019D005DC58B101280CD0042875D10DE073
:1086D000102815D0202835D040286ED134E0FDF781
:1086E000E7F801E0FDF7F6F8014610E06846FCF710
:1086F0007FF901990BE003A8FCF71CFA049906E046
:108700001068800604D51068C0F3C100C140C1B133
:10871000636A606838F81330B1FBF3F1490001EB8C
:10872000500100E049E0B1FBF0F0A0F11001494533
:1087300043D84FF6F0732168C0F34202184010434B
:1087400043E043E03946E3E71946E1E7082819D05A
:1087500005DC58B101280CD004282ED10DE01028DA
:1087600015D020282BD0402827D12AE0FDF7A0F8EB
:1087700001E0FDF7AFF8014610E06846FCF738F974
:1087800001990BE003A8FCF7D5F9049906E01068FD
:10879000800604D51068C0F3C100C140B1B1636A5E
:1087A000606838F81330B1FBF3F101EB5001B1FB15
:1087B000F0F0A0F11001494505D9012506E0394640
:1087C000EDE71946EBE7216880B2C8600120A4F804
:1087D0006A00A4F8680028466667A66707B0BDE887
:1087E000F0830000F369FFCF000C0058FFF4FF1185
:1087F000001001405444025800440040004800402A
:10880000004C00400050004000140140007800403F
:10881000007C004000180140001C01400090D00383
:108820001E9C000800440258FFFC0F0070B504466F
:10883000D0F8800000232225A165A4F85C20C4F8AC
:108840009030C4F88C50F0B11F49C163D4F8801047
:108850001E480864D4F880101D48C864D4F880000D
:1088600003651346A56D2168D4F880002A4624319B
:10887000FBF738F838B11021C4F890102020C4F864
:108880008C00012070BD206940B1216851E8000FC3
:1088900040F4807041E80002002AF6D120680830D8
:1088A00050E8001F41F0010140E80012002AF5D114
:1088B0002068083050E8001F41F0400140E80012F5
:1088C000002AF5D1002070BD29830008AB83000881
:1088D000DB8200082DE9F047994617460D4604460D
:1088E000089E4FF0000833E0701C31D0FBF734FCD9
:1088F000A0EB0900B04218D8BEB120680168490752
:1089000026D5802D24D0402D22D0C169C943090726
:108910000DD4082505622046FFF758FDC4F8905095
:10892000012084F88480BDE8F0870320FBE7C0695C
:10893000C04300050CD421684FF400600862204653
:10894000FFF744FD2021C4F8901084F88480ECE700
:108950002068C06935EA000004D00020B842C3D0C6
:108960000020E0E70120F9E710B5334C2068C16929
:10897000C9065CD5102101622046FDF72CFDD4F814
:1089800080002E490068884234D02C491831884232
:1089900030D02A49303188422CD028494831884289
:1089A00028D026496031884224D024497831884231
:1089B00020D02249903188421CD02049A8318842D9
:1089C00018D01F49884215D01D491831884211D04E
:1089D0001B49303188420DD019494831884209D0AD
:1089E00017496031884205D015497831884201D055
:1089F000134990314068134CC0F19600C2B2501E2A
:108A0000952822700ED210491048F7F706FE2278FA
:108A100000200E498854012000F08AFF0A48962160
:108A2000F7F740FE084996220348FEF755F8BDE8DF
:108A300010400148FDF73CBD8800002410000240B2
:108A4000100402402000002064030024FA030024E4
:108A500010B5274C2068C169C90643D510210162B1
:108A60002046FDF7B8FCD4F880002249006888420F
:108A700034D020491831884230D01E4930318842E4
:108A80002CD01C494831884228D01A49603188428C
:108A900024D018497831884220D016499031884234
:108AA0001CD01449A831884218D01349884215D0E7
:108AB00011491831884211D00F49303188420DD008
:108AC0000D494831884209D00B496031884205D0B0
:108AD00009497831884201D0074990314068C0B2D5
:108AE00000F046FFBDE810400148FDF7E1BC000082
:108AF0001C010024100002401004024000280CD089
:108B0000002101704A1E41601023C0E90212026177
:108B10008182C1820176437681767047072813D21D
:108B2000DFE800F00406080A0C0E100007A07047EA
:108B300008A070470BA070470DA070470FA07047AA
:108B400011A0704712A0704713A0704749646C656C
:108B500000000000576169742046696C6520496E09
:108B6000666F0000457261736520466C6173680032
:108B700057726974652044617461000056657269BA
:108B80006679204352430000446F6E650000000088
:108B90004572726F72000000556E6B6E6F776E20BB
:108BA0005374617465000000FEE703B4019841004E
:108BB000009850EAC12018BF04204A0D18BF40F0A9
:108BC000010040F2FF72B2EB515F08BF40F00200BB
:108BD000012808BF052002B07047090700284FEAA6
:108BE000116104DB00F1E02080F80014704700F010
:108BF0000F0000F1E02080F8141D704730380A287B
:108C000001D2012070470020704700002DE9F84391
:108C100072B600244FF0E020046144618461421781
:108C20002046810001F1E021401C0828C1F8802184
:108C3000C1F88022F5DBDFF8FCC0DCF80000C003DF
:108C400043D5DFF8F08008F17008C8F80040BFF3A2
:108C50004F8FA8F10409384943F6FF72D9F8000094
:108C6000C0F34E33C0F3C90602EA4317304600BFD3
:108C700047EA80750D60401EFAD25B1E581CF3D186
:108C8000BFF34F8FBFF36F8FC8F80040BFF34F8F14
:108C9000DCF8000020F48030CCF80000BFF34F8FE8
:108CA000D9F80000C0F34E33C0F3C90502EA4316F9
:108CB000284600BF46EA80770F60401EFAD25B1E4E
:108CC000F4D2BFF34F8FBFF36F8FDCF80000800347
:108CD00019D5BFF34F8FBFF36F8F17482438046047
:108CE000BFF34F8FBFF36F8FBFF34F8FBFF36F8F04
:108CF000DCF8001021F40031CCF800100460BFF360
:108D00004F8FBFF36F8F00F01BF80C48016881F3A1
:108D1000088808490C390860406842F210710094D4
:108D200000BF009A521C00928A42F9DB01B0BDE8F4
:108D3000F043004714ED00E074EF00E0000002088B
:108D40000D484FF4805110B5FBF73AF80B484FF43B
:108D50000051FBF735F80A48FDF786FB0948FBF799
:108D600083FC0948FDF788F90848F9F77DFFBDE85D
:108D70001040FAF705BF000000040258000802582E
:108D8000880000242C0000203C000024180000244F
:108D900070B5F9F72CF948B1F9F762F930B10DA0C7
:108DA00000F0CCFDBDE87040FFF730BF0FA000F031
:108DB000C5FD00F06FF8054600F066F8044600F0C7
:108DC0005DF82B462246BDE8704001460DA000F03C
:108DD000B5BD00006E6F7720676F746F2074686593
:108DE0002075736572415050210D0A006E6F772017
:108DF0007374617920626F6F746C6F616465722146
:108E00000D0A0000756172743320736C6176652001
:108E1000616464723A203078253032582C206261C7
:108E2000756420636F64653A2025752C2062617536
:108E300064726174653A20256C750D0A00000000AB
:108E400002490148086070472C00002004000020FF
:108E500010B5FFF7F5FF0548FFF750FE00F008F8E2
:108E600000F01EF8BDE81040FFF792BF4803002451
:108E70000148FDF731B900003C00002401480079A9
:108E80007047000020000020014840797047000032
:108E9000200000200148806870470000200000206A
:108EA00010B500F0E3FD00F0B3FD0B4996220B482E
:108EB000FDF712FE09480068016841F010010160E9
:108EC000074996220748FDF707FE06480068016833
:108ED00041F01001016010BD6403002488000024EB
:108EE000580500241C01002438B5374D0446297864
:108EF000012907D0027801B0FB2034A3BDE830403F
:108F000000F0ECBC61882079627949BA0B043849D9
:108F100043EA00201043B0F5602F08600BD9082108
:108F200069762278F92033A300F0D8FCBDE83840F8
:108F3000082000F023BE00F17F024FF0FF31D2097C
:108F4000EA82E96029616860F9F784FD10282876D3
:108F50000BD000F013FE2A7EFA2021782DA300F01A
:108F6000BDFCBDE83840FEF747BF032028706968A4
:108F700047F6C070F9F7ECFC18B32BA000F0DEFC4C
:108F8000A07804238DF800006A46E0788DF801008F
:108F900020798DF8020060798DF80300144821785B
:108FA0000C30FEF71AFA04280AD911490A2227A020
:108FB0000C3100F057FC0E480A210C3000F072FC16
:108FC00038BD28A0DAE70000480300245550475F69
:108FD000574149545F46494C455F494E464F2073BF
:108FE0007461747573204552524F523A000000006C
:108FF0000800002046696C65206C656E6774682007
:1090000065786365656473206D61782073697A653E
:1090100021000000466C61736820657261736520F1
:109020006661696C65643A00212168617665207724
:109030007269746520666C69655F6C656E677468DB
:10904000206661696C6564210D0A0000BDD3CAD534
:10905000B5BDB5C4CEC4BCFEB3A4B6C8D6B8C1EEC7
:10906000A3BA00006861766520777269746520662E
:109070006C69655F6C656E677468207375636365A2
:109080007373210D0A0000007CB505464248FEF7C7
:1090900023FB414C2178042907D02A7802B0FB2019
:1090A0003EA3BDE8704000F019BC44A000680090E9
:1090B00043A0E16800F042FC49484FF0FF32A1684C
:1090C000F8F7C4FF0646014646A000F037FC2069C9
:1090D000B0420CD0182222762978FA2049A300F059
:1090E000FDFB207E00F04AFDFEF786FE7CBD297860
:1090F00004234A486A46FEF770F9042808D947490C
:109100000A2247A000F0AEFB44480A2100F0CAFB47
:1091100005202070A16847F6C870F9F719FC0028EF
:1091200032D047A000F00AFC216947F6C470F9F775
:109130000FFC00282AD04DA000F000FC54A004220F
:1091400001A90068019047F6CC70F9F7C9FB002827
:109150001ED050A000F0F2FBEE2147F6BC70F9F7EC
:10916000A7FB002816D054A000F0E8FB72B6BFF3AE
:109170004F8F5A485A4A016801F4E0611143016077
:10918000BFF34F8F00BFFDE756A0CBE75FA0D3E74B
:1091900067A0DFE76FA0E7E7480300245550475F6B
:1091A0005645524946595F43524320737461747562
:1091B00073204552524F523A000000001234567844
:1091C000BDD3CAD5B5BDB5C4CEC4BCFEB5C443522B
:1091D000433332CAC73078253038580D0A000000B2
:1091E000000002084D4355D3B2BCFEBCC6CBE3B56C
:1091F000C3B5BDB5C44352433332CAC725303878EE
:109200000D0A0000466C61736820435243333220DC
:10921000636865636B204572726F720014000020F2
:10922000686176652072656365697665204F544193
:10923000205645524946595F435243203A000000A8
:1092400021216861766520777269746520666C6992
:10925000655F77726974655F6C656E6774682066B8
:1092600061696C6564210D0A0000000021216861BC
:1092700076652077726974652066696C655F6372D4
:10928000633332206661696C6564210D0A00000059
:10929000FFFFFFFF212168617665207772697465A1
:1092A0002075705F666C61675F6E6F7420666169C0
:1092B0006C6564210D0A00002121686176652077C4
:1092C00072697465204150505F524541445920668F
:1092D00061696C6564210D0A000000000CED00E07E
:1092E0000400FA0568617665207772697465206606
:1092F0006C69655F77726974655F6C656E677468C9
:109300002073756363657373210D0A006861766568
:109310002077726974652066696C655F6372633378
:10932000322073756363657373210D0A00000000BA
:10933000686176652077726974652075705F666C08
:1093400061675F6E6F742073756363657373210D5E
:109350000A000000686176652077726974652041B3
:1093600050505F5245414459207375636365737370
:10937000210D0A002DE9FC41304C054621780329D6
:1093800007D0027802B0FB202DA3BDE8F04100F029
:10939000A5BA6A88291D6878801F56BAA26887B264
:1093A0002F4810443A46F9F7C1FB102820760CD01C
:1093B000607E00F0E3FB227EFA20297829A300F0EA
:1093C0008DFABDE8FC41FEF717BD2BA0042301AACE
:1093D00000680190A8788DF80600E8788DF80700FD
:1093E00029782648FDF7F9FF0A2824D1A682032E02
:1093F000E0682061A0683844A06008D93221B6FB3B
:10940000F1F201FB126111B1E18AB14206D1009083
:109410001BA0E28A3B46314600F090FAE08AB04257
:1094200005D1D4E90101814201D304202070134801
:109430000A2100F037FABDE8FC810000480300244F
:109440005550475F57524954455F4441544120733A
:109450007461747573204552524F523A00000000F7
:1094600000000208466C6173682077726974652099
:109470006661696C65643A00A5A5000014000020CF
:1094800064617461206672616D65206F6B20696430
:109490003D25752F2575207061796C6F61643D25C0
:1094A000752072656365697665643D256C750D0A86
:1094B00000000000F8B5314E05463078062802D18C
:1094C0002FA000F03BFA3B4F00203B4C012D707663
:1094D00002D0032D05D00AE03948384A01783948CE
:1094E00002E0364A39783848FDF794FF207020783A
:1094F0000C2806D0FE280BD068B1334E032D0FD0B8
:1095000011E0032D06D1BDE8F8402C48FDF7A7BEB9
:1095100001203070F8BDBDE8F840284800F074B86C
:109520003178AA29F6D100F029FB2078032D1AD032
:10953000FEF7D2F900F002FA2278092AEAD223488B
:10954000A5210423017041708170F921C270024687
:109550001F48FDF742FF0A28DCD1BDE8F8401C484F
:109560000A2100F09FB9FEF7B7F901467078009024
:1095700018A033783A7800F0E1F9DDE748030024D9
:10958000B3F6CFD6D6D8B4F3CECACCE2A3ACC7EBF1
:10959000BCECB2E9C9E8B1B8D7B4CCACBBF2D5DF0A
:1095A000C9E8B1B8C1ACBDD3CAC7B7F1BFC9BFBF65
:1095B0000D0A00002300002000000020C00200244B
:1095C00020000020FA030024EE05002414000024EB
:1095D000140000207561727433207061727365200D
:1095E0006572723D2573206C656E3D25752068653A
:1095F00061643D30782530325820636D643D3078A9
:10960000253032580D0A00000278F52A13D004DC08
:10961000F12A0CD0F42A04D10BE0F62A0DD0FD2A51
:109620000DD00F480FA30178F92000F057B900F0D2
:109630001FB8FFF759BCFFF79DBEFFF725BD817826
:1096400012290BD1C178342908D10179562905D1C5
:109650004079782802D10248FEF73EB870470000F2
:1096600048030024556E6B6E6F776E20434D4400A7
:109670001FB5154C217839B1027804B0FB2013A333
:10968000BDE8104000F02AB916A207CA8DE807000D
:109690000A21684600F006F915A00423F3210068AA
:1096A00003AA03901348FDF798FE0A2808D1114930
:1096B0000A2211A000F0D6F80E480A2100F0F2F8B4
:1096C000012020701FBD0000480300245550475F53
:1096D00049444C4520737461747573204552524F50
:1096E000523A0000AAF204123456788EEC5500006B
:1096F00087654321140000206861766520726563E8
:1097000065697665204F5441207265717565737483
:109710003A00000001480078704700001E00002059
:109720000148807870470000200000200148407800
:1097300070470000200000201FB500240094019411
:1097400002940394FBF798F801208DF80C001F2178
:109750008DF8081087228DF809208DF80D008DF8FE
:10976000000068468DF80A408DF80E408DF80140E3
:1097700001948DF80B408DF80F40FBF74FF8042053
:10978000FBF788F8FAF7D6FFFEF792FBFDF720FC0F
:10979000FDF710FCFDF790FCFDF7DEFCFDF7B8FCD3
:1097A000FDF7F0FBFDF70CFD20A000F0C7F8FFF778
:1097B0004FFBDFF898804FF48057254E4FF4005947
:1097C000DFF890A0244D00BFFFF7A4FF012806D1C9
:1097D000002000F0A1F839464046FAF7AFFCFFF749
:1097E000A5FF01280ED1002000F0A2F849465046FE
:1097F000FAF7A4FC0120FFF75DFE31781748F6F771
:1098000051FF3470FFF78CFF0128DDD149465046E7
:10981000FAF794FC002000F085F80320FFF74AFED9
:1098200029780F48F6F73EFF2C70CDE7746869730E
:1098300020697320626F6F746C6F61646572207051
:10984000726F6772616D65720D0A00000004025844
:10985000200000200008025823000020FA03002402
:10986000EE05002470B50E461546014608A000F02E
:1098700065F8002405E0315D07A000F05FF8641C86
:10988000A4B2AC42F7D3BDE8704005A000F056B8D2
:1098900025733A20000000002530325820000000D7
:1098A0000D0A000070B50B4E01220C460546202122
:1098B0003046FAF74BFC08484FF0FF332246294662
:1098C000FDF730F93046BDE8704000222021FAF75C
:1098D0003DBC0000000C02581C01002410B51C46C1
:1098E0000C4B9A700B4AD9700423014602F1080010
:1098F000FDF773FD0A280CD106490A2220460831DB
:10990000FFF7B0FF03480A21BDE810400830FFF719
:10991000C9BF10BD0C00002001490870704700004D
:109920001E000020014988707047000020000020C0
:109930000149487070470000200000200FB40A4819
:10994000C82110B503AB029AF6F702FE0648F6F7F7
:1099500045FE82B2044905484FF0FF33FDF7E2F8B7
:1099600010BC5DF814FB0000900400248800002463
:1099700070B5174CC0F19601164AC9B2E170127861
:10998000032A0BD1A2790A2A08D2134A1378024675
:1099900012A0FFF7D3FFA079401CA0711B4DE27805
:1099A0000AB1962A02D30020E07005E00A4901F1CD
:1099B0009600F6F732FE0120A07007499622134860
:1099C000FDF78AF82868016841F01001016070BD58
:1099D000200000204803002458050024756172749B
:1099E0003320727820697271206C656E3D25752078
:1099F000646D615F6C6566743D25752068656164A2
:109A00003D3078253032580D0A0000001C0100243A
:109A1000144810B5FCF7DFFC1248FCF725FD12488E
:109A20001049806848600846FCF710FF08B1F8F755
:109A3000A0FF0C480021FCF7A6FC08B1F8F799FF3D
:109A400008480021FCF779FC08B1F8F792FF0548B7
:109A5000FCF751FC002803D0BDE81040F8F789BF9F
:109A600010BD00001C010024200000202DE9FE4F45
:109A7000C8204FF4E13401A98DF80400402000947F
:109A8000F8F7C4FE3C4F28B99DF8040010B1FF2838
:109A900000D03871042241206946F8F7D3FE4FF414
:109AA00016554FF496484FF4164B4FF461494FF456
:109AB000613A4FF4612678BB0098A84236D0404501
:109AC00034D0584532D0484530D0A0422ED05045F1
:109AD0002CD0B0F5E12F29D0B04227D0FF208DF84F
:109AE0000800412002A9F8F791FEA8B99DF80800E6
:109AF00007281AD8082815D2DFE800F00406080A5B
:109B0000140C0F1228460EE040460CE058460AE0BE
:109B1000484608E0504606E007E04FF4E12002E046
:109B2000304600E02046009000E000940098B860C5
:109B3000A0421DD009DCA84210D0404510D05845A5
:109B400010D0484514D1032013E050450CD0B0F597
:109B5000E12F0BD0B0420BD107200AE0002008E033
:109B6000012006E0022004E0052002E0062000E0DB
:109B700004207871BDE8FE8F200000200A49431EB2
:109B80000A2B8A7E02F10103DBB205D911380B28BA
:109B900002D8921D8A7600E08B76887E0A2801D949
:109BA00006200870704700004803002410B5002903
:109BB0000AD00878002807D005487844F7F714FE43
:109BC000002801D0002010BD0248784410BD0000DC
:109BD000DA010000D201000010B500290AD008788F
:109BE000002807D005487844F7F7FEFD002801D08B
:109BF000002010BD0248784410BD0000CA010000DA
:109C0000C20100004FF04070E1EE100A7047F7F714
:109C1000F8B9F7F72DBB0006101600061016010064
:109C200002000400060008000A000C0010002000DA
:109C30004000800000010101010307010000080449
:109C400002040801010100000000010203040102F6
:109C500003040607080900000000000000000000DF
:109C60003031323334353637383941424344454652
:109C7000403058003031323334353637383961624C
:109C8000636465664030780004000008000000004E
:109C9000000000020001000010303132333435364C
:109CA0003738396162636465667870003031323309
:109CB0003435363738394142434445465850000020
:109CC00002400000000000A000000000054000006D
:109CD000000000C8000000000C4000000000409C94
:109CE00000000000194000000020BCBE0000000081
:109CF00034400000BFC91B8E00000004B5400000C6
:109D0000504BCFD06607E2CF010000006C4100004D
:109D10003E8251AADFEEA73401000000D9420000C4
:109D2000DCB5A0E23A301F97FFFFFFFFB44500000B
:109D3000FD25A0C8E9A3C14FFFFFFFFFFF3F0000C3
:109D40000000008000000000FF3F000000000080D5
:109D500000000000C09E0008000000202C00000051
:109D600008030008EC9E0008000000241800000012
:109D700008030008EC9E00082C000020BC06000030
:109D800024030008049F000818000024CC060000EB
:109D9000240300081C00000043000000F8FFFFFF40
:109DA0000C0000000E0000000F0000002E0000005C
:109DB0001001000043000000F8FFFFFF004040409A
:109DC000404040404040414141414140404040408E
:109DD000404040404040404040404040400502023A
:109DE00002020202020202020202020202202020F9
:109DF0002020202020202002020202020202909055
:109E00009090909010101010101010101010101052
:109E100010101010101010100202020202028888A6
:109E200088888888080808080808080808080808B2
:109E3000080808080808080802020202400000009A
:109E40000000000000000000000000000000000012
:109E50000000000000000000000000000000000002
:109E600000000000000000000000000000000000F2
:109E700000000000000000000000000000000000E2
:109E800000000000000000000000000000000000D2
:109E900000000000000000000000000000000000C2
:109EA00000000000000000000000000000000000B2
:109EB00000000000000000000000000000000000A2
:109EC000000000000000000000000000A5A5000048
:109ED00000000000FCE10004A5A50000A559000059
:109EE00000000000C804000000C2010001000000E2
:109EF00010000000000000000090D0030090D0038C
:049F0000000000005D
:04000005080002CD20
:00000001FF
